order_item_id,order_id,product_id,quantity,unit_price,discount,subtotal
OI000001,ORD00001,P0040,1,90189.0,4509.45,85679.55
OI000002,ORD00001,P0246,3,1377.5,0.0,4132.5
OI000003,ORD00001,P0351,1,922.5,46.12,876.38
OI000004,ORD00001,P0148,1,855.95,0.0,855.95
OI000005,ORD00002,P0345,3,1413.6,0.0,4240.8
OI000006,ORD00002,P0051,3,3536.0,212.16,10395.84
OI000007,ORD00003,P0103,2,24800.0,992.0,48608.0
OI000008,ORD00003,P0160,1,329.4,16.47,312.93
OI000009,ORD00003,P0044,2,11970.0,0.0,23940.0
OI000010,ORD00003,P0243,2,1389.0,0.0,2778.0
OI000011,ORD00003,P0009,1,14017.5,0.0,14017.5
OI000012,ORD00004,P0058,2,4869.0,0.0,9738.0
OI000013,ORD00004,P0361,2,4263.0,170.52,8355.48
OI000014,ORD00005,P0177,2,618.8,0.0,1237.6
OI000015,ORD00006,P0101,2,461.3,0.0,922.6
OI000016,ORD00006,P0366,1,13920.0,278.4,13641.6
OI000017,ORD00006,P0007,2,889.5,88.95,1690.05
OI000018,ORD00006,P0379,1,154.7,0.0,154.7
OI000019,ORD00006,P0149,2,3784.0,0.0,7568.0
OI000020,ORD00007,P0262,1,827.25,0.0,827.25
OI000021,ORD00007,P0162,2,130020.0,0.0,260040.0
OI000022,ORD00008,P0386,3,981.75,0.0,2945.25
OI000023,ORD00008,P0071,2,11925.0,0.0,23850.0
OI000024,ORD00009,P0134,2,12300.0,1230.0,23370.0
OI000025,ORD00009,P0208,3,8140.0,488.4,23931.6
OI000026,ORD00009,P0336,1,2520.0,0.0,2520.0
OI000027,ORD00009,P0123,3,242.4,0.0,727.2
OI000028,ORD00009,P0155,1,42337.5,0.0,42337.5
OI000029,ORD00010,P0090,3,11600.0,0.0,34800.0
OI000030,ORD00010,P0176,2,55928.0,0.0,111856.0
OI000031,ORD00011,P0139,2,2590.0,0.0,5180.0
OI000032,ORD00012,P0048,2,2213.5,88.54,4338.46
OI000033,ORD00012,P0139,2,2590.0,0.0,5180.0
OI000034,ORD00012,P0128,1,504.0,0.0,504.0
OI000035,ORD00012,P0197,1,472.0,9.44,462.56
OI000036,ORD00013,P0128,3,504.0,0.0,1512.0
OI000037,ORD00013,P0056,3,3800.0,228.0,11172.0
OI000038,ORD00013,P0115,1,479.25,23.96,455.29
OI000039,ORD00013,P0080,1,36824.0,0.0,36824.0
OI000040,ORD00013,P0078,1,765.0,0.0,765.0
OI000041,ORD00014,P0392,1,1070.1,0.0,1070.1
OI000042,ORD00014,P0058,2,4869.0,486.9,9251.1
OI000043,ORD00015,P0331,3,5200.0,0.0,15600.0
OI000044,ORD00015,P0125,1,608.0,12.16,595.84
OI000045,ORD00015,P0244,3,24093.0,0.0,72279.0
OI000046,ORD00015,P0270,1,2265.0,0.0,2265.0
OI000047,ORD00015,P0121,1,1665.0,33.3,1631.7
OI000048,ORD00016,P0357,3,7182.5,430.95,21116.55
OI000049,ORD00016,P0174,2,312.8,12.51,613.09
OI000050,ORD00017,P0103,1,24800.0,0.0,24800.0
OI000051,ORD00017,P0160,2,329.4,0.0,658.8
OI000052,ORD00018,P0029,1,102.6,0.0,102.6
OI000053,ORD00018,P0305,3,11367.0,0.0,34101.0
OI000054,ORD00018,P0075,2,2147.0,0.0,4294.0
OI000055,ORD00018,P0202,3,801.0,0.0,2403.0
OI000056,ORD00018,P0028,1,29984.0,599.68,29384.32
OI000057,ORD00019,P0269,3,496.0,29.76,1458.24
OI000058,ORD00020,P0042,2,485.45,19.42,951.48
OI000059,ORD00021,P0026,2,7047.0,0.0,14094.0
OI000060,ORD00021,P0362,2,9486.0,948.6,18023.4
OI000061,ORD00022,P0127,2,2488.0,0.0,4976.0
OI000062,ORD00022,P0321,2,170.4,0.0,340.8
OI000063,ORD00022,P0393,2,472.0,0.0,944.0
OI000064,ORD00023,P0316,3,6298.5,0.0,18895.5
OI000065,ORD00023,P0023,2,4870.0,0.0,9740.0
OI000066,ORD00023,P0135,1,10960.0,548.0,10412.0
OI000067,ORD00023,P0383,3,39427.5,0.0,118282.5
OI000068,ORD00023,P0367,1,180.75,0.0,180.75
OI000069,ORD00024,P0255,1,56373.0,0.0,56373.0
OI000070,ORD00025,P0306,2,1472.0,0.0,2944.0
OI000071,ORD00025,P0041,1,19983.5,399.67,19583.83
OI000072,ORD00025,P0263,1,1287.0,0.0,1287.0
OI000073,ORD00025,P0102,2,509.0,50.9,967.1
OI000074,ORD00026,P0256,3,10179.0,610.74,29926.26
OI000075,ORD00027,P0063,2,2286.0,0.0,4572.0
OI000076,ORD00027,P0400,3,11276.5,0.0,33829.5
OI000077,ORD00027,P0151,2,7542.0,0.0,15084.0
OI000078,ORD00028,P0297,2,3416.0,0.0,6832.0
OI000079,ORD00028,P0097,2,2859.5,0.0,5719.0
OI000080,ORD00029,P0119,2,1730.0,0.0,3460.0
OI000081,ORD00030,P0191,2,821.75,0.0,1643.5
OI000082,ORD00030,P0263,1,1287.0,64.35,1222.65
OI000083,ORD00030,P0092,3,593.6,89.04,1691.76
OI000084,ORD00030,P0230,2,112208.0,0.0,224416.0
OI000085,ORD00030,P0309,1,4870.0,0.0,4870.0
OI000086,ORD00031,P0006,1,5196.5,259.82,4936.68
OI000087,ORD00031,P0168,2,8036.0,0.0,16072.0
OI000088,ORD00031,P0210,1,1050.6,0.0,1050.6
OI000089,ORD00031,P0348,2,12978.0,1297.8,24658.2
OI000090,ORD00031,P0191,2,821.75,0.0,1643.5
OI000091,ORD00032,P0357,2,7182.5,287.3,14077.7
OI000092,ORD00033,P0010,2,11568.0,0.0,23136.0
OI000093,ORD00033,P0393,2,472.0,18.88,925.12
OI000094,ORD00034,P0187,1,2135.0,0.0,2135.0
OI000095,ORD00034,P0236,1,6860.0,0.0,6860.0
OI000096,ORD00034,P0396,3,50100.0,0.0,150300.0
OI000097,ORD00035,P0267,1,69400.0,0.0,69400.0
OI000098,ORD00035,P0088,2,52820.0,2112.8,103527.2
OI000099,ORD00036,P0045,3,2888.0,0.0,8664.0
OI000100,ORD00036,P0365,3,51250.0,0.0,153750.0
OI000101,ORD00036,P0318,3,57978.0,3478.68,170455.32
OI000102,ORD00037,P0064,1,6170.0,0.0,6170.0
OI000103,ORD00037,P0077,1,794.0,39.7,754.3
OI000104,ORD00038,P0399,2,295.0,29.5,560.5
OI000105,ORD00038,P0157,1,65240.0,1304.8,63935.2
OI000106,ORD00038,P0333,2,11480.0,0.0,22960.0
OI000107,ORD00038,P0216,2,2160.0,216.0,4104.0
OI000108,ORD00039,P0235,1,1960.0,0.0,1960.0
OI000109,ORD00039,P0092,1,593.6,0.0,593.6
OI000110,ORD00039,P0243,2,1389.0,0.0,2778.0
OI000111,ORD00039,P0205,1,1770.0,35.4,1734.6
OI000112,ORD00040,P0335,3,323.2,0.0,969.6
OI000113,ORD00040,P0070,1,1650.0,0.0,1650.0
OI000114,ORD00040,P0014,2,348.3,0.0,696.6
OI000115,ORD00040,P0034,1,2646.0,0.0,2646.0
OI000116,ORD00040,P0315,1,582.3,0.0,582.3
OI000117,ORD00041,P0107,1,1719.5,0.0,1719.5
OI000118,ORD00041,P0304,2,28441.0,0.0,56882.0
OI000119,ORD00041,P0135,1,10960.0,0.0,10960.0
OI000120,ORD00041,P0316,2,6298.5,0.0,12597.0
OI000121,ORD00041,P0260,3,352.0,0.0,1056.0
OI000122,ORD00042,P0232,3,25740.0,0.0,77220.0
OI000123,ORD00042,P0285,2,870.0,87.0,1653.0
OI000124,ORD00042,P0267,3,69400.0,4164.0,204036.0
OI000125,ORD00042,P0297,3,3416.0,0.0,10248.0
OI000126,ORD00043,P0316,1,6298.5,0.0,6298.5
OI000127,ORD00043,P0381,3,639.0,0.0,1917.0
OI000128,ORD00044,P0321,2,170.4,17.04,323.76
OI000129,ORD00044,P0222,2,441.0,0.0,882.0
OI000130,ORD00045,P0268,3,12320.0,0.0,36960.0
OI000131,ORD00045,P0183,2,1044.0,104.4,1983.6
OI000132,ORD00046,P0125,3,608.0,0.0,1824.0
OI000133,ORD00047,P0331,3,5200.0,0.0,15600.0
OI000134,ORD00048,P0013,2,645.75,0.0,1291.5
OI000135,ORD00049,P0212,1,424.8,21.24,403.56
OI000136,ORD00050,P0371,2,2180.0,218.0,4142.0
OI000137,ORD00051,P0054,1,1603.0,0.0,1603.0
OI000138,ORD00051,P0134,1,12300.0,0.0,12300.0
OI000139,ORD00052,P0152,1,726.75,0.0,726.75
OI000140,ORD00052,P0329,2,771.4,0.0,1542.8
OI000141,ORD00052,P0112,3,1026.0,0.0,3078.0
OI000142,ORD00052,P0044,1,11970.0,0.0,11970.0
OI000143,ORD00052,P0260,1,352.0,7.04,344.96
OI000144,ORD00053,P0275,3,42363.0,0.0,127089.0
OI000145,ORD00053,P0241,1,117.6,2.35,115.25
OI000146,ORD00053,P0242,3,689.0,0.0,2067.0
OI000147,ORD00054,P0058,1,4869.0,243.45,4625.55
OI000148,ORD00055,P0357,1,7182.5,0.0,7182.5
OI000149,ORD00055,P0035,3,34218.0,0.0,102654.0
OI000150,ORD00055,P0378,1,1246.95,62.35,1184.6
OI000151,ORD00056,P0386,3,981.75,0.0,2945.25
OI000152,ORD00056,P0325,2,3390.0,0.0,6780.0
OI000153,ORD00056,P0045,1,2888.0,0.0,2888.0
OI000154,ORD00056,P0385,3,813.0,0.0,2439.0
OI000155,ORD00056,P0324,2,319.2,0.0,638.4
OI000156,ORD00057,P0165,2,2259.0,0.0,4518.0
OI000157,ORD00057,P0394,3,1550.0,0.0,4650.0
OI000158,ORD00057,P0309,2,4870.0,0.0,9740.0
OI000159,ORD00057,P0258,2,132.0,13.2,250.8
OI000160,ORD00058,P0295,1,3667.5,183.38,3484.12
OI000161,ORD00058,P0148,1,855.95,0.0,855.95
OI000162,ORD00058,P0088,1,52820.0,0.0,52820.0
OI000163,ORD00058,P0224,2,44082.0,1763.28,86400.72
OI000164,ORD00059,P0110,3,116.0,0.0,348.0
OI000165,ORD00060,P0322,2,8527.5,341.1,16713.9
OI000166,ORD00060,P0168,3,8036.0,0.0,24108.0
OI000167,ORD00060,P0183,2,1044.0,0.0,2088.0
OI000168,ORD00060,P0049,2,37323.0,0.0,74646.0
OI000169,ORD00061,P0236,3,6860.0,1029.0,19551.0
OI000170,ORD00061,P0065,3,6460.0,969.0,18411.0
OI000171,ORD00062,P0284,2,169.0,0.0,338.0
OI000172,ORD00062,P0380,2,23597.0,943.88,46250.12
OI000173,ORD00063,P0260,2,352.0,35.2,668.8
OI000174,ORD00063,P0099,1,2871.0,0.0,2871.0
OI000175,ORD00063,P0137,1,4372.5,0.0,4372.5
OI000176,ORD00064,P0337,1,3771.0,0.0,3771.0
OI000177,ORD00065,P0055,2,7923.0,316.92,15529.08
OI000178,ORD00065,P0144,1,1928.5,0.0,1928.5
OI000179,ORD00065,P0106,2,1952.0,78.08,3825.92
OI000180,ORD00066,P0125,2,608.0,60.8,1155.2
OI000181,ORD00067,P0222,2,441.0,0.0,882.0
OI000182,ORD00068,P0319,3,3672.0,0.0,11016.0
OI000183,ORD00068,P0210,3,1050.6,0.0,3151.8
OI000184,ORD00069,P0103,3,24800.0,1488.0,72912.0
OI000185,ORD00069,P0266,3,30160.0,0.0,90480.0
OI000186,ORD00069,P0179,3,3315.0,198.9,9746.1
OI000187,ORD00069,P0052,3,596.7,0.0,1790.1
OI000188,ORD00070,P0063,2,2286.0,0.0,4572.0
OI000189,ORD00070,P0374,2,1995.0,0.0,3990.0
OI000190,ORD00070,P0315,2,582.3,23.29,1141.31
OI000191,ORD00071,P0206,1,774.0,15.48,758.52
OI000192,ORD00071,P0270,2,2265.0,0.0,4530.0
OI000193,ORD00072,P0075,2,2147.0,85.88,4208.12
OI000194,ORD00072,P0181,2,177.0,17.7,336.3
OI000195,ORD00072,P0342,3,194.65,0.0,583.95
OI000196,ORD00072,P0328,2,805.0,0.0,1610.0
OI000197,ORD00073,P0144,2,1928.5,0.0,3857.0
OI000198,ORD00073,P0184,2,16507.0,660.28,32353.72
OI000199,ORD00073,P0126,2,7938.0,793.8,15082.2
OI000200,ORD00073,P0336,3,2520.0,0.0,7560.0
OI000201,ORD00074,P0072,2,875.7,87.57,1663.83
OI000202,ORD00074,P0272,1,635.0,0.0,635.0
OI000203,ORD00075,P0096,1,26621.0,0.0,26621.0
OI000204,ORD00075,P0398,2,24984.0,2498.4,47469.6
OI000205,ORD00075,P0232,1,25740.0,1287.0,24453.0
OI000206,ORD00075,P0178,3,85950.0,12892.5,244957.5
OI000207,ORD00076,P0225,3,2412.0,0.0,7236.0
OI000208,ORD00077,P0240,1,7990.0,159.8,7830.2
OI000209,ORD00078,P0341,2,5664.0,226.56,11101.44
OI000210,ORD00078,P0152,2,726.75,0.0,1453.5
OI000211,ORD00078,P0239,1,281.6,0.0,281.6
OI000212,ORD00079,P0018,1,730.0,0.0,730.0
OI000213,ORD00079,P0110,1,116.0,0.0,116.0
OI000214,ORD00079,P0368,2,338.4,13.54,663.26
OI000215,ORD00079,P0213,3,414.9,62.23,1182.47
OI000216,ORD00079,P0321,1,170.4,0.0,170.4
OI000217,ORD00080,P0207,3,6867.0,0.0,20601.0
OI000218,ORD00080,P0171,1,67370.0,1347.4,66022.6
OI000219,ORD00080,P0258,1,132.0,0.0,132.0
OI000220,ORD00080,P0140,1,391.0,0.0,391.0
OI000221,ORD00081,P0294,2,315.9,0.0,631.8
OI000222,ORD00081,P0026,1,7047.0,0.0,7047.0
OI000223,ORD00082,P0321,3,170.4,25.56,485.64
OI000224,ORD00082,P0345,3,1413.6,0.0,4240.8
OI000225,ORD00082,P0357,1,7182.5,0.0,7182.5
OI000226,ORD00083,P0007,3,889.5,0.0,2668.5
OI000227,ORD00083,P0189,2,2637.0,0.0,5274.0
OI000228,ORD00083,P0072,2,875.7,0.0,1751.4
OI000229,ORD00083,P0159,2,11007.5,0.0,22015.0
OI000230,ORD00083,P0288,2,3521.0,352.1,6689.9
OI000231,ORD00084,P0208,1,8140.0,162.8,7977.2
OI000232,ORD00084,P0229,3,5392.5,808.88,15368.62
OI000233,ORD00084,P0035,3,34218.0,0.0,102654.0
OI000234,ORD00085,P0008,2,427.0,0.0,854.0
OI000235,ORD00086,P0292,2,204.0,0.0,408.0
OI000236,ORD00086,P0125,1,608.0,0.0,608.0
OI000237,ORD00087,P0027,1,15750.0,787.5,14962.5
OI000238,ORD00087,P0368,1,338.4,6.77,331.63
OI000239,ORD00087,P0017,2,1344.25,0.0,2688.5
OI000240,ORD00087,P0006,3,5196.5,779.48,14810.02
OI000241,ORD00087,P0032,1,873.0,17.46,855.54
OI000242,ORD00088,P0060,2,1035.0,0.0,2070.0
OI000243,ORD00089,P0032,3,873.0,130.95,2488.05
OI000244,ORD00089,P0319,2,3672.0,367.2,6976.8
OI000245,ORD00090,P0351,3,922.5,0.0,2767.5
OI000246,ORD00090,P0193,2,3094.0,0.0,6188.0
OI000247,ORD00091,P0022,1,338.2,0.0,338.2
OI000248,ORD00091,P0148,3,855.95,51.36,2516.49
OI000249,ORD00091,P0073,2,43839.0,4383.9,83294.1
OI000250,ORD00091,P0293,1,1341.0,67.05,1273.95
OI000251,ORD00092,P0106,3,1952.0,0.0,5856.0
OI000252,ORD00092,P0131,2,20205.0,808.2,39601.8
OI000253,ORD00093,P0133,2,10760.0,1076.0,20444.0
OI000254,ORD00093,P0268,3,12320.0,0.0,36960.0
OI000255,ORD00093,P0165,1,2259.0,0.0,2259.0
OI000256,ORD00094,P0077,2,794.0,0.0,1588.0
OI000257,ORD00094,P0127,2,2488.0,99.52,4876.48
OI000258,ORD00094,P0023,1,4870.0,0.0,4870.0
OI000259,ORD00094,P0253,2,1485.0,148.5,2821.5
OI000260,ORD00095,P0110,2,116.0,4.64,227.36
OI000261,ORD00095,P0134,1,12300.0,246.0,12054.0
OI000262,ORD00095,P0399,3,295.0,44.25,840.75
OI000263,ORD00096,P0027,1,15750.0,787.5,14962.5
OI000264,ORD00097,P0290,3,214.2,0.0,642.6
OI000265,ORD00097,P0120,3,9603.0,1440.45,27368.55
OI000266,ORD00098,P0132,2,876.35,0.0,1752.7
OI000267,ORD00099,P0248,1,16444.5,0.0,16444.5
OI000268,ORD00099,P0029,1,102.6,0.0,102.6
OI000269,ORD00099,P0052,3,596.7,0.0,1790.1
OI000270,ORD00100,P0087,1,927.0,0.0,927.0
OI000271,ORD00100,P0226,3,10590.0,0.0,31770.0
OI000272,ORD00101,P0192,1,129.5,2.59,126.91
OI000273,ORD00101,P0384,1,8334.0,0.0,8334.0
OI000274,ORD00101,P0072,2,875.7,0.0,1751.4
OI000275,ORD00101,P0399,2,295.0,0.0,590.0
OI000276,ORD00101,P0229,2,5392.5,0.0,10785.0
OI000277,ORD00102,P0077,2,794.0,31.76,1556.24
OI000278,ORD00103,P0252,1,1359.45,0.0,1359.45
OI000279,ORD00104,P0109,2,1809.0,0.0,3618.0
OI000280,ORD00104,P0287,2,9270.0,0.0,18540.0
OI000281,ORD00104,P0245,2,616.5,24.66,1208.34
OI000282,ORD00105,P0372,2,6732.0,0.0,13464.0
OI000283,ORD00106,P0270,2,2265.0,0.0,4530.0
OI000284,ORD00106,P0147,2,23805.0,0.0,47610.0
OI000285,ORD00106,P0096,2,26621.0,2662.1,50579.9
OI000286,ORD00106,P0185,1,1830.0,0.0,1830.0
OI000287,ORD00107,P0375,1,2466.0,0.0,2466.0
OI000288,ORD00107,P0254,1,2302.5,115.12,2187.38
OI000289,ORD00107,P0390,3,2235.5,0.0,6706.5
OI000290,ORD00107,P0141,3,74679.5,0.0,224038.5
OI000291,ORD00108,P0178,3,85950.0,5157.0,252693.0
OI000292,ORD00108,P0172,1,963.0,0.0,963.0
OI000293,ORD00108,P0145,2,720.9,28.84,1412.96
OI000294,ORD00109,P0003,2,79590.0,7959.0,151221.0
OI000295,ORD00109,P0183,1,1044.0,0.0,1044.0
OI000296,ORD00109,P0267,2,69400.0,0.0,138800.0
OI000297,ORD00110,P0014,3,348.3,0.0,1044.9
OI000298,ORD00110,P0272,1,635.0,0.0,635.0
OI000299,ORD00111,P0016,3,2751.0,0.0,8253.0
OI000300,ORD00111,P0010,2,11568.0,0.0,23136.0
OI000301,ORD00111,P0050,3,66460.0,9969.0,189411.0
OI000302,ORD00111,P0358,2,1111.0,111.1,2110.9
OI000303,ORD00112,P0253,3,1485.0,222.75,4232.25
OI000304,ORD00113,P0343,2,279.2,11.17,547.23
OI000305,ORD00113,P0294,1,315.9,0.0,315.9
OI000306,ORD00114,P0124,3,48142.5,2888.55,141538.95
OI000307,ORD00114,P0172,3,963.0,0.0,2889.0
OI000308,ORD00115,P0181,3,177.0,0.0,531.0
OI000309,ORD00115,P0128,2,504.0,0.0,1008.0
OI000310,ORD00115,P0217,3,197.1,0.0,591.3
OI000311,ORD00116,P0398,1,24984.0,1249.2,23734.8
OI000312,ORD00116,P0233,2,400.5,40.05,760.95
OI000313,ORD00116,P0325,2,3390.0,339.0,6441.0
OI000314,ORD00116,P0024,1,587.7,29.39,558.31
OI000315,ORD00116,P0021,1,246.0,0.0,246.0
OI000316,ORD00117,P0062,3,12901.0,0.0,38703.0
OI000317,ORD00117,P0031,1,1080.0,21.6,1058.4
OI000318,ORD00117,P0305,3,11367.0,1705.05,32395.95
OI000319,ORD00118,P0377,3,1716.0,257.4,4890.6
OI000320,ORD00118,P0045,2,2888.0,115.52,5660.48
OI000321,ORD00119,P0245,2,616.5,0.0,1233.0
OI000322,ORD00119,P0241,1,117.6,0.0,117.6
OI000323,ORD00120,P0084,2,5925.0,0.0,11850.0
OI000324,ORD00120,P0123,2,242.4,0.0,484.8
OI000325,ORD00120,P0166,2,2070.0,0.0,4140.0
OI000326,ORD00120,P0286,1,3915.0,0.0,3915.0
OI000327,ORD00120,P0167,3,1932.0,0.0,5796.0
OI000328,ORD00121,P0347,2,757.5,0.0,1515.0
OI000329,ORD00121,P0379,3,154.7,0.0,464.1
OI000330,ORD00121,P0080,1,36824.0,0.0,36824.0
OI000331,ORD00122,P0066,3,21582.0,3237.3,61508.7
OI000332,ORD00122,P0212,1,424.8,8.5,416.3
OI000333,ORD00122,P0053,2,2260.0,226.0,4294.0
OI000334,ORD00122,P0003,1,79590.0,1591.8,77998.2
OI000335,ORD00122,P0211,2,1030.0,103.0,1957.0
OI000336,ORD00123,P0285,2,870.0,0.0,1740.0
OI000337,ORD00123,P0305,1,11367.0,227.34,11139.66
OI000338,ORD00124,P0119,2,1730.0,0.0,3460.0
OI000339,ORD00124,P0046,3,900.0,0.0,2700.0
OI000340,ORD00125,P0275,2,42363.0,4236.3,80489.7
OI000341,ORD00125,P0397,3,468.75,28.12,1378.13
OI000342,ORD00126,P0232,1,25740.0,1287.0,24453.0
OI000343,ORD00126,P0006,1,5196.5,0.0,5196.5
OI000344,ORD00126,P0347,2,757.5,0.0,1515.0
OI000345,ORD00127,P0320,2,39358.5,3935.85,74781.15
OI000346,ORD00127,P0301,3,187.15,0.0,561.45
OI000347,ORD00128,P0354,1,253.8,12.69,241.11
OI000348,ORD00128,P0176,2,55928.0,5592.8,106263.2
OI000349,ORD00128,P0261,1,6880.0,344.0,6536.0
OI000350,ORD00128,P0216,1,2160.0,43.2,2116.8
OI000351,ORD00128,P0324,1,319.2,0.0,319.2
OI000352,ORD00129,P0284,2,169.0,0.0,338.0
OI000353,ORD00129,P0003,3,79590.0,0.0,238770.0
OI000354,ORD00129,P0156,3,5500.5,0.0,16501.5
OI000355,ORD00130,P0074,2,2356.0,235.6,4476.4
OI000356,ORD00130,P0295,1,3667.5,0.0,3667.5
OI000357,ORD00130,P0102,1,509.0,25.45,483.55
OI000358,ORD00131,P0314,1,1599.7,79.99,1519.71
OI000359,ORD00131,P0221,2,7038.0,0.0,14076.0
OI000360,ORD00131,P0032,3,873.0,0.0,2619.0
OI000361,ORD00131,P0333,2,11480.0,0.0,22960.0
OI000362,ORD00132,P0011,2,13991.0,1399.1,26582.9
OI000363,ORD00132,P0028,1,29984.0,599.68,29384.32
OI000364,ORD00132,P0113,1,498.0,24.9,473.1
OI000365,ORD00133,P0234,2,4290.0,0.0,8580.0
OI000366,ORD00133,P0156,1,5500.5,110.01,5390.49
OI000367,ORD00133,P0215,3,12010.5,1801.58,34229.92
OI000368,ORD00133,P0309,1,4870.0,97.4,4772.6
OI000369,ORD00133,P0130,2,4100.0,164.0,8036.0
OI000370,ORD00134,P0149,2,3784.0,378.4,7189.6
OI000371,ORD00134,P0203,2,595.0,0.0,1190.0
OI000372,ORD00134,P0288,2,3521.0,0.0,7042.0
OI000373,ORD00134,P0186,1,54045.5,1080.91,52964.59
OI000374,ORD00134,P0059,2,1367.1,136.71,2597.49
OI000375,ORD00135,P0175,3,37540.0,0.0,112620.0
OI000376,ORD00135,P0080,1,36824.0,0.0,36824.0
OI000377,ORD00135,P0124,2,48142.5,4814.25,91470.75
OI000378,ORD00136,P0323,1,3876.0,0.0,3876.0
OI000379,ORD00136,P0298,2,312.2,31.22,593.18
OI000380,ORD00137,P0189,1,2637.0,52.74,2584.26
OI000381,ORD00137,P0274,3,2320.0,348.0,6612.0
OI000382,ORD00138,P0198,3,385.0,0.0,1155.0
OI000383,ORD00138,P0015,2,31560.0,0.0,63120.0
OI000384,ORD00138,P0337,2,3771.0,0.0,7542.0
OI000385,ORD00138,P0368,3,338.4,0.0,1015.2
OI000386,ORD00139,P0153,3,792.4,0.0,2377.2
OI000387,ORD00139,P0099,1,2871.0,0.0,2871.0
OI000388,ORD00139,P0034,2,2646.0,0.0,5292.0
OI000389,ORD00140,P0142,3,2380.0,0.0,7140.0
OI000390,ORD00140,P0091,2,184.0,0.0,368.0
OI000391,ORD00140,P0016,3,2751.0,165.06,8087.94
OI000392,ORD00140,P0188,1,15861.0,317.22,15543.78
OI000393,ORD00141,P0347,1,757.5,15.15,742.35
OI000394,ORD00142,P0323,3,3876.0,0.0,11628.0
OI000395,ORD00142,P0327,3,165.75,9.95,487.3
OI000396,ORD00142,P0092,3,593.6,89.04,1691.76
OI000397,ORD00143,P0336,3,2520.0,0.0,7560.0
OI000398,ORD00143,P0147,1,23805.0,0.0,23805.0
OI000399,ORD00143,P0022,1,338.2,0.0,338.2
OI000400,ORD00143,P0300,1,1547.1,0.0,1547.1
OI000401,ORD00144,P0227,3,307.8,18.47,904.93
OI000402,ORD00144,P0175,3,37540.0,0.0,112620.0
OI000403,ORD00144,P0355,3,478.0,0.0,1434.0
OI000404,ORD00144,P0258,2,132.0,13.2,250.8
OI000405,ORD00144,P0379,1,154.7,3.09,151.61
OI000406,ORD00145,P0134,1,12300.0,0.0,12300.0
OI000407,ORD00145,P0128,2,504.0,0.0,1008.0
OI000408,ORD00146,P0122,1,550.0,27.5,522.5
OI000409,ORD00146,P0362,3,9486.0,569.16,27888.84
OI000410,ORD00146,P0124,1,48142.5,0.0,48142.5
OI000411,ORD00147,P0390,3,2235.5,0.0,6706.5
OI000412,ORD00147,P0087,3,927.0,55.62,2725.38
OI000413,ORD00147,P0347,2,757.5,0.0,1515.0
OI000414,ORD00148,P0101,3,461.3,0.0,1383.9
OI000415,ORD00148,P0057,2,1809.0,0.0,3618.0
OI000416,ORD00149,P0240,2,7990.0,0.0,15980.0
OI000417,ORD00150,P0165,3,2259.0,0.0,6777.0
OI000418,ORD00150,P0005,3,493.5,74.03,1406.47
OI000419,ORD00150,P0184,3,16507.0,0.0,49521.0
OI000420,ORD00150,P0047,3,3654.0,0.0,10962.0
OI000421,ORD00151,P0350,3,18711.0,0.0,56133.0
OI000422,ORD00151,P0087,3,927.0,139.05,2641.95
OI000423,ORD00151,P0053,2,2260.0,90.4,4429.6
OI000424,ORD00152,P0130,1,4100.0,205.0,3895.0
OI000425,ORD00152,P0123,3,242.4,14.54,712.66
OI000426,ORD00152,P0030,1,452.7,0.0,452.7
OI000427,ORD00152,P0022,2,338.2,13.53,662.87
OI000428,ORD00153,P0227,3,307.8,18.47,904.93
OI000429,ORD00154,P0262,1,827.25,0.0,827.25
OI000430,ORD00154,P0218,3,610.4,36.62,1794.58
OI000431,ORD00154,P0074,2,2356.0,0.0,4712.0
OI000432,ORD00154,P0146,2,235.2,0.0,470.4
OI000433,ORD00155,P0101,1,461.3,23.07,438.23
OI000434,ORD00155,P0241,2,117.6,11.76,223.44
OI000435,ORD00156,P0031,3,1080.0,0.0,3240.0
OI000436,ORD00156,P0371,3,2180.0,327.0,6213.0
OI000437,ORD00156,P0347,2,757.5,0.0,1515.0
OI000438,ORD00156,P0170,2,4068.0,0.0,8136.0
OI000439,ORD00157,P0076,2,13450.0,1345.0,25555.0
OI000440,ORD00157,P0339,3,1422.4,85.34,4181.86
OI000441,ORD00157,P0297,2,3416.0,341.6,6490.4
OI000442,ORD00158,P0058,3,4869.0,0.0,14607.0
OI000443,ORD00158,P0114,1,4329.0,216.45,4112.55
OI000444,ORD00158,P0130,3,4100.0,0.0,12300.0
OI000445,ORD00159,P0263,3,1287.0,193.05,3667.95
OI000446,ORD00160,P0388,3,9162.0,1374.3,26111.7
OI000447,ORD00160,P0059,1,1367.1,27.34,1339.76
OI000448,ORD00160,P0321,3,170.4,10.22,500.98
OI000449,ORD00161,P0208,2,8140.0,0.0,16280.0
OI000450,ORD00161,P0122,1,550.0,27.5,522.5
OI000451,ORD00161,P0025,1,493.05,9.86,483.19
OI000452,ORD00162,P0373,2,11673.0,0.0,23346.0
OI000453,ORD00163,P0183,1,1044.0,52.2,991.8
OI000454,ORD00163,P0370,2,1501.0,0.0,3002.0
OI000455,ORD00163,P0251,2,25200.0,2520.0,47880.0
OI000456,ORD00164,P0011,1,13991.0,0.0,13991.0
OI000457,ORD00164,P0298,2,312.2,0.0,624.4
OI000458,ORD00164,P0226,1,10590.0,0.0,10590.0
OI000459,ORD00165,P0354,2,253.8,0.0,507.6
OI000460,ORD00165,P0390,1,2235.5,0.0,2235.5
OI000461,ORD00165,P0138,1,794.0,15.88,778.12
OI000462,ORD00166,P0201,3,554.8,33.29,1631.11
OI000463,ORD00166,P0244,2,24093.0,0.0,48186.0
OI000464,ORD00166,P0082,3,61.0,9.15,173.85
OI000465,ORD00167,P0087,2,927.0,37.08,1816.92
OI000466,ORD00168,P0011,2,13991.0,1399.1,26582.9
OI000467,ORD00168,P0128,1,504.0,0.0,504.0
OI000468,ORD00169,P0300,1,1547.1,77.36,1469.74
OI000469,ORD00169,P0072,1,875.7,0.0,875.7
OI000470,ORD00169,P0358,2,1111.0,111.1,2110.9
OI000471,ORD00170,P0379,1,154.7,0.0,154.7
OI000472,ORD00170,P0186,3,54045.5,3242.73,158893.77
OI000473,ORD00170,P0261,2,6880.0,0.0,13760.0
OI000474,ORD00170,P0326,3,908.0,0.0,2724.0
OI000475,ORD00171,P0004,3,4395.0,263.7,12921.3
OI000476,ORD00172,P0369,2,10773.0,0.0,21546.0
OI000477,ORD00173,P0181,2,177.0,7.08,346.92
OI000478,ORD00173,P0240,3,7990.0,0.0,23970.0
OI000479,ORD00174,P0361,1,4263.0,0.0,4263.0
OI000480,ORD00174,P0011,2,13991.0,559.64,27422.36
OI000481,ORD00175,P0067,3,270.0,0.0,810.0
OI000482,ORD00176,P0328,2,805.0,0.0,1610.0
OI000483,ORD00176,P0166,3,2070.0,0.0,6210.0
OI000484,ORD00176,P0015,3,31560.0,1893.6,92786.4
OI000485,ORD00176,P0109,2,1809.0,180.9,3437.1
OI000486,ORD00177,P0307,2,1269.0,50.76,2487.24
OI000487,ORD00177,P0205,1,1770.0,0.0,1770.0
OI000488,ORD00178,P0010,1,11568.0,0.0,11568.0
OI000489,ORD00179,P0302,3,1929.5,289.43,5499.07
OI000490,ORD00179,P0285,3,870.0,0.0,2610.0
OI000491,ORD00179,P0079,1,513.95,25.7,488.25
OI000492,ORD00180,P0362,2,9486.0,0.0,18972.0
OI000493,ORD00180,P0233,3,400.5,60.08,1141.42
OI000494,ORD00180,P0287,2,9270.0,0.0,18540.0
OI000495,ORD00181,P0117,3,196.2,0.0,588.6
OI000496,ORD00181,P0206,1,774.0,0.0,774.0
OI000497,ORD00181,P0388,3,9162.0,1374.3,26111.7
OI000498,ORD00181,P0047,1,3654.0,182.7,3471.3
OI000499,ORD00181,P0015,1,31560.0,0.0,31560.0
OI000500,ORD00182,P0271,3,2827.5,0.0,8482.5
OI000501,ORD00182,P0015,2,31560.0,1262.4,61857.6
OI000502,ORD00182,P0180,1,10370.0,0.0,10370.0
OI000503,ORD00182,P0399,2,295.0,11.8,578.2
OI000504,ORD00183,P0206,1,774.0,38.7,735.3
OI000505,ORD00183,P0346,2,927.0,37.08,1816.92
OI000506,ORD00183,P0180,2,10370.0,0.0,20740.0
OI000507,ORD00183,P0031,1,1080.0,0.0,1080.0
OI000508,ORD00184,P0153,3,792.4,0.0,2377.2
OI000509,ORD00184,P0256,2,10179.0,0.0,20358.0
OI000510,ORD00184,P0111,1,6165.0,0.0,6165.0
OI000511,ORD00185,P0306,3,1472.0,0.0,4416.0
OI000512,ORD00185,P0232,1,25740.0,0.0,25740.0
OI000513,ORD00185,P0109,1,1809.0,36.18,1772.82
OI000514,ORD00186,P0155,1,42337.5,2116.88,40220.62
OI000515,ORD00187,P0341,2,5664.0,0.0,11328.0
OI000516,ORD00187,P0367,1,180.75,9.04,171.71
OI000517,ORD00188,P0373,2,11673.0,0.0,23346.0
OI000518,ORD00188,P0011,1,13991.0,0.0,13991.0
OI000519,ORD00188,P0025,2,493.05,0.0,986.1
OI000520,ORD00189,P0058,2,4869.0,0.0,9738.0
OI000521,ORD00189,P0272,2,635.0,0.0,1270.0
OI000522,ORD00189,P0182,1,491.0,0.0,491.0
OI000523,ORD00190,P0209,2,8016.0,0.0,16032.0
OI000524,ORD00190,P0285,2,870.0,0.0,1740.0
OI000525,ORD00190,P0186,3,54045.5,3242.73,158893.77
OI000526,ORD00191,P0078,2,765.0,30.6,1499.4
OI000527,ORD00191,P0199,1,7791.0,0.0,7791.0
OI000528,ORD00192,P0318,1,57978.0,0.0,57978.0
OI000529,ORD00193,P0243,2,1389.0,138.9,2639.1
OI000530,ORD00193,P0383,2,39427.5,3942.75,74912.25
OI000531,ORD00193,P0332,3,32277.0,1936.62,94894.38
OI000532,ORD00194,P0165,3,2259.0,0.0,6777.0
OI000533,ORD00194,P0037,3,2619.0,0.0,7857.0
OI000534,ORD00194,P0322,2,8527.5,341.1,16713.9
OI000535,ORD00195,P0187,1,2135.0,0.0,2135.0
OI000536,ORD00195,P0269,1,496.0,0.0,496.0
OI000537,ORD00195,P0105,1,1600.0,32.0,1568.0
OI000538,ORD00195,P0271,1,2827.5,0.0,2827.5
OI000539,ORD00196,P0187,3,2135.0,320.25,6084.75
OI000540,ORD00196,P0183,3,1044.0,0.0,3132.0
OI000541,ORD00197,P0245,1,616.5,30.83,585.67
OI000542,ORD00197,P0375,1,2466.0,0.0,2466.0
OI000543,ORD00198,P0010,1,11568.0,0.0,11568.0
OI000544,ORD00198,P0285,3,870.0,0.0,2610.0
OI000545,ORD00199,P0225,3,2412.0,144.72,7091.28
OI000546,ORD00199,P0047,1,3654.0,0.0,3654.0
OI000547,ORD00200,P0386,2,981.75,39.27,1924.23
OI000548,ORD00201,P0317,1,720.0,36.0,684.0
OI000549,ORD00202,P0202,2,801.0,32.04,1569.96
OI000550,ORD00202,P0270,3,2265.0,0.0,6795.0
OI000551,ORD00203,P0034,2,2646.0,105.84,5186.16
OI000552,ORD00203,P0226,1,10590.0,529.5,10060.5
OI000553,ORD00204,P0394,2,1550.0,0.0,3100.0
OI000554,ORD00204,P0199,1,7791.0,0.0,7791.0
OI000555,ORD00204,P0395,1,1710.0,85.5,1624.5
OI000556,ORD00205,P0349,3,2082.5,0.0,6247.5
OI000557,ORD00205,P0103,2,24800.0,0.0,49600.0
OI000558,ORD00206,P0075,3,2147.0,0.0,6441.0
OI000559,ORD00206,P0165,1,2259.0,112.95,2146.05
OI000560,ORD00206,P0172,2,963.0,96.3,1829.7
OI000561,ORD00206,P0098,2,739.8,0.0,1479.6
OI000562,ORD00207,P0158,2,2362.5,94.5,4630.5
OI000563,ORD00207,P0156,3,5500.5,0.0,16501.5
OI000564,ORD00207,P0128,2,504.0,0.0,1008.0
OI000565,ORD00208,P0073,1,43839.0,876.78,42962.22
OI000566,ORD00208,P0188,3,15861.0,2379.15,45203.85
OI000567,ORD00208,P0175,3,37540.0,0.0,112620.0
OI000568,ORD00209,P0225,2,2412.0,0.0,4824.0
OI000569,ORD00210,P0030,1,452.7,0.0,452.7
OI000570,ORD00210,P0093,1,423.0,0.0,423.0
OI000571,ORD00210,P0223,3,950.0,57.0,2793.0
OI000572,ORD00210,P0328,1,805.0,0.0,805.0
OI000573,ORD00211,P0274,3,2320.0,0.0,6960.0
OI000574,ORD00211,P0082,3,61.0,0.0,183.0
OI000575,ORD00211,P0075,2,2147.0,0.0,4294.0
OI000576,ORD00211,P0399,1,295.0,0.0,295.0
OI000577,ORD00212,P0357,1,7182.5,0.0,7182.5
OI000578,ORD00213,P0159,3,11007.5,0.0,33022.5
OI000579,ORD00213,P0133,1,10760.0,0.0,10760.0
OI000580,ORD00213,P0167,2,1932.0,0.0,3864.0
OI000581,ORD00214,P0077,3,794.0,0.0,2382.0
OI000582,ORD00215,P0336,3,2520.0,378.0,7182.0
OI000583,ORD00216,P0144,2,1928.5,192.85,3664.15
OI000584,ORD00217,P0117,3,196.2,0.0,588.6
OI000585,ORD00217,P0297,1,3416.0,0.0,3416.0
OI000586,ORD00217,P0154,1,10780.0,0.0,10780.0
OI000587,ORD00217,P0017,3,1344.25,0.0,4032.75
OI000588,ORD00217,P0298,1,312.2,0.0,312.2
OI000589,ORD00218,P0153,2,792.4,0.0,1584.8
OI000590,ORD00218,P0036,3,594.0,89.1,1692.9
OI000591,ORD00218,P0371,1,2180.0,0.0,2180.0
OI000592,ORD00218,P0287,3,9270.0,556.2,27253.8
OI000593,ORD00219,P0181,2,177.0,0.0,354.0
OI000594,ORD00219,P0040,2,90189.0,0.0,180378.0
OI000595,ORD00220,P0060,3,1035.0,155.25,2949.75
OI000596,ORD00220,P0079,1,513.95,0.0,513.95
OI000597,ORD00220,P0255,2,56373.0,0.0,112746.0
OI000598,ORD00220,P0139,1,2590.0,129.5,2460.5
OI000599,ORD00221,P0123,1,242.4,0.0,242.4
OI000600,ORD00221,P0373,1,11673.0,233.46,11439.54
OI000601,ORD00221,P0274,3,2320.0,348.0,6612.0
OI000602,ORD00221,P0257,1,529.15,0.0,529.15
OI000603,ORD00221,P0049,1,37323.0,0.0,37323.0
OI000604,ORD00222,P0062,3,12901.0,0.0,38703.0
OI000605,ORD00222,P0044,1,11970.0,0.0,11970.0
OI000606,ORD00222,P0340,3,7880.0,1182.0,22458.0
OI000607,ORD00223,P0156,2,5500.5,550.05,10450.95
OI000608,ORD00223,P0176,1,55928.0,0.0,55928.0
OI000609,ORD00223,P0044,2,11970.0,478.8,23461.2
OI000610,ORD00224,P0177,1,618.8,0.0,618.8
OI000611,ORD00225,P0255,2,56373.0,0.0,112746.0
OI000612,ORD00225,P0270,3,2265.0,0.0,6795.0
OI000613,ORD00226,P0084,3,5925.0,355.5,17419.5
OI000614,ORD00226,P0253,1,1485.0,0.0,1485.0
OI000615,ORD00227,P0263,3,1287.0,0.0,3861.0
OI000616,ORD00227,P0154,1,10780.0,0.0,10780.0
OI000617,ORD00227,P0383,1,39427.5,0.0,39427.5
OI000618,ORD00227,P0304,1,28441.0,1422.05,27018.95
OI000619,ORD00228,P0201,3,554.8,0.0,1664.4
OI000620,ORD00228,P0340,2,7880.0,315.2,15444.8
OI000621,ORD00228,P0203,1,595.0,0.0,595.0
OI000622,ORD00229,P0057,2,1809.0,72.36,3545.64
OI000623,ORD00230,P0239,1,281.6,0.0,281.6
OI000624,ORD00230,P0318,2,57978.0,0.0,115956.0
OI000625,ORD00231,P0193,2,3094.0,0.0,6188.0
OI000626,ORD00231,P0095,1,28323.0,0.0,28323.0
OI000627,ORD00231,P0200,1,2529.0,0.0,2529.0
OI000628,ORD00232,P0311,3,43728.0,0.0,131184.0
OI000629,ORD00232,P0097,1,2859.5,0.0,2859.5
OI000630,ORD00232,P0084,1,5925.0,0.0,5925.0
OI000631,ORD00232,P0201,2,554.8,55.48,1054.12
OI000632,ORD00233,P0264,2,3980.0,159.2,7800.8
OI000633,ORD00233,P0342,1,194.65,9.73,184.92
OI000634,ORD00233,P0193,3,3094.0,0.0,9282.0
OI000635,ORD00233,P0070,2,1650.0,0.0,3300.0
OI000636,ORD00234,P0253,1,1485.0,0.0,1485.0
OI000637,ORD00234,P0187,3,2135.0,0.0,6405.0
OI000638,ORD00234,P0355,3,478.0,28.68,1405.32
OI000639,ORD00235,P0139,1,2590.0,0.0,2590.0
OI000640,ORD00236,P0216,3,2160.0,0.0,6480.0
OI000641,ORD00236,P0281,3,3288.0,197.28,9666.72
OI000642,ORD00236,P0209,2,8016.0,0.0,16032.0
OI000643,ORD00237,P0072,3,875.7,0.0,2627.1
OI000644,ORD00237,P0103,1,24800.0,0.0,24800.0
OI000645,ORD00238,P0140,1,391.0,19.55,371.45
OI000646,ORD00238,P0159,2,11007.5,440.3,21574.7
OI000647,ORD00238,P0244,2,24093.0,0.0,48186.0
OI000648,ORD00239,P0231,2,2061.5,0.0,4123.0
OI000649,ORD00239,P0257,1,529.15,0.0,529.15
OI000650,ORD00239,P0210,3,1050.6,63.04,3088.76
OI000651,ORD00239,P0327,3,165.75,24.86,472.39
OI000652,ORD00239,P0082,3,61.0,3.66,179.34
OI000653,ORD00240,P0231,1,2061.5,0.0,2061.5
OI000654,ORD00241,P0281,1,3288.0,164.4,3123.6
OI000655,ORD00242,P0061,3,2394.0,0.0,7182.0
OI000656,ORD00242,P0397,2,468.75,18.75,918.75
OI000657,ORD00242,P0207,2,6867.0,0.0,13734.0
OI000658,ORD00242,P0202,2,801.0,0.0,1602.0
OI000659,ORD00243,P0035,1,34218.0,1710.9,32507.1
OI000660,ORD00243,P0258,2,132.0,5.28,258.72
OI000661,ORD00243,P0002,1,3368.0,168.4,3199.6
OI000662,ORD00243,P0294,3,315.9,0.0,947.7
OI000663,ORD00243,P0342,3,194.65,0.0,583.95
OI000664,ORD00244,P0333,3,11480.0,688.8,33751.2
OI000665,ORD00244,P0196,3,2934.0,0.0,8802.0
OI000666,ORD00244,P0148,3,855.95,0.0,2567.85
OI000667,ORD00244,P0068,3,446.4,66.96,1272.24
OI000668,ORD00245,P0041,3,19983.5,0.0,59950.5
OI000669,ORD00245,P0185,1,1830.0,0.0,1830.0
OI000670,ORD00245,P0012,1,4740.5,0.0,4740.5
OI000671,ORD00245,P0359,2,16920.0,0.0,33840.0
OI000672,ORD00246,P0240,1,7990.0,159.8,7830.2
OI000673,ORD00247,P0145,1,720.9,0.0,720.9
OI000674,ORD00247,P0296,1,337.5,0.0,337.5
OI000675,ORD00247,P0275,3,42363.0,0.0,127089.0
OI000676,ORD00247,P0366,2,13920.0,0.0,27840.0
OI000677,ORD00248,P0116,2,1162.8,116.28,2209.32
OI000678,ORD00248,P0342,2,194.65,0.0,389.3
OI000679,ORD00248,P0029,1,102.6,2.05,100.55
OI000680,ORD00249,P0145,1,720.9,0.0,720.9
OI000681,ORD00249,P0389,3,3884.5,582.68,11070.82
OI000682,ORD00250,P0152,3,726.75,109.01,2071.24
OI000683,ORD00250,P0383,3,39427.5,0.0,118282.5
OI000684,ORD00250,P0012,1,4740.5,0.0,4740.5
OI000685,ORD00250,P0379,1,154.7,3.09,151.61
OI000686,ORD00251,P0182,1,491.0,0.0,491.0
OI000687,ORD00251,P0157,3,65240.0,0.0,195720.0
OI000688,ORD00252,P0242,1,689.0,0.0,689.0
OI000689,ORD00252,P0249,2,748.0,29.92,1466.08
OI000690,ORD00253,P0129,3,348.0,0.0,1044.0
OI000691,ORD00254,P0224,1,44082.0,0.0,44082.0
OI000692,ORD00255,P0045,1,2888.0,144.4,2743.6
OI000693,ORD00255,P0238,3,29932.5,0.0,89797.5
OI000694,ORD00255,P0400,2,11276.5,0.0,22553.0
OI000695,ORD00255,P0023,3,4870.0,730.5,13879.5
OI000696,ORD00256,P0303,1,369.75,0.0,369.75
OI000697,ORD00257,P0087,3,927.0,0.0,2781.0
OI000698,ORD00257,P0205,3,1770.0,106.2,5203.8
OI000699,ORD00257,P0334,3,408.6,24.52,1201.28
OI000700,ORD00257,P0345,3,1413.6,0.0,4240.8
OI000701,ORD00258,P0003,1,79590.0,0.0,79590.0
OI000702,ORD00258,P0201,1,554.8,0.0,554.8
OI000703,ORD00258,P0290,1,214.2,0.0,214.2
OI000704,ORD00258,P0382,1,1387.5,27.75,1359.75
OI000705,ORD00259,P0388,1,9162.0,0.0,9162.0
OI000706,ORD00260,P0002,3,3368.0,0.0,10104.0
OI000707,ORD00260,P0037,3,2619.0,392.85,7464.15
OI000708,ORD00260,P0016,3,2751.0,412.65,7840.35
OI000709,ORD00260,P0285,3,870.0,130.5,2479.5
OI000710,ORD00261,P0382,1,1387.5,0.0,1387.5
OI000711,ORD00262,P0220,1,840.0,42.0,798.0
OI000712,ORD00263,P0052,2,596.7,0.0,1193.4
OI000713,ORD00263,P0046,2,900.0,0.0,1800.0
OI000714,ORD00263,P0189,2,2637.0,263.7,5010.3
OI000715,ORD00263,P0141,3,74679.5,0.0,224038.5
OI000716,ORD00264,P0110,2,116.0,11.6,220.4
OI000717,ORD00264,P0267,3,69400.0,0.0,208200.0
OI000718,ORD00264,P0198,3,385.0,0.0,1155.0
OI000719,ORD00264,P0234,1,4290.0,0.0,4290.0
OI000720,ORD00265,P0069,2,380.0,0.0,760.0
OI000721,ORD00265,P0130,1,4100.0,0.0,4100.0
OI000722,ORD00266,P0391,2,2916.0,0.0,5832.0
OI000723,ORD00266,P0320,1,39358.5,787.17,38571.33
OI000724,ORD00266,P0386,3,981.75,0.0,2945.25
OI000725,ORD00266,P0385,2,813.0,0.0,1626.0
OI000726,ORD00266,P0167,3,1932.0,0.0,5796.0
OI000727,ORD00267,P0218,1,610.4,30.52,579.88
OI000728,ORD00267,P0322,1,8527.5,170.55,8356.95
OI000729,ORD00267,P0173,1,437.0,0.0,437.0
OI000730,ORD00267,P0188,3,15861.0,0.0,47583.0
OI000731,ORD00268,P0366,1,13920.0,0.0,13920.0
OI000732,ORD00268,P0134,3,12300.0,738.0,36162.0
OI000733,ORD00268,P0221,3,7038.0,0.0,21114.0
OI000734,ORD00268,P0367,3,180.75,0.0,542.25
OI000735,ORD00269,P0336,3,2520.0,378.0,7182.0
OI000736,ORD00269,P0330,1,544.0,0.0,544.0
OI000737,ORD00270,P0039,1,25483.0,1274.15,24208.85
OI000738,ORD00271,P0052,2,596.7,0.0,1193.4
OI000739,ORD00272,P0236,1,6860.0,137.2,6722.8
OI000740,ORD00272,P0176,1,55928.0,0.0,55928.0
OI000741,ORD00272,P0166,1,2070.0,0.0,2070.0
OI000742,ORD00272,P0106,3,1952.0,0.0,5856.0
OI000743,ORD00273,P0301,2,187.15,0.0,374.3
OI000744,ORD00273,P0160,1,329.4,0.0,329.4
OI000745,ORD00273,P0339,2,1422.4,0.0,2844.8
OI000746,ORD00274,P0067,2,270.0,27.0,513.0
OI000747,ORD00274,P0182,3,491.0,0.0,1473.0
OI000748,ORD00275,P0085,2,2812.0,0.0,5624.0
OI000749,ORD00275,P0147,1,23805.0,0.0,23805.0
OI000750,ORD00276,P0026,2,7047.0,0.0,14094.0
OI000751,ORD00276,P0051,2,3536.0,0.0,7072.0
OI000752,ORD00276,P0340,2,7880.0,315.2,15444.8
OI000753,ORD00276,P0194,2,50310.0,0.0,100620.0
OI000754,ORD00277,P0119,1,1730.0,0.0,1730.0
OI000755,ORD00277,P0219,2,12090.0,0.0,24180.0
OI000756,ORD00277,P0226,2,10590.0,423.6,20756.4
OI000757,ORD00277,P0032,1,873.0,0.0,873.0
OI000758,ORD00277,P0061,3,2394.0,0.0,7182.0
OI000759,ORD00278,P0222,3,441.0,0.0,1323.0
OI000760,ORD00279,P0236,1,6860.0,0.0,6860.0
OI000761,ORD00279,P0375,2,2466.0,0.0,4932.0
OI000762,ORD00280,P0261,3,6880.0,1032.0,19608.0
OI000763,ORD00280,P0006,1,5196.5,103.93,5092.57
OI000764,ORD00281,P0075,3,2147.0,0.0,6441.0
OI000765,ORD00281,P0199,2,7791.0,0.0,15582.0
OI000766,ORD00281,P0165,3,2259.0,0.0,6777.0
OI000767,ORD00282,P0072,2,875.7,0.0,1751.4
OI000768,ORD00282,P0099,3,2871.0,0.0,8613.0
OI000769,ORD00283,P0192,3,129.5,7.77,380.73
OI000770,ORD00284,P0387,1,7968.0,159.36,7808.64
OI000771,ORD00284,P0165,1,2259.0,0.0,2259.0
OI000772,ORD00285,P0133,3,10760.0,645.6,31634.4
OI000773,ORD00286,P0214,1,13761.5,688.08,13073.42
OI000774,ORD00286,P0077,1,794.0,39.7,754.3
OI000775,ORD00287,P0210,3,1050.6,0.0,3151.8
OI000776,ORD00287,P0130,1,4100.0,0.0,4100.0
OI000777,ORD00288,P0090,3,11600.0,696.0,34104.0
OI000778,ORD00288,P0071,2,11925.0,1192.5,22657.5
OI000779,ORD00288,P0216,3,2160.0,0.0,6480.0
OI000780,ORD00288,P0038,2,1213.15,0.0,2426.3
OI000781,ORD00289,P0130,3,4100.0,246.0,12054.0
OI000782,ORD00290,P0038,1,1213.15,60.66,1152.49
OI000783,ORD00290,P0359,3,16920.0,1015.2,49744.8
OI000784,ORD00290,P0380,1,23597.0,0.0,23597.0
OI000785,ORD00291,P0221,1,7038.0,351.9,6686.1
OI000786,ORD00291,P0046,2,900.0,36.0,1764.0
OI000787,ORD00292,P0114,3,4329.0,0.0,12987.0
OI000788,ORD00293,P0233,3,400.5,60.08,1141.42
OI000789,ORD00293,P0171,2,67370.0,0.0,134740.0
OI000790,ORD00294,P0060,2,1035.0,103.5,1966.5
OI000791,ORD00294,P0323,3,3876.0,0.0,11628.0
OI000792,ORD00295,P0034,2,2646.0,264.6,5027.4
OI000793,ORD00295,P0308,1,6842.5,0.0,6842.5
OI000794,ORD00296,P0044,1,11970.0,0.0,11970.0
OI000795,ORD00296,P0357,1,7182.5,0.0,7182.5
OI000796,ORD00296,P0128,3,504.0,0.0,1512.0
OI000797,ORD00296,P0003,1,79590.0,0.0,79590.0
OI000798,ORD00297,P0214,2,13761.5,0.0,27523.0
OI000799,ORD00297,P0383,2,39427.5,0.0,78855.0
OI000800,ORD00298,P0374,2,1995.0,199.5,3790.5
OI000801,ORD00298,P0169,2,6279.0,0.0,12558.0
OI000802,ORD00299,P0368,1,338.4,0.0,338.4
OI000803,ORD00299,P0009,1,14017.5,280.35,13737.15
OI000804,ORD00300,P0119,2,1730.0,173.0,3287.0
OI000805,ORD00300,P0319,2,3672.0,0.0,7344.0
OI000806,ORD00300,P0048,1,2213.5,0.0,2213.5
OI000807,ORD00300,P0340,3,7880.0,0.0,23640.0
OI000808,ORD00301,P0016,1,2751.0,0.0,2751.0
OI000809,ORD00301,P0118,3,5880.0,0.0,17640.0
OI000810,ORD00301,P0371,1,2180.0,43.6,2136.4
OI000811,ORD00302,P0174,3,312.8,0.0,938.4
OI000812,ORD00302,P0361,2,4263.0,0.0,8526.0
OI000813,ORD00303,P0090,1,11600.0,232.0,11368.0
OI000814,ORD00303,P0323,1,3876.0,0.0,3876.0
OI000815,ORD00304,P0039,3,25483.0,0.0,76449.0
OI000816,ORD00304,P0055,3,7923.0,475.38,23293.62
OI000817,ORD00305,P0215,2,12010.5,0.0,24021.0
OI000818,ORD00305,P0395,3,1710.0,0.0,5130.0
OI000819,ORD00305,P0362,1,9486.0,189.72,9296.28
OI000820,ORD00305,P0191,1,821.75,0.0,821.75
OI000821,ORD00305,P0274,1,2320.0,0.0,2320.0
OI000822,ORD00306,P0385,2,813.0,32.52,1593.48
OI000823,ORD00306,P0339,3,1422.4,0.0,4267.2
OI000824,ORD00306,P0395,1,1710.0,34.2,1675.8
OI000825,ORD00307,P0162,3,130020.0,7801.2,382258.8
OI000826,ORD00307,P0084,1,5925.0,0.0,5925.0
OI000827,ORD00307,P0273,1,1872.0,37.44,1834.56
OI000828,ORD00308,P0380,3,23597.0,1415.82,69375.18
OI000829,ORD00309,P0067,2,270.0,0.0,540.0
OI000830,ORD00309,P0384,3,8334.0,0.0,25002.0
OI000831,ORD00309,P0100,1,1320.0,0.0,1320.0
OI000832,ORD00310,P0350,1,18711.0,0.0,18711.0
OI000833,ORD00310,P0097,1,2859.5,142.97,2716.53
OI000834,ORD00310,P0338,2,4674.0,0.0,9348.0
OI000835,ORD00310,P0215,2,12010.5,1201.05,22819.95
OI000836,ORD00311,P0192,2,129.5,5.18,253.82
OI000837,ORD00311,P0317,2,720.0,0.0,1440.0
OI000838,ORD00312,P0330,1,544.0,0.0,544.0
OI000839,ORD00312,P0027,2,15750.0,1575.0,29925.0
OI000840,ORD00312,P0373,3,11673.0,0.0,35019.0
OI000841,ORD00312,P0088,2,52820.0,2112.8,103527.2
OI000842,ORD00312,P0387,2,7968.0,0.0,15936.0
OI000843,ORD00313,P0397,3,468.75,70.31,1335.94
OI000844,ORD00313,P0072,3,875.7,0.0,2627.1
OI000845,ORD00314,P0185,1,1830.0,0.0,1830.0
OI000846,ORD00314,P0128,2,504.0,0.0,1008.0
OI000847,ORD00314,P0033,1,30405.0,0.0,30405.0
OI000848,ORD00315,P0206,2,774.0,30.96,1517.04
OI000849,ORD00315,P0160,2,329.4,32.94,625.86
OI000850,ORD00316,P0266,2,30160.0,1206.4,59113.6
OI000851,ORD00316,P0036,1,594.0,0.0,594.0
OI000852,ORD00316,P0248,1,16444.5,0.0,16444.5
OI000853,ORD00317,P0368,2,338.4,0.0,676.8
OI000854,ORD00317,P0068,1,446.4,22.32,424.08
OI000855,ORD00318,P0113,1,498.0,9.96,488.04
OI000856,ORD00318,P0188,3,15861.0,0.0,47583.0
OI000857,ORD00318,P0378,2,1246.95,0.0,2493.9
OI000858,ORD00318,P0222,2,441.0,0.0,882.0
OI000859,ORD00319,P0194,3,50310.0,0.0,150930.0
OI000860,ORD00320,P0258,1,132.0,6.6,125.4
OI000861,ORD00320,P0366,2,13920.0,0.0,27840.0
OI000862,ORD00320,P0365,3,51250.0,0.0,153750.0
OI000863,ORD00321,P0142,2,2380.0,0.0,4760.0
OI000864,ORD00321,P0120,3,9603.0,576.18,28232.82
OI000865,ORD00322,P0119,1,1730.0,86.5,1643.5
OI000866,ORD00322,P0265,1,40815.0,0.0,40815.0
OI000867,ORD00322,P0090,3,11600.0,0.0,34800.0
OI000868,ORD00323,P0251,1,25200.0,0.0,25200.0
OI000869,ORD00323,P0001,3,261.0,15.66,767.34
OI000870,ORD00323,P0227,1,307.8,0.0,307.8
OI000871,ORD00324,P0083,2,6600.0,0.0,13200.0
OI000872,ORD00325,P0259,1,950.0,19.0,931.0
OI000873,ORD00325,P0152,2,726.75,29.07,1424.43
OI000874,ORD00326,P0120,3,9603.0,576.18,28232.82
OI000875,ORD00326,P0038,1,1213.15,24.26,1188.89
OI000876,ORD00326,P0181,1,177.0,0.0,177.0
OI000877,ORD00327,P0281,2,3288.0,0.0,6576.0
OI000878,ORD00327,P0004,3,4395.0,263.7,12921.3
OI000879,ORD00327,P0022,2,338.2,33.82,642.58
OI000880,ORD00327,P0373,2,11673.0,0.0,23346.0
OI000881,ORD00328,P0303,2,369.75,0.0,739.5
OI000882,ORD00328,P0293,3,1341.0,201.15,3821.85
OI000883,ORD00328,P0347,2,757.5,0.0,1515.0
OI000884,ORD00328,P0113,2,498.0,0.0,996.0
OI000885,ORD00329,P0011,3,13991.0,2098.65,39874.35
OI000886,ORD00329,P0180,2,10370.0,414.8,20325.2
OI000887,ORD00330,P0322,3,8527.5,0.0,25582.5
OI000888,ORD00331,P0108,1,41676.5,0.0,41676.5
OI000889,ORD00332,P0055,3,7923.0,0.0,23769.0
OI000890,ORD00332,P0074,1,2356.0,47.12,2308.88
OI000891,ORD00332,P0283,1,28775.5,0.0,28775.5
OI000892,ORD00333,P0083,1,6600.0,0.0,6600.0
OI000893,ORD00334,P0184,3,16507.0,0.0,49521.0
OI000894,ORD00335,P0345,1,1413.6,0.0,1413.6
OI000895,ORD00335,P0362,3,9486.0,0.0,28458.0
OI000896,ORD00335,P0090,2,11600.0,1160.0,22040.0
OI000897,ORD00335,P0085,3,2812.0,0.0,8436.0
OI000898,ORD00335,P0093,2,423.0,42.3,803.7
OI000899,ORD00336,P0288,3,3521.0,0.0,10563.0
OI000900,ORD00337,P0003,3,79590.0,0.0,238770.0
OI000901,ORD00337,P0186,3,54045.5,3242.73,158893.77
OI000902,ORD00337,P0213,3,414.9,24.89,1219.81
OI000903,ORD00338,P0109,3,1809.0,0.0,5427.0
OI000904,ORD00338,P0341,2,5664.0,566.4,10761.6
OI000905,ORD00338,P0315,2,582.3,58.23,1106.37
OI000906,ORD00338,P0003,2,79590.0,0.0,159180.0
OI000907,ORD00338,P0297,3,3416.0,512.4,9735.6
OI000908,ORD00339,P0294,3,315.9,18.95,928.75
OI000909,ORD00339,P0213,3,414.9,0.0,1244.7
OI000910,ORD00339,P0151,1,7542.0,377.1,7164.9
OI000911,ORD00339,P0301,1,187.15,0.0,187.15
OI000912,ORD00340,P0230,3,112208.0,0.0,336624.0
OI000913,ORD00341,P0106,2,1952.0,195.2,3708.8
OI000914,ORD00341,P0261,3,6880.0,0.0,20640.0
OI000915,ORD00341,P0257,2,529.15,0.0,1058.3
OI000916,ORD00341,P0270,2,2265.0,90.6,4439.4
OI000917,ORD00342,P0068,2,446.4,0.0,892.8
OI000918,ORD00342,P0181,2,177.0,17.7,336.3
OI000919,ORD00342,P0327,1,165.75,3.31,162.44
OI000920,ORD00343,P0042,3,485.45,0.0,1456.35
OI000921,ORD00343,P0374,1,1995.0,0.0,1995.0
OI000922,ORD00343,P0149,3,3784.0,0.0,11352.0
OI000923,ORD00343,P0176,3,55928.0,0.0,167784.0
OI000924,ORD00344,P0314,1,1599.7,31.99,1567.71
OI000925,ORD00344,P0155,3,42337.5,6350.62,120661.88
OI000926,ORD00345,P0382,3,1387.5,83.25,4079.25
OI000927,ORD00345,P0197,2,472.0,47.2,896.8
OI000928,ORD00345,P0119,1,1730.0,0.0,1730.0
OI000929,ORD00346,P0241,1,117.6,5.88,111.72
OI000930,ORD00346,P0253,2,1485.0,148.5,2821.5
OI000931,ORD00346,P0138,2,794.0,0.0,1588.0
OI000932,ORD00346,P0289,2,12807.0,0.0,25614.0
OI000933,ORD00346,P0189,2,2637.0,105.48,5168.52
OI000934,ORD00347,P0092,1,593.6,0.0,593.6
OI000935,ORD00347,P0161,1,649.6,12.99,636.61
OI000936,ORD00347,P0395,1,1710.0,0.0,1710.0
OI000937,ORD00348,P0341,2,5664.0,0.0,11328.0
OI000938,ORD00348,P0343,3,279.2,0.0,837.6
OI000939,ORD00348,P0090,2,11600.0,0.0,23200.0
OI000940,ORD00349,P0340,1,7880.0,0.0,7880.0
OI000941,ORD00349,P0061,3,2394.0,0.0,7182.0
OI000942,ORD00349,P0386,1,981.75,0.0,981.75
OI000943,ORD00350,P0213,2,414.9,41.49,788.31
OI000944,ORD00351,P0108,2,41676.5,4167.65,79185.35
OI000945,ORD00351,P0063,3,2286.0,342.9,6515.1
OI000946,ORD00352,P0358,3,1111.0,0.0,3333.0
OI000947,ORD00352,P0218,3,610.4,0.0,1831.2
OI000948,ORD00352,P0057,2,1809.0,0.0,3618.0
OI000949,ORD00353,P0188,1,15861.0,0.0,15861.0
OI000950,ORD00353,P0283,2,28775.5,0.0,57551.0
OI000951,ORD00354,P0159,3,11007.5,1651.12,31371.38
OI000952,ORD00355,P0072,1,875.7,0.0,875.7
OI000953,ORD00355,P0122,2,550.0,0.0,1100.0
OI000954,ORD00356,P0344,2,10850.0,1085.0,20615.0
OI000955,ORD00356,P0026,1,7047.0,0.0,7047.0
OI000956,ORD00357,P0387,2,7968.0,0.0,15936.0
OI000957,ORD00358,P0362,1,9486.0,189.72,9296.28
OI000958,ORD00358,P0263,1,1287.0,0.0,1287.0
OI000959,ORD00358,P0220,3,840.0,0.0,2520.0
OI000960,ORD00358,P0085,2,2812.0,281.2,5342.8
OI000961,ORD00358,P0301,1,187.15,0.0,187.15
OI000962,ORD00359,P0133,3,10760.0,645.6,31634.4
OI000963,ORD00360,P0148,1,855.95,0.0,855.95
OI000964,ORD00360,P0187,3,2135.0,0.0,6405.0
OI000965,ORD00360,P0172,1,963.0,0.0,963.0
OI000966,ORD00361,P0322,2,8527.5,0.0,17055.0
OI000967,ORD00361,P0052,1,596.7,0.0,596.7
OI000968,ORD00361,P0196,3,2934.0,176.04,8625.96
OI000969,ORD00361,P0258,3,132.0,7.92,388.08
OI000970,ORD00361,P0349,2,2082.5,0.0,4165.0
OI000971,ORD00362,P0297,3,3416.0,0.0,10248.0
OI000972,ORD00362,P0369,1,10773.0,0.0,10773.0
OI000973,ORD00362,P0024,1,587.7,0.0,587.7
OI000974,ORD00363,P0083,1,6600.0,0.0,6600.0
OI000975,ORD00363,P0225,3,2412.0,144.72,7091.28
OI000976,ORD00363,P0092,1,593.6,0.0,593.6
OI000977,ORD00363,P0002,3,3368.0,0.0,10104.0
OI000978,ORD00364,P0157,3,65240.0,0.0,195720.0
OI000979,ORD00365,P0373,2,11673.0,0.0,23346.0
OI000980,ORD00366,P0221,3,7038.0,1055.7,20058.3
OI000981,ORD00367,P0265,3,40815.0,6122.25,116322.75
OI000982,ORD00367,P0244,2,24093.0,2409.3,45776.7
OI000983,ORD00367,P0128,2,504.0,0.0,1008.0
OI000984,ORD00367,P0361,2,4263.0,0.0,8526.0
OI000985,ORD00368,P0045,2,2888.0,0.0,5776.0
OI000986,ORD00368,P0387,1,7968.0,159.36,7808.64
OI000987,ORD00369,P0224,3,44082.0,0.0,132246.0
OI000988,ORD00369,P0312,1,1836.0,0.0,1836.0
OI000989,ORD00370,P0023,2,4870.0,0.0,9740.0
OI000990,ORD00370,P0365,2,51250.0,0.0,102500.0
OI000991,ORD00370,P0068,2,446.4,0.0,892.8
OI000992,ORD00370,P0174,3,312.8,0.0,938.4
OI000993,ORD00370,P0216,3,2160.0,0.0,6480.0
OI000994,ORD00371,P0218,1,610.4,0.0,610.4
OI000995,ORD00372,P0201,3,554.8,0.0,1664.4
OI000996,ORD00372,P0200,1,2529.0,0.0,2529.0
OI000997,ORD00372,P0096,2,26621.0,0.0,53242.0
OI000998,ORD00372,P0195,3,1255.0,0.0,3765.0
OI000999,ORD00372,P0006,3,5196.5,0.0,15589.5
OI001000,ORD00373,P0124,3,48142.5,0.0,144427.5
OI001001,ORD00373,P0120,1,9603.0,0.0,9603.0
OI001002,ORD00373,P0242,3,689.0,0.0,2067.0
OI001003,ORD00373,P0301,3,187.15,28.07,533.38
OI001004,ORD00374,P0117,1,196.2,0.0,196.2
OI001005,ORD00375,P0267,2,69400.0,2776.0,136024.0
OI001006,ORD00375,P0282,3,7600.0,456.0,22344.0
OI001007,ORD00375,P0156,2,5500.5,0.0,11001.0
OI001008,ORD00376,P0281,2,3288.0,131.52,6444.48
OI001009,ORD00376,P0199,1,7791.0,0.0,7791.0
OI001010,ORD00376,P0082,2,61.0,0.0,122.0
OI001011,ORD00376,P0054,3,1603.0,0.0,4809.0
OI001012,ORD00377,P0360,3,370.4,0.0,1111.2
OI001013,ORD00377,P0179,3,3315.0,0.0,9945.0
OI001014,ORD00378,P0199,2,7791.0,779.1,14802.9
OI001015,ORD00378,P0184,3,16507.0,2476.05,47044.95
OI001016,ORD00379,P0346,1,927.0,0.0,927.0
OI001017,ORD00380,P0341,2,5664.0,226.56,11101.44
OI001018,ORD00380,P0273,2,1872.0,0.0,3744.0
OI001019,ORD00380,P0229,1,5392.5,107.85,5284.65
OI001020,ORD00381,P0206,1,774.0,15.48,758.52
OI001021,ORD00381,P0346,3,927.0,55.62,2725.38
OI001022,ORD00382,P0331,1,5200.0,260.0,4940.0
OI001023,ORD00382,P0257,1,529.15,26.46,502.69
OI001024,ORD00383,P0155,1,42337.5,2116.88,40220.62
OI001025,ORD00383,P0348,3,12978.0,1946.7,36987.3
OI001026,ORD00384,P0282,1,7600.0,0.0,7600.0
OI001027,ORD00384,P0085,1,2812.0,140.6,2671.4
OI001028,ORD00385,P0267,1,69400.0,0.0,69400.0
OI001029,ORD00386,P0161,3,649.6,0.0,1948.8
OI001030,ORD00387,P0360,2,370.4,0.0,740.8
OI001031,ORD00388,P0147,1,23805.0,0.0,23805.0
OI001032,ORD00389,P0234,2,4290.0,429.0,8151.0
OI001033,ORD00389,P0101,1,461.3,0.0,461.3
OI001034,ORD00389,P0113,3,498.0,0.0,1494.0
OI001035,ORD00389,P0144,2,1928.5,0.0,3857.0
OI001036,ORD00390,P0386,3,981.75,0.0,2945.25
OI001037,ORD00391,P0095,3,28323.0,0.0,84969.0
OI001038,ORD00391,P0242,1,689.0,0.0,689.0
OI001039,ORD00392,P0297,2,3416.0,136.64,6695.36
OI001040,ORD00392,P0112,1,1026.0,0.0,1026.0
OI001041,ORD00393,P0088,1,52820.0,1056.4,51763.6
OI001042,ORD00393,P0150,2,201.0,8.04,393.96
OI001043,ORD00393,P0345,3,1413.6,84.82,4155.98
OI001044,ORD00394,P0223,2,950.0,0.0,1900.0
OI001045,ORD00394,P0199,1,7791.0,0.0,7791.0
OI001046,ORD00395,P0009,3,14017.5,2102.62,39949.88
OI001047,ORD00395,P0103,1,24800.0,1240.0,23560.0
OI001048,ORD00395,P0228,2,113667.5,0.0,227335.0
OI001049,ORD00395,P0020,2,228.0,22.8,433.2
OI001050,ORD00396,P0081,3,700.0,0.0,2100.0
OI001051,ORD00396,P0354,1,253.8,12.69,241.11
OI001052,ORD00396,P0158,1,2362.5,0.0,2362.5
OI001053,ORD00396,P0079,1,513.95,0.0,513.95
OI001054,ORD00396,P0130,1,4100.0,0.0,4100.0
OI001055,ORD00397,P0191,3,821.75,49.3,2415.95
OI001056,ORD00397,P0125,1,608.0,0.0,608.0
OI001057,ORD00398,P0108,2,41676.5,1667.06,81685.94
OI001058,ORD00398,P0180,3,10370.0,1555.5,29554.5
OI001059,ORD00398,P0019,2,748.0,0.0,1496.0
OI001060,ORD00398,P0161,2,649.6,25.98,1273.22
OI001061,ORD00398,P0388,1,9162.0,458.1,8703.9
OI001062,ORD00399,P0209,1,8016.0,160.32,7855.68
OI001063,ORD00399,P0109,3,1809.0,0.0,5427.0
OI001064,ORD00399,P0339,3,1422.4,213.36,4053.84
OI001065,ORD00399,P0026,1,7047.0,0.0,7047.0
OI001066,ORD00399,P0287,3,9270.0,0.0,27810.0
OI001067,ORD00400,P0241,3,117.6,0.0,352.8
OI001068,ORD00400,P0068,1,446.4,8.93,437.47
OI001069,ORD00400,P0154,3,10780.0,0.0,32340.0
OI001070,ORD00400,P0223,3,950.0,0.0,2850.0
OI001071,ORD00401,P0344,1,10850.0,0.0,10850.0
OI001072,ORD00402,P0035,3,34218.0,0.0,102654.0
OI001073,ORD00402,P0154,3,10780.0,0.0,32340.0
OI001074,ORD00402,P0013,3,645.75,38.74,1898.51
OI001075,ORD00403,P0055,1,7923.0,158.46,7764.54
OI001076,ORD00403,P0223,1,950.0,0.0,950.0
OI001077,ORD00404,P0334,1,408.6,0.0,408.6
OI001078,ORD00404,P0230,2,112208.0,4488.32,219927.68
OI001079,ORD00404,P0135,3,10960.0,0.0,32880.0
OI001080,ORD00405,P0009,2,14017.5,0.0,28035.0
OI001081,ORD00406,P0056,1,3800.0,76.0,3724.0
OI001082,ORD00406,P0208,2,8140.0,0.0,16280.0
OI001083,ORD00406,P0155,2,42337.5,0.0,84675.0
OI001084,ORD00406,P0260,1,352.0,0.0,352.0
OI001085,ORD00406,P0367,1,180.75,9.04,171.71
OI001086,ORD00407,P0214,2,13761.5,0.0,27523.0
OI001087,ORD00408,P0058,1,4869.0,243.45,4625.55
OI001088,ORD00408,P0052,3,596.7,0.0,1790.1
OI001089,ORD00408,P0220,3,840.0,0.0,2520.0
OI001090,ORD00409,P0141,3,74679.5,11201.93,212836.57
OI001091,ORD00409,P0327,1,165.75,0.0,165.75
OI001092,ORD00410,P0158,1,2362.5,47.25,2315.25
OI001093,ORD00410,P0192,3,129.5,0.0,388.5
OI001094,ORD00411,P0105,3,1600.0,0.0,4800.0
OI001095,ORD00411,P0070,3,1650.0,0.0,4950.0
OI001096,ORD00411,P0281,1,3288.0,0.0,3288.0
OI001097,ORD00412,P0339,1,1422.4,0.0,1422.4
OI001098,ORD00413,P0218,2,610.4,61.04,1159.76
OI001099,ORD00413,P0101,3,461.3,0.0,1383.9
OI001100,ORD00414,P0239,3,281.6,0.0,844.8
OI001101,ORD00414,P0019,3,748.0,112.2,2131.8
OI001102,ORD00414,P0042,1,485.45,0.0,485.45
OI001103,ORD00414,P0124,2,48142.5,1925.7,94359.3
OI001104,ORD00414,P0350,2,18711.0,0.0,37422.0
OI001105,ORD00415,P0291,3,2282.0,0.0,6846.0
OI001106,ORD00416,P0169,2,6279.0,0.0,12558.0
OI001107,ORD00416,P0148,2,855.95,0.0,1711.9
OI001108,ORD00416,P0155,2,42337.5,0.0,84675.0
OI001109,ORD00416,P0043,2,3472.5,138.9,6806.1
OI001110,ORD00417,P0013,1,645.75,12.92,632.83
OI001111,ORD00417,P0304,3,28441.0,1706.46,83616.54
OI001112,ORD00418,P0064,3,6170.0,925.5,17584.5
OI001113,ORD00418,P0392,3,1070.1,64.21,3146.09
OI001114,ORD00418,P0303,3,369.75,0.0,1109.25
OI001115,ORD00418,P0011,2,13991.0,0.0,27982.0
OI001116,ORD00418,P0322,3,8527.5,511.65,25070.85
OI001117,ORD00419,P0322,1,8527.5,0.0,8527.5
OI001118,ORD00419,P0172,3,963.0,0.0,2889.0
OI001119,ORD00419,P0307,1,1269.0,63.45,1205.55
OI001120,ORD00419,P0223,2,950.0,95.0,1805.0
OI001121,ORD00420,P0237,3,35595.0,0.0,106785.0
OI001122,ORD00420,P0240,1,7990.0,399.5,7590.5
OI001123,ORD00421,P0171,2,67370.0,2694.8,132045.2
OI001124,ORD00421,P0373,1,11673.0,0.0,11673.0
OI001125,ORD00422,P0259,1,950.0,0.0,950.0
OI001126,ORD00422,P0045,3,2888.0,173.28,8490.72
OI001127,ORD00422,P0212,1,424.8,0.0,424.8
OI001128,ORD00422,P0119,2,1730.0,69.2,3390.8
OI001129,ORD00423,P0104,1,1100.8,0.0,1100.8
OI001130,ORD00423,P0114,2,4329.0,173.16,8484.84
OI001131,ORD00423,P0172,3,963.0,57.78,2831.22
OI001132,ORD00423,P0007,2,889.5,0.0,1779.0
OI001133,ORD00423,P0014,3,348.3,20.9,1024.0
OI001134,ORD00424,P0193,1,3094.0,61.88,3032.12
OI001135,ORD00424,P0054,3,1603.0,0.0,4809.0
OI001136,ORD00424,P0252,2,1359.45,54.38,2664.52
OI001137,ORD00425,P0142,2,2380.0,0.0,4760.0
OI001138,ORD00425,P0343,2,279.2,27.92,530.48
OI001139,ORD00425,P0002,2,3368.0,134.72,6601.28
OI001140,ORD00426,P0205,2,1770.0,70.8,3469.2
OI001141,ORD00426,P0290,3,214.2,32.13,610.47
OI001142,ORD00426,P0338,1,4674.0,233.7,4440.3
OI001143,ORD00426,P0015,3,31560.0,1893.6,92786.4
OI001144,ORD00427,P0392,3,1070.1,0.0,3210.3
OI001145,ORD00427,P0126,2,7938.0,0.0,15876.0
OI001146,ORD00427,P0016,3,2751.0,165.06,8087.94
OI001147,ORD00428,P0265,2,40815.0,0.0,81630.0
OI001148,ORD00428,P0198,2,385.0,0.0,770.0
OI001149,ORD00429,P0063,1,2286.0,45.72,2240.28
OI001150,ORD00429,P0084,3,5925.0,0.0,17775.0
OI001151,ORD00430,P0063,2,2286.0,228.6,4343.4
OI001152,ORD00431,P0133,2,10760.0,1076.0,20444.0
OI001153,ORD00431,P0050,2,66460.0,0.0,132920.0
OI001154,ORD00431,P0393,1,472.0,0.0,472.0
OI001155,ORD00431,P0094,3,25500.0,1530.0,74970.0
OI001156,ORD00432,P0191,3,821.75,0.0,2465.25
OI001157,ORD00432,P0078,3,765.0,0.0,2295.0
OI001158,ORD00432,P0125,1,608.0,0.0,608.0
OI001159,ORD00433,P0055,1,7923.0,0.0,7923.0
OI001160,ORD00434,P0206,3,774.0,0.0,2322.0
OI001161,ORD00434,P0043,2,3472.5,138.9,6806.1
OI001162,ORD00434,P0065,1,6460.0,0.0,6460.0
OI001163,ORD00434,P0127,2,2488.0,0.0,4976.0
OI001164,ORD00434,P0233,1,400.5,0.0,400.5
OI001165,ORD00435,P0035,2,34218.0,0.0,68436.0
OI001166,ORD00435,P0150,1,201.0,4.02,196.98
OI001167,ORD00435,P0215,2,12010.5,480.42,23540.58
OI001168,ORD00435,P0145,2,720.9,0.0,1441.8
OI001169,ORD00436,P0228,2,113667.5,0.0,227335.0
OI001170,ORD00437,P0222,1,441.0,0.0,441.0
OI001171,ORD00438,P0044,1,11970.0,0.0,11970.0
OI001172,ORD00438,P0201,2,554.8,55.48,1054.12
OI001173,ORD00438,P0338,1,4674.0,0.0,4674.0
OI001174,ORD00439,P0328,1,805.0,0.0,805.0
OI001175,ORD00439,P0257,3,529.15,31.75,1555.7
OI001176,ORD00439,P0009,2,14017.5,0.0,28035.0
OI001177,ORD00439,P0212,2,424.8,0.0,849.6
OI001178,ORD00439,P0364,2,84610.0,3384.4,165835.6
OI001179,ORD00440,P0352,2,98775.0,0.0,197550.0
OI001180,ORD00440,P0233,2,400.5,0.0,801.0
OI001181,ORD00440,P0325,1,3390.0,0.0,3390.0
OI001182,ORD00441,P0123,3,242.4,36.36,690.84
OI001183,ORD00441,P0321,2,170.4,0.0,340.8
OI001184,ORD00441,P0303,2,369.75,14.79,724.71
OI001185,ORD00442,P0029,1,102.6,0.0,102.6
OI001186,ORD00442,P0178,2,85950.0,0.0,171900.0
OI001187,ORD00442,P0153,2,792.4,79.24,1505.56
OI001188,ORD00442,P0041,2,19983.5,1998.35,37968.65
OI001189,ORD00443,P0155,3,42337.5,0.0,127012.5
OI001190,ORD00443,P0186,3,54045.5,3242.73,158893.77
OI001191,ORD00443,P0035,1,34218.0,0.0,34218.0
OI001192,ORD00443,P0073,1,43839.0,0.0,43839.0
OI001193,ORD00444,P0137,2,4372.5,0.0,8745.0
OI001194,ORD00444,P0096,1,26621.0,1331.05,25289.95
OI001195,ORD00444,P0240,3,7990.0,479.4,23490.6
OI001196,ORD00444,P0093,3,423.0,0.0,1269.0
OI001197,ORD00444,P0082,1,61.0,0.0,61.0
OI001198,ORD00445,P0318,1,57978.0,0.0,57978.0
OI001199,ORD00445,P0164,2,731.5,29.26,1433.74
OI001200,ORD00446,P0390,3,2235.5,0.0,6706.5
OI001201,ORD00446,P0245,3,616.5,36.99,1812.51
OI001202,ORD00447,P0162,3,130020.0,19503.0,370557.0
OI001203,ORD00447,P0255,3,56373.0,0.0,169119.0
OI001204,ORD00447,P0107,2,1719.5,0.0,3439.0
OI001205,ORD00447,P0223,2,950.0,0.0,1900.0
OI001206,ORD00448,P0227,3,307.8,0.0,923.4
OI001207,ORD00448,P0376,2,43677.0,4367.7,82986.3
OI001208,ORD00448,P0320,2,39358.5,3935.85,74781.15
OI001209,ORD00449,P0099,3,2871.0,0.0,8613.0
OI001210,ORD00449,P0296,1,337.5,0.0,337.5
OI001211,ORD00449,P0076,3,13450.0,0.0,40350.0
OI001212,ORD00449,P0089,1,2712.0,0.0,2712.0
OI001213,ORD00449,P0212,2,424.8,42.48,807.12
OI001214,ORD00450,P0118,1,5880.0,117.6,5762.4
OI001215,ORD00450,P0165,2,2259.0,0.0,4518.0
OI001216,ORD00451,P0060,3,1035.0,0.0,3105.0
OI001217,ORD00452,P0270,3,2265.0,0.0,6795.0
OI001218,ORD00452,P0265,2,40815.0,1632.6,79997.4
OI001219,ORD00453,P0126,1,7938.0,0.0,7938.0
OI001220,ORD00453,P0133,1,10760.0,0.0,10760.0
OI001221,ORD00453,P0312,1,1836.0,91.8,1744.2
OI001222,ORD00453,P0354,1,253.8,0.0,253.8
OI001223,ORD00453,P0051,3,3536.0,212.16,10395.84
OI001224,ORD00454,P0244,3,24093.0,0.0,72279.0
OI001225,ORD00454,P0097,1,2859.5,0.0,2859.5
OI001226,ORD00454,P0024,2,587.7,0.0,1175.4
OI001227,ORD00455,P0319,1,3672.0,73.44,3598.56
OI001228,ORD00456,P0107,2,1719.5,68.78,3370.22
OI001229,ORD00456,P0396,1,50100.0,0.0,50100.0
OI001230,ORD00456,P0177,3,618.8,92.82,1763.58
OI001231,ORD00456,P0011,1,13991.0,279.82,13711.18
OI001232,ORD00457,P0186,2,54045.5,0.0,108091.0
OI001233,ORD00457,P0351,3,922.5,0.0,2767.5
OI001234,ORD00457,P0041,2,19983.5,799.34,39167.66
OI001235,ORD00458,P0091,1,184.0,0.0,184.0
OI001236,ORD00459,P0343,1,279.2,13.96,265.24
OI001237,ORD00460,P0141,2,74679.5,7467.95,141891.05
OI001238,ORD00460,P0015,1,31560.0,0.0,31560.0
OI001239,ORD00460,P0211,1,1030.0,20.6,1009.4
OI001240,ORD00460,P0290,1,214.2,0.0,214.2
OI001241,ORD00461,P0002,3,3368.0,0.0,10104.0
OI001242,ORD00461,P0223,2,950.0,95.0,1805.0
OI001243,ORD00461,P0215,3,12010.5,0.0,36031.5
OI001244,ORD00461,P0358,2,1111.0,0.0,2222.0
OI001245,ORD00461,P0030,2,452.7,18.11,887.29
OI001246,ORD00462,P0123,2,242.4,0.0,484.8
OI001247,ORD00462,P0060,3,1035.0,0.0,3105.0
OI001248,ORD00463,P0117,1,196.2,3.92,192.28
OI001249,ORD00463,P0064,1,6170.0,0.0,6170.0
OI001250,ORD00464,P0285,3,870.0,130.5,2479.5
OI001251,ORD00465,P0061,1,2394.0,47.88,2346.12
OI001252,ORD00465,P0375,1,2466.0,0.0,2466.0
OI001253,ORD00466,P0302,3,1929.5,115.77,5672.73
OI001254,ORD00466,P0004,3,4395.0,0.0,13185.0
OI001255,ORD00466,P0253,1,1485.0,0.0,1485.0
OI001256,ORD00467,P0219,2,12090.0,0.0,24180.0
OI001257,ORD00467,P0134,3,12300.0,0.0,36900.0
OI001258,ORD00468,P0019,1,748.0,37.4,710.6
OI001259,ORD00469,P0121,3,1665.0,99.9,4895.1
OI001260,ORD00469,P0343,2,279.2,11.17,547.23
OI001261,ORD00469,P0124,1,48142.5,0.0,48142.5
OI001262,ORD00469,P0230,1,112208.0,0.0,112208.0
OI001263,ORD00469,P0131,1,20205.0,0.0,20205.0
OI001264,ORD00470,P0341,3,5664.0,0.0,16992.0
OI001265,ORD00470,P0297,1,3416.0,170.8,3245.2
OI001266,ORD00470,P0243,1,1389.0,27.78,1361.22
OI001267,ORD00470,P0392,2,1070.1,0.0,2140.2
OI001268,ORD00471,P0226,1,10590.0,529.5,10060.5
OI001269,ORD00471,P0314,2,1599.7,0.0,3199.4
OI001270,ORD00472,P0176,1,55928.0,0.0,55928.0
OI001271,ORD00472,P0018,3,730.0,0.0,2190.0
OI001272,ORD00472,P0230,1,112208.0,0.0,112208.0
OI001273,ORD00473,P0372,2,6732.0,0.0,13464.0
OI001274,ORD00473,P0080,3,36824.0,2209.44,108262.56
OI001275,ORD00474,P0203,2,595.0,23.8,1166.2
OI001276,ORD00474,P0389,2,3884.5,155.38,7613.62
OI001277,ORD00475,P0106,2,1952.0,0.0,3904.0
OI001278,ORD00475,P0196,1,2934.0,0.0,2934.0
OI001279,ORD00476,P0349,3,2082.5,0.0,6247.5
OI001280,ORD00476,P0395,1,1710.0,34.2,1675.8
OI001281,ORD00477,P0128,2,504.0,0.0,1008.0
OI001282,ORD00477,P0150,3,201.0,0.0,603.0
OI001283,ORD00478,P0300,2,1547.1,154.71,2939.49
OI001284,ORD00478,P0221,2,7038.0,281.52,13794.48
OI001285,ORD00478,P0099,1,2871.0,0.0,2871.0
OI001286,ORD00478,P0124,2,48142.5,0.0,96285.0
OI001287,ORD00479,P0310,2,16055.0,0.0,32110.0
OI001288,ORD00479,P0330,2,544.0,54.4,1033.6
OI001289,ORD00479,P0364,1,84610.0,0.0,84610.0
OI001290,ORD00479,P0350,1,18711.0,0.0,18711.0
OI001291,ORD00479,P0166,3,2070.0,124.2,6085.8
OI001292,ORD00480,P0323,3,3876.0,581.4,11046.6
OI001293,ORD00481,P0244,3,24093.0,1445.58,70833.42
OI001294,ORD00481,P0070,3,1650.0,99.0,4851.0
OI001295,ORD00481,P0284,1,169.0,0.0,169.0
OI001296,ORD00482,P0156,2,5500.5,0.0,11001.0
OI001297,ORD00483,P0069,1,380.0,7.6,372.4
OI001298,ORD00483,P0230,2,112208.0,0.0,224416.0
OI001299,ORD00484,P0045,2,2888.0,0.0,5776.0
OI001300,ORD00484,P0271,3,2827.5,424.12,8058.38
OI001301,ORD00484,P0169,3,6279.0,941.85,17895.15
OI001302,ORD00484,P0311,1,43728.0,2186.4,41541.6
OI001303,ORD00485,P0093,3,423.0,25.38,1243.62
OI001304,ORD00486,P0234,1,4290.0,0.0,4290.0
OI001305,ORD00486,P0236,2,6860.0,0.0,13720.0
OI001306,ORD00486,P0335,3,323.2,48.48,921.12
OI001307,ORD00487,P0285,2,870.0,0.0,1740.0
OI001308,ORD00487,P0303,1,369.75,0.0,369.75
OI001309,ORD00487,P0186,3,54045.5,0.0,162136.5
OI001310,ORD00487,P0231,3,2061.5,0.0,6184.5
OI001311,ORD00488,P0286,1,3915.0,0.0,3915.0
OI001312,ORD00488,P0276,1,36247.5,0.0,36247.5
OI001313,ORD00489,P0387,2,7968.0,796.8,15139.2
OI001314,ORD00489,P0399,1,295.0,0.0,295.0
OI001315,ORD00489,P0079,3,513.95,77.09,1464.76
OI001316,ORD00490,P0156,2,5500.5,0.0,11001.0
OI001317,ORD00490,P0287,2,9270.0,370.8,18169.2
OI001318,ORD00490,P0375,1,2466.0,123.3,2342.7
OI001319,ORD00491,P0366,1,13920.0,0.0,13920.0
OI001320,ORD00491,P0362,2,9486.0,379.44,18592.56
OI001321,ORD00491,P0251,3,25200.0,1512.0,74088.0
OI001322,ORD00491,P0283,2,28775.5,2877.55,54673.45
OI001323,ORD00491,P0282,1,7600.0,152.0,7448.0
OI001324,ORD00492,P0336,3,2520.0,0.0,7560.0
OI001325,ORD00492,P0230,2,112208.0,11220.8,213195.2
OI001326,ORD00493,P0373,1,11673.0,583.65,11089.35
OI001327,ORD00493,P0112,2,1026.0,0.0,2052.0
OI001328,ORD00493,P0221,3,7038.0,422.28,20691.72
OI001329,ORD00493,P0039,3,25483.0,0.0,76449.0
OI001330,ORD00493,P0212,1,424.8,0.0,424.8
OI001331,ORD00494,P0345,2,1413.6,141.36,2685.84
OI001332,ORD00494,P0288,3,3521.0,0.0,10563.0
OI001333,ORD00495,P0096,1,26621.0,532.42,26088.58
OI001334,ORD00495,P0326,1,908.0,0.0,908.0
OI001335,ORD00495,P0260,2,352.0,0.0,704.0
OI001336,ORD00496,P0174,1,312.8,0.0,312.8
OI001337,ORD00496,P0170,1,4068.0,203.4,3864.6
OI001338,ORD00496,P0368,1,338.4,6.77,331.63
OI001339,ORD00496,P0169,3,6279.0,0.0,18837.0
OI001340,ORD00496,P0157,1,65240.0,3262.0,61978.0
OI001341,ORD00497,P0039,3,25483.0,3822.45,72626.55
OI001342,ORD00497,P0274,3,2320.0,0.0,6960.0
OI001343,ORD00497,P0136,1,362.0,18.1,343.9
OI001344,ORD00498,P0009,1,14017.5,700.88,13316.62
OI001345,ORD00498,P0189,1,2637.0,0.0,2637.0
OI001346,ORD00499,P0131,1,20205.0,0.0,20205.0
OI001347,ORD00499,P0179,3,3315.0,198.9,9746.1
OI001348,ORD00499,P0051,2,3536.0,0.0,7072.0
OI001349,ORD00500,P0400,2,11276.5,1127.65,21425.35
OI001350,ORD00500,P0129,3,348.0,52.2,991.8
OI001351,ORD00501,P0210,3,1050.6,0.0,3151.8
OI001352,ORD00501,P0211,2,1030.0,0.0,2060.0
OI001353,ORD00502,P0348,3,12978.0,0.0,38934.0
OI001354,ORD00502,P0367,1,180.75,9.04,171.71
OI001355,ORD00502,P0090,2,11600.0,0.0,23200.0
OI001356,ORD00503,P0328,1,805.0,16.1,788.9
OI001357,ORD00503,P0356,3,7398.0,0.0,22194.0
OI001358,ORD00503,P0118,2,5880.0,235.2,11524.8
OI001359,ORD00503,P0056,2,3800.0,152.0,7448.0
OI001360,ORD00503,P0115,1,479.25,9.59,469.66
OI001361,ORD00504,P0050,2,66460.0,0.0,132920.0
OI001362,ORD00504,P0232,1,25740.0,0.0,25740.0
OI001363,ORD00504,P0288,3,3521.0,0.0,10563.0
OI001364,ORD00505,P0217,2,197.1,0.0,394.2
OI001365,ORD00506,P0379,2,154.7,6.19,303.21
OI001366,ORD00506,P0122,3,550.0,33.0,1617.0
OI001367,ORD00506,P0127,2,2488.0,248.8,4727.2
OI001368,ORD00507,P0237,3,35595.0,2135.7,104649.3
OI001369,ORD00508,P0324,2,319.2,12.77,625.63
OI001370,ORD00508,P0065,2,6460.0,0.0,12920.0
OI001371,ORD00508,P0104,2,1100.8,110.08,2091.52
OI001372,ORD00509,P0030,1,452.7,22.64,430.06
OI001373,ORD00509,P0019,3,748.0,0.0,2244.0
OI001374,ORD00509,P0342,1,194.65,3.89,190.76
OI001375,ORD00509,P0154,3,10780.0,646.8,31693.2
OI001376,ORD00510,P0366,3,13920.0,0.0,41760.0
OI001377,ORD00510,P0323,3,3876.0,232.56,11395.44
OI001378,ORD00510,P0238,1,29932.5,0.0,29932.5
OI001379,ORD00510,P0161,2,649.6,0.0,1299.2
OI001380,ORD00511,P0047,1,3654.0,73.08,3580.92
OI001381,ORD00511,P0062,1,12901.0,645.05,12255.95
OI001382,ORD00511,P0138,3,794.0,119.1,2262.9
OI001383,ORD00512,P0291,3,2282.0,0.0,6846.0
OI001384,ORD00512,P0298,1,312.2,0.0,312.2
OI001385,ORD00512,P0085,1,2812.0,0.0,2812.0
OI001386,ORD00513,P0255,2,56373.0,5637.3,107108.7
OI001387,ORD00513,P0102,1,509.0,0.0,509.0
OI001388,ORD00513,P0360,2,370.4,14.82,725.98
OI001389,ORD00514,P0118,3,5880.0,352.8,17287.2
OI001390,ORD00514,P0209,1,8016.0,0.0,8016.0
OI001391,ORD00515,P0316,1,6298.5,0.0,6298.5
OI001392,ORD00515,P0017,3,1344.25,201.64,3831.11
OI001393,ORD00515,P0106,1,1952.0,97.6,1854.4
OI001394,ORD00516,P0089,2,2712.0,271.2,5152.8
OI001395,ORD00516,P0230,2,112208.0,0.0,224416.0
OI001396,ORD00517,P0300,3,1547.1,0.0,4641.3
OI001397,ORD00517,P0283,3,28775.5,4316.32,82010.18
OI001398,ORD00517,P0188,3,15861.0,0.0,47583.0
OI001399,ORD00518,P0188,2,15861.0,0.0,31722.0
OI001400,ORD00518,P0196,2,2934.0,0.0,5868.0
OI001401,ORD00518,P0106,2,1952.0,0.0,3904.0
OI001402,ORD00519,P0253,3,1485.0,0.0,4455.0
OI001403,ORD00519,P0340,1,7880.0,157.6,7722.4
OI001404,ORD00519,P0002,2,3368.0,0.0,6736.0
OI001405,ORD00520,P0317,3,720.0,0.0,2160.0
OI001406,ORD00520,P0278,3,396.1,59.42,1128.88
OI001407,ORD00521,P0153,1,792.4,15.85,776.55
OI001408,ORD00521,P0039,2,25483.0,0.0,50966.0
OI001409,ORD00521,P0394,1,1550.0,77.5,1472.5
OI001410,ORD00521,P0060,2,1035.0,0.0,2070.0
OI001411,ORD00522,P0211,2,1030.0,103.0,1957.0
OI001412,ORD00522,P0052,1,596.7,0.0,596.7
OI001413,ORD00523,P0253,1,1485.0,0.0,1485.0
OI001414,ORD00523,P0274,2,2320.0,0.0,4640.0
OI001415,ORD00523,P0087,2,927.0,0.0,1854.0
OI001416,ORD00523,P0106,3,1952.0,0.0,5856.0
OI001417,ORD00523,P0124,3,48142.5,0.0,144427.5
OI001418,ORD00524,P0387,1,7968.0,398.4,7569.6
OI001419,ORD00524,P0042,2,485.45,48.55,922.35
OI001420,ORD00524,P0054,2,1603.0,0.0,3206.0
OI001421,ORD00524,P0396,3,50100.0,3006.0,147294.0
OI001422,ORD00524,P0190,3,3163.5,189.81,9300.69
OI001423,ORD00525,P0390,2,2235.5,89.42,4381.58
OI001424,ORD00525,P0105,1,1600.0,32.0,1568.0
OI001425,ORD00525,P0111,2,6165.0,0.0,12330.0
OI001426,ORD00525,P0085,3,2812.0,0.0,8436.0
OI001427,ORD00525,P0292,2,204.0,8.16,399.84
OI001428,ORD00526,P0254,2,2302.5,92.1,4512.9
OI001429,ORD00526,P0357,2,7182.5,718.25,13646.75
OI001430,ORD00526,P0023,1,4870.0,97.4,4772.6
OI001431,ORD00527,P0228,2,113667.5,4546.7,222788.3
OI001432,ORD00528,P0188,2,15861.0,0.0,31722.0
OI001433,ORD00528,P0145,2,720.9,28.84,1412.96
OI001434,ORD00528,P0077,2,794.0,79.4,1508.6
OI001435,ORD00529,P0225,3,2412.0,361.8,6874.2
OI001436,ORD00529,P0300,3,1547.1,0.0,4641.3
OI001437,ORD00529,P0295,2,3667.5,0.0,7335.0
OI001438,ORD00529,P0266,3,30160.0,0.0,90480.0
OI001439,ORD00529,P0021,3,246.0,36.9,701.1
OI001440,ORD00530,P0142,1,2380.0,0.0,2380.0
OI001441,ORD00530,P0265,2,40815.0,0.0,81630.0
OI001442,ORD00531,P0213,2,414.9,0.0,829.8
OI001443,ORD00531,P0259,1,950.0,0.0,950.0
OI001444,ORD00531,P0354,2,253.8,10.15,497.45
OI001445,ORD00531,P0365,1,51250.0,1025.0,50225.0
OI001446,ORD00532,P0358,3,1111.0,0.0,3333.0
OI001447,ORD00532,P0104,1,1100.8,22.02,1078.78
OI001448,ORD00532,P0294,2,315.9,12.64,619.16
OI001449,ORD00532,P0255,1,56373.0,0.0,56373.0
OI001450,ORD00533,P0326,1,908.0,0.0,908.0
OI001451,ORD00534,P0276,2,36247.5,0.0,72495.0
OI001452,ORD00534,P0177,2,618.8,24.75,1212.85
OI001453,ORD00534,P0159,1,11007.5,0.0,11007.5
OI001454,ORD00535,P0231,2,2061.5,206.15,3916.85
OI001455,ORD00535,P0086,2,7780.0,0.0,15560.0
OI001456,ORD00535,P0054,1,1603.0,0.0,1603.0
OI001457,ORD00535,P0161,2,649.6,25.98,1273.22
OI001458,ORD00535,P0234,1,4290.0,214.5,4075.5
OI001459,ORD00536,P0054,2,1603.0,0.0,3206.0
OI001460,ORD00536,P0117,3,196.2,0.0,588.6
OI001461,ORD00536,P0121,2,1665.0,166.5,3163.5
OI001462,ORD00536,P0025,2,493.05,0.0,986.1
OI001463,ORD00537,P0168,2,8036.0,0.0,16072.0
OI001464,ORD00537,P0048,1,2213.5,44.27,2169.23
OI001465,ORD00538,P0064,1,6170.0,308.5,5861.5
OI001466,ORD00538,P0321,2,170.4,0.0,340.8
OI001467,ORD00538,P0391,1,2916.0,0.0,2916.0
OI001468,ORD00538,P0243,3,1389.0,0.0,4167.0
OI001469,ORD00539,P0108,2,41676.5,0.0,83353.0
OI001470,ORD00539,P0058,3,4869.0,730.35,13876.65
OI001471,ORD00539,P0049,1,37323.0,0.0,37323.0
OI001472,ORD00540,P0026,1,7047.0,0.0,7047.0
OI001473,ORD00541,P0036,3,594.0,35.64,1746.36
OI001474,ORD00541,P0290,2,214.2,21.42,406.98
OI001475,ORD00541,P0232,2,25740.0,2574.0,48906.0
OI001476,ORD00541,P0030,3,452.7,27.16,1330.94
OI001477,ORD00541,P0189,1,2637.0,0.0,2637.0
OI001478,ORD00542,P0256,1,10179.0,0.0,10179.0
OI001479,ORD00542,P0240,1,7990.0,0.0,7990.0
OI001480,ORD00542,P0323,1,3876.0,193.8,3682.2
OI001481,ORD00543,P0348,1,12978.0,648.9,12329.1
OI001482,ORD00543,P0191,3,821.75,123.26,2341.99
OI001483,ORD00543,P0127,1,2488.0,0.0,2488.0
OI001484,ORD00543,P0159,3,11007.5,0.0,33022.5
OI001485,ORD00544,P0236,3,6860.0,0.0,20580.0
OI001486,ORD00545,P0284,3,169.0,0.0,507.0
OI001487,ORD00545,P0360,2,370.4,0.0,740.8
OI001488,ORD00545,P0216,2,2160.0,0.0,4320.0
OI001489,ORD00545,P0241,2,117.6,4.7,230.5
OI001490,ORD00545,P0010,1,11568.0,0.0,11568.0
OI001491,ORD00546,P0083,2,6600.0,0.0,13200.0
OI001492,ORD00546,P0045,2,2888.0,115.52,5660.48
OI001493,ORD00547,P0076,1,13450.0,0.0,13450.0
OI001494,ORD00548,P0211,3,1030.0,0.0,3090.0
OI001495,ORD00548,P0175,1,37540.0,1877.0,35663.0
OI001496,ORD00549,P0226,2,10590.0,0.0,21180.0
OI001497,ORD00549,P0054,2,1603.0,0.0,3206.0
OI001498,ORD00549,P0312,2,1836.0,0.0,3672.0
OI001499,ORD00549,P0295,3,3667.5,0.0,11002.5
OI001500,ORD00550,P0185,1,1830.0,0.0,1830.0
OI001501,ORD00550,P0252,3,1359.45,0.0,4078.35
OI001502,ORD00551,P0289,2,12807.0,0.0,25614.0
OI001503,ORD00551,P0142,3,2380.0,357.0,6783.0
OI001504,ORD00552,P0031,3,1080.0,0.0,3240.0
OI001505,ORD00552,P0137,1,4372.5,0.0,4372.5
OI001506,ORD00553,P0341,3,5664.0,849.6,16142.4
OI001507,ORD00553,P0107,1,1719.5,0.0,1719.5
OI001508,ORD00554,P0364,1,84610.0,1692.2,82917.8
OI001509,ORD00554,P0239,3,281.6,0.0,844.8
OI001510,ORD00554,P0253,3,1485.0,0.0,4455.0
OI001511,ORD00555,P0225,3,2412.0,0.0,7236.0
OI001512,ORD00555,P0059,3,1367.1,0.0,4101.3
OI001513,ORD00556,P0392,2,1070.1,42.8,2097.4
OI001514,ORD00556,P0293,2,1341.0,134.1,2547.9
OI001515,ORD00556,P0352,3,98775.0,5926.5,290398.5
OI001516,ORD00557,P0344,3,10850.0,0.0,32550.0
OI001517,ORD00557,P0032,2,873.0,87.3,1658.7
OI001518,ORD00557,P0175,3,37540.0,0.0,112620.0
OI001519,ORD00557,P0012,1,4740.5,0.0,4740.5
OI001520,ORD00558,P0142,3,2380.0,357.0,6783.0
OI001521,ORD00558,P0027,1,15750.0,0.0,15750.0
OI001522,ORD00559,P0109,3,1809.0,271.35,5155.65
OI001523,ORD00559,P0005,1,493.5,9.87,483.63
OI001524,ORD00559,P0399,1,295.0,0.0,295.0
OI001525,ORD00560,P0379,1,154.7,0.0,154.7
OI001526,ORD00560,P0266,1,30160.0,0.0,30160.0
OI001527,ORD00560,P0081,3,700.0,0.0,2100.0
OI001528,ORD00561,P0149,1,3784.0,0.0,3784.0
OI001529,ORD00561,P0247,2,6405.0,0.0,12810.0
OI001530,ORD00561,P0276,3,36247.5,0.0,108742.5
OI001531,ORD00561,P0031,3,1080.0,0.0,3240.0
OI001532,ORD00562,P0284,3,169.0,10.14,496.86
OI001533,ORD00562,P0142,1,2380.0,0.0,2380.0
OI001534,ORD00562,P0335,1,323.2,16.16,307.04
OI001535,ORD00563,P0361,2,4263.0,426.3,8099.7
OI001536,ORD00563,P0024,2,587.7,0.0,1175.4
OI001537,ORD00563,P0333,2,11480.0,459.2,22500.8
OI001538,ORD00563,P0282,3,7600.0,456.0,22344.0
OI001539,ORD00563,P0075,2,2147.0,85.88,4208.12
OI001540,ORD00564,P0100,2,1320.0,0.0,2640.0
OI001541,ORD00564,P0370,2,1501.0,60.04,2941.96
OI001542,ORD00564,P0178,1,85950.0,0.0,85950.0
OI001543,ORD00564,P0021,3,246.0,36.9,701.1
OI001544,ORD00564,P0347,1,757.5,0.0,757.5
OI001545,ORD00565,P0220,2,840.0,0.0,1680.0
OI001546,ORD00565,P0216,2,2160.0,0.0,4320.0
OI001547,ORD00565,P0044,2,11970.0,0.0,23940.0
OI001548,ORD00566,P0350,3,18711.0,2806.65,53326.35
OI001549,ORD00567,P0379,2,154.7,0.0,309.4
OI001550,ORD00567,P0047,1,3654.0,0.0,3654.0
OI001551,ORD00567,P0187,1,2135.0,42.7,2092.3
OI001552,ORD00568,P0034,2,2646.0,105.84,5186.16
OI001553,ORD00568,P0352,1,98775.0,1975.5,96799.5
OI001554,ORD00568,P0261,1,6880.0,0.0,6880.0
OI001555,ORD00568,P0122,1,550.0,0.0,550.0
OI001556,ORD00569,P0253,1,1485.0,0.0,1485.0
OI001557,ORD00569,P0141,2,74679.5,7467.95,141891.05
OI001558,ORD00569,P0104,3,1100.8,0.0,3302.4
OI001559,ORD00570,P0389,3,3884.5,0.0,11653.5
OI001560,ORD00570,P0334,1,408.6,0.0,408.6
OI001561,ORD00570,P0105,1,1600.0,0.0,1600.0
OI001562,ORD00570,P0193,3,3094.0,0.0,9282.0
OI001563,ORD00570,P0095,1,28323.0,1416.15,26906.85
OI001564,ORD00571,P0361,3,4263.0,639.45,12149.55
OI001565,ORD00571,P0286,1,3915.0,78.3,3836.7
OI001566,ORD00571,P0020,3,228.0,34.2,649.8
OI001567,ORD00571,P0216,2,2160.0,0.0,4320.0
OI001568,ORD00571,P0355,2,478.0,0.0,956.0
OI001569,ORD00572,P0290,1,214.2,0.0,214.2
OI001570,ORD00572,P0259,1,950.0,47.5,902.5
OI001571,ORD00572,P0009,1,14017.5,700.88,13316.62
OI001572,ORD00572,P0200,3,2529.0,151.74,7435.26
OI001573,ORD00573,P0208,1,8140.0,407.0,7733.0
OI001574,ORD00574,P0365,2,51250.0,2050.0,100450.0
OI001575,ORD00574,P0219,3,12090.0,0.0,36270.0
OI001576,ORD00574,P0295,2,3667.5,0.0,7335.0
OI001577,ORD00575,P0075,2,2147.0,214.7,4079.3
OI001578,ORD00575,P0174,3,312.8,18.77,919.63
OI001579,ORD00575,P0272,2,635.0,0.0,1270.0
OI001580,ORD00575,P0008,2,427.0,42.7,811.3
OI001581,ORD00575,P0348,3,12978.0,0.0,38934.0
OI001582,ORD00576,P0303,1,369.75,0.0,369.75
OI001583,ORD00577,P0057,2,1809.0,0.0,3618.0
OI001584,ORD00577,P0277,2,204.0,0.0,408.0
OI001585,ORD00577,P0214,3,13761.5,0.0,41284.5
OI001586,ORD00578,P0387,1,7968.0,0.0,7968.0
OI001587,ORD00578,P0355,3,478.0,28.68,1405.32
OI001588,ORD00578,P0308,1,6842.5,136.85,6705.65
OI001589,ORD00579,P0155,2,42337.5,0.0,84675.0
OI001590,ORD00579,P0255,2,56373.0,2254.92,110491.08
OI001591,ORD00580,P0110,2,116.0,0.0,232.0
OI001592,ORD00580,P0179,1,3315.0,0.0,3315.0
OI001593,ORD00580,P0148,1,855.95,0.0,855.95
OI001594,ORD00580,P0280,2,7132.5,0.0,14265.0
OI001595,ORD00581,P0228,3,113667.5,0.0,341002.5
OI001596,ORD00582,P0093,2,423.0,0.0,846.0
OI001597,ORD00582,P0399,1,295.0,0.0,295.0
OI001598,ORD00582,P0311,1,43728.0,2186.4,41541.6
OI001599,ORD00582,P0271,2,2827.5,0.0,5655.0
OI001600,ORD00582,P0094,2,25500.0,1020.0,49980.0
OI001601,ORD00583,P0039,3,25483.0,0.0,76449.0
OI001602,ORD00583,P0272,1,635.0,12.7,622.3
OI001603,ORD00584,P0357,1,7182.5,0.0,7182.5
OI001604,ORD00585,P0178,3,85950.0,0.0,257850.0
OI001605,ORD00585,P0228,2,113667.5,11366.75,215968.25
OI001606,ORD00586,P0064,1,6170.0,0.0,6170.0
OI001607,ORD00587,P0147,3,23805.0,0.0,71415.0
OI001608,ORD00588,P0154,1,10780.0,0.0,10780.0
OI001609,ORD00589,P0262,3,827.25,0.0,2481.75
OI001610,ORD00589,P0080,2,36824.0,0.0,73648.0
OI001611,ORD00589,P0133,1,10760.0,0.0,10760.0
OI001612,ORD00589,P0302,2,1929.5,192.95,3666.05
OI001613,ORD00590,P0324,2,319.2,0.0,638.4
OI001614,ORD00590,P0058,3,4869.0,730.35,13876.65
OI001615,ORD00590,P0361,3,4263.0,255.78,12533.22
OI001616,ORD00590,P0266,1,30160.0,0.0,30160.0
OI001617,ORD00590,P0254,2,2302.5,0.0,4605.0
OI001618,ORD00591,P0277,3,204.0,0.0,612.0
OI001619,ORD00592,P0134,2,12300.0,0.0,24600.0
OI001620,ORD00592,P0254,3,2302.5,0.0,6907.5
OI001621,ORD00592,P0082,3,61.0,9.15,173.85
OI001622,ORD00593,P0040,2,90189.0,3607.56,176770.44
OI001623,ORD00593,P0147,1,23805.0,0.0,23805.0
OI001624,ORD00594,P0341,3,5664.0,0.0,16992.0
OI001625,ORD00594,P0279,1,256.5,0.0,256.5
OI001626,ORD00594,P0178,1,85950.0,0.0,85950.0
OI001627,ORD00595,P0364,3,84610.0,0.0,253830.0
OI001628,ORD00596,P0066,3,21582.0,1294.92,63451.08
OI001629,ORD00596,P0167,3,1932.0,0.0,5796.0
OI001630,ORD00597,P0137,2,4372.5,0.0,8745.0
OI001631,ORD00597,P0384,3,8334.0,1250.1,23751.9
OI001632,ORD00597,P0066,1,21582.0,1079.1,20502.9
OI001633,ORD00598,P0162,3,130020.0,0.0,390060.0
OI001634,ORD00598,P0334,1,408.6,20.43,388.17
OI001635,ORD00599,P0138,3,794.0,47.64,2334.36
OI001636,ORD00599,P0294,2,315.9,12.64,619.16
OI001637,ORD00600,P0277,1,204.0,0.0,204.0
OI001638,ORD00600,P0015,1,31560.0,1578.0,29982.0
OI001639,ORD00600,P0124,2,48142.5,0.0,96285.0
OI001640,ORD00601,P0243,3,1389.0,0.0,4167.0
OI001641,ORD00601,P0289,1,12807.0,640.35,12166.65
OI001642,ORD00602,P0022,3,338.2,50.73,963.87
OI001643,ORD00602,P0306,2,1472.0,0.0,2944.0
OI001644,ORD00602,P0253,2,1485.0,0.0,2970.0
OI001645,ORD00602,P0122,2,550.0,0.0,1100.0
OI001646,ORD00603,P0075,3,2147.0,0.0,6441.0
OI001647,ORD00603,P0385,3,813.0,48.78,2390.22
OI001648,ORD00604,P0264,2,3980.0,398.0,7562.0
OI001649,ORD00604,P0107,3,1719.5,0.0,5158.5
OI001650,ORD00604,P0303,2,369.75,0.0,739.5
OI001651,ORD00604,P0306,3,1472.0,0.0,4416.0
OI001652,ORD00605,P0261,3,6880.0,1032.0,19608.0
OI001653,ORD00606,P0062,2,12901.0,0.0,25802.0
OI001654,ORD00606,P0382,2,1387.5,0.0,2775.0
OI001655,ORD00606,P0133,1,10760.0,215.2,10544.8
OI001656,ORD00607,P0395,2,1710.0,68.4,3351.6
OI001657,ORD00607,P0323,3,3876.0,0.0,11628.0
OI001658,ORD00608,P0201,2,554.8,0.0,1109.6
OI001659,ORD00608,P0258,2,132.0,0.0,264.0
OI001660,ORD00608,P0393,1,472.0,0.0,472.0
OI001661,ORD00609,P0127,3,2488.0,0.0,7464.0
OI001662,ORD00609,P0163,2,781.0,0.0,1562.0
OI001663,ORD00610,P0335,1,323.2,16.16,307.04
OI001664,ORD00611,P0117,1,196.2,0.0,196.2
OI001665,ORD00611,P0383,1,39427.5,0.0,39427.5
OI001666,ORD00611,P0384,1,8334.0,416.7,7917.3
OI001667,ORD00611,P0081,3,700.0,0.0,2100.0
OI001668,ORD00612,P0045,2,2888.0,0.0,5776.0
OI001669,ORD00612,P0196,1,2934.0,146.7,2787.3
OI001670,ORD00612,P0319,2,3672.0,0.0,7344.0
OI001671,ORD00613,P0109,3,1809.0,0.0,5427.0
OI001672,ORD00613,P0360,1,370.4,0.0,370.4
OI001673,ORD00614,P0013,3,645.75,0.0,1937.25
OI001674,ORD00614,P0102,3,509.0,30.54,1496.46
OI001675,ORD00614,P0130,1,4100.0,0.0,4100.0
OI001676,ORD00614,P0022,3,338.2,0.0,1014.6
OI001677,ORD00614,P0243,3,1389.0,0.0,4167.0
OI001678,ORD00615,P0202,1,801.0,0.0,801.0
OI001679,ORD00616,P0382,2,1387.5,55.5,2719.5
OI001680,ORD00616,P0051,1,3536.0,176.8,3359.2
OI001681,ORD00616,P0400,2,11276.5,0.0,22553.0
OI001682,ORD00617,P0387,3,7968.0,1195.2,22708.8
OI001683,ORD00617,P0283,1,28775.5,0.0,28775.5
OI001684,ORD00617,P0292,3,204.0,30.6,581.4
OI001685,ORD00618,P0131,2,20205.0,808.2,39601.8
OI001686,ORD00618,P0250,1,290.4,0.0,290.4
OI001687,ORD00618,P0394,1,1550.0,0.0,1550.0
OI001688,ORD00619,P0060,3,1035.0,0.0,3105.0
OI001689,ORD00619,P0326,3,908.0,0.0,2724.0
OI001690,ORD00619,P0387,1,7968.0,0.0,7968.0
OI001691,ORD00620,P0001,1,261.0,0.0,261.0
OI001692,ORD00620,P0041,1,19983.5,0.0,19983.5
OI001693,ORD00620,P0215,1,12010.5,0.0,12010.5
OI001694,ORD00621,P0208,3,8140.0,488.4,23931.6
OI001695,ORD00621,P0021,3,246.0,0.0,738.0
OI001696,ORD00621,P0048,1,2213.5,110.68,2102.82
OI001697,ORD00622,P0277,3,204.0,0.0,612.0
OI001698,ORD00623,P0029,1,102.6,2.05,100.55
OI001699,ORD00623,P0289,1,12807.0,0.0,12807.0
OI001700,ORD00623,P0202,2,801.0,80.1,1521.9
OI001701,ORD00624,P0119,3,1730.0,0.0,5190.0
OI001702,ORD00624,P0009,1,14017.5,0.0,14017.5
OI001703,ORD00625,P0230,3,112208.0,0.0,336624.0
OI001704,ORD00625,P0015,2,31560.0,0.0,63120.0
OI001705,ORD00625,P0018,1,730.0,0.0,730.0
OI001706,ORD00625,P0097,1,2859.5,142.97,2716.53
OI001707,ORD00625,P0400,2,11276.5,1127.65,21425.35
OI001708,ORD00626,P0386,2,981.75,98.18,1865.32
OI001709,ORD00626,P0345,1,1413.6,0.0,1413.6
OI001710,ORD00626,P0226,1,10590.0,529.5,10060.5
OI001711,ORD00626,P0215,2,12010.5,0.0,24021.0
OI001712,ORD00627,P0230,1,112208.0,5610.4,106597.6
OI001713,ORD00627,P0253,2,1485.0,0.0,2970.0
OI001714,ORD00627,P0125,1,608.0,12.16,595.84
OI001715,ORD00628,P0215,3,12010.5,1801.58,34229.92
OI001716,ORD00628,P0271,2,2827.5,0.0,5655.0
OI001717,ORD00628,P0075,2,2147.0,0.0,4294.0
OI001718,ORD00629,P0032,1,873.0,17.46,855.54
OI001719,ORD00629,P0047,3,3654.0,0.0,10962.0
OI001720,ORD00630,P0007,3,889.5,133.43,2535.07
OI001721,ORD00630,P0280,1,7132.5,142.65,6989.85
OI001722,ORD00631,P0175,2,37540.0,0.0,75080.0
OI001723,ORD00631,P0355,2,478.0,0.0,956.0
OI001724,ORD00631,P0093,2,423.0,0.0,846.0
OI001725,ORD00631,P0118,1,5880.0,117.6,5762.4
OI001726,ORD00631,P0165,1,2259.0,45.18,2213.82
OI001727,ORD00632,P0022,2,338.2,0.0,676.4
OI001728,ORD00632,P0224,1,44082.0,0.0,44082.0
OI001729,ORD00632,P0099,2,2871.0,0.0,5742.0
OI001730,ORD00632,P0140,2,391.0,39.1,742.9
OI001731,ORD00633,P0394,2,1550.0,62.0,3038.0
OI001732,ORD00633,P0127,1,2488.0,0.0,2488.0
OI001733,ORD00633,P0026,1,7047.0,140.94,6906.06
OI001734,ORD00634,P0387,1,7968.0,0.0,7968.0
OI001735,ORD00634,P0242,1,689.0,0.0,689.0
OI001736,ORD00634,P0013,3,645.75,38.74,1898.51
OI001737,ORD00634,P0078,3,765.0,114.75,2180.25
OI001738,ORD00634,P0230,1,112208.0,5610.4,106597.6
OI001739,ORD00635,P0031,2,1080.0,0.0,2160.0
OI001740,ORD00635,P0343,3,279.2,41.88,795.72
OI001741,ORD00636,P0031,1,1080.0,0.0,1080.0
OI001742,ORD00636,P0339,3,1422.4,0.0,4267.2
OI001743,ORD00636,P0363,1,22342.5,0.0,22342.5
OI001744,ORD00636,P0263,1,1287.0,64.35,1222.65
OI001745,ORD00636,P0311,3,43728.0,0.0,131184.0
OI001746,ORD00637,P0317,3,720.0,43.2,2116.8
OI001747,ORD00637,P0345,2,1413.6,56.54,2770.66
OI001748,ORD00637,P0384,3,8334.0,500.04,24501.96
OI001749,ORD00637,P0387,1,7968.0,0.0,7968.0
OI001750,ORD00638,P0080,2,36824.0,0.0,73648.0
OI001751,ORD00638,P0169,3,6279.0,0.0,18837.0
OI001752,ORD00639,P0151,3,7542.0,1131.3,21494.7
OI001753,ORD00639,P0053,3,2260.0,0.0,6780.0
OI001754,ORD00639,P0031,2,1080.0,43.2,2116.8
OI001755,ORD00640,P0243,3,1389.0,0.0,4167.0
OI001756,ORD00640,P0002,2,3368.0,336.8,6399.2
OI001757,ORD00640,P0250,3,290.4,0.0,871.2
OI001758,ORD00640,P0019,3,748.0,0.0,2244.0
OI001759,ORD00640,P0249,3,748.0,0.0,2244.0
OI001760,ORD00641,P0357,3,7182.5,0.0,21547.5
OI001761,ORD00641,P0387,3,7968.0,0.0,23904.0
OI001762,ORD00641,P0371,2,2180.0,218.0,4142.0
OI001763,ORD00641,P0201,3,554.8,83.22,1581.18
OI001764,ORD00641,P0029,1,102.6,0.0,102.6
OI001765,ORD00642,P0395,2,1710.0,68.4,3351.6
OI001766,ORD00642,P0139,2,2590.0,259.0,4921.0
OI001767,ORD00643,P0198,3,385.0,57.75,1097.25
OI001768,ORD00644,P0333,1,11480.0,0.0,11480.0
OI001769,ORD00644,P0076,2,13450.0,0.0,26900.0
OI001770,ORD00645,P0214,2,13761.5,1376.15,26146.85
OI001771,ORD00645,P0337,2,3771.0,150.84,7391.16
OI001772,ORD00645,P0362,2,9486.0,0.0,18972.0
OI001773,ORD00646,P0191,1,821.75,16.43,805.32
OI001774,ORD00646,P0057,3,1809.0,0.0,5427.0
OI001775,ORD00647,P0191,2,821.75,0.0,1643.5
OI001776,ORD00647,P0302,2,1929.5,0.0,3859.0
OI001777,ORD00647,P0081,2,700.0,0.0,1400.0
OI001778,ORD00648,P0224,2,44082.0,1763.28,86400.72
OI001779,ORD00649,P0330,2,544.0,54.4,1033.6
OI001780,ORD00649,P0068,1,446.4,0.0,446.4
OI001781,ORD00650,P0035,1,34218.0,0.0,34218.0
OI001782,ORD00650,P0379,3,154.7,0.0,464.1
OI001783,ORD00650,P0317,2,720.0,0.0,1440.0
OI001784,ORD00650,P0152,1,726.75,0.0,726.75
OI001785,ORD00651,P0187,3,2135.0,128.1,6276.9
OI001786,ORD00651,P0114,2,4329.0,0.0,8658.0
OI001787,ORD00651,P0102,3,509.0,0.0,1527.0
OI001788,ORD00651,P0367,2,180.75,0.0,361.5
OI001789,ORD00651,P0219,1,12090.0,241.8,11848.2
OI001790,ORD00652,P0176,3,55928.0,0.0,167784.0
OI001791,ORD00653,P0005,2,493.5,0.0,987.0
OI001792,ORD00653,P0345,1,1413.6,70.68,1342.92
OI001793,ORD00653,P0174,3,312.8,18.77,919.63
OI001794,ORD00654,P0246,2,1377.5,55.1,2699.9
OI001795,ORD00654,P0172,1,963.0,0.0,963.0
OI001796,ORD00654,P0300,2,1547.1,0.0,3094.2
OI001797,ORD00654,P0398,2,24984.0,2498.4,47469.6
OI001798,ORD00654,P0108,3,41676.5,0.0,125029.5
OI001799,ORD00655,P0386,3,981.75,0.0,2945.25
OI001800,ORD00655,P0230,1,112208.0,5610.4,106597.6
OI001801,ORD00655,P0216,1,2160.0,0.0,2160.0
OI001802,ORD00656,P0369,1,10773.0,0.0,10773.0
OI001803,ORD00656,P0091,2,184.0,18.4,349.6
OI001804,ORD00657,P0381,1,639.0,0.0,639.0
OI001805,ORD00657,P0054,2,1603.0,0.0,3206.0
OI001806,ORD00657,P0144,3,1928.5,0.0,5785.5
OI001807,ORD00658,P0126,2,7938.0,0.0,15876.0
OI001808,ORD00658,P0186,2,54045.5,0.0,108091.0
OI001809,ORD00658,P0215,2,12010.5,0.0,24021.0
OI001810,ORD00659,P0196,2,2934.0,0.0,5868.0
OI001811,ORD00659,P0256,3,10179.0,1526.85,29010.15
OI001812,ORD00659,P0113,2,498.0,0.0,996.0
OI001813,ORD00659,P0392,1,1070.1,0.0,1070.1
OI001814,ORD00660,P0381,1,639.0,0.0,639.0
OI001815,ORD00660,P0098,3,739.8,0.0,2219.4
OI001816,ORD00660,P0384,3,8334.0,1250.1,23751.9
OI001817,ORD00660,P0330,2,544.0,54.4,1033.6
OI001818,ORD00660,P0193,3,3094.0,185.64,9096.36
OI001819,ORD00661,P0090,3,11600.0,0.0,34800.0
OI001820,ORD00661,P0005,2,493.5,49.35,937.65
OI001821,ORD00662,P0163,3,781.0,0.0,2343.0
OI001822,ORD00662,P0271,2,2827.5,0.0,5655.0
OI001823,ORD00663,P0218,2,610.4,0.0,1220.8
OI001824,ORD00663,P0297,1,3416.0,0.0,3416.0
OI001825,ORD00664,P0029,2,102.6,0.0,205.2
OI001826,ORD00664,P0045,3,2888.0,173.28,8490.72
OI001827,ORD00665,P0289,2,12807.0,512.28,25101.72
OI001828,ORD00665,P0348,1,12978.0,0.0,12978.0
OI001829,ORD00665,P0274,2,2320.0,0.0,4640.0
OI001830,ORD00665,P0177,3,618.8,37.13,1819.27
OI001831,ORD00665,P0173,1,437.0,0.0,437.0
OI001832,ORD00666,P0325,1,3390.0,67.8,3322.2
OI001833,ORD00666,P0348,1,12978.0,648.9,12329.1
OI001834,ORD00667,P0321,2,170.4,17.04,323.76
OI001835,ORD00667,P0251,1,25200.0,0.0,25200.0
OI001836,ORD00667,P0047,3,3654.0,219.24,10742.76
OI001837,ORD00668,P0377,3,1716.0,0.0,5148.0
OI001838,ORD00668,P0026,2,7047.0,0.0,14094.0
OI001839,ORD00669,P0234,2,4290.0,0.0,8580.0
OI001840,ORD00669,P0211,3,1030.0,154.5,2935.5
OI001841,ORD00669,P0053,1,2260.0,45.2,2214.8
OI001842,ORD00669,P0313,3,914.85,0.0,2744.55
OI001843,ORD00670,P0097,2,2859.5,0.0,5719.0
OI001844,ORD00671,P0039,3,25483.0,1528.98,74920.02
OI001845,ORD00671,P0171,1,67370.0,0.0,67370.0
OI001846,ORD00671,P0084,1,5925.0,0.0,5925.0
OI001847,ORD00672,P0188,1,15861.0,317.22,15543.78
OI001848,ORD00672,P0047,1,3654.0,73.08,3580.92
OI001849,ORD00672,P0030,1,452.7,0.0,452.7
OI001850,ORD00672,P0003,3,79590.0,11938.5,226831.5
OI001851,ORD00673,P0388,1,9162.0,458.1,8703.9
OI001852,ORD00673,P0347,3,757.5,113.62,2158.88
OI001853,ORD00673,P0248,1,16444.5,0.0,16444.5
OI001854,ORD00674,P0264,1,3980.0,0.0,3980.0
OI001855,ORD00674,P0072,1,875.7,0.0,875.7
OI001856,ORD00675,P0074,3,2356.0,0.0,7068.0
OI001857,ORD00675,P0216,3,2160.0,0.0,6480.0
OI001858,ORD00675,P0258,1,132.0,0.0,132.0
OI001859,ORD00675,P0139,3,2590.0,0.0,7770.0
OI001860,ORD00676,P0285,3,870.0,0.0,2610.0
OI001861,ORD00676,P0354,3,253.8,15.23,746.17
OI001862,ORD00676,P0060,1,1035.0,0.0,1035.0
OI001863,ORD00676,P0373,1,11673.0,233.46,11439.54
OI001864,ORD00676,P0230,1,112208.0,0.0,112208.0
OI001865,ORD00677,P0011,3,13991.0,0.0,41973.0
OI001866,ORD00677,P0094,3,25500.0,0.0,76500.0
OI001867,ORD00677,P0219,1,12090.0,0.0,12090.0
OI001868,ORD00677,P0311,3,43728.0,0.0,131184.0
OI001869,ORD00678,P0162,2,130020.0,13002.0,247038.0
OI001870,ORD00678,P0087,2,927.0,37.08,1816.92
OI001871,ORD00678,P0329,2,771.4,77.14,1465.66
OI001872,ORD00678,P0047,3,3654.0,219.24,10742.76
OI001873,ORD00679,P0113,1,498.0,9.96,488.04
OI001874,ORD00680,P0229,3,5392.5,808.88,15368.62
OI001875,ORD00680,P0259,1,950.0,47.5,902.5
OI001876,ORD00680,P0275,1,42363.0,0.0,42363.0
OI001877,ORD00680,P0060,3,1035.0,0.0,3105.0
OI001878,ORD00681,P0275,3,42363.0,0.0,127089.0
OI001879,ORD00681,P0218,3,610.4,0.0,1831.2
OI001880,ORD00682,P0243,3,1389.0,0.0,4167.0
OI001881,ORD00683,P0391,3,2916.0,437.4,8310.6
OI001882,ORD00684,P0172,3,963.0,57.78,2831.22
OI001883,ORD00684,P0200,3,2529.0,379.35,7207.65
OI001884,ORD00684,P0028,2,29984.0,0.0,59968.0
OI001885,ORD00685,P0204,2,8512.0,0.0,17024.0
OI001886,ORD00685,P0389,2,3884.5,0.0,7769.0
OI001887,ORD00686,P0291,3,2282.0,136.92,6709.08
OI001888,ORD00686,P0023,1,4870.0,97.4,4772.6
OI001889,ORD00686,P0303,1,369.75,18.49,351.26
OI001890,ORD00686,P0069,1,380.0,0.0,380.0
OI001891,ORD00686,P0360,2,370.4,0.0,740.8
OI001892,ORD00687,P0174,3,312.8,0.0,938.4
OI001893,ORD00687,P0171,1,67370.0,1347.4,66022.6
OI001894,ORD00688,P0050,2,66460.0,2658.4,130261.6
OI001895,ORD00688,P0307,3,1269.0,76.14,3730.86
OI001896,ORD00688,P0219,2,12090.0,0.0,24180.0
OI001897,ORD00689,P0161,3,649.6,0.0,1948.8
OI001898,ORD00689,P0346,2,927.0,37.08,1816.92
OI001899,ORD00689,P0299,2,776.15,77.62,1474.68
OI001900,ORD00689,P0045,2,2888.0,115.52,5660.48
OI001901,ORD00689,P0377,1,1716.0,0.0,1716.0
OI001902,ORD00690,P0318,3,57978.0,8696.7,165237.3
OI001903,ORD00690,P0249,3,748.0,0.0,2244.0
OI001904,ORD00690,P0203,2,595.0,0.0,1190.0
OI001905,ORD00690,P0329,1,771.4,0.0,771.4
OI001906,ORD00691,P0042,2,485.45,19.42,951.48
OI001907,ORD00691,P0290,2,214.2,0.0,428.4
OI001908,ORD00691,P0103,2,24800.0,2480.0,47120.0
OI001909,ORD00691,P0205,3,1770.0,0.0,5310.0
OI001910,ORD00692,P0367,2,180.75,0.0,361.5
OI001911,ORD00692,P0228,3,113667.5,17050.12,323952.38
OI001912,ORD00693,P0007,1,889.5,17.79,871.71
OI001913,ORD00694,P0240,3,7990.0,0.0,23970.0
OI001914,ORD00694,P0207,2,6867.0,0.0,13734.0
OI001915,ORD00694,P0089,2,2712.0,271.2,5152.8
OI001916,ORD00694,P0214,3,13761.5,0.0,41284.5
OI001917,ORD00695,P0119,3,1730.0,0.0,5190.0
OI001918,ORD00695,P0199,2,7791.0,0.0,15582.0
OI001919,ORD00695,P0241,1,117.6,0.0,117.6
OI001920,ORD00696,P0164,1,731.5,36.58,694.92
OI001921,ORD00696,P0031,3,1080.0,0.0,3240.0
OI001922,ORD00696,P0162,2,130020.0,5200.8,254839.2
OI001923,ORD00696,P0103,2,24800.0,2480.0,47120.0
OI001924,ORD00697,P0260,3,352.0,0.0,1056.0
OI001925,ORD00697,P0233,2,400.5,0.0,801.0
OI001926,ORD00697,P0057,2,1809.0,72.36,3545.64
OI001927,ORD00698,P0091,2,184.0,7.36,360.64
OI001928,ORD00699,P0274,2,2320.0,92.8,4547.2
OI001929,ORD00699,P0259,3,950.0,142.5,2707.5
OI001930,ORD00699,P0287,2,9270.0,0.0,18540.0
OI001931,ORD00699,P0002,1,3368.0,0.0,3368.0
OI001932,ORD00700,P0226,3,10590.0,0.0,31770.0
OI001933,ORD00700,P0342,1,194.65,3.89,190.76
OI001934,ORD00701,P0052,2,596.7,59.67,1133.73
OI001935,ORD00701,P0053,2,2260.0,0.0,4520.0
OI001936,ORD00701,P0294,2,315.9,12.64,619.16
OI001937,ORD00701,P0048,3,2213.5,0.0,6640.5
OI001938,ORD00701,P0320,2,39358.5,0.0,78717.0
OI001939,ORD00702,P0332,1,32277.0,0.0,32277.0
OI001940,ORD00703,P0189,1,2637.0,131.85,2505.15
OI001941,ORD00703,P0177,3,618.8,37.13,1819.27
OI001942,ORD00704,P0091,2,184.0,0.0,368.0
OI001943,ORD00704,P0220,2,840.0,84.0,1596.0
OI001944,ORD00704,P0278,1,396.1,19.81,376.29
OI001945,ORD00705,P0069,1,380.0,0.0,380.0
OI001946,ORD00705,P0072,2,875.7,35.03,1716.37
OI001947,ORD00706,P0169,1,6279.0,125.58,6153.42
OI001948,ORD00707,P0239,1,281.6,5.63,275.97
OI001949,ORD00707,P0217,2,197.1,0.0,394.2
OI001950,ORD00707,P0069,2,380.0,38.0,722.0
OI001951,ORD00708,P0245,3,616.5,36.99,1812.51
OI001952,ORD00708,P0240,2,7990.0,0.0,15980.0
OI001953,ORD00709,P0114,2,4329.0,0.0,8658.0
OI001954,ORD00709,P0381,2,639.0,0.0,1278.0
OI001955,ORD00709,P0331,2,5200.0,0.0,10400.0
OI001956,ORD00710,P0086,3,7780.0,0.0,23340.0
OI001957,ORD00710,P0387,2,7968.0,796.8,15139.2
OI001958,ORD00710,P0013,3,645.75,38.74,1898.51
OI001959,ORD00710,P0342,1,194.65,0.0,194.65
OI001960,ORD00711,P0240,3,7990.0,0.0,23970.0
OI001961,ORD00712,P0274,2,2320.0,0.0,4640.0
OI001962,ORD00712,P0220,1,840.0,0.0,840.0
OI001963,ORD00713,P0383,2,39427.5,0.0,78855.0
OI001964,ORD00713,P0170,3,4068.0,0.0,12204.0
OI001965,ORD00713,P0095,3,28323.0,0.0,84969.0
OI001966,ORD00713,P0369,2,10773.0,430.92,21115.08
OI001967,ORD00713,P0279,1,256.5,5.13,251.37
OI001968,ORD00714,P0303,1,369.75,0.0,369.75
OI001969,ORD00714,P0225,2,2412.0,0.0,4824.0
OI001970,ORD00715,P0137,3,4372.5,262.35,12855.15
OI001971,ORD00716,P0341,3,5664.0,849.6,16142.4
OI001972,ORD00716,P0385,1,813.0,16.26,796.74
OI001973,ORD00716,P0324,2,319.2,12.77,625.63
OI001974,ORD00717,P0199,2,7791.0,311.64,15270.36
OI001975,ORD00717,P0147,1,23805.0,0.0,23805.0
OI001976,ORD00718,P0353,2,782.0,0.0,1564.0
OI001977,ORD00718,P0191,2,821.75,0.0,1643.5
OI001978,ORD00719,P0034,2,2646.0,0.0,5292.0
OI001979,ORD00719,P0202,2,801.0,0.0,1602.0
OI001980,ORD00720,P0228,1,113667.5,0.0,113667.5
OI001981,ORD00720,P0390,2,2235.5,0.0,4471.0
OI001982,ORD00721,P0286,3,3915.0,587.25,11157.75
OI001983,ORD00721,P0196,3,2934.0,176.04,8625.96
OI001984,ORD00721,P0373,1,11673.0,0.0,11673.0
OI001985,ORD00721,P0379,2,154.7,0.0,309.4
OI001986,ORD00722,P0284,1,169.0,8.45,160.55
OI001987,ORD00723,P0223,1,950.0,19.0,931.0
OI001988,ORD00723,P0187,3,2135.0,320.25,6084.75
OI001989,ORD00724,P0291,3,2282.0,342.3,6503.7
OI001990,ORD00724,P0337,1,3771.0,188.55,3582.45
OI001991,ORD00725,P0272,1,635.0,0.0,635.0
OI001992,ORD00725,P0397,1,468.75,23.44,445.31
OI001993,ORD00726,P0119,3,1730.0,0.0,5190.0
OI001994,ORD00727,P0154,3,10780.0,0.0,32340.0
OI001995,ORD00727,P0122,1,550.0,0.0,550.0
OI001996,ORD00728,P0054,3,1603.0,0.0,4809.0
OI001997,ORD00728,P0355,3,478.0,0.0,1434.0
OI001998,ORD00728,P0390,2,2235.5,0.0,4471.0
OI001999,ORD00728,P0285,1,870.0,43.5,826.5
OI002000,ORD00729,P0375,1,2466.0,49.32,2416.68
OI002001,ORD00729,P0359,3,16920.0,0.0,50760.0
OI002002,ORD00730,P0166,2,2070.0,0.0,4140.0
OI002003,ORD00731,P0141,1,74679.5,0.0,74679.5
OI002004,ORD00731,P0214,1,13761.5,0.0,13761.5
OI002005,ORD00731,P0119,2,1730.0,173.0,3287.0
OI002006,ORD00732,P0088,1,52820.0,2641.0,50179.0
OI002007,ORD00732,P0095,2,28323.0,1132.92,55513.08
OI002008,ORD00732,P0337,1,3771.0,0.0,3771.0
OI002009,ORD00733,P0062,2,12901.0,516.04,25285.96
OI002010,ORD00733,P0391,3,2916.0,0.0,8748.0
OI002011,ORD00734,P0016,3,2751.0,165.06,8087.94
OI002012,ORD00734,P0096,2,26621.0,1064.84,52177.16
OI002013,ORD00734,P0367,2,180.75,0.0,361.5
OI002014,ORD00734,P0360,1,370.4,0.0,370.4
OI002015,ORD00735,P0257,3,529.15,79.37,1508.08
OI002016,ORD00735,P0011,3,13991.0,2098.65,39874.35
OI002017,ORD00736,P0067,3,270.0,0.0,810.0
OI002018,ORD00736,P0251,3,25200.0,0.0,75600.0
OI002019,ORD00737,P0181,2,177.0,17.7,336.3
OI002020,ORD00737,P0313,1,914.85,0.0,914.85
OI002021,ORD00737,P0300,3,1547.1,232.06,4409.24
OI002022,ORD00737,P0336,1,2520.0,126.0,2394.0
OI002023,ORD00737,P0114,3,4329.0,0.0,12987.0
OI002024,ORD00738,P0166,2,2070.0,0.0,4140.0
OI002025,ORD00738,P0312,1,1836.0,91.8,1744.2
OI002026,ORD00739,P0247,1,6405.0,128.1,6276.9
OI002027,ORD00740,P0120,3,9603.0,1440.45,27368.55
OI002028,ORD00740,P0259,1,950.0,0.0,950.0
OI002029,ORD00740,P0013,3,645.75,0.0,1937.25
OI002030,ORD00740,P0221,1,7038.0,0.0,7038.0
OI002031,ORD00741,P0309,3,4870.0,0.0,14610.0
OI002032,ORD00741,P0092,2,593.6,59.36,1127.84
OI002033,ORD00741,P0104,2,1100.8,44.03,2157.57
OI002034,ORD00742,P0131,2,20205.0,0.0,40410.0
OI002035,ORD00742,P0241,2,117.6,0.0,235.2
OI002036,ORD00742,P0154,1,10780.0,539.0,10241.0
OI002037,ORD00742,P0016,3,2751.0,0.0,8253.0
OI002038,ORD00742,P0099,3,2871.0,430.65,8182.35
OI002039,ORD00743,P0115,3,479.25,28.75,1409.0
OI002040,ORD00744,P0347,2,757.5,0.0,1515.0
OI002041,ORD00744,P0230,3,112208.0,0.0,336624.0
OI002042,ORD00744,P0370,2,1501.0,0.0,3002.0
OI002043,ORD00744,P0270,3,2265.0,0.0,6795.0
OI002044,ORD00744,P0192,2,129.5,5.18,253.82
OI002045,ORD00745,P0134,2,12300.0,0.0,24600.0
OI002046,ORD00745,P0090,2,11600.0,0.0,23200.0
OI002047,ORD00745,P0038,3,1213.15,0.0,3639.45
OI002048,ORD00745,P0292,3,204.0,12.24,599.76
OI002049,ORD00746,P0387,2,7968.0,0.0,15936.0
OI002050,ORD00746,P0348,3,12978.0,0.0,38934.0
OI002051,ORD00747,P0189,3,2637.0,0.0,7911.0
OI002052,ORD00748,P0008,2,427.0,0.0,854.0
OI002053,ORD00748,P0277,2,204.0,8.16,399.84
OI002054,ORD00749,P0087,2,927.0,92.7,1761.3
OI002055,ORD00749,P0350,1,18711.0,0.0,18711.0
OI002056,ORD00749,P0116,2,1162.8,0.0,2325.6
OI002057,ORD00749,P0163,2,781.0,0.0,1562.0
OI002058,ORD00750,P0290,2,214.2,0.0,428.4
OI002059,ORD00751,P0190,3,3163.5,0.0,9490.5
OI002060,ORD00751,P0120,1,9603.0,480.15,9122.85
OI002061,ORD00752,P0256,2,10179.0,0.0,20358.0
OI002062,ORD00752,P0270,3,2265.0,135.9,6659.1
OI002063,ORD00752,P0282,3,7600.0,1140.0,21660.0
OI002064,ORD00752,P0289,3,12807.0,1921.05,36499.95
OI002065,ORD00753,P0213,1,414.9,20.75,394.15
OI002066,ORD00754,P0062,2,12901.0,0.0,25802.0
OI002067,ORD00754,P0281,3,3288.0,197.28,9666.72
OI002068,ORD00754,P0398,2,24984.0,0.0,49968.0
OI002069,ORD00755,P0211,2,1030.0,0.0,2060.0
OI002070,ORD00755,P0156,3,5500.5,0.0,16501.5
OI002071,ORD00756,P0082,2,61.0,0.0,122.0
OI002072,ORD00756,P0051,3,3536.0,212.16,10395.84
OI002073,ORD00756,P0128,2,504.0,50.4,957.6
OI002074,ORD00757,P0312,2,1836.0,0.0,3672.0
OI002075,ORD00757,P0002,2,3368.0,336.8,6399.2
OI002076,ORD00757,P0147,3,23805.0,0.0,71415.0
OI002077,ORD00758,P0037,3,2619.0,0.0,7857.0
OI002078,ORD00758,P0300,2,1547.1,61.88,3032.32
OI002079,ORD00758,P0246,3,1377.5,206.62,3925.88
OI002080,ORD00759,P0156,3,5500.5,330.03,16171.47
OI002081,ORD00759,P0152,2,726.75,0.0,1453.5
OI002082,ORD00759,P0092,2,593.6,0.0,1187.2
OI002083,ORD00760,P0100,1,1320.0,0.0,1320.0
OI002084,ORD00760,P0392,1,1070.1,21.4,1048.7
OI002085,ORD00760,P0128,1,504.0,25.2,478.8
OI002086,ORD00761,P0362,2,9486.0,0.0,18972.0
OI002087,ORD00761,P0293,3,1341.0,201.15,3821.85
OI002088,ORD00761,P0229,2,5392.5,0.0,10785.0
OI002089,ORD00761,P0358,1,1111.0,0.0,1111.0
OI002090,ORD00761,P0133,2,10760.0,0.0,21520.0
OI002091,ORD00762,P0200,3,2529.0,0.0,7587.0
OI002092,ORD00763,P0193,2,3094.0,0.0,6188.0
OI002093,ORD00764,P0298,2,312.2,31.22,593.18
OI002094,ORD00764,P0361,1,4263.0,0.0,4263.0
OI002095,ORD00765,P0323,1,3876.0,0.0,3876.0
OI002096,ORD00766,P0224,3,44082.0,6612.3,125633.7
OI002097,ORD00766,P0262,2,827.25,0.0,1654.5
OI002098,ORD00766,P0287,2,9270.0,0.0,18540.0
OI002099,ORD00766,P0251,3,25200.0,0.0,75600.0
OI002100,ORD00766,P0260,3,352.0,0.0,1056.0
OI002101,ORD00767,P0382,2,1387.5,55.5,2719.5
OI002102,ORD00767,P0327,3,165.75,24.86,472.39
OI002103,ORD00767,P0352,1,98775.0,0.0,98775.0
OI002104,ORD00768,P0299,1,776.15,38.81,737.34
OI002105,ORD00768,P0037,1,2619.0,0.0,2619.0
OI002106,ORD00769,P0261,3,6880.0,1032.0,19608.0
OI002107,ORD00769,P0125,2,608.0,0.0,1216.0
OI002108,ORD00769,P0207,3,6867.0,0.0,20601.0
OI002109,ORD00769,P0380,3,23597.0,0.0,70791.0
OI002110,ORD00769,P0323,1,3876.0,0.0,3876.0
OI002111,ORD00770,P0164,1,731.5,0.0,731.5
OI002112,ORD00770,P0117,2,196.2,19.62,372.78
OI002113,ORD00771,P0350,2,18711.0,0.0,37422.0
OI002114,ORD00771,P0329,3,771.4,115.71,2198.49
OI002115,ORD00771,P0184,1,16507.0,0.0,16507.0
OI002116,ORD00771,P0153,3,792.4,0.0,2377.2
OI002117,ORD00772,P0045,3,2888.0,433.2,8230.8
OI002118,ORD00772,P0147,2,23805.0,952.2,46657.8
OI002119,ORD00772,P0352,3,98775.0,0.0,296325.0
OI002120,ORD00773,P0079,1,513.95,25.7,488.25
OI002121,ORD00774,P0128,3,504.0,75.6,1436.4
OI002122,ORD00774,P0068,3,446.4,26.78,1312.42
OI002123,ORD00774,P0346,2,927.0,0.0,1854.0
OI002124,ORD00775,P0238,2,29932.5,0.0,59865.0
OI002125,ORD00775,P0335,2,323.2,32.32,614.08
OI002126,ORD00775,P0110,2,116.0,4.64,227.36
OI002127,ORD00775,P0325,3,3390.0,0.0,10170.0
OI002128,ORD00776,P0130,3,4100.0,246.0,12054.0
OI002129,ORD00776,P0205,3,1770.0,106.2,5203.8
OI002130,ORD00776,P0198,3,385.0,0.0,1155.0
OI002131,ORD00777,P0055,1,7923.0,396.15,7526.85
OI002132,ORD00777,P0244,3,24093.0,3613.95,68665.05
OI002133,ORD00777,P0057,2,1809.0,0.0,3618.0
OI002134,ORD00778,P0176,2,55928.0,0.0,111856.0
OI002135,ORD00778,P0323,2,3876.0,387.6,7364.4
OI002136,ORD00778,P0071,3,11925.0,1788.75,33986.25
OI002137,ORD00778,P0304,2,28441.0,0.0,56882.0
OI002138,ORD00778,P0209,3,8016.0,480.96,23567.04
OI002139,ORD00779,P0086,3,7780.0,1167.0,22173.0
OI002140,ORD00779,P0041,3,19983.5,1199.01,58751.49
OI002141,ORD00780,P0196,2,2934.0,0.0,5868.0
OI002142,ORD00780,P0185,1,1830.0,0.0,1830.0
OI002143,ORD00780,P0205,1,1770.0,0.0,1770.0
OI002144,ORD00781,P0145,2,720.9,0.0,1441.8
OI002145,ORD00781,P0165,1,2259.0,0.0,2259.0
OI002146,ORD00781,P0194,1,50310.0,0.0,50310.0
OI002147,ORD00782,P0108,3,41676.5,6251.48,118778.02
OI002148,ORD00782,P0231,1,2061.5,0.0,2061.5
OI002149,ORD00783,P0097,2,2859.5,114.38,5604.62
OI002150,ORD00783,P0156,3,5500.5,825.08,15676.42
OI002151,ORD00784,P0329,2,771.4,0.0,1542.8
OI002152,ORD00784,P0373,3,11673.0,0.0,35019.0
OI002153,ORD00784,P0016,1,2751.0,0.0,2751.0
OI002154,ORD00784,P0004,2,4395.0,0.0,8790.0
OI002155,ORD00785,P0225,3,2412.0,361.8,6874.2
OI002156,ORD00785,P0221,2,7038.0,0.0,14076.0
OI002157,ORD00785,P0115,3,479.25,0.0,1437.75
OI002158,ORD00785,P0026,1,7047.0,0.0,7047.0
OI002159,ORD00785,P0126,1,7938.0,0.0,7938.0
OI002160,ORD00786,P0191,2,821.75,0.0,1643.5
OI002161,ORD00786,P0373,1,11673.0,583.65,11089.35
OI002162,ORD00786,P0325,3,3390.0,0.0,10170.0
OI002163,ORD00787,P0149,3,3784.0,0.0,11352.0
OI002164,ORD00787,P0147,2,23805.0,0.0,47610.0
OI002165,ORD00788,P0136,1,362.0,0.0,362.0
OI002166,ORD00788,P0329,3,771.4,0.0,2314.2
OI002167,ORD00789,P0029,1,102.6,5.13,97.47
OI002168,ORD00789,P0265,2,40815.0,0.0,81630.0
OI002169,ORD00789,P0383,3,39427.5,0.0,118282.5
OI002170,ORD00789,P0199,2,7791.0,0.0,15582.0
OI002171,ORD00789,P0166,1,2070.0,41.4,2028.6
OI002172,ORD00790,P0369,1,10773.0,0.0,10773.0
OI002173,ORD00791,P0163,3,781.0,0.0,2343.0
OI002174,ORD00791,P0361,1,4263.0,85.26,4177.74
OI002175,ORD00791,P0377,1,1716.0,85.8,1630.2
OI002176,ORD00791,P0302,1,1929.5,0.0,1929.5
OI002177,ORD00791,P0349,1,2082.5,0.0,2082.5
OI002178,ORD00792,P0033,2,30405.0,3040.5,57769.5
OI002179,ORD00792,P0194,3,50310.0,3018.6,147911.4
OI002180,ORD00792,P0054,3,1603.0,0.0,4809.0
OI002181,ORD00792,P0113,3,498.0,0.0,1494.0
OI002182,ORD00793,P0116,2,1162.8,0.0,2325.6
OI002183,ORD00793,P0117,1,196.2,0.0,196.2
OI002184,ORD00794,P0067,3,270.0,0.0,810.0
OI002185,ORD00794,P0223,1,950.0,0.0,950.0
OI002186,ORD00795,P0132,3,876.35,0.0,2629.05
OI002187,ORD00795,P0271,1,2827.5,141.38,2686.12
OI002188,ORD00796,P0070,3,1650.0,99.0,4851.0
OI002189,ORD00797,P0068,3,446.4,66.96,1272.24
OI002190,ORD00797,P0263,1,1287.0,0.0,1287.0
OI002191,ORD00798,P0378,2,1246.95,124.7,2369.2
OI002192,ORD00799,P0333,2,11480.0,0.0,22960.0
OI002193,ORD00799,P0122,1,550.0,11.0,539.0
OI002194,ORD00800,P0346,3,927.0,55.62,2725.38
OI002195,ORD00800,P0083,2,6600.0,0.0,13200.0
OI002196,ORD00801,P0112,2,1026.0,41.04,2010.96
OI002197,ORD00802,P0182,3,491.0,73.65,1399.35
OI002198,ORD00803,P0043,2,3472.5,347.25,6597.75
OI002199,ORD00803,P0073,2,43839.0,0.0,87678.0
OI002200,ORD00803,P0005,2,493.5,0.0,987.0
OI002201,ORD00804,P0034,1,2646.0,0.0,2646.0
OI002202,ORD00804,P0171,3,67370.0,0.0,202110.0
OI002203,ORD00805,P0167,1,1932.0,38.64,1893.36
OI002204,ORD00805,P0047,2,3654.0,365.4,6942.6
OI002205,ORD00805,P0028,3,29984.0,1799.04,88152.96
OI002206,ORD00806,P0298,3,312.2,0.0,936.6
OI002207,ORD00806,P0260,1,352.0,0.0,352.0
OI002208,ORD00806,P0397,3,468.75,70.31,1335.94
OI002209,ORD00807,P0031,3,1080.0,0.0,3240.0
OI002210,ORD00807,P0317,2,720.0,72.0,1368.0
OI002211,ORD00807,P0016,3,2751.0,0.0,8253.0
OI002212,ORD00808,P0108,1,41676.5,0.0,41676.5
OI002213,ORD00808,P0226,2,10590.0,0.0,21180.0
OI002214,ORD00809,P0211,2,1030.0,41.2,2018.8
OI002215,ORD00809,P0183,1,1044.0,20.88,1023.12
OI002216,ORD00809,P0099,3,2871.0,0.0,8613.0
OI002217,ORD00809,P0301,3,187.15,11.23,550.22
OI002218,ORD00810,P0266,3,30160.0,0.0,90480.0
OI002219,ORD00810,P0372,3,6732.0,1009.8,19186.2
OI002220,ORD00810,P0078,1,765.0,0.0,765.0
OI002221,ORD00810,P0291,2,2282.0,0.0,4564.0
OI002222,ORD00810,P0382,2,1387.5,55.5,2719.5
OI002223,ORD00811,P0074,3,2356.0,0.0,7068.0
OI002224,ORD00811,P0154,1,10780.0,0.0,10780.0
OI002225,ORD00811,P0093,3,423.0,63.45,1205.55
OI002226,ORD00812,P0032,3,873.0,0.0,2619.0
OI002227,ORD00812,P0123,2,242.4,9.7,475.1
OI002228,ORD00813,P0221,1,7038.0,0.0,7038.0
OI002229,ORD00813,P0035,2,34218.0,3421.8,65014.2
OI002230,ORD00814,P0381,2,639.0,25.56,1252.44
OI002231,ORD00815,P0146,3,235.2,35.28,670.32
OI002232,ORD00815,P0025,2,493.05,0.0,986.1
OI002233,ORD00815,P0089,2,2712.0,0.0,5424.0
OI002234,ORD00815,P0069,2,380.0,0.0,760.0
OI002235,ORD00816,P0132,3,876.35,0.0,2629.05
OI002236,ORD00817,P0016,2,2751.0,110.04,5391.96
OI002237,ORD00817,P0212,1,424.8,8.5,416.3
OI002238,ORD00818,P0110,2,116.0,4.64,227.36
OI002239,ORD00819,P0232,1,25740.0,0.0,25740.0
OI002240,ORD00819,P0029,2,102.6,0.0,205.2
OI002241,ORD00819,P0284,2,169.0,0.0,338.0
OI002242,ORD00819,P0082,2,61.0,0.0,122.0
OI002243,ORD00820,P0089,1,2712.0,135.6,2576.4
OI002244,ORD00821,P0381,3,639.0,0.0,1917.0
OI002245,ORD00821,P0003,3,79590.0,0.0,238770.0
OI002246,ORD00821,P0373,1,11673.0,233.46,11439.54
OI002247,ORD00821,P0181,2,177.0,0.0,354.0
OI002248,ORD00821,P0290,3,214.2,0.0,642.6
OI002249,ORD00822,P0349,2,2082.5,208.25,3956.75
OI002250,ORD00822,P0388,3,9162.0,1374.3,26111.7
OI002251,ORD00822,P0037,1,2619.0,0.0,2619.0
OI002252,ORD00822,P0341,1,5664.0,283.2,5380.8
OI002253,ORD00823,P0138,3,794.0,0.0,2382.0
OI002254,ORD00823,P0325,1,3390.0,67.8,3322.2
OI002255,ORD00823,P0144,1,1928.5,0.0,1928.5
OI002256,ORD00823,P0099,1,2871.0,0.0,2871.0
OI002257,ORD00824,P0038,1,1213.15,0.0,1213.15
OI002258,ORD00824,P0032,2,873.0,0.0,1746.0
OI002259,ORD00824,P0013,3,645.75,0.0,1937.25
OI002260,ORD00824,P0020,3,228.0,0.0,684.0
OI002261,ORD00825,P0092,2,593.6,0.0,1187.2
OI002262,ORD00825,P0115,2,479.25,0.0,958.5
OI002263,ORD00825,P0317,3,720.0,43.2,2116.8
OI002264,ORD00825,P0269,2,496.0,0.0,992.0
OI002265,ORD00825,P0169,3,6279.0,376.74,18460.26
OI002266,ORD00826,P0146,2,235.2,0.0,470.4
OI002267,ORD00826,P0260,2,352.0,35.2,668.8
OI002268,ORD00827,P0068,1,446.4,0.0,446.4
OI002269,ORD00827,P0226,3,10590.0,0.0,31770.0
OI002270,ORD00828,P0064,3,6170.0,370.2,18139.8
OI002271,ORD00828,P0216,1,2160.0,0.0,2160.0
OI002272,ORD00829,P0132,1,876.35,43.82,832.53
OI002273,ORD00830,P0090,1,11600.0,580.0,11020.0
OI002274,ORD00831,P0130,1,4100.0,82.0,4018.0
OI002275,ORD00832,P0049,1,37323.0,1866.15,35456.85
OI002276,ORD00832,P0053,1,2260.0,45.2,2214.8
OI002277,ORD00833,P0071,3,11925.0,0.0,35775.0
OI002278,ORD00833,P0167,2,1932.0,193.2,3670.8
OI002279,ORD00834,P0189,3,2637.0,0.0,7911.0
OI002280,ORD00834,P0085,3,2812.0,0.0,8436.0
OI002281,ORD00835,P0286,2,3915.0,156.6,7673.4
OI002282,ORD00836,P0330,2,544.0,0.0,1088.0
OI002283,ORD00836,P0200,1,2529.0,0.0,2529.0
OI002284,ORD00837,P0268,2,12320.0,0.0,24640.0
OI002285,ORD00837,P0046,3,900.0,0.0,2700.0
OI002286,ORD00837,P0364,2,84610.0,0.0,169220.0
OI002287,ORD00838,P0074,2,2356.0,0.0,4712.0
OI002288,ORD00838,P0086,2,7780.0,311.2,15248.8
OI002289,ORD00838,P0128,3,504.0,30.24,1481.76
OI002290,ORD00838,P0089,2,2712.0,0.0,5424.0
OI002291,ORD00839,P0246,1,1377.5,0.0,1377.5
OI002292,ORD00839,P0253,3,1485.0,222.75,4232.25
OI002293,ORD00839,P0307,2,1269.0,0.0,2538.0
OI002294,ORD00840,P0294,1,315.9,15.79,300.11
OI002295,ORD00840,P0334,1,408.6,8.17,400.43
OI002296,ORD00840,P0364,2,84610.0,3384.4,165835.6
OI002297,ORD00841,P0271,1,2827.5,141.38,2686.12
OI002298,ORD00842,P0175,3,37540.0,2252.4,110367.6
OI002299,ORD00843,P0185,1,1830.0,0.0,1830.0
OI002300,ORD00843,P0399,3,295.0,0.0,885.0
OI002301,ORD00844,P0123,1,242.4,0.0,242.4
OI002302,ORD00844,P0116,2,1162.8,0.0,2325.6
OI002303,ORD00844,P0214,1,13761.5,275.23,13486.27
OI002304,ORD00845,P0346,2,927.0,0.0,1854.0
OI002305,ORD00846,P0178,1,85950.0,4297.5,81652.5
OI002306,ORD00846,P0081,1,700.0,14.0,686.0
OI002307,ORD00846,P0093,2,423.0,16.92,829.08
OI002308,ORD00847,P0300,2,1547.1,0.0,3094.2
OI002309,ORD00847,P0400,1,11276.5,0.0,11276.5
OI002310,ORD00847,P0140,1,391.0,0.0,391.0
OI002311,ORD00848,P0022,1,338.2,0.0,338.2
OI002312,ORD00848,P0226,1,10590.0,0.0,10590.0
OI002313,ORD00849,P0025,1,493.05,0.0,493.05
OI002314,ORD00849,P0198,3,385.0,57.75,1097.25
OI002315,ORD00850,P0140,1,391.0,0.0,391.0
OI002316,ORD00851,P0091,3,184.0,0.0,552.0
OI002317,ORD00851,P0314,3,1599.7,239.96,4559.14
OI002318,ORD00851,P0236,1,6860.0,0.0,6860.0
OI002319,ORD00852,P0259,3,950.0,57.0,2793.0
OI002320,ORD00852,P0267,2,69400.0,0.0,138800.0
OI002321,ORD00853,P0004,1,4395.0,219.75,4175.25
OI002322,ORD00853,P0134,2,12300.0,0.0,24600.0
OI002323,ORD00853,P0056,1,3800.0,0.0,3800.0
OI002324,ORD00854,P0374,2,1995.0,79.8,3910.2
OI002325,ORD00854,P0349,3,2082.5,312.38,5935.12
OI002326,ORD00855,P0388,1,9162.0,0.0,9162.0
OI002327,ORD00855,P0133,1,10760.0,0.0,10760.0
OI002328,ORD00855,P0150,2,201.0,8.04,393.96
OI002329,ORD00856,P0323,2,3876.0,0.0,7752.0
OI002330,ORD00856,P0308,1,6842.5,0.0,6842.5
OI002331,ORD00856,P0194,1,50310.0,0.0,50310.0
OI002332,ORD00857,P0217,3,197.1,0.0,591.3
OI002333,ORD00858,P0387,2,7968.0,0.0,15936.0
OI002334,ORD00858,P0090,3,11600.0,0.0,34800.0
OI002335,ORD00858,P0320,1,39358.5,0.0,39358.5
OI002336,ORD00859,P0181,1,177.0,0.0,177.0
OI002337,ORD00859,P0102,1,509.0,0.0,509.0
OI002338,ORD00859,P0034,2,2646.0,0.0,5292.0
OI002339,ORD00859,P0268,2,12320.0,1232.0,23408.0
OI002340,ORD00860,P0308,3,6842.5,0.0,20527.5
OI002341,ORD00861,P0365,3,51250.0,0.0,153750.0
OI002342,ORD00861,P0281,1,3288.0,0.0,3288.0
OI002343,ORD00861,P0026,1,7047.0,0.0,7047.0
OI002344,ORD00861,P0155,2,42337.5,0.0,84675.0
OI002345,ORD00862,P0086,2,7780.0,778.0,14782.0
OI002346,ORD00862,P0249,2,748.0,74.8,1421.2
OI002347,ORD00863,P0333,3,11480.0,1722.0,32718.0
OI002348,ORD00863,P0343,1,279.2,0.0,279.2
OI002349,ORD00864,P0101,1,461.3,23.07,438.23
OI002350,ORD00865,P0104,1,1100.8,0.0,1100.8
OI002351,ORD00865,P0160,3,329.4,19.76,968.44
OI002352,ORD00866,P0076,1,13450.0,0.0,13450.0
OI002353,ORD00866,P0260,1,352.0,0.0,352.0
OI002354,ORD00866,P0052,1,596.7,0.0,596.7
OI002355,ORD00867,P0136,2,362.0,0.0,724.0
OI002356,ORD00867,P0127,3,2488.0,0.0,7464.0
OI002357,ORD00867,P0003,2,79590.0,0.0,159180.0
OI002358,ORD00867,P0199,2,7791.0,0.0,15582.0
OI002359,ORD00868,P0214,2,13761.5,1376.15,26146.85
OI002360,ORD00868,P0022,2,338.2,0.0,676.4
OI002361,ORD00869,P0236,1,6860.0,0.0,6860.0
OI002362,ORD00869,P0008,1,427.0,8.54,418.46
OI002363,ORD00870,P0066,1,21582.0,0.0,21582.0
OI002364,ORD00871,P0206,3,774.0,46.44,2275.56
OI002365,ORD00871,P0354,2,253.8,10.15,497.45
OI002366,ORD00871,P0123,1,242.4,0.0,242.4
OI002367,ORD00871,P0340,2,7880.0,788.0,14972.0
OI002368,ORD00871,P0115,3,479.25,0.0,1437.75
OI002369,ORD00872,P0062,2,12901.0,0.0,25802.0
OI002370,ORD00872,P0260,2,352.0,14.08,689.92
OI002371,ORD00873,P0384,1,8334.0,0.0,8334.0
OI002372,ORD00873,P0010,3,11568.0,694.08,34009.92
OI002373,ORD00873,P0315,1,582.3,0.0,582.3
OI002374,ORD00874,P0162,2,130020.0,0.0,260040.0
OI002375,ORD00874,P0210,3,1050.6,0.0,3151.8
OI002376,ORD00874,P0180,3,10370.0,622.2,30487.8
OI002377,ORD00874,P0351,3,922.5,138.38,2629.12
OI002378,ORD00875,P0065,1,6460.0,0.0,6460.0
OI002379,ORD00875,P0279,3,256.5,15.39,754.11
OI002380,ORD00876,P0115,2,479.25,19.17,939.33
OI002381,ORD00877,P0195,2,1255.0,0.0,2510.0
OI002382,ORD00877,P0203,2,595.0,0.0,1190.0
OI002383,ORD00878,P0297,3,3416.0,204.96,10043.04
OI002384,ORD00878,P0239,1,281.6,0.0,281.6
OI002385,ORD00878,P0400,1,11276.5,563.83,10712.67
OI002386,ORD00879,P0003,2,79590.0,0.0,159180.0
OI002387,ORD00879,P0234,1,4290.0,214.5,4075.5
OI002388,ORD00879,P0088,3,52820.0,3169.2,155290.8
OI002389,ORD00879,P0296,3,337.5,0.0,1012.5
OI002390,ORD00880,P0100,1,1320.0,0.0,1320.0
OI002391,ORD00881,P0121,2,1665.0,166.5,3163.5
OI002392,ORD00882,P0286,3,3915.0,0.0,11745.0
OI002393,ORD00882,P0220,1,840.0,16.8,823.2
OI002394,ORD00882,P0118,2,5880.0,588.0,11172.0
OI002395,ORD00883,P0107,2,1719.5,171.95,3267.05
OI002396,ORD00883,P0296,2,337.5,0.0,675.0
OI002397,ORD00883,P0360,3,370.4,0.0,1111.2
OI002398,ORD00883,P0132,2,876.35,35.05,1717.65
OI002399,ORD00884,P0327,2,165.75,0.0,331.5
OI002400,ORD00885,P0333,3,11480.0,0.0,34440.0
OI002401,ORD00885,P0077,3,794.0,119.1,2262.9
OI002402,ORD00886,P0225,3,2412.0,361.8,6874.2
OI002403,ORD00886,P0171,2,67370.0,0.0,134740.0
OI002404,ORD00886,P0154,2,10780.0,1078.0,20482.0
OI002405,ORD00886,P0099,3,2871.0,0.0,8613.0
OI002406,ORD00887,P0228,1,113667.5,0.0,113667.5
OI002407,ORD00888,P0308,1,6842.5,136.85,6705.65
OI002408,ORD00888,P0047,3,3654.0,548.1,10413.9
OI002409,ORD00888,P0120,3,9603.0,576.18,28232.82
OI002410,ORD00888,P0222,2,441.0,17.64,864.36
OI002411,ORD00889,P0272,1,635.0,0.0,635.0
OI002412,ORD00890,P0017,1,1344.25,0.0,1344.25
OI002413,ORD00891,P0242,1,689.0,0.0,689.0
OI002414,ORD00891,P0230,1,112208.0,5610.4,106597.6
OI002415,ORD00891,P0167,2,1932.0,193.2,3670.8
OI002416,ORD00892,P0327,3,165.75,0.0,497.25
OI002417,ORD00892,P0320,3,39358.5,0.0,118075.5
OI002418,ORD00892,P0236,3,6860.0,0.0,20580.0
OI002419,ORD00893,P0358,3,1111.0,66.66,3266.34
OI002420,ORD00893,P0058,3,4869.0,730.35,13876.65
OI002421,ORD00893,P0262,1,827.25,0.0,827.25
OI002422,ORD00893,P0108,3,41676.5,0.0,125029.5
OI002423,ORD00893,P0071,3,11925.0,0.0,35775.0
OI002424,ORD00894,P0282,1,7600.0,152.0,7448.0
OI002425,ORD00894,P0291,2,2282.0,0.0,4564.0
OI002426,ORD00894,P0395,1,1710.0,0.0,1710.0
OI002427,ORD00895,P0258,2,132.0,0.0,264.0
OI002428,ORD00895,P0059,2,1367.1,0.0,2734.2
OI002429,ORD00895,P0114,3,4329.0,0.0,12987.0
OI002430,ORD00895,P0301,2,187.15,18.71,355.59
OI002431,ORD00896,P0267,2,69400.0,0.0,138800.0
OI002432,ORD00896,P0215,3,12010.5,0.0,36031.5
OI002433,ORD00896,P0384,1,8334.0,416.7,7917.3
OI002434,ORD00897,P0194,3,50310.0,0.0,150930.0
OI002435,ORD00897,P0144,1,1928.5,0.0,1928.5
OI002436,ORD00897,P0149,3,3784.0,0.0,11352.0
OI002437,ORD00898,P0337,2,3771.0,0.0,7542.0
OI002438,ORD00898,P0113,3,498.0,0.0,1494.0
OI002439,ORD00898,P0335,3,323.2,0.0,969.6
OI002440,ORD00899,P0212,1,424.8,0.0,424.8
OI002441,ORD00899,P0305,2,11367.0,1136.7,21597.3
OI002442,ORD00899,P0174,1,312.8,0.0,312.8
OI002443,ORD00899,P0116,2,1162.8,0.0,2325.6
OI002444,ORD00900,P0101,2,461.3,0.0,922.6
OI002445,ORD00900,P0056,2,3800.0,380.0,7220.0
OI002446,ORD00900,P0262,1,827.25,0.0,827.25
OI002447,ORD00900,P0007,2,889.5,35.58,1743.42
OI002448,ORD00901,P0171,3,67370.0,10105.5,192004.5
OI002449,ORD00901,P0069,1,380.0,0.0,380.0
OI002450,ORD00901,P0313,2,914.85,0.0,1829.7
OI002451,ORD00901,P0366,3,13920.0,0.0,41760.0
OI002452,ORD00902,P0167,2,1932.0,0.0,3864.0
OI002453,ORD00902,P0356,1,7398.0,0.0,7398.0
OI002454,ORD00902,P0341,2,5664.0,0.0,11328.0
OI002455,ORD00902,P0107,1,1719.5,0.0,1719.5
OI002456,ORD00903,P0386,1,981.75,19.64,962.11
OI002457,ORD00903,P0061,1,2394.0,0.0,2394.0
OI002458,ORD00904,P0217,3,197.1,0.0,591.3
OI002459,ORD00904,P0237,3,35595.0,0.0,106785.0
OI002460,ORD00905,P0300,3,1547.1,0.0,4641.3
OI002461,ORD00906,P0306,3,1472.0,0.0,4416.0
OI002462,ORD00907,P0361,2,4263.0,0.0,8526.0
OI002463,ORD00908,P0372,2,6732.0,673.2,12790.8
OI002464,ORD00908,P0173,2,437.0,0.0,874.0
OI002465,ORD00908,P0262,3,827.25,49.63,2432.12
OI002466,ORD00908,P0275,2,42363.0,0.0,84726.0
OI002467,ORD00908,P0332,3,32277.0,0.0,96831.0
OI002468,ORD00909,P0399,2,295.0,11.8,578.2
OI002469,ORD00909,P0194,1,50310.0,0.0,50310.0
OI002470,ORD00909,P0153,2,792.4,79.24,1505.56
OI002471,ORD00909,P0262,3,827.25,124.09,2357.66
OI002472,ORD00909,P0029,3,102.6,0.0,307.8
OI002473,ORD00910,P0282,1,7600.0,380.0,7220.0
OI002474,ORD00910,P0385,3,813.0,0.0,2439.0
OI002475,ORD00910,P0165,1,2259.0,0.0,2259.0
OI002476,ORD00910,P0110,1,116.0,0.0,116.0
OI002477,ORD00911,P0136,2,362.0,14.48,709.52
OI002478,ORD00911,P0256,3,10179.0,0.0,30537.0
OI002479,ORD00911,P0361,2,4263.0,0.0,8526.0
OI002480,ORD00911,P0032,1,873.0,0.0,873.0
OI002481,ORD00911,P0391,3,2916.0,437.4,8310.6
OI002482,ORD00912,P0179,3,3315.0,0.0,9945.0
OI002483,ORD00912,P0033,2,30405.0,3040.5,57769.5
OI002484,ORD00912,P0282,2,7600.0,760.0,14440.0
OI002485,ORD00913,P0211,2,1030.0,0.0,2060.0
OI002486,ORD00913,P0034,3,2646.0,396.9,7541.1
OI002487,ORD00914,P0010,1,11568.0,578.4,10989.6
OI002488,ORD00914,P0091,1,184.0,0.0,184.0
OI002489,ORD00914,P0358,2,1111.0,44.44,2177.56
OI002490,ORD00915,P0397,1,468.75,9.38,459.37
OI002491,ORD00916,P0117,2,196.2,7.85,384.55
OI002492,ORD00916,P0255,2,56373.0,0.0,112746.0
OI002493,ORD00916,P0292,2,204.0,8.16,399.84
OI002494,ORD00917,P0086,3,7780.0,0.0,23340.0
OI002495,ORD00917,P0053,3,2260.0,0.0,6780.0
OI002496,ORD00917,P0109,1,1809.0,0.0,1809.0
OI002497,ORD00918,P0248,2,16444.5,1644.45,31244.55
OI002498,ORD00918,P0117,3,196.2,0.0,588.6
OI002499,ORD00918,P0091,3,184.0,27.6,524.4
OI002500,ORD00918,P0226,2,10590.0,1059.0,20121.0
OI002501,ORD00918,P0398,2,24984.0,0.0,49968.0
OI002502,ORD00919,P0120,3,9603.0,576.18,28232.82
OI002503,ORD00920,P0166,3,2070.0,0.0,6210.0
OI002504,ORD00920,P0075,1,2147.0,107.35,2039.65
OI002505,ORD00920,P0365,2,51250.0,0.0,102500.0
OI002506,ORD00920,P0192,3,129.5,19.43,369.07
OI002507,ORD00921,P0251,2,25200.0,0.0,50400.0
OI002508,ORD00921,P0341,3,5664.0,0.0,16992.0
OI002509,ORD00921,P0139,2,2590.0,259.0,4921.0
OI002510,ORD00921,P0336,2,2520.0,100.8,4939.2
OI002511,ORD00922,P0393,3,472.0,70.8,1345.2
OI002512,ORD00922,P0331,1,5200.0,260.0,4940.0
OI002513,ORD00922,P0380,1,23597.0,1179.85,22417.15
OI002514,ORD00923,P0128,3,504.0,0.0,1512.0
OI002515,ORD00923,P0025,1,493.05,24.65,468.4
OI002516,ORD00924,P0300,1,1547.1,0.0,1547.1
OI002517,ORD00924,P0251,3,25200.0,1512.0,74088.0
OI002518,ORD00924,P0138,2,794.0,0.0,1588.0
OI002519,ORD00925,P0011,3,13991.0,2098.65,39874.35
OI002520,ORD00925,P0385,2,813.0,0.0,1626.0
OI002521,ORD00926,P0131,3,20205.0,0.0,60615.0
OI002522,ORD00926,P0304,2,28441.0,0.0,56882.0
OI002523,ORD00926,P0065,1,6460.0,323.0,6137.0
OI002524,ORD00927,P0057,1,1809.0,0.0,1809.0
OI002525,ORD00928,P0321,2,170.4,0.0,340.8
OI002526,ORD00928,P0301,3,187.15,0.0,561.45
OI002527,ORD00929,P0163,1,781.0,0.0,781.0
OI002528,ORD00929,P0292,1,204.0,10.2,193.8
OI002529,ORD00930,P0373,1,11673.0,0.0,11673.0
OI002530,ORD00930,P0148,1,855.95,42.8,813.15
OI002531,ORD00931,P0036,3,594.0,0.0,1782.0
OI002532,ORD00931,P0373,3,11673.0,0.0,35019.0
OI002533,ORD00931,P0384,3,8334.0,0.0,25002.0
OI002534,ORD00931,P0056,3,3800.0,0.0,11400.0
OI002535,ORD00931,P0074,1,2356.0,47.12,2308.88
OI002536,ORD00932,P0054,1,1603.0,0.0,1603.0
OI002537,ORD00932,P0021,1,246.0,0.0,246.0
OI002538,ORD00932,P0324,3,319.2,47.88,909.72
OI002539,ORD00932,P0186,2,54045.5,2161.82,105929.18
OI002540,ORD00933,P0300,1,1547.1,0.0,1547.1
OI002541,ORD00933,P0198,3,385.0,57.75,1097.25
OI002542,ORD00933,P0205,2,1770.0,0.0,3540.0
OI002543,ORD00934,P0243,1,1389.0,0.0,1389.0
OI002544,ORD00934,P0072,3,875.7,0.0,2627.1
OI002545,ORD00935,P0395,1,1710.0,85.5,1624.5
OI002546,ORD00936,P0077,2,794.0,0.0,1588.0
OI002547,ORD00936,P0299,1,776.15,38.81,737.34
OI002548,ORD00936,P0055,2,7923.0,792.3,15053.7
OI002549,ORD00937,P0259,2,950.0,0.0,1900.0
OI002550,ORD00937,P0240,1,7990.0,159.8,7830.2
OI002551,ORD00938,P0154,3,10780.0,0.0,32340.0
OI002552,ORD00938,P0316,3,6298.5,0.0,18895.5
OI002553,ORD00938,P0156,2,5500.5,550.05,10450.95
OI002554,ORD00938,P0037,1,2619.0,52.38,2566.62
OI002555,ORD00938,P0189,1,2637.0,52.74,2584.26
OI002556,ORD00939,P0239,2,281.6,0.0,563.2
OI002557,ORD00939,P0172,3,963.0,0.0,2889.0
OI002558,ORD00939,P0335,1,323.2,6.46,316.74
OI002559,ORD00940,P0246,3,1377.5,0.0,4132.5
OI002560,ORD00940,P0214,1,13761.5,0.0,13761.5
OI002561,ORD00941,P0397,1,468.75,9.38,459.37
OI002562,ORD00941,P0067,1,270.0,0.0,270.0
OI002563,ORD00942,P0035,1,34218.0,1710.9,32507.1
OI002564,ORD00943,P0333,1,11480.0,229.6,11250.4
OI002565,ORD00944,P0341,1,5664.0,283.2,5380.8
OI002566,ORD00945,P0192,2,129.5,12.95,246.05
OI002567,ORD00946,P0082,1,61.0,0.0,61.0
OI002568,ORD00946,P0306,3,1472.0,220.8,4195.2
OI002569,ORD00946,P0174,3,312.8,0.0,938.4
OI002570,ORD00946,P0197,2,472.0,47.2,896.8
OI002571,ORD00946,P0158,3,2362.5,0.0,7087.5
OI002572,ORD00947,P0306,2,1472.0,0.0,2944.0
OI002573,ORD00947,P0004,3,4395.0,263.7,12921.3
OI002574,ORD00947,P0234,1,4290.0,214.5,4075.5
OI002575,ORD00948,P0073,2,43839.0,1753.56,85924.44
OI002576,ORD00948,P0102,3,509.0,0.0,1527.0
OI002577,ORD00948,P0085,1,2812.0,56.24,2755.76
OI002578,ORD00948,P0298,1,312.2,0.0,312.2
OI002579,ORD00949,P0399,1,295.0,0.0,295.0
OI002580,ORD00950,P0374,3,1995.0,0.0,5985.0
OI002581,ORD00950,P0098,1,739.8,0.0,739.8
OI002582,ORD00951,P0044,2,11970.0,478.8,23461.2
OI002583,ORD00951,P0378,3,1246.95,187.04,3553.81
OI002584,ORD00951,P0344,1,10850.0,0.0,10850.0
OI002585,ORD00951,P0398,3,24984.0,0.0,74952.0
OI002586,ORD00951,P0399,2,295.0,29.5,560.5
OI002587,ORD00952,P0322,1,8527.5,0.0,8527.5
OI002588,ORD00952,P0389,1,3884.5,0.0,3884.5
OI002589,ORD00953,P0322,2,8527.5,852.75,16202.25
OI002590,ORD00953,P0087,3,927.0,0.0,2781.0
OI002591,ORD00953,P0208,1,8140.0,0.0,8140.0
OI002592,ORD00954,P0217,3,197.1,11.83,579.47
OI002593,ORD00954,P0342,3,194.65,11.68,572.27
OI002594,ORD00955,P0047,3,3654.0,219.24,10742.76
OI002595,ORD00955,P0269,2,496.0,0.0,992.0
OI002596,ORD00956,P0168,1,8036.0,0.0,8036.0
OI002597,ORD00956,P0293,2,1341.0,0.0,2682.0
OI002598,ORD00956,P0121,1,1665.0,83.25,1581.75
OI002599,ORD00957,P0004,1,4395.0,0.0,4395.0
OI002600,ORD00957,P0321,2,170.4,0.0,340.8
OI002601,ORD00958,P0121,1,1665.0,0.0,1665.0
OI002602,ORD00959,P0261,3,6880.0,0.0,20640.0
OI002603,ORD00959,P0009,3,14017.5,2102.62,39949.88
OI002604,ORD00960,P0109,2,1809.0,0.0,3618.0
OI002605,ORD00960,P0150,1,201.0,4.02,196.98
OI002606,ORD00960,P0016,3,2751.0,0.0,8253.0
OI002607,ORD00961,P0273,2,1872.0,0.0,3744.0
OI002608,ORD00961,P0291,1,2282.0,0.0,2282.0
OI002609,ORD00961,P0034,2,2646.0,0.0,5292.0
OI002610,ORD00961,P0085,2,2812.0,112.48,5511.52
OI002611,ORD00962,P0216,2,2160.0,216.0,4104.0
OI002612,ORD00963,P0355,1,478.0,0.0,478.0
OI002613,ORD00963,P0111,3,6165.0,369.9,18125.1
OI002614,ORD00963,P0104,2,1100.8,0.0,2201.6
OI002615,ORD00964,P0265,3,40815.0,0.0,122445.0
OI002616,ORD00964,P0395,1,1710.0,0.0,1710.0
OI002617,ORD00964,P0335,2,323.2,32.32,614.08
OI002618,ORD00964,P0309,2,4870.0,487.0,9253.0
OI002619,ORD00964,P0377,3,1716.0,0.0,5148.0
OI002620,ORD00965,P0024,3,587.7,88.16,1674.94
OI002621,ORD00965,P0065,2,6460.0,0.0,12920.0
OI002622,ORD00965,P0010,3,11568.0,1735.2,32968.8
OI002623,ORD00965,P0235,1,1960.0,39.2,1920.8
OI002624,ORD00965,P0227,1,307.8,0.0,307.8
OI002625,ORD00966,P0332,2,32277.0,1291.08,63262.92
OI002626,ORD00966,P0042,1,485.45,9.71,475.74
OI002627,ORD00966,P0159,2,11007.5,440.3,21574.7
OI002628,ORD00967,P0098,3,739.8,0.0,2219.4
OI002629,ORD00968,P0152,2,726.75,29.07,1424.43
OI002630,ORD00969,P0308,1,6842.5,136.85,6705.65
OI002631,ORD00970,P0315,2,582.3,0.0,1164.6
OI002632,ORD00971,P0269,3,496.0,0.0,1488.0
OI002633,ORD00971,P0230,2,112208.0,0.0,224416.0
OI002634,ORD00971,P0251,3,25200.0,0.0,75600.0
OI002635,ORD00971,P0209,2,8016.0,0.0,16032.0
OI002636,ORD00972,P0176,1,55928.0,0.0,55928.0
OI002637,ORD00972,P0215,2,12010.5,480.42,23540.58
OI002638,ORD00972,P0037,1,2619.0,130.95,2488.05
OI002639,ORD00973,P0358,1,1111.0,0.0,1111.0
OI002640,ORD00973,P0228,3,113667.5,0.0,341002.5
OI002641,ORD00973,P0075,3,2147.0,0.0,6441.0
OI002642,ORD00973,P0225,1,2412.0,0.0,2412.0
OI002643,ORD00974,P0052,3,596.7,89.51,1700.59
OI002644,ORD00974,P0095,3,28323.0,1699.38,83269.62
OI002645,ORD00975,P0139,3,2590.0,155.4,7614.6
OI002646,ORD00975,P0097,2,2859.5,114.38,5604.62
OI002647,ORD00976,P0159,2,11007.5,0.0,22015.0
OI002648,ORD00977,P0138,1,794.0,0.0,794.0
OI002649,ORD00977,P0147,1,23805.0,1190.25,22614.75
OI002650,ORD00977,P0134,2,12300.0,492.0,24108.0
OI002651,ORD00978,P0078,3,765.0,114.75,2180.25
OI002652,ORD00978,P0247,1,6405.0,0.0,6405.0
OI002653,ORD00979,P0106,2,1952.0,0.0,3904.0
OI002654,ORD00979,P0112,3,1026.0,153.9,2924.1
OI002655,ORD00980,P0174,3,312.8,0.0,938.4
OI002656,ORD00980,P0224,3,44082.0,0.0,132246.0
OI002657,ORD00980,P0239,2,281.6,28.16,535.04
OI002658,ORD00981,P0294,1,315.9,6.32,309.58
OI002659,ORD00982,P0158,3,2362.5,0.0,7087.5
OI002660,ORD00982,P0179,3,3315.0,0.0,9945.0
OI002661,ORD00983,P0069,1,380.0,0.0,380.0
OI002662,ORD00983,P0191,3,821.75,0.0,2465.25
OI002663,ORD00983,P0166,1,2070.0,0.0,2070.0
OI002664,ORD00983,P0275,1,42363.0,0.0,42363.0
OI002665,ORD00983,P0222,3,441.0,0.0,1323.0
OI002666,ORD00984,P0342,1,194.65,0.0,194.65
OI002667,ORD00984,P0117,1,196.2,0.0,196.2
OI002668,ORD00984,P0091,2,184.0,0.0,368.0
OI002669,ORD00984,P0346,3,927.0,0.0,2781.0
OI002670,ORD00984,P0355,2,478.0,47.8,908.2
OI002671,ORD00985,P0342,3,194.65,11.68,572.27
OI002672,ORD00986,P0282,3,7600.0,0.0,22800.0
OI002673,ORD00987,P0360,1,370.4,0.0,370.4
OI002674,ORD00987,P0325,2,3390.0,0.0,6780.0
OI002675,ORD00988,P0380,2,23597.0,0.0,47194.0
OI002676,ORD00988,P0278,3,396.1,0.0,1188.3
OI002677,ORD00989,P0393,2,472.0,0.0,944.0
OI002678,ORD00989,P0231,3,2061.5,0.0,6184.5
OI002679,ORD00989,P0359,2,16920.0,0.0,33840.0
OI002680,ORD00990,P0202,2,801.0,32.04,1569.96
OI002681,ORD00990,P0231,3,2061.5,0.0,6184.5
OI002682,ORD00991,P0103,1,24800.0,496.0,24304.0
OI002683,ORD00991,P0033,3,30405.0,4560.75,86654.25
OI002684,ORD00991,P0168,3,8036.0,0.0,24108.0
OI002685,ORD00991,P0328,2,805.0,0.0,1610.0
OI002686,ORD00992,P0286,2,3915.0,391.5,7438.5
OI002687,ORD00992,P0159,2,11007.5,0.0,22015.0
OI002688,ORD00992,P0120,3,9603.0,0.0,28809.0
OI002689,ORD00992,P0362,2,9486.0,0.0,18972.0
OI002690,ORD00993,P0130,1,4100.0,82.0,4018.0
OI002691,ORD00993,P0134,3,12300.0,0.0,36900.0
OI002692,ORD00993,P0216,2,2160.0,86.4,4233.6
OI002693,ORD00994,P0029,2,102.6,4.1,201.1
OI002694,ORD00994,P0320,1,39358.5,787.17,38571.33
OI002695,ORD00994,P0126,2,7938.0,0.0,15876.0
OI002696,ORD00995,P0109,3,1809.0,0.0,5427.0
OI002697,ORD00995,P0112,2,1026.0,41.04,2010.96
OI002698,ORD00995,P0205,3,1770.0,265.5,5044.5
OI002699,ORD00996,P0034,2,2646.0,105.84,5186.16
OI002700,ORD00996,P0151,2,7542.0,0.0,15084.0
OI002701,ORD00997,P0222,2,441.0,44.1,837.9
OI002702,ORD00997,P0343,1,279.2,0.0,279.2
OI002703,ORD00997,P0132,3,876.35,0.0,2629.05
OI002704,ORD00997,P0156,3,5500.5,825.08,15676.42
OI002705,ORD00997,P0067,2,270.0,0.0,540.0
OI002706,ORD00998,P0268,1,12320.0,246.4,12073.6
OI002707,ORD00998,P0207,3,6867.0,0.0,20601.0
OI002708,ORD00999,P0081,1,700.0,0.0,700.0
OI002709,ORD00999,P0121,3,1665.0,0.0,4995.0
OI002710,ORD00999,P0353,3,782.0,0.0,2346.0
OI002711,ORD01000,P0371,3,2180.0,0.0,6540.0
OI002712,ORD01000,P0161,1,649.6,32.48,617.12
OI002713,ORD01000,P0159,1,11007.5,0.0,11007.5
OI002714,ORD01000,P0042,1,485.45,24.27,461.18
OI002715,ORD01000,P0270,2,2265.0,0.0,4530.0
OI002716,ORD01001,P0156,2,5500.5,0.0,11001.0
OI002717,ORD01001,P0318,2,57978.0,0.0,115956.0
OI002718,ORD01001,P0116,1,1162.8,23.26,1139.54
OI002719,ORD01001,P0383,1,39427.5,0.0,39427.5
OI002720,ORD01001,P0131,1,20205.0,1010.25,19194.75
OI002721,ORD01002,P0247,3,6405.0,0.0,19215.0
OI002722,ORD01002,P0211,2,1030.0,0.0,2060.0
OI002723,ORD01003,P0372,1,6732.0,0.0,6732.0
OI002724,ORD01003,P0044,3,11970.0,718.2,35191.8
OI002725,ORD01004,P0314,3,1599.7,0.0,4799.1
OI002726,ORD01005,P0325,3,3390.0,0.0,10170.0
OI002727,ORD01005,P0282,2,7600.0,760.0,14440.0
OI002728,ORD01006,P0248,3,16444.5,0.0,49333.5
OI002729,ORD01006,P0052,3,596.7,0.0,1790.1
OI002730,ORD01006,P0264,1,3980.0,0.0,3980.0
OI002731,ORD01007,P0264,2,3980.0,0.0,7960.0
OI002732,ORD01007,P0308,1,6842.5,342.12,6500.38
OI002733,ORD01007,P0057,1,1809.0,0.0,1809.0
OI002734,ORD01007,P0104,2,1100.8,44.03,2157.57
OI002735,ORD01008,P0334,3,408.6,61.29,1164.51
OI002736,ORD01008,P0061,2,2394.0,0.0,4788.0
OI002737,ORD01008,P0198,1,385.0,0.0,385.0
OI002738,ORD01009,P0360,1,370.4,0.0,370.4
OI002739,ORD01010,P0117,2,196.2,7.85,384.55
OI002740,ORD01010,P0386,3,981.75,0.0,2945.25
OI002741,ORD01010,P0101,2,461.3,0.0,922.6
OI002742,ORD01010,P0352,2,98775.0,0.0,197550.0
OI002743,ORD01010,P0197,3,472.0,0.0,1416.0
OI002744,ORD01011,P0195,1,1255.0,25.1,1229.9
OI002745,ORD01011,P0305,2,11367.0,0.0,22734.0
OI002746,ORD01012,P0066,3,21582.0,0.0,64746.0
OI002747,ORD01012,P0250,3,290.4,0.0,871.2
OI002748,ORD01012,P0339,1,1422.4,0.0,1422.4
OI002749,ORD01012,P0348,2,12978.0,519.12,25436.88
OI002750,ORD01013,P0367,3,180.75,0.0,542.25
OI002751,ORD01013,P0340,3,7880.0,0.0,23640.0
OI002752,ORD01014,P0126,1,7938.0,0.0,7938.0
OI002753,ORD01015,P0082,1,61.0,0.0,61.0
OI002754,ORD01016,P0268,1,12320.0,616.0,11704.0
OI002755,ORD01016,P0293,1,1341.0,67.05,1273.95
OI002756,ORD01016,P0212,3,424.8,0.0,1274.4
OI002757,ORD01017,P0325,2,3390.0,135.6,6644.4
OI002758,ORD01018,P0001,1,261.0,13.05,247.95
OI002759,ORD01018,P0152,3,726.75,0.0,2180.25
OI002760,ORD01018,P0116,3,1162.8,0.0,3488.4
OI002761,ORD01018,P0375,1,2466.0,0.0,2466.0
OI002762,ORD01019,P0391,3,2916.0,0.0,8748.0
OI002763,ORD01019,P0019,3,748.0,0.0,2244.0
OI002764,ORD01020,P0181,2,177.0,17.7,336.3
OI002765,ORD01020,P0239,1,281.6,0.0,281.6
OI002766,ORD01021,P0319,1,3672.0,183.6,3488.4
OI002767,ORD01021,P0206,1,774.0,15.48,758.52
OI002768,ORD01021,P0047,1,3654.0,0.0,3654.0
OI002769,ORD01022,P0079,1,513.95,10.28,503.67
OI002770,ORD01022,P0165,1,2259.0,0.0,2259.0
OI002771,ORD01022,P0113,2,498.0,0.0,996.0
OI002772,ORD01023,P0030,2,452.7,0.0,905.4
OI002773,ORD01023,P0045,3,2888.0,0.0,8664.0
OI002774,ORD01024,P0217,1,197.1,9.86,187.24
OI002775,ORD01024,P0332,1,32277.0,1613.85,30663.15
OI002776,ORD01024,P0325,1,3390.0,169.5,3220.5
OI002777,ORD01024,P0095,1,28323.0,0.0,28323.0
OI002778,ORD01024,P0195,2,1255.0,0.0,2510.0
OI002779,ORD01025,P0273,2,1872.0,0.0,3744.0
OI002780,ORD01025,P0230,1,112208.0,2244.16,109963.84
OI002781,ORD01025,P0328,3,805.0,0.0,2415.0
OI002782,ORD01026,P0052,3,596.7,0.0,1790.1
OI002783,ORD01026,P0317,3,720.0,0.0,2160.0
OI002784,ORD01027,P0141,3,74679.5,0.0,224038.5
OI002785,ORD01028,P0160,1,329.4,0.0,329.4
OI002786,ORD01028,P0055,2,7923.0,0.0,15846.0
OI002787,ORD01029,P0276,3,36247.5,2174.85,106567.65
OI002788,ORD01029,P0101,2,461.3,0.0,922.6
OI002789,ORD01030,P0156,1,5500.5,0.0,5500.5
OI002790,ORD01031,P0231,3,2061.5,309.23,5875.27
OI002791,ORD01031,P0255,3,56373.0,0.0,169119.0
OI002792,ORD01032,P0373,3,11673.0,700.38,34318.62
OI002793,ORD01032,P0345,2,1413.6,56.54,2770.66
OI002794,ORD01032,P0320,3,39358.5,0.0,118075.5
OI002795,ORD01033,P0127,2,2488.0,248.8,4727.2
OI002796,ORD01033,P0059,2,1367.1,0.0,2734.2
OI002797,ORD01033,P0229,2,5392.5,0.0,10785.0
OI002798,ORD01033,P0278,1,396.1,0.0,396.1
OI002799,ORD01033,P0029,3,102.6,0.0,307.8
OI002800,ORD01034,P0047,3,3654.0,548.1,10413.9
OI002801,ORD01035,P0279,1,256.5,12.83,243.67
OI002802,ORD01035,P0305,1,11367.0,0.0,11367.0
OI002803,ORD01036,P0153,3,792.4,0.0,2377.2
OI002804,ORD01036,P0187,3,2135.0,0.0,6405.0
OI002805,ORD01037,P0241,3,117.6,0.0,352.8
OI002806,ORD01037,P0215,3,12010.5,720.63,35310.87
OI002807,ORD01038,P0187,2,2135.0,0.0,4270.0
OI002808,ORD01038,P0233,1,400.5,8.01,392.49
OI002809,ORD01038,P0262,1,827.25,0.0,827.25
OI002810,ORD01039,P0307,2,1269.0,0.0,2538.0
OI002811,ORD01039,P0058,3,4869.0,292.14,14314.86
OI002812,ORD01039,P0367,3,180.75,10.85,531.4
OI002813,ORD01039,P0276,3,36247.5,2174.85,106567.65
OI002814,ORD01040,P0176,2,55928.0,0.0,111856.0
OI002815,ORD01040,P0010,2,11568.0,1156.8,21979.2
OI002816,ORD01040,P0078,3,765.0,0.0,2295.0
OI002817,ORD01040,P0358,3,1111.0,66.66,3266.34
OI002818,ORD01040,P0095,2,28323.0,0.0,56646.0
OI002819,ORD01041,P0285,2,870.0,34.8,1705.2
OI002820,ORD01041,P0251,2,25200.0,0.0,50400.0
OI002821,ORD01041,P0233,3,400.5,0.0,1201.5
OI002822,ORD01041,P0357,1,7182.5,0.0,7182.5
OI002823,ORD01042,P0085,3,2812.0,0.0,8436.0
OI002824,ORD01042,P0370,3,1501.0,225.15,4277.85
OI002825,ORD01043,P0351,2,922.5,36.9,1808.1
OI002826,ORD01043,P0047,1,3654.0,182.7,3471.3
OI002827,ORD01043,P0179,3,3315.0,0.0,9945.0
OI002828,ORD01044,P0280,2,7132.5,713.25,13551.75
OI002829,ORD01045,P0103,3,24800.0,1488.0,72912.0
OI002830,ORD01046,P0250,1,290.4,0.0,290.4
OI002831,ORD01046,P0260,3,352.0,0.0,1056.0
OI002832,ORD01047,P0195,1,1255.0,0.0,1255.0
OI002833,ORD01047,P0244,1,24093.0,0.0,24093.0
OI002834,ORD01047,P0323,2,3876.0,155.04,7596.96
OI002835,ORD01048,P0124,2,48142.5,4814.25,91470.75
OI002836,ORD01048,P0400,1,11276.5,0.0,11276.5
OI002837,ORD01048,P0396,2,50100.0,0.0,100200.0
OI002838,ORD01049,P0106,3,1952.0,117.12,5738.88
OI002839,ORD01049,P0350,1,18711.0,0.0,18711.0
OI002840,ORD01050,P0398,1,24984.0,0.0,24984.0
OI002841,ORD01051,P0369,2,10773.0,1077.3,20468.7
OI002842,ORD01052,P0071,1,11925.0,0.0,11925.0
OI002843,ORD01052,P0137,3,4372.5,262.35,12855.15
OI002844,ORD01053,P0221,3,7038.0,1055.7,20058.3
OI002845,ORD01054,P0096,1,26621.0,0.0,26621.0
OI002846,ORD01054,P0050,1,66460.0,1329.2,65130.8
OI002847,ORD01054,P0302,2,1929.5,0.0,3859.0
OI002848,ORD01054,P0199,2,7791.0,0.0,15582.0
OI002849,ORD01054,P0062,3,12901.0,0.0,38703.0
OI002850,ORD01055,P0197,2,472.0,0.0,944.0
OI002851,ORD01055,P0038,2,1213.15,0.0,2426.3
OI002852,ORD01056,P0005,1,493.5,0.0,493.5
OI002853,ORD01056,P0182,2,491.0,0.0,982.0
OI002854,ORD01056,P0294,1,315.9,0.0,315.9
OI002855,ORD01056,P0263,2,1287.0,128.7,2445.3
OI002856,ORD01057,P0076,2,13450.0,1345.0,25555.0
OI002857,ORD01057,P0313,2,914.85,0.0,1829.7
OI002858,ORD01057,P0111,1,6165.0,0.0,6165.0
OI002859,ORD01058,P0377,3,1716.0,257.4,4890.6
OI002860,ORD01059,P0157,2,65240.0,6524.0,123956.0
OI002861,ORD01059,P0115,3,479.25,71.89,1365.86
OI002862,ORD01059,P0394,3,1550.0,0.0,4650.0
OI002863,ORD01059,P0177,2,618.8,0.0,1237.6
OI002864,ORD01060,P0307,3,1269.0,190.35,3616.65
OI002865,ORD01060,P0313,2,914.85,0.0,1829.7
OI002866,ORD01060,P0368,2,338.4,0.0,676.8
OI002867,ORD01060,P0316,3,6298.5,0.0,18895.5
OI002868,ORD01060,P0023,1,4870.0,0.0,4870.0
OI002869,ORD01061,P0067,2,270.0,0.0,540.0
OI002870,ORD01061,P0254,3,2302.5,138.15,6769.35
OI002871,ORD01062,P0179,1,3315.0,66.3,3248.7
OI002872,ORD01062,P0382,2,1387.5,0.0,2775.0
OI002873,ORD01062,P0126,1,7938.0,0.0,7938.0
OI002874,ORD01063,P0143,3,2061.0,309.15,5873.85
OI002875,ORD01063,P0066,2,21582.0,2158.2,41005.8
OI002876,ORD01064,P0121,2,1665.0,0.0,3330.0
OI002877,ORD01064,P0261,2,6880.0,0.0,13760.0
OI002878,ORD01064,P0281,3,3288.0,0.0,9864.0
OI002879,ORD01065,P0319,1,3672.0,73.44,3598.56
OI002880,ORD01066,P0146,1,235.2,0.0,235.2
OI002881,ORD01066,P0187,2,2135.0,0.0,4270.0
OI002882,ORD01066,P0152,3,726.75,109.01,2071.24
OI002883,ORD01066,P0314,1,1599.7,0.0,1599.7
OI002884,ORD01067,P0211,1,1030.0,0.0,1030.0
OI002885,ORD01068,P0138,1,794.0,39.7,754.3
OI002886,ORD01068,P0309,3,4870.0,730.5,13879.5
OI002887,ORD01069,P0080,3,36824.0,0.0,110472.0
OI002888,ORD01069,P0248,1,16444.5,0.0,16444.5
OI002889,ORD01069,P0111,2,6165.0,0.0,12330.0
OI002890,ORD01070,P0191,1,821.75,0.0,821.75
OI002891,ORD01070,P0234,1,4290.0,0.0,4290.0
OI002892,ORD01070,P0240,3,7990.0,479.4,23490.6
OI002893,ORD01071,P0038,3,1213.15,0.0,3639.45
OI002894,ORD01072,P0243,3,1389.0,0.0,4167.0
OI002895,ORD01072,P0275,1,42363.0,2118.15,40244.85
OI002896,ORD01072,P0373,1,11673.0,0.0,11673.0
OI002897,ORD01073,P0142,2,2380.0,0.0,4760.0
OI002898,ORD01074,P0213,3,414.9,0.0,1244.7
OI002899,ORD01075,P0158,3,2362.5,0.0,7087.5
OI002900,ORD01076,P0226,1,10590.0,0.0,10590.0
OI002901,ORD01076,P0327,2,165.75,16.57,314.93
OI002902,ORD01077,P0375,1,2466.0,0.0,2466.0
OI002903,ORD01077,P0038,1,1213.15,0.0,1213.15
OI002904,ORD01077,P0164,3,731.5,0.0,2194.5
OI002905,ORD01077,P0059,1,1367.1,27.34,1339.76
OI002906,ORD01077,P0395,1,1710.0,85.5,1624.5
OI002907,ORD01078,P0010,1,11568.0,231.36,11336.64
OI002908,ORD01078,P0370,3,1501.0,0.0,4503.0
OI002909,ORD01079,P0184,1,16507.0,330.14,16176.86
OI002910,ORD01079,P0256,2,10179.0,407.16,19950.84
OI002911,ORD01079,P0262,3,827.25,49.63,2432.12
OI002912,ORD01080,P0127,2,2488.0,0.0,4976.0
OI002913,ORD01080,P0076,3,13450.0,0.0,40350.0
OI002914,ORD01080,P0275,3,42363.0,0.0,127089.0
OI002915,ORD01080,P0103,1,24800.0,496.0,24304.0
OI002916,ORD01081,P0333,1,11480.0,0.0,11480.0
OI002917,ORD01082,P0049,3,37323.0,0.0,111969.0
OI002918,ORD01082,P0199,2,7791.0,0.0,15582.0
OI002919,ORD01082,P0400,3,11276.5,1691.48,32138.02
OI002920,ORD01082,P0337,3,3771.0,0.0,11313.0
OI002921,ORD01082,P0317,3,720.0,0.0,2160.0
OI002922,ORD01083,P0333,3,11480.0,0.0,34440.0
OI002923,ORD01083,P0356,1,7398.0,369.9,7028.1
OI002924,ORD01084,P0220,1,840.0,0.0,840.0
OI002925,ORD01085,P0335,2,323.2,0.0,646.4
OI002926,ORD01085,P0077,2,794.0,0.0,1588.0
OI002927,ORD01085,P0365,2,51250.0,5125.0,97375.0
OI002928,ORD01085,P0246,3,1377.5,82.65,4049.85
OI002929,ORD01086,P0121,2,1665.0,66.6,3263.4
OI002930,ORD01086,P0135,1,10960.0,0.0,10960.0
OI002931,ORD01086,P0300,3,1547.1,0.0,4641.3
OI002932,ORD01087,P0061,1,2394.0,47.88,2346.12
OI002933,ORD01088,P0314,2,1599.7,0.0,3199.4
OI002934,ORD01088,P0325,2,3390.0,135.6,6644.4
OI002935,ORD01088,P0144,2,1928.5,0.0,3857.0
OI002936,ORD01088,P0327,2,165.75,0.0,331.5
OI002937,ORD01088,P0262,1,827.25,41.36,785.89
OI002938,ORD01089,P0389,3,3884.5,582.68,11070.82
OI002939,ORD01089,P0114,1,4329.0,0.0,4329.0
OI002940,ORD01089,P0299,2,776.15,31.05,1521.25
OI002941,ORD01090,P0271,3,2827.5,0.0,8482.5
OI002942,ORD01090,P0196,3,2934.0,0.0,8802.0
OI002943,ORD01090,P0193,2,3094.0,0.0,6188.0
OI002944,ORD01091,P0108,1,41676.5,0.0,41676.5
OI002945,ORD01091,P0134,1,12300.0,246.0,12054.0
OI002946,ORD01092,P0343,1,279.2,0.0,279.2
OI002947,ORD01093,P0096,3,26621.0,0.0,79863.0
OI002948,ORD01093,P0099,2,2871.0,0.0,5742.0
OI002949,ORD01093,P0247,3,6405.0,960.75,18254.25
OI002950,ORD01094,P0124,2,48142.5,1925.7,94359.3
OI002951,ORD01094,P0269,1,496.0,0.0,496.0
OI002952,ORD01094,P0189,2,2637.0,0.0,5274.0
OI002953,ORD01094,P0381,3,639.0,0.0,1917.0
OI002954,ORD01094,P0096,3,26621.0,0.0,79863.0
OI002955,ORD01095,P0165,1,2259.0,0.0,2259.0
OI002956,ORD01095,P0383,3,39427.5,5914.12,112368.38
OI002957,ORD01095,P0047,3,3654.0,219.24,10742.76
OI002958,ORD01095,P0351,2,922.5,92.25,1752.75
OI002959,ORD01096,P0146,3,235.2,14.11,691.49
OI002960,ORD01096,P0158,3,2362.5,141.75,6945.75
OI002961,ORD01096,P0103,3,24800.0,0.0,74400.0
OI002962,ORD01096,P0203,1,595.0,0.0,595.0
OI002963,ORD01096,P0250,1,290.4,0.0,290.4
OI002964,ORD01097,P0268,3,12320.0,0.0,36960.0
OI002965,ORD01097,P0326,3,908.0,0.0,2724.0
OI002966,ORD01098,P0161,1,649.6,0.0,649.6
OI002967,ORD01098,P0263,3,1287.0,0.0,3861.0
OI002968,ORD01099,P0171,2,67370.0,6737.0,128003.0
OI002969,ORD01099,P0261,3,6880.0,1032.0,19608.0
OI002970,ORD01100,P0257,2,529.15,21.17,1037.13
OI002971,ORD01100,P0039,2,25483.0,1019.32,49946.68
OI002972,ORD01101,P0300,1,1547.1,0.0,1547.1
OI002973,ORD01101,P0273,3,1872.0,0.0,5616.0
OI002974,ORD01101,P0130,1,4100.0,205.0,3895.0
OI002975,ORD01102,P0185,2,1830.0,0.0,3660.0
OI002976,ORD01102,P0361,3,4263.0,0.0,12789.0
OI002977,ORD01103,P0063,1,2286.0,114.3,2171.7
OI002978,ORD01103,P0189,2,2637.0,0.0,5274.0
OI002979,ORD01104,P0166,3,2070.0,124.2,6085.8
OI002980,ORD01104,P0179,2,3315.0,0.0,6630.0
OI002981,ORD01104,P0110,1,116.0,0.0,116.0
OI002982,ORD01105,P0358,2,1111.0,111.1,2110.9
OI002983,ORD01106,P0273,3,1872.0,0.0,5616.0
OI002984,ORD01106,P0196,2,2934.0,0.0,5868.0
OI002985,ORD01107,P0144,1,1928.5,38.57,1889.93
OI002986,ORD01108,P0375,1,2466.0,0.0,2466.0
OI002987,ORD01109,P0046,2,900.0,0.0,1800.0
OI002988,ORD01109,P0147,3,23805.0,1428.3,69986.7
OI002989,ORD01109,P0060,3,1035.0,62.1,3042.9
OI002990,ORD01110,P0038,3,1213.15,181.97,3457.48
OI002991,ORD01110,P0107,2,1719.5,171.95,3267.05
OI002992,ORD01111,P0014,1,348.3,0.0,348.3
OI002993,ORD01111,P0114,2,4329.0,173.16,8484.84
OI002994,ORD01111,P0337,3,3771.0,0.0,11313.0
OI002995,ORD01112,P0265,2,40815.0,1632.6,79997.4
OI002996,ORD01113,P0205,3,1770.0,0.0,5310.0
OI002997,ORD01113,P0313,1,914.85,0.0,914.85
OI002998,ORD01113,P0035,1,34218.0,0.0,34218.0
OI002999,ORD01114,P0127,3,2488.0,0.0,7464.0
OI003000,ORD01114,P0370,3,1501.0,225.15,4277.85
OI003001,ORD01114,P0001,3,261.0,0.0,783.0
OI003002,ORD01114,P0025,3,493.05,29.58,1449.57
OI003003,ORD01114,P0302,1,1929.5,0.0,1929.5
OI003004,ORD01115,P0285,2,870.0,0.0,1740.0
OI003005,ORD01115,P0196,1,2934.0,58.68,2875.32
OI003006,ORD01116,P0032,3,873.0,52.38,2566.62
OI003007,ORD01116,P0123,3,242.4,14.54,712.66
OI003008,ORD01117,P0029,2,102.6,0.0,205.2
OI003009,ORD01117,P0082,2,61.0,0.0,122.0
OI003010,ORD01118,P0272,2,635.0,63.5,1206.5
OI003011,ORD01119,P0320,3,39358.5,0.0,118075.5
OI003012,ORD01120,P0337,3,3771.0,0.0,11313.0
OI003013,ORD01120,P0174,1,312.8,15.64,297.16
OI003014,ORD01120,P0315,1,582.3,11.65,570.65
OI003015,ORD01120,P0364,1,84610.0,0.0,84610.0
OI003016,ORD01121,P0197,3,472.0,70.8,1345.2
OI003017,ORD01121,P0249,1,748.0,14.96,733.04
OI003018,ORD01121,P0222,3,441.0,0.0,1323.0
OI003019,ORD01121,P0125,2,608.0,0.0,1216.0
OI003020,ORD01122,P0158,2,2362.5,0.0,4725.0
OI003021,ORD01122,P0175,2,37540.0,0.0,75080.0
OI003022,ORD01122,P0176,3,55928.0,0.0,167784.0
OI003023,ORD01122,P0093,3,423.0,0.0,1269.0
OI003024,ORD01123,P0200,2,2529.0,252.9,4805.1
OI003025,ORD01123,P0018,2,730.0,29.2,1430.8
OI003026,ORD01123,P0083,3,6600.0,0.0,19800.0
OI003027,ORD01123,P0385,2,813.0,0.0,1626.0
OI003028,ORD01123,P0229,2,5392.5,0.0,10785.0
OI003029,ORD01124,P0029,2,102.6,0.0,205.2
OI003030,ORD01124,P0043,1,3472.5,0.0,3472.5
OI003031,ORD01125,P0233,2,400.5,16.02,784.98
OI003032,ORD01125,P0195,3,1255.0,188.25,3576.75
OI003033,ORD01125,P0280,1,7132.5,356.62,6775.88
OI003034,ORD01125,P0218,3,610.4,0.0,1831.2
OI003035,ORD01126,P0188,3,15861.0,2379.15,45203.85
OI003036,ORD01127,P0168,1,8036.0,160.72,7875.28
OI003037,ORD01127,P0327,2,165.75,16.57,314.93
OI003038,ORD01127,P0366,3,13920.0,2088.0,39672.0
OI003039,ORD01127,P0054,3,1603.0,0.0,4809.0
OI003040,ORD01127,P0344,2,10850.0,0.0,21700.0
OI003041,ORD01128,P0338,3,4674.0,701.1,13320.9
OI003042,ORD01128,P0181,3,177.0,0.0,531.0
OI003043,ORD01129,P0366,3,13920.0,835.2,40924.8
OI003044,ORD01129,P0274,2,2320.0,232.0,4408.0
OI003045,ORD01129,P0117,1,196.2,0.0,196.2
OI003046,ORD01129,P0318,1,57978.0,2898.9,55079.1
OI003047,ORD01130,P0243,3,1389.0,83.34,4083.66
OI003048,ORD01130,P0115,2,479.25,0.0,958.5
OI003049,ORD01130,P0348,2,12978.0,1297.8,24658.2
OI003050,ORD01131,P0342,1,194.65,9.73,184.92
OI003051,ORD01131,P0226,3,10590.0,0.0,31770.0
OI003052,ORD01132,P0224,3,44082.0,0.0,132246.0
OI003053,ORD01132,P0236,1,6860.0,343.0,6517.0
OI003054,ORD01133,P0263,3,1287.0,77.22,3783.78
OI003055,ORD01133,P0310,3,16055.0,0.0,48165.0
OI003056,ORD01134,P0141,2,74679.5,0.0,149359.0
OI003057,ORD01134,P0202,2,801.0,0.0,1602.0
OI003058,ORD01135,P0011,2,13991.0,1399.1,26582.9
OI003059,ORD01135,P0208,2,8140.0,325.6,15954.4
OI003060,ORD01135,P0033,1,30405.0,0.0,30405.0
OI003061,ORD01135,P0105,1,1600.0,0.0,1600.0
OI003062,ORD01136,P0322,1,8527.5,170.55,8356.95
OI003063,ORD01136,P0222,2,441.0,0.0,882.0
OI003064,ORD01136,P0330,2,544.0,0.0,1088.0
OI003065,ORD01136,P0312,3,1836.0,110.16,5397.84
OI003066,ORD01136,P0134,2,12300.0,0.0,24600.0
OI003067,ORD01137,P0136,2,362.0,14.48,709.52
OI003068,ORD01137,P0304,2,28441.0,0.0,56882.0
OI003069,ORD01137,P0286,2,3915.0,0.0,7830.0
OI003070,ORD01138,P0274,2,2320.0,0.0,4640.0
OI003071,ORD01138,P0392,3,1070.1,0.0,3210.3
OI003072,ORD01138,P0310,3,16055.0,0.0,48165.0
OI003073,ORD01138,P0329,3,771.4,0.0,2314.2
OI003074,ORD01139,P0276,3,36247.5,0.0,108742.5
OI003075,ORD01139,P0054,2,1603.0,0.0,3206.0
OI003076,ORD01140,P0141,1,74679.5,0.0,74679.5
OI003077,ORD01140,P0062,2,12901.0,0.0,25802.0
OI003078,ORD01140,P0371,2,2180.0,0.0,4360.0
OI003079,ORD01140,P0347,3,757.5,0.0,2272.5
OI003080,ORD01141,P0257,3,529.15,79.37,1508.08
OI003081,ORD01142,P0199,2,7791.0,779.1,14802.9
OI003082,ORD01143,P0255,2,56373.0,5637.3,107108.7
OI003083,ORD01144,P0326,3,908.0,0.0,2724.0
OI003084,ORD01144,P0138,1,794.0,0.0,794.0
OI003085,ORD01144,P0068,2,446.4,17.86,874.94
OI003086,ORD01144,P0006,2,5196.5,0.0,10393.0
OI003087,ORD01145,P0162,3,130020.0,0.0,390060.0
OI003088,ORD01145,P0247,2,6405.0,640.5,12169.5
OI003089,ORD01145,P0346,1,927.0,0.0,927.0
OI003090,ORD01146,P0084,1,5925.0,0.0,5925.0
OI003091,ORD01146,P0085,1,2812.0,56.24,2755.76
OI003092,ORD01146,P0249,3,748.0,44.88,2199.12
OI003093,ORD01147,P0031,1,1080.0,0.0,1080.0
OI003094,ORD01148,P0027,2,15750.0,630.0,30870.0
OI003095,ORD01148,P0264,2,3980.0,0.0,7960.0
OI003096,ORD01148,P0226,1,10590.0,0.0,10590.0
OI003097,ORD01149,P0242,1,689.0,0.0,689.0
OI003098,ORD01149,P0326,3,908.0,0.0,2724.0
OI003099,ORD01149,P0315,1,582.3,0.0,582.3
OI003100,ORD01150,P0036,3,594.0,0.0,1782.0
OI003101,ORD01150,P0354,2,253.8,0.0,507.6
OI003102,ORD01151,P0244,3,24093.0,3613.95,68665.05
OI003103,ORD01151,P0211,1,1030.0,20.6,1009.4
OI003104,ORD01151,P0312,3,1836.0,0.0,5508.0
OI003105,ORD01151,P0191,3,821.75,0.0,2465.25
OI003106,ORD01151,P0173,1,437.0,0.0,437.0
OI003107,ORD01152,P0331,1,5200.0,0.0,5200.0
OI003108,ORD01152,P0265,3,40815.0,2448.9,119996.1
OI003109,ORD01152,P0185,3,1830.0,0.0,5490.0
OI003110,ORD01152,P0003,1,79590.0,3979.5,75610.5
OI003111,ORD01152,P0182,2,491.0,0.0,982.0
OI003112,ORD01153,P0382,2,1387.5,0.0,2775.0
OI003113,ORD01153,P0159,3,11007.5,0.0,33022.5
OI003114,ORD01153,P0312,3,1836.0,0.0,5508.0
OI003115,ORD01153,P0078,2,765.0,30.6,1499.4
OI003116,ORD01153,P0261,1,6880.0,344.0,6536.0
OI003117,ORD01154,P0340,3,7880.0,472.8,23167.2
OI003118,ORD01154,P0157,3,65240.0,0.0,195720.0
OI003119,ORD01154,P0280,1,7132.5,0.0,7132.5
OI003120,ORD01154,P0171,1,67370.0,3368.5,64001.5
OI003121,ORD01155,P0390,1,2235.5,0.0,2235.5
OI003122,ORD01155,P0131,3,20205.0,3030.75,57584.25
OI003123,ORD01155,P0123,3,242.4,0.0,727.2
OI003124,ORD01156,P0339,3,1422.4,0.0,4267.2
OI003125,ORD01156,P0017,1,1344.25,26.89,1317.36
OI003126,ORD01156,P0346,1,927.0,18.54,908.46
OI003127,ORD01156,P0123,1,242.4,0.0,242.4
OI003128,ORD01156,P0374,1,1995.0,99.75,1895.25
OI003129,ORD01157,P0362,3,9486.0,569.16,27888.84
OI003130,ORD01157,P0028,2,29984.0,0.0,59968.0
OI003131,ORD01157,P0053,1,2260.0,0.0,2260.0
OI003132,ORD01157,P0108,2,41676.5,0.0,83353.0
OI003133,ORD01158,P0064,2,6170.0,246.8,12093.2
OI003134,ORD01158,P0293,3,1341.0,80.46,3942.54
OI003135,ORD01158,P0191,1,821.75,16.43,805.32
OI003136,ORD01159,P0156,3,5500.5,0.0,16501.5
OI003137,ORD01160,P0119,3,1730.0,0.0,5190.0
OI003138,ORD01160,P0193,3,3094.0,0.0,9282.0
OI003139,ORD01161,P0002,3,3368.0,0.0,10104.0
OI003140,ORD01161,P0203,1,595.0,11.9,583.1
OI003141,ORD01161,P0158,2,2362.5,94.5,4630.5
OI003142,ORD01162,P0340,1,7880.0,0.0,7880.0
OI003143,ORD01162,P0018,1,730.0,0.0,730.0
OI003144,ORD01162,P0386,1,981.75,0.0,981.75
OI003145,ORD01162,P0045,2,2888.0,115.52,5660.48
OI003146,ORD01162,P0100,1,1320.0,0.0,1320.0
OI003147,ORD01163,P0372,2,6732.0,673.2,12790.8
OI003148,ORD01163,P0296,3,337.5,50.62,961.88
OI003149,ORD01164,P0195,1,1255.0,0.0,1255.0
OI003150,ORD01164,P0100,3,1320.0,0.0,3960.0
OI003151,ORD01165,P0050,2,66460.0,0.0,132920.0
OI003152,ORD01165,P0080,3,36824.0,0.0,110472.0
OI003153,ORD01166,P0365,2,51250.0,0.0,102500.0
OI003154,ORD01167,P0210,3,1050.6,63.04,3088.76
OI003155,ORD01167,P0123,2,242.4,0.0,484.8
OI003156,ORD01168,P0179,2,3315.0,132.6,6497.4
OI003157,ORD01168,P0143,1,2061.0,41.22,2019.78
OI003158,ORD01169,P0048,3,2213.5,132.81,6507.69
OI003159,ORD01169,P0282,3,7600.0,0.0,22800.0
OI003160,ORD01170,P0021,3,246.0,36.9,701.1
OI003161,ORD01170,P0376,3,43677.0,6551.55,124479.45
OI003162,ORD01170,P0162,3,130020.0,7801.2,382258.8
OI003163,ORD01171,P0390,1,2235.5,111.78,2123.72
OI003164,ORD01171,P0172,1,963.0,0.0,963.0
OI003165,ORD01172,P0366,3,13920.0,0.0,41760.0
OI003166,ORD01172,P0334,1,408.6,0.0,408.6
OI003167,ORD01172,P0163,2,781.0,0.0,1562.0
OI003168,ORD01172,P0265,3,40815.0,0.0,122445.0
OI003169,ORD01172,P0078,1,765.0,38.25,726.75
OI003170,ORD01173,P0307,3,1269.0,0.0,3807.0
OI003171,ORD01173,P0332,1,32277.0,0.0,32277.0
OI003172,ORD01173,P0129,3,348.0,0.0,1044.0
OI003173,ORD01173,P0395,1,1710.0,34.2,1675.8
OI003174,ORD01173,P0059,3,1367.1,0.0,4101.3
OI003175,ORD01174,P0329,1,771.4,15.43,755.97
OI003176,ORD01175,P0128,2,504.0,0.0,1008.0
OI003177,ORD01175,P0224,3,44082.0,0.0,132246.0
OI003178,ORD01176,P0074,1,2356.0,47.12,2308.88
OI003179,ORD01176,P0279,1,256.5,5.13,251.37
OI003180,ORD01176,P0082,2,61.0,0.0,122.0
OI003181,ORD01176,P0208,3,8140.0,0.0,24420.0
OI003182,ORD01177,P0361,3,4263.0,0.0,12789.0
OI003183,ORD01177,P0210,3,1050.6,0.0,3151.8
OI003184,ORD01177,P0287,1,9270.0,0.0,9270.0
OI003185,ORD01177,P0063,1,2286.0,0.0,2286.0
OI003186,ORD01177,P0390,2,2235.5,0.0,4471.0
OI003187,ORD01178,P0097,3,2859.5,171.57,8406.93
OI003188,ORD01178,P0394,2,1550.0,0.0,3100.0
OI003189,ORD01179,P0124,3,48142.5,0.0,144427.5
OI003190,ORD01180,P0290,3,214.2,0.0,642.6
OI003191,ORD01180,P0245,3,616.5,0.0,1849.5
OI003192,ORD01180,P0257,1,529.15,26.46,502.69
OI003193,ORD01181,P0040,2,90189.0,0.0,180378.0
OI003194,ORD01181,P0260,1,352.0,7.04,344.96
OI003195,ORD01181,P0332,3,32277.0,0.0,96831.0
OI003196,ORD01181,P0294,1,315.9,6.32,309.58
OI003197,ORD01181,P0028,1,29984.0,0.0,29984.0
OI003198,ORD01182,P0253,1,1485.0,74.25,1410.75
OI003199,ORD01182,P0095,2,28323.0,2832.3,53813.7
OI003200,ORD01183,P0092,2,593.6,23.74,1163.46
OI003201,ORD01183,P0154,3,10780.0,646.8,31693.2
OI003202,ORD01183,P0118,2,5880.0,0.0,11760.0
OI003203,ORD01184,P0327,2,165.75,0.0,331.5
OI003204,ORD01184,P0169,1,6279.0,0.0,6279.0
OI003205,ORD01184,P0219,2,12090.0,483.6,23696.4
OI003206,ORD01184,P0089,1,2712.0,0.0,2712.0
OI003207,ORD01184,P0104,2,1100.8,110.08,2091.52
OI003208,ORD01185,P0130,3,4100.0,615.0,11685.0
OI003209,ORD01186,P0048,3,2213.5,132.81,6507.69
OI003210,ORD01187,P0218,1,610.4,12.21,598.19
OI003211,ORD01187,P0156,2,5500.5,0.0,11001.0
OI003212,ORD01188,P0005,2,493.5,19.74,967.26
OI003213,ORD01188,P0269,1,496.0,0.0,496.0
OI003214,ORD01189,P0076,2,13450.0,0.0,26900.0
OI003215,ORD01189,P0168,1,8036.0,160.72,7875.28
OI003216,ORD01190,P0373,3,11673.0,1750.95,33268.05
OI003217,ORD01190,P0299,2,776.15,0.0,1552.3
OI003218,ORD01191,P0053,3,2260.0,135.6,6644.4
OI003219,ORD01191,P0013,3,645.75,96.86,1840.39
OI003220,ORD01191,P0089,3,2712.0,406.8,7729.2
OI003221,ORD01191,P0044,3,11970.0,1795.5,34114.5
OI003222,ORD01192,P0247,3,6405.0,0.0,19215.0
OI003223,ORD01192,P0393,3,472.0,70.8,1345.2
OI003224,ORD01193,P0384,3,8334.0,0.0,25002.0
OI003225,ORD01193,P0153,3,792.4,47.54,2329.66
OI003226,ORD01193,P0275,3,42363.0,6354.45,120734.55
OI003227,ORD01194,P0304,3,28441.0,0.0,85323.0
OI003228,ORD01194,P0148,1,855.95,0.0,855.95
OI003229,ORD01194,P0172,2,963.0,0.0,1926.0
OI003230,ORD01194,P0198,3,385.0,0.0,1155.0
OI003231,ORD01195,P0100,1,1320.0,0.0,1320.0
OI003232,ORD01195,P0271,2,2827.5,0.0,5655.0
OI003233,ORD01195,P0165,2,2259.0,90.36,4427.64
OI003234,ORD01196,P0165,2,2259.0,90.36,4427.64
OI003235,ORD01196,P0335,2,323.2,0.0,646.4
OI003236,ORD01196,P0203,3,595.0,35.7,1749.3
OI003237,ORD01197,P0223,2,950.0,95.0,1805.0
OI003238,ORD01197,P0294,3,315.9,18.95,928.75
OI003239,ORD01197,P0111,3,6165.0,0.0,18495.0
OI003240,ORD01197,P0327,1,165.75,0.0,165.75
OI003241,ORD01198,P0162,1,130020.0,2600.4,127419.6
OI003242,ORD01199,P0307,2,1269.0,0.0,2538.0
OI003243,ORD01199,P0374,3,1995.0,119.7,5865.3
OI003244,ORD01199,P0038,1,1213.15,24.26,1188.89
OI003245,ORD01199,P0018,3,730.0,43.8,2146.2
OI003246,ORD01199,P0117,2,196.2,19.62,372.78
OI003247,ORD01200,P0173,3,437.0,0.0,1311.0
OI003248,ORD01200,P0266,1,30160.0,603.2,29556.8
OI003249,ORD01201,P0383,2,39427.5,1577.1,77277.9
OI003250,ORD01201,P0108,1,41676.5,0.0,41676.5
OI003251,ORD01202,P0147,3,23805.0,0.0,71415.0
OI003252,ORD01203,P0186,1,54045.5,0.0,54045.5
OI003253,ORD01203,P0296,3,337.5,20.25,992.25
OI003254,ORD01203,P0081,1,700.0,35.0,665.0
OI003255,ORD01204,P0174,2,312.8,0.0,625.6
OI003256,ORD01204,P0076,3,13450.0,0.0,40350.0
OI003257,ORD01204,P0339,2,1422.4,142.24,2702.56
OI003258,ORD01204,P0143,1,2061.0,0.0,2061.0
OI003259,ORD01205,P0245,3,616.5,36.99,1812.51
OI003260,ORD01206,P0075,1,2147.0,107.35,2039.65
OI003261,ORD01206,P0205,1,1770.0,0.0,1770.0
OI003262,ORD01206,P0111,3,6165.0,0.0,18495.0
OI003263,ORD01206,P0394,3,1550.0,0.0,4650.0
OI003264,ORD01207,P0153,2,792.4,0.0,1584.8
OI003265,ORD01208,P0394,2,1550.0,155.0,2945.0
OI003266,ORD01209,P0033,3,30405.0,4560.75,86654.25
OI003267,ORD01209,P0298,2,312.2,12.49,611.91
OI003268,ORD01209,P0172,3,963.0,0.0,2889.0
OI003269,ORD01210,P0255,2,56373.0,0.0,112746.0
OI003270,ORD01210,P0384,1,8334.0,0.0,8334.0
OI003271,ORD01211,P0115,3,479.25,71.89,1365.86
OI003272,ORD01212,P0125,1,608.0,0.0,608.0
OI003273,ORD01212,P0327,1,165.75,0.0,165.75
OI003274,ORD01212,P0345,1,1413.6,28.27,1385.33
OI003275,ORD01213,P0176,2,55928.0,0.0,111856.0
OI003276,ORD01214,P0011,2,13991.0,559.64,27422.36
OI003277,ORD01214,P0261,2,6880.0,0.0,13760.0
OI003278,ORD01214,P0175,2,37540.0,3754.0,71326.0
OI003279,ORD01215,P0062,3,12901.0,0.0,38703.0
OI003280,ORD01215,P0313,2,914.85,36.59,1793.11
OI003281,ORD01216,P0061,1,2394.0,0.0,2394.0
OI003282,ORD01216,P0110,2,116.0,0.0,232.0
OI003283,ORD01216,P0161,1,649.6,12.99,636.61
OI003284,ORD01217,P0172,3,963.0,0.0,2889.0
OI003285,ORD01217,P0279,1,256.5,0.0,256.5
OI003286,ORD01218,P0091,2,184.0,0.0,368.0
OI003287,ORD01218,P0274,1,2320.0,46.4,2273.6
OI003288,ORD01218,P0210,2,1050.6,0.0,2101.2
OI003289,ORD01218,P0339,2,1422.4,56.9,2787.9
OI003290,ORD01218,P0194,3,50310.0,7546.5,143383.5
OI003291,ORD01219,P0194,1,50310.0,0.0,50310.0
OI003292,ORD01219,P0368,3,338.4,0.0,1015.2
OI003293,ORD01219,P0214,2,13761.5,1376.15,26146.85
OI003294,ORD01220,P0121,1,1665.0,0.0,1665.0
OI003295,ORD01220,P0003,2,79590.0,7959.0,151221.0
OI003296,ORD01221,P0213,2,414.9,16.6,813.2
OI003297,ORD01221,P0050,1,66460.0,0.0,66460.0
OI003298,ORD01222,P0388,3,9162.0,0.0,27486.0
OI003299,ORD01222,P0160,1,329.4,6.59,322.81
OI003300,ORD01222,P0197,2,472.0,0.0,944.0
OI003301,ORD01222,P0129,3,348.0,20.88,1023.12
OI003302,ORD01223,P0238,3,29932.5,0.0,89797.5
OI003303,ORD01224,P0048,1,2213.5,0.0,2213.5
OI003304,ORD01224,P0025,2,493.05,0.0,986.1
OI003305,ORD01225,P0044,1,11970.0,0.0,11970.0
OI003306,ORD01225,P0297,1,3416.0,0.0,3416.0
OI003307,ORD01225,P0174,3,312.8,18.77,919.63
OI003308,ORD01226,P0202,2,801.0,32.04,1569.96
OI003309,ORD01226,P0302,1,1929.5,96.48,1833.02
OI003310,ORD01226,P0004,1,4395.0,0.0,4395.0
OI003311,ORD01226,P0392,3,1070.1,64.21,3146.09
OI003312,ORD01226,P0055,2,7923.0,0.0,15846.0
OI003313,ORD01227,P0252,1,1359.45,0.0,1359.45
OI003314,ORD01227,P0063,3,2286.0,342.9,6515.1
OI003315,ORD01228,P0202,1,801.0,40.05,760.95
OI003316,ORD01229,P0121,3,1665.0,0.0,4995.0
OI003317,ORD01230,P0327,3,165.75,0.0,497.25
OI003318,ORD01230,P0259,2,950.0,38.0,1862.0
OI003319,ORD01230,P0280,3,7132.5,0.0,21397.5
OI003320,ORD01230,P0188,1,15861.0,0.0,15861.0
OI003321,ORD01231,P0270,3,2265.0,135.9,6659.1
OI003322,ORD01231,P0262,2,827.25,33.09,1621.41
OI003323,ORD01232,P0062,2,12901.0,0.0,25802.0
OI003324,ORD01232,P0341,2,5664.0,0.0,11328.0
OI003325,ORD01233,P0298,2,312.2,0.0,624.4
OI003326,ORD01233,P0122,2,550.0,0.0,1100.0
OI003327,ORD01233,P0177,3,618.8,0.0,1856.4
OI003328,ORD01233,P0108,1,41676.5,0.0,41676.5
OI003329,ORD01234,P0268,1,12320.0,0.0,12320.0
OI003330,ORD01234,P0256,2,10179.0,1017.9,19340.1
OI003331,ORD01234,P0041,3,19983.5,0.0,59950.5
OI003332,ORD01234,P0039,2,25483.0,0.0,50966.0
OI003333,ORD01235,P0236,2,6860.0,0.0,13720.0
OI003334,ORD01236,P0109,1,1809.0,90.45,1718.55
OI003335,ORD01236,P0396,2,50100.0,0.0,100200.0
OI003336,ORD01236,P0110,2,116.0,4.64,227.36
OI003337,ORD01236,P0025,1,493.05,0.0,493.05
OI003338,ORD01237,P0398,1,24984.0,0.0,24984.0
OI003339,ORD01237,P0387,3,7968.0,1195.2,22708.8
OI003340,ORD01238,P0335,1,323.2,16.16,307.04
OI003341,ORD01238,P0355,3,478.0,71.7,1362.3
OI003342,ORD01239,P0179,1,3315.0,165.75,3149.25
OI003343,ORD01239,P0129,1,348.0,0.0,348.0
OI003344,ORD01240,P0059,1,1367.1,27.34,1339.76
OI003345,ORD01240,P0101,3,461.3,27.68,1356.22
OI003346,ORD01241,P0189,3,2637.0,395.55,7515.45
OI003347,ORD01241,P0273,1,1872.0,0.0,1872.0
OI003348,ORD01242,P0084,1,5925.0,0.0,5925.0
OI003349,ORD01242,P0372,1,6732.0,0.0,6732.0
OI003350,ORD01242,P0127,3,2488.0,373.2,7090.8
OI003351,ORD01243,P0366,1,13920.0,0.0,13920.0
OI003352,ORD01244,P0141,1,74679.5,0.0,74679.5
OI003353,ORD01244,P0061,2,2394.0,95.76,4692.24
OI003354,ORD01244,P0348,3,12978.0,0.0,38934.0
OI003355,ORD01245,P0328,2,805.0,0.0,1610.0
OI003356,ORD01245,P0233,2,400.5,0.0,801.0
OI003357,ORD01245,P0344,3,10850.0,1627.5,30922.5
OI003358,ORD01245,P0221,2,7038.0,281.52,13794.48
OI003359,ORD01246,P0148,3,855.95,0.0,2567.85
OI003360,ORD01247,P0351,2,922.5,0.0,1845.0
OI003361,ORD01247,P0040,1,90189.0,1803.78,88385.22
OI003362,ORD01247,P0347,1,757.5,0.0,757.5
OI003363,ORD01247,P0111,3,6165.0,924.75,17570.25
OI003364,ORD01247,P0310,2,16055.0,0.0,32110.0
OI003365,ORD01248,P0007,2,889.5,88.95,1690.05
OI003366,ORD01248,P0201,2,554.8,0.0,1109.6
OI003367,ORD01248,P0258,2,132.0,0.0,264.0
OI003368,ORD01248,P0345,3,1413.6,0.0,4240.8
OI003369,ORD01249,P0219,3,12090.0,0.0,36270.0
OI003370,ORD01249,P0357,1,7182.5,0.0,7182.5
OI003371,ORD01250,P0344,2,10850.0,434.0,21266.0
OI003372,ORD01250,P0187,2,2135.0,85.4,4184.6
OI003373,ORD01250,P0006,2,5196.5,0.0,10393.0
OI003374,ORD01251,P0077,2,794.0,0.0,1588.0
OI003375,ORD01251,P0021,2,246.0,0.0,492.0
OI003376,ORD01251,P0379,2,154.7,0.0,309.4
OI003377,ORD01251,P0164,2,731.5,0.0,1463.0
OI003378,ORD01251,P0130,3,4100.0,0.0,12300.0
OI003379,ORD01252,P0258,2,132.0,0.0,264.0
OI003380,ORD01252,P0146,1,235.2,0.0,235.2
OI003381,ORD01252,P0366,1,13920.0,696.0,13224.0
OI003382,ORD01252,P0053,3,2260.0,0.0,6780.0
OI003383,ORD01253,P0245,1,616.5,30.83,585.67
OI003384,ORD01254,P0141,1,74679.5,0.0,74679.5
OI003385,ORD01255,P0071,1,11925.0,0.0,11925.0
OI003386,ORD01255,P0330,3,544.0,32.64,1599.36
OI003387,ORD01256,P0114,2,4329.0,173.16,8484.84
OI003388,ORD01256,P0270,3,2265.0,0.0,6795.0
OI003389,ORD01257,P0178,3,85950.0,0.0,257850.0
OI003390,ORD01257,P0037,3,2619.0,392.85,7464.15
OI003391,ORD01257,P0196,2,2934.0,0.0,5868.0
OI003392,ORD01258,P0383,1,39427.5,0.0,39427.5
OI003393,ORD01259,P0100,2,1320.0,132.0,2508.0
OI003394,ORD01259,P0140,2,391.0,15.64,766.36
OI003395,ORD01260,P0316,2,6298.5,0.0,12597.0
OI003396,ORD01260,P0393,2,472.0,0.0,944.0
OI003397,ORD01261,P0294,1,315.9,0.0,315.9
OI003398,ORD01261,P0210,3,1050.6,0.0,3151.8
OI003399,ORD01261,P0158,3,2362.5,141.75,6945.75
OI003400,ORD01262,P0105,1,1600.0,32.0,1568.0
OI003401,ORD01263,P0120,3,9603.0,0.0,28809.0
OI003402,ORD01263,P0088,2,52820.0,0.0,105640.0
OI003403,ORD01263,P0129,2,348.0,0.0,696.0
OI003404,ORD01264,P0011,1,13991.0,279.82,13711.18
OI003405,ORD01264,P0378,3,1246.95,74.82,3666.03
OI003406,ORD01264,P0201,2,554.8,0.0,1109.6
OI003407,ORD01264,P0006,3,5196.5,0.0,15589.5
OI003408,ORD01265,P0359,3,16920.0,0.0,50760.0
OI003409,ORD01266,P0018,1,730.0,14.6,715.4
OI003410,ORD01266,P0143,1,2061.0,0.0,2061.0
OI003411,ORD01267,P0153,1,792.4,0.0,792.4
OI003412,ORD01267,P0306,2,1472.0,0.0,2944.0
OI003413,ORD01267,P0065,3,6460.0,387.6,18992.4
OI003414,ORD01268,P0266,3,30160.0,0.0,90480.0
OI003415,ORD01268,P0115,1,479.25,0.0,479.25
OI003416,ORD01269,P0306,2,1472.0,0.0,2944.0
OI003417,ORD01269,P0054,3,1603.0,96.18,4712.82
OI003418,ORD01269,P0185,2,1830.0,0.0,3660.0
OI003419,ORD01270,P0171,3,67370.0,10105.5,192004.5
OI003420,ORD01270,P0389,1,3884.5,194.23,3690.27
OI003421,ORD01271,P0284,3,169.0,0.0,507.0
OI003422,ORD01271,P0348,2,12978.0,0.0,25956.0
OI003423,ORD01271,P0314,1,1599.7,0.0,1599.7
OI003424,ORD01272,P0326,2,908.0,0.0,1816.0
OI003425,ORD01272,P0206,1,774.0,15.48,758.52
OI003426,ORD01272,P0144,2,1928.5,0.0,3857.0
OI003427,ORD01272,P0154,1,10780.0,0.0,10780.0
OI003428,ORD01273,P0396,2,50100.0,2004.0,98196.0
OI003429,ORD01274,P0356,1,7398.0,0.0,7398.0
OI003430,ORD01274,P0121,1,1665.0,83.25,1581.75
OI003431,ORD01274,P0183,2,1044.0,0.0,2088.0
OI003432,ORD01274,P0142,1,2380.0,0.0,2380.0
OI003433,ORD01275,P0215,3,12010.5,0.0,36031.5
OI003434,ORD01275,P0136,2,362.0,36.2,687.8
OI003435,ORD01276,P0082,1,61.0,3.05,57.95
OI003436,ORD01276,P0272,2,635.0,0.0,1270.0
OI003437,ORD01277,P0173,2,437.0,0.0,874.0
OI003438,ORD01277,P0325,2,3390.0,0.0,6780.0
OI003439,ORD01277,P0154,2,10780.0,431.2,21128.8
OI003440,ORD01277,P0256,2,10179.0,0.0,20358.0
OI003441,ORD01278,P0351,1,922.5,0.0,922.5
OI003442,ORD01278,P0305,3,11367.0,682.02,33418.98
OI003443,ORD01279,P0330,1,544.0,0.0,544.0
OI003444,ORD01279,P0257,1,529.15,0.0,529.15
OI003445,ORD01280,P0072,2,875.7,0.0,1751.4
OI003446,ORD01280,P0098,3,739.8,0.0,2219.4
OI003447,ORD01281,P0217,2,197.1,0.0,394.2
OI003448,ORD01282,P0181,2,177.0,0.0,354.0
OI003449,ORD01282,P0279,2,256.5,10.26,502.74
OI003450,ORD01283,P0264,2,3980.0,398.0,7562.0
OI003451,ORD01283,P0391,2,2916.0,291.6,5540.4
OI003452,ORD01283,P0233,1,400.5,20.03,380.47
OI003453,ORD01284,P0310,2,16055.0,0.0,32110.0
OI003454,ORD01284,P0118,3,5880.0,0.0,17640.0
OI003455,ORD01285,P0296,3,337.5,20.25,992.25
OI003456,ORD01286,P0317,1,720.0,14.4,705.6
OI003457,ORD01286,P0338,2,4674.0,0.0,9348.0
OI003458,ORD01287,P0337,2,3771.0,0.0,7542.0
OI003459,ORD01287,P0205,3,1770.0,265.5,5044.5
OI003460,ORD01287,P0119,2,1730.0,173.0,3287.0
OI003461,ORD01288,P0015,2,31560.0,0.0,63120.0
OI003462,ORD01289,P0063,3,2286.0,0.0,6858.0
OI003463,ORD01289,P0335,1,323.2,16.16,307.04
OI003464,ORD01289,P0228,1,113667.5,0.0,113667.5
OI003465,ORD01290,P0332,3,32277.0,0.0,96831.0
OI003466,ORD01291,P0374,3,1995.0,119.7,5865.3
OI003467,ORD01292,P0042,3,485.45,0.0,1456.35
OI003468,ORD01292,P0223,1,950.0,19.0,931.0
OI003469,ORD01292,P0355,2,478.0,0.0,956.0
OI003470,ORD01293,P0114,2,4329.0,0.0,8658.0
OI003471,ORD01293,P0130,2,4100.0,164.0,8036.0
OI003472,ORD01294,P0114,3,4329.0,0.0,12987.0
OI003473,ORD01294,P0337,1,3771.0,0.0,3771.0
OI003474,ORD01295,P0328,1,805.0,0.0,805.0
OI003475,ORD01295,P0034,3,2646.0,0.0,7938.0
OI003476,ORD01295,P0393,1,472.0,0.0,472.0
OI003477,ORD01296,P0335,3,323.2,0.0,969.6
OI003478,ORD01297,P0187,1,2135.0,0.0,2135.0
OI003479,ORD01298,P0211,3,1030.0,154.5,2935.5
OI003480,ORD01298,P0316,1,6298.5,0.0,6298.5
OI003481,ORD01299,P0281,1,3288.0,0.0,3288.0
OI003482,ORD01300,P0277,1,204.0,4.08,199.92
OI003483,ORD01301,P0258,1,132.0,0.0,132.0
OI003484,ORD01302,P0298,3,312.2,0.0,936.6
OI003485,ORD01302,P0359,2,16920.0,1692.0,32148.0
OI003486,ORD01302,P0056,3,3800.0,0.0,11400.0
OI003487,ORD01303,P0118,2,5880.0,0.0,11760.0
OI003488,ORD01303,P0390,2,2235.5,0.0,4471.0
OI003489,ORD01303,P0305,2,11367.0,454.68,22279.32
OI003490,ORD01303,P0221,3,7038.0,0.0,21114.0
OI003491,ORD01304,P0360,2,370.4,0.0,740.8
OI003492,ORD01304,P0345,1,1413.6,70.68,1342.92
OI003493,ORD01304,P0172,3,963.0,0.0,2889.0
OI003494,ORD01305,P0257,1,529.15,10.58,518.57
OI003495,ORD01306,P0225,3,2412.0,144.72,7091.28
OI003496,ORD01306,P0076,1,13450.0,0.0,13450.0
OI003497,ORD01306,P0349,2,2082.5,0.0,4165.0
OI003498,ORD01307,P0208,3,8140.0,488.4,23931.6
OI003499,ORD01307,P0286,2,3915.0,156.6,7673.4
OI003500,ORD01307,P0271,3,2827.5,0.0,8482.5
OI003501,ORD01307,P0368,3,338.4,0.0,1015.2
OI003502,ORD01308,P0392,1,1070.1,0.0,1070.1
OI003503,ORD01308,P0347,1,757.5,37.88,719.62
OI003504,ORD01308,P0011,1,13991.0,699.55,13291.45
OI003505,ORD01308,P0353,2,782.0,0.0,1564.0
OI003506,ORD01309,P0367,3,180.75,0.0,542.25
OI003507,ORD01309,P0363,2,22342.5,0.0,44685.0
OI003508,ORD01309,P0357,3,7182.5,0.0,21547.5
OI003509,ORD01310,P0272,3,635.0,95.25,1809.75
OI003510,ORD01310,P0321,2,170.4,17.04,323.76
OI003511,ORD01310,P0319,1,3672.0,0.0,3672.0
OI003512,ORD01311,P0266,3,30160.0,0.0,90480.0
OI003513,ORD01311,P0110,3,116.0,0.0,348.0
OI003514,ORD01311,P0331,1,5200.0,0.0,5200.0
OI003515,ORD01312,P0177,3,618.8,0.0,1856.4
OI003516,ORD01313,P0285,2,870.0,87.0,1653.0
OI003517,ORD01313,P0126,2,7938.0,317.52,15558.48
OI003518,ORD01313,P0070,1,1650.0,0.0,1650.0
OI003519,ORD01313,P0191,3,821.75,0.0,2465.25
OI003520,ORD01314,P0049,3,37323.0,5598.45,106370.55
OI003521,ORD01314,P0236,2,6860.0,686.0,13034.0
OI003522,ORD01315,P0259,3,950.0,0.0,2850.0
OI003523,ORD01316,P0062,1,12901.0,645.05,12255.95
OI003524,ORD01316,P0035,3,34218.0,0.0,102654.0
OI003525,ORD01317,P0183,3,1044.0,0.0,3132.0
OI003526,ORD01318,P0015,1,31560.0,0.0,31560.0
OI003527,ORD01319,P0190,3,3163.5,0.0,9490.5
OI003528,ORD01319,P0185,2,1830.0,0.0,3660.0
OI003529,ORD01319,P0360,3,370.4,22.22,1088.98
OI003530,ORD01320,P0160,3,329.4,0.0,988.2
OI003531,ORD01320,P0193,1,3094.0,0.0,3094.0
OI003532,ORD01320,P0255,2,56373.0,5637.3,107108.7
OI003533,ORD01321,P0375,2,2466.0,0.0,4932.0
OI003534,ORD01321,P0307,3,1269.0,0.0,3807.0
OI003535,ORD01321,P0313,2,914.85,0.0,1829.7
OI003536,ORD01322,P0120,3,9603.0,1440.45,27368.55
OI003537,ORD01322,P0022,2,338.2,0.0,676.4
OI003538,ORD01323,P0290,1,214.2,0.0,214.2
OI003539,ORD01323,P0358,1,1111.0,55.55,1055.45
OI003540,ORD01323,P0400,1,11276.5,0.0,11276.5
OI003541,ORD01323,P0056,2,3800.0,0.0,7600.0
OI003542,ORD01324,P0313,3,914.85,137.23,2607.32
OI003543,ORD01324,P0111,1,6165.0,308.25,5856.75
OI003544,ORD01324,P0053,1,2260.0,0.0,2260.0
OI003545,ORD01325,P0085,2,2812.0,112.48,5511.52
OI003546,ORD01325,P0234,3,4290.0,0.0,12870.0
OI003547,ORD01325,P0252,3,1359.45,0.0,4078.35
OI003548,ORD01326,P0272,2,635.0,0.0,1270.0
OI003549,ORD01327,P0039,2,25483.0,0.0,50966.0
OI003550,ORD01327,P0348,2,12978.0,0.0,25956.0
OI003551,ORD01327,P0385,1,813.0,40.65,772.35
OI003552,ORD01328,P0066,3,21582.0,0.0,64746.0
OI003553,ORD01329,P0378,1,1246.95,0.0,1246.95
OI003554,ORD01330,P0385,2,813.0,0.0,1626.0
OI003555,ORD01330,P0208,3,8140.0,488.4,23931.6
OI003556,ORD01330,P0219,3,12090.0,1813.5,34456.5
OI003557,ORD01330,P0094,1,25500.0,0.0,25500.0
OI003558,ORD01331,P0095,1,28323.0,0.0,28323.0
OI003559,ORD01331,P0345,1,1413.6,0.0,1413.6
OI003560,ORD01331,P0266,3,30160.0,1809.6,88670.4
OI003561,ORD01331,P0243,1,1389.0,27.78,1361.22
OI003562,ORD01332,P0336,2,2520.0,100.8,4939.2
OI003563,ORD01332,P0148,2,855.95,85.6,1626.3
OI003564,ORD01333,P0114,1,4329.0,0.0,4329.0
OI003565,ORD01333,P0266,1,30160.0,0.0,30160.0
OI003566,ORD01334,P0296,1,337.5,16.88,320.62
OI003567,ORD01335,P0193,2,3094.0,123.76,6064.24
OI003568,ORD01335,P0287,2,9270.0,0.0,18540.0
OI003569,ORD01335,P0163,2,781.0,0.0,1562.0
OI003570,ORD01335,P0132,2,876.35,35.05,1717.65
OI003571,ORD01335,P0222,2,441.0,17.64,864.36
OI003572,ORD01336,P0349,1,2082.5,0.0,2082.5
OI003573,ORD01336,P0237,1,35595.0,0.0,35595.0
OI003574,ORD01336,P0371,3,2180.0,0.0,6540.0
OI003575,ORD01336,P0193,1,3094.0,0.0,3094.0
OI003576,ORD01337,P0293,3,1341.0,201.15,3821.85
OI003577,ORD01337,P0189,2,2637.0,0.0,5274.0
OI003578,ORD01337,P0138,1,794.0,0.0,794.0
OI003579,ORD01337,P0359,1,16920.0,338.4,16581.6
OI003580,ORD01337,P0064,1,6170.0,0.0,6170.0
OI003581,ORD01338,P0207,1,6867.0,137.34,6729.66
OI003582,ORD01339,P0237,2,35595.0,1423.8,69766.2
OI003583,ORD01340,P0116,2,1162.8,0.0,2325.6
OI003584,ORD01340,P0397,1,468.75,0.0,468.75
OI003585,ORD01340,P0156,2,5500.5,550.05,10450.95
OI003586,ORD01341,P0169,3,6279.0,0.0,18837.0
OI003587,ORD01341,P0290,2,214.2,21.42,406.98
OI003588,ORD01341,P0260,2,352.0,0.0,704.0
OI003589,ORD01342,P0313,1,914.85,45.74,869.11
OI003590,ORD01342,P0100,3,1320.0,79.2,3880.8
OI003591,ORD01343,P0208,1,8140.0,0.0,8140.0
OI003592,ORD01343,P0180,1,10370.0,0.0,10370.0
OI003593,ORD01343,P0353,3,782.0,0.0,2346.0
OI003594,ORD01344,P0271,3,2827.5,0.0,8482.5
OI003595,ORD01344,P0104,2,1100.8,0.0,2201.6
OI003596,ORD01345,P0320,3,39358.5,0.0,118075.5
OI003597,ORD01346,P0301,3,187.15,0.0,561.45
OI003598,ORD01346,P0264,1,3980.0,0.0,3980.0
OI003599,ORD01346,P0032,1,873.0,17.46,855.54
OI003600,ORD01346,P0262,3,827.25,0.0,2481.75
OI003601,ORD01347,P0206,1,774.0,15.48,758.52
OI003602,ORD01348,P0237,3,35595.0,5339.25,101445.75
OI003603,ORD01348,P0303,1,369.75,7.4,362.35
OI003604,ORD01348,P0079,3,513.95,77.09,1464.76
OI003605,ORD01348,P0232,2,25740.0,2574.0,48906.0
OI003606,ORD01348,P0087,2,927.0,0.0,1854.0
OI003607,ORD01349,P0316,3,6298.5,0.0,18895.5
OI003608,ORD01349,P0176,2,55928.0,0.0,111856.0
OI003609,ORD01350,P0069,3,380.0,0.0,1140.0
OI003610,ORD01350,P0173,3,437.0,0.0,1311.0
OI003611,ORD01350,P0371,1,2180.0,109.0,2071.0
OI003612,ORD01351,P0067,3,270.0,16.2,793.8
OI003613,ORD01351,P0160,1,329.4,0.0,329.4
OI003614,ORD01352,P0339,1,1422.4,28.45,1393.95
OI003615,ORD01353,P0231,1,2061.5,41.23,2020.27
OI003616,ORD01353,P0169,2,6279.0,251.16,12306.84
OI003617,ORD01353,P0228,3,113667.5,0.0,341002.5
OI003618,ORD01354,P0354,1,253.8,12.69,241.11
OI003619,ORD01354,P0114,2,4329.0,0.0,8658.0
OI003620,ORD01354,P0400,1,11276.5,0.0,11276.5
OI003621,ORD01355,P0325,3,3390.0,0.0,10170.0
OI003622,ORD01355,P0332,3,32277.0,4841.55,91989.45
OI003623,ORD01355,P0372,3,6732.0,0.0,20196.0
OI003624,ORD01355,P0071,2,11925.0,1192.5,22657.5
OI003625,ORD01355,P0309,3,4870.0,0.0,14610.0
OI003626,ORD01356,P0266,1,30160.0,0.0,30160.0
OI003627,ORD01356,P0274,3,2320.0,0.0,6960.0
OI003628,ORD01356,P0109,1,1809.0,0.0,1809.0
OI003629,ORD01356,P0276,1,36247.5,724.95,35522.55
OI003630,ORD01357,P0350,2,18711.0,0.0,37422.0
OI003631,ORD01357,P0065,3,6460.0,387.6,18992.4
OI003632,ORD01357,P0111,3,6165.0,369.9,18125.1
OI003633,ORD01357,P0125,2,608.0,60.8,1155.2
OI003634,ORD01358,P0170,1,4068.0,0.0,4068.0
OI003635,ORD01358,P0325,3,3390.0,0.0,10170.0
OI003636,ORD01358,P0285,1,870.0,17.4,852.6
OI003637,ORD01358,P0319,3,3672.0,550.8,10465.2
OI003638,ORD01358,P0314,3,1599.7,0.0,4799.1
OI003639,ORD01359,P0267,3,69400.0,10410.0,197790.0
OI003640,ORD01359,P0266,1,30160.0,603.2,29556.8
OI003641,ORD01359,P0296,2,337.5,33.75,641.25
OI003642,ORD01360,P0033,2,30405.0,0.0,60810.0
OI003643,ORD01361,P0360,2,370.4,37.04,703.76
OI003644,ORD01362,P0383,1,39427.5,1971.38,37456.12
OI003645,ORD01362,P0351,2,922.5,0.0,1845.0
OI003646,ORD01363,P0387,3,7968.0,0.0,23904.0
OI003647,ORD01363,P0005,2,493.5,0.0,987.0
OI003648,ORD01363,P0220,1,840.0,0.0,840.0
OI003649,ORD01363,P0190,2,3163.5,126.54,6200.46
OI003650,ORD01364,P0055,2,7923.0,0.0,15846.0
OI003651,ORD01364,P0328,3,805.0,0.0,2415.0
OI003652,ORD01365,P0372,3,6732.0,403.92,19792.08
OI003653,ORD01366,P0287,1,9270.0,0.0,9270.0
OI003654,ORD01367,P0106,2,1952.0,0.0,3904.0
OI003655,ORD01367,P0199,3,7791.0,467.46,22905.54
OI003656,ORD01367,P0012,2,4740.5,189.62,9291.38
OI003657,ORD01368,P0373,1,11673.0,0.0,11673.0
OI003658,ORD01369,P0258,2,132.0,0.0,264.0
OI003659,ORD01369,P0029,2,102.6,0.0,205.2
OI003660,ORD01369,P0136,2,362.0,36.2,687.8
OI003661,ORD01369,P0109,1,1809.0,36.18,1772.82
OI003662,ORD01369,P0066,2,21582.0,0.0,43164.0
OI003663,ORD01370,P0371,1,2180.0,0.0,2180.0
OI003664,ORD01371,P0195,2,1255.0,125.5,2384.5
OI003665,ORD01371,P0009,1,14017.5,700.88,13316.62
OI003666,ORD01371,P0036,2,594.0,23.76,1164.24
OI003667,ORD01372,P0132,1,876.35,0.0,876.35
OI003668,ORD01373,P0330,1,544.0,0.0,544.0
OI003669,ORD01373,P0015,1,31560.0,1578.0,29982.0
OI003670,ORD01373,P0002,3,3368.0,202.08,9901.92
OI003671,ORD01374,P0343,3,279.2,0.0,837.6
OI003672,ORD01374,P0388,3,9162.0,1374.3,26111.7
OI003673,ORD01375,P0286,2,3915.0,0.0,7830.0
OI003674,ORD01375,P0231,3,2061.5,309.23,5875.27
OI003675,ORD01375,P0232,2,25740.0,2574.0,48906.0
OI003676,ORD01376,P0050,1,66460.0,0.0,66460.0
OI003677,ORD01376,P0140,1,391.0,0.0,391.0
OI003678,ORD01377,P0159,3,11007.5,0.0,33022.5
OI003679,ORD01377,P0101,1,461.3,23.07,438.23
OI003680,ORD01377,P0275,3,42363.0,0.0,127089.0
OI003681,ORD01378,P0339,3,1422.4,0.0,4267.2
OI003682,ORD01378,P0172,1,963.0,0.0,963.0
OI003683,ORD01378,P0165,3,2259.0,0.0,6777.0
OI003684,ORD01378,P0303,2,369.75,36.98,702.52
OI003685,ORD01378,P0043,2,3472.5,0.0,6945.0
OI003686,ORD01379,P0205,2,1770.0,0.0,3540.0
OI003687,ORD01379,P0150,2,201.0,0.0,402.0
OI003688,ORD01379,P0252,2,1359.45,0.0,2718.9
OI003689,ORD01380,P0245,3,616.5,0.0,1849.5
OI003690,ORD01380,P0211,3,1030.0,61.8,3028.2
OI003691,ORD01381,P0003,1,79590.0,0.0,79590.0
OI003692,ORD01382,P0035,2,34218.0,0.0,68436.0
OI003693,ORD01382,P0387,2,7968.0,0.0,15936.0
OI003694,ORD01383,P0227,3,307.8,0.0,923.4
OI003695,ORD01383,P0392,3,1070.1,64.21,3146.09
OI003696,ORD01384,P0113,3,498.0,0.0,1494.0
OI003697,ORD01384,P0240,1,7990.0,0.0,7990.0
OI003698,ORD01384,P0311,2,43728.0,0.0,87456.0
OI003699,ORD01385,P0117,1,196.2,3.92,192.28
OI003700,ORD01385,P0345,1,1413.6,28.27,1385.33
OI003701,ORD01385,P0199,1,7791.0,0.0,7791.0
OI003702,ORD01385,P0323,2,3876.0,0.0,7752.0
OI003703,ORD01385,P0130,1,4100.0,0.0,4100.0
OI003704,ORD01386,P0377,3,1716.0,0.0,5148.0
OI003705,ORD01386,P0037,3,2619.0,0.0,7857.0
OI003706,ORD01387,P0060,3,1035.0,62.1,3042.9
OI003707,ORD01387,P0182,3,491.0,29.46,1443.54
OI003708,ORD01388,P0078,1,765.0,0.0,765.0
OI003709,ORD01388,P0088,3,52820.0,0.0,158460.0
OI003710,ORD01388,P0209,2,8016.0,0.0,16032.0
OI003711,ORD01388,P0129,1,348.0,0.0,348.0
OI003712,ORD01389,P0201,1,554.8,27.74,527.06
OI003713,ORD01389,P0124,1,48142.5,2407.12,45735.38
OI003714,ORD01389,P0093,1,423.0,0.0,423.0
OI003715,ORD01390,P0029,2,102.6,10.26,194.94
OI003716,ORD01390,P0245,2,616.5,0.0,1233.0
OI003717,ORD01390,P0370,1,1501.0,0.0,1501.0
OI003718,ORD01391,P0203,1,595.0,0.0,595.0
OI003719,ORD01391,P0328,3,805.0,0.0,2415.0
OI003720,ORD01391,P0379,2,154.7,0.0,309.4
OI003721,ORD01392,P0005,3,493.5,74.03,1406.47
OI003722,ORD01392,P0199,3,7791.0,467.46,22905.54
OI003723,ORD01392,P0149,2,3784.0,0.0,7568.0
OI003724,ORD01393,P0213,1,414.9,8.3,406.6
OI003725,ORD01393,P0145,3,720.9,0.0,2162.7
OI003726,ORD01393,P0348,3,12978.0,1946.7,36987.3
OI003727,ORD01393,P0243,1,1389.0,69.45,1319.55
OI003728,ORD01393,P0373,3,11673.0,1750.95,33268.05
OI003729,ORD01394,P0370,2,1501.0,0.0,3002.0
OI003730,ORD01394,P0386,3,981.75,58.91,2886.34
OI003731,ORD01394,P0275,2,42363.0,0.0,84726.0
OI003732,ORD01395,P0047,1,3654.0,0.0,3654.0
OI003733,ORD01395,P0305,2,11367.0,454.68,22279.32
OI003734,ORD01395,P0132,2,876.35,87.64,1665.06
OI003735,ORD01396,P0367,3,180.75,10.85,531.4
OI003736,ORD01396,P0343,2,279.2,0.0,558.4
OI003737,ORD01396,P0191,2,821.75,0.0,1643.5
OI003738,ORD01397,P0202,3,801.0,0.0,2403.0
OI003739,ORD01397,P0153,2,792.4,0.0,1584.8
OI003740,ORD01397,P0255,3,56373.0,8455.95,160663.05
OI003741,ORD01398,P0243,1,1389.0,0.0,1389.0
OI003742,ORD01399,P0027,2,15750.0,1575.0,29925.0
OI003743,ORD01399,P0096,3,26621.0,0.0,79863.0
OI003744,ORD01399,P0299,1,776.15,0.0,776.15
OI003745,ORD01399,P0203,1,595.0,0.0,595.0
OI003746,ORD01399,P0084,2,5925.0,0.0,11850.0
OI003747,ORD01400,P0048,3,2213.5,0.0,6640.5
OI003748,ORD01400,P0043,1,3472.5,0.0,3472.5
OI003749,ORD01401,P0169,1,6279.0,0.0,6279.0
OI003750,ORD01401,P0324,1,319.2,0.0,319.2
OI003751,ORD01402,P0313,2,914.85,0.0,1829.7
OI003752,ORD01402,P0073,3,43839.0,2630.34,128886.66
OI003753,ORD01402,P0272,1,635.0,0.0,635.0
OI003754,ORD01402,P0226,3,10590.0,635.4,31134.6
OI003755,ORD01403,P0058,3,4869.0,292.14,14314.86
OI003756,ORD01404,P0311,2,43728.0,0.0,87456.0
OI003757,ORD01405,P0112,2,1026.0,0.0,2052.0
OI003758,ORD01405,P0279,3,256.5,38.48,731.02
OI003759,ORD01406,P0252,3,1359.45,0.0,4078.35
OI003760,ORD01406,P0349,1,2082.5,0.0,2082.5
OI003761,ORD01406,P0384,3,8334.0,500.04,24501.96
OI003762,ORD01407,P0135,1,10960.0,0.0,10960.0
OI003763,ORD01408,P0245,2,616.5,61.65,1171.35
OI003764,ORD01408,P0164,2,731.5,0.0,1463.0
OI003765,ORD01409,P0383,1,39427.5,1971.38,37456.12
OI003766,ORD01409,P0101,2,461.3,0.0,922.6
OI003767,ORD01409,P0143,2,2061.0,0.0,4122.0
OI003768,ORD01409,P0257,2,529.15,52.91,1005.39
OI003769,ORD01409,P0285,2,870.0,0.0,1740.0
OI003770,ORD01410,P0217,1,197.1,0.0,197.1
OI003771,ORD01410,P0005,2,493.5,49.35,937.65
OI003772,ORD01411,P0315,2,582.3,0.0,1164.6
OI003773,ORD01412,P0181,3,177.0,10.62,520.38
OI003774,ORD01413,P0229,2,5392.5,215.7,10569.3
OI003775,ORD01413,P0057,1,1809.0,0.0,1809.0
OI003776,ORD01413,P0222,1,441.0,8.82,432.18
OI003777,ORD01413,P0009,1,14017.5,0.0,14017.5
OI003778,ORD01413,P0070,1,1650.0,33.0,1617.0
OI003779,ORD01414,P0345,2,1413.6,0.0,2827.2
OI003780,ORD01414,P0160,1,329.4,16.47,312.93
OI003781,ORD01414,P0215,2,12010.5,0.0,24021.0
OI003782,ORD01414,P0388,2,9162.0,366.48,17957.52
OI003783,ORD01414,P0060,1,1035.0,0.0,1035.0
OI003784,ORD01415,P0290,3,214.2,0.0,642.6
OI003785,ORD01415,P0330,3,544.0,81.6,1550.4
OI003786,ORD01416,P0173,3,437.0,0.0,1311.0
OI003787,ORD01416,P0107,2,1719.5,171.95,3267.05
OI003788,ORD01416,P0280,2,7132.5,713.25,13551.75
OI003789,ORD01417,P0055,1,7923.0,0.0,7923.0
OI003790,ORD01417,P0170,3,4068.0,0.0,12204.0
OI003791,ORD01417,P0009,1,14017.5,0.0,14017.5
OI003792,ORD01418,P0282,3,7600.0,0.0,22800.0
OI003793,ORD01419,P0347,1,757.5,0.0,757.5
OI003794,ORD01420,P0031,2,1080.0,0.0,2160.0
OI003795,ORD01420,P0298,1,312.2,0.0,312.2
OI003796,ORD01420,P0172,1,963.0,0.0,963.0
OI003797,ORD01420,P0082,2,61.0,2.44,119.56
OI003798,ORD01420,P0384,2,8334.0,333.36,16334.64
OI003799,ORD01421,P0270,2,2265.0,90.6,4439.4
OI003800,ORD01421,P0128,1,504.0,0.0,504.0
OI003801,ORD01422,P0034,3,2646.0,0.0,7938.0
OI003802,ORD01422,P0269,2,496.0,49.6,942.4
OI003803,ORD01422,P0141,1,74679.5,3733.98,70945.52
OI003804,ORD01423,P0125,3,608.0,36.48,1787.52
OI003805,ORD01424,P0164,1,731.5,14.63,716.87
OI003806,ORD01424,P0397,3,468.75,70.31,1335.94
OI003807,ORD01425,P0178,2,85950.0,8595.0,163305.0
OI003808,ORD01426,P0250,1,290.4,14.52,275.88
OI003809,ORD01427,P0034,1,2646.0,132.3,2513.7
OI003810,ORD01428,P0176,2,55928.0,0.0,111856.0
OI003811,ORD01429,P0221,1,7038.0,0.0,7038.0
OI003812,ORD01429,P0063,2,2286.0,0.0,4572.0
OI003813,ORD01429,P0019,1,748.0,0.0,748.0
OI003814,ORD01429,P0254,3,2302.5,138.15,6769.35
OI003815,ORD01430,P0209,3,8016.0,0.0,24048.0
OI003816,ORD01430,P0304,1,28441.0,1422.05,27018.95
OI003817,ORD01431,P0364,3,84610.0,5076.6,248753.4
OI003818,ORD01431,P0389,3,3884.5,0.0,11653.5
OI003819,ORD01431,P0237,1,35595.0,0.0,35595.0
OI003820,ORD01432,P0314,3,1599.7,95.98,4703.12
OI003821,ORD01433,P0110,2,116.0,4.64,227.36
OI003822,ORD01433,P0159,3,11007.5,0.0,33022.5
OI003823,ORD01433,P0212,2,424.8,0.0,849.6
OI003824,ORD01434,P0022,2,338.2,0.0,676.4
OI003825,ORD01434,P0327,2,165.75,0.0,331.5
OI003826,ORD01435,P0233,2,400.5,0.0,801.0
OI003827,ORD01435,P0070,2,1650.0,66.0,3234.0
OI003828,ORD01435,P0224,2,44082.0,0.0,88164.0
OI003829,ORD01436,P0194,3,50310.0,3018.6,147911.4
OI003830,ORD01436,P0359,1,16920.0,0.0,16920.0
OI003831,ORD01437,P0276,2,36247.5,0.0,72495.0
OI003832,ORD01437,P0392,3,1070.1,0.0,3210.3
OI003833,ORD01438,P0214,2,13761.5,0.0,27523.0
OI003834,ORD01438,P0047,1,3654.0,0.0,3654.0
OI003835,ORD01438,P0292,1,204.0,4.08,199.92
OI003836,ORD01438,P0001,3,261.0,0.0,783.0
OI003837,ORD01439,P0265,2,40815.0,1632.6,79997.4
OI003838,ORD01439,P0241,1,117.6,0.0,117.6
OI003839,ORD01440,P0242,2,689.0,27.56,1350.44
OI003840,ORD01440,P0117,2,196.2,19.62,372.78
OI003841,ORD01440,P0330,1,544.0,0.0,544.0
OI003842,ORD01441,P0314,3,1599.7,95.98,4703.12
OI003843,ORD01442,P0391,1,2916.0,145.8,2770.2
OI003844,ORD01442,P0291,2,2282.0,0.0,4564.0
OI003845,ORD01443,P0210,2,1050.6,42.02,2059.18
OI003846,ORD01443,P0154,1,10780.0,215.6,10564.4
OI003847,ORD01443,P0016,1,2751.0,137.55,2613.45
OI003848,ORD01444,P0227,1,307.8,6.16,301.64
OI003849,ORD01444,P0028,3,29984.0,0.0,89952.0
OI003850,ORD01444,P0123,3,242.4,0.0,727.2
OI003851,ORD01444,P0079,3,513.95,0.0,1541.85
OI003852,ORD01444,P0239,3,281.6,16.9,827.9
OI003853,ORD01445,P0270,3,2265.0,0.0,6795.0
OI003854,ORD01445,P0106,2,1952.0,195.2,3708.8
OI003855,ORD01445,P0248,1,16444.5,822.23,15622.27
OI003856,ORD01445,P0335,2,323.2,32.32,614.08
OI003857,ORD01446,P0067,2,270.0,27.0,513.0
OI003858,ORD01446,P0008,3,427.0,25.62,1255.38
OI003859,ORD01446,P0348,3,12978.0,778.68,38155.32
OI003860,ORD01447,P0387,3,7968.0,0.0,23904.0
OI003861,ORD01447,P0165,3,2259.0,0.0,6777.0
OI003862,ORD01448,P0003,1,79590.0,0.0,79590.0
OI003863,ORD01448,P0026,1,7047.0,0.0,7047.0
OI003864,ORD01449,P0057,1,1809.0,0.0,1809.0
OI003865,ORD01449,P0276,1,36247.5,724.95,35522.55
OI003866,ORD01449,P0051,3,3536.0,212.16,10395.84
OI003867,ORD01449,P0104,1,1100.8,0.0,1100.8
OI003868,ORD01449,P0015,3,31560.0,4734.0,89946.0
OI003869,ORD01450,P0246,1,1377.5,0.0,1377.5
OI003870,ORD01450,P0087,3,927.0,0.0,2781.0
OI003871,ORD01450,P0085,2,2812.0,0.0,5624.0
OI003872,ORD01451,P0220,2,840.0,0.0,1680.0
OI003873,ORD01452,P0181,1,177.0,0.0,177.0
OI003874,ORD01452,P0068,3,446.4,66.96,1272.24
OI003875,ORD01452,P0091,3,184.0,0.0,552.0
OI003876,ORD01453,P0071,3,11925.0,0.0,35775.0
OI003877,ORD01453,P0190,2,3163.5,0.0,6327.0
OI003878,ORD01453,P0018,3,730.0,0.0,2190.0
OI003879,ORD01454,P0077,1,794.0,0.0,794.0
OI003880,ORD01454,P0250,1,290.4,14.52,275.88
OI003881,ORD01454,P0316,1,6298.5,0.0,6298.5
OI003882,ORD01455,P0352,1,98775.0,0.0,98775.0
OI003883,ORD01456,P0264,3,3980.0,238.8,11701.2
OI003884,ORD01456,P0253,1,1485.0,0.0,1485.0
OI003885,ORD01457,P0360,1,370.4,0.0,370.4
OI003886,ORD01457,P0290,3,214.2,32.13,610.47
OI003887,ORD01457,P0049,2,37323.0,3732.3,70913.7
OI003888,ORD01457,P0042,1,485.45,0.0,485.45
OI003889,ORD01458,P0121,3,1665.0,0.0,4995.0
OI003890,ORD01458,P0304,1,28441.0,1422.05,27018.95
OI003891,ORD01459,P0016,2,2751.0,0.0,5502.0
OI003892,ORD01460,P0214,3,13761.5,2064.22,39220.28
OI003893,ORD01460,P0234,2,4290.0,0.0,8580.0
OI003894,ORD01461,P0251,3,25200.0,1512.0,74088.0
OI003895,ORD01461,P0237,3,35595.0,0.0,106785.0
OI003896,ORD01461,P0377,1,1716.0,0.0,1716.0
OI003897,ORD01461,P0258,3,132.0,0.0,396.0
OI003898,ORD01462,P0390,2,2235.5,0.0,4471.0
OI003899,ORD01462,P0360,1,370.4,0.0,370.4
OI003900,ORD01462,P0114,3,4329.0,0.0,12987.0
OI003901,ORD01462,P0306,1,1472.0,73.6,1398.4
OI003902,ORD01463,P0298,3,312.2,0.0,936.6
OI003903,ORD01464,P0054,3,1603.0,0.0,4809.0
OI003904,ORD01464,P0234,2,4290.0,0.0,8580.0
OI003905,ORD01464,P0020,3,228.0,0.0,684.0
OI003906,ORD01464,P0305,3,11367.0,682.02,33418.98
OI003907,ORD01465,P0315,3,582.3,34.94,1711.96
OI003908,ORD01465,P0220,2,840.0,0.0,1680.0
OI003909,ORD01465,P0087,2,927.0,0.0,1854.0
OI003910,ORD01466,P0070,3,1650.0,0.0,4950.0
OI003911,ORD01466,P0352,3,98775.0,14816.25,281508.75
OI003912,ORD01466,P0151,3,7542.0,0.0,22626.0
OI003913,ORD01467,P0169,2,6279.0,0.0,12558.0
OI003914,ORD01467,P0377,1,1716.0,0.0,1716.0
OI003915,ORD01467,P0094,2,25500.0,0.0,51000.0
OI003916,ORD01468,P0244,3,24093.0,0.0,72279.0
OI003917,ORD01469,P0315,3,582.3,0.0,1746.9
OI003918,ORD01469,P0118,1,5880.0,0.0,5880.0
OI003919,ORD01470,P0257,3,529.15,0.0,1587.45
OI003920,ORD01470,P0284,2,169.0,0.0,338.0
OI003921,ORD01470,P0182,2,491.0,0.0,982.0
OI003922,ORD01470,P0226,2,10590.0,423.6,20756.4
OI003923,ORD01471,P0240,2,7990.0,0.0,15980.0
OI003924,ORD01471,P0217,1,197.1,0.0,197.1
OI003925,ORD01471,P0030,2,452.7,45.27,860.13
OI003926,ORD01471,P0056,2,3800.0,0.0,7600.0
OI003927,ORD01472,P0023,1,4870.0,0.0,4870.0
OI003928,ORD01473,P0199,1,7791.0,155.82,7635.18
OI003929,ORD01473,P0348,1,12978.0,0.0,12978.0
OI003930,ORD01473,P0075,1,2147.0,0.0,2147.0
OI003931,ORD01473,P0029,2,102.6,0.0,205.2
OI003932,ORD01474,P0174,3,312.8,18.77,919.63
OI003933,ORD01474,P0338,3,4674.0,0.0,14022.0
OI003934,ORD01475,P0051,3,3536.0,530.4,10077.6
OI003935,ORD01475,P0011,2,13991.0,0.0,27982.0
OI003936,ORD01476,P0245,3,616.5,0.0,1849.5
OI003937,ORD01477,P0289,3,12807.0,768.42,37652.58
OI003938,ORD01477,P0019,3,748.0,44.88,2199.12
OI003939,ORD01478,P0030,3,452.7,0.0,1358.1
OI003940,ORD01478,P0275,3,42363.0,6354.45,120734.55
OI003941,ORD01479,P0249,2,748.0,0.0,1496.0
OI003942,ORD01479,P0120,1,9603.0,480.15,9122.85
OI003943,ORD01480,P0266,3,30160.0,0.0,90480.0
OI003944,ORD01481,P0294,2,315.9,31.59,600.21
OI003945,ORD01481,P0019,1,748.0,0.0,748.0
OI003946,ORD01482,P0022,1,338.2,0.0,338.2
OI003947,ORD01482,P0287,3,9270.0,0.0,27810.0
OI003948,ORD01483,P0311,1,43728.0,874.56,42853.44
OI003949,ORD01484,P0238,2,29932.5,2993.25,56871.75
OI003950,ORD01484,P0370,2,1501.0,0.0,3002.0
OI003951,ORD01484,P0204,2,8512.0,0.0,17024.0
OI003952,ORD01484,P0327,2,165.75,0.0,331.5
OI003953,ORD01484,P0387,3,7968.0,1195.2,22708.8
OI003954,ORD01485,P0030,1,452.7,22.64,430.06
OI003955,ORD01485,P0148,2,855.95,0.0,1711.9
OI003956,ORD01485,P0150,3,201.0,0.0,603.0
OI003957,ORD01486,P0257,3,529.15,0.0,1587.45
OI003958,ORD01486,P0047,1,3654.0,73.08,3580.92
OI003959,ORD01486,P0369,1,10773.0,538.65,10234.35
OI003960,ORD01486,P0243,2,1389.0,138.9,2639.1
OI003961,ORD01486,P0077,1,794.0,15.88,778.12
OI003962,ORD01487,P0175,3,37540.0,0.0,112620.0
OI003963,ORD01488,P0067,2,270.0,10.8,529.2
OI003964,ORD01489,P0264,3,3980.0,238.8,11701.2
OI003965,ORD01489,P0029,3,102.6,0.0,307.8
OI003966,ORD01489,P0028,3,29984.0,0.0,89952.0
OI003967,ORD01490,P0129,1,348.0,0.0,348.0
OI003968,ORD01490,P0355,1,478.0,0.0,478.0
OI003969,ORD01491,P0349,3,2082.5,312.38,5935.12
OI003970,ORD01492,P0303,3,369.75,55.46,1053.79
OI003971,ORD01492,P0163,3,781.0,0.0,2343.0
OI003972,ORD01492,P0345,3,1413.6,0.0,4240.8
OI003973,ORD01492,P0393,1,472.0,0.0,472.0
OI003974,ORD01493,P0293,1,1341.0,0.0,1341.0
OI003975,ORD01494,P0384,2,8334.0,0.0,16668.0
OI003976,ORD01494,P0075,2,2147.0,214.7,4079.3
OI003977,ORD01495,P0315,1,582.3,0.0,582.3
OI003978,ORD01496,P0119,2,1730.0,0.0,3460.0
OI003979,ORD01496,P0196,3,2934.0,176.04,8625.96
OI003980,ORD01496,P0316,3,6298.5,0.0,18895.5
OI003981,ORD01496,P0246,2,1377.5,137.75,2617.25
OI003982,ORD01497,P0152,3,726.75,43.61,2136.64
OI003983,ORD01497,P0318,1,57978.0,0.0,57978.0
OI003984,ORD01498,P0263,3,1287.0,193.05,3667.95
OI003985,ORD01499,P0186,3,54045.5,8106.83,154029.67
OI003986,ORD01499,P0143,3,2061.0,123.66,6059.34
OI003987,ORD01499,P0390,3,2235.5,0.0,6706.5
OI003988,ORD01499,P0211,3,1030.0,0.0,3090.0
OI003989,ORD01500,P0360,2,370.4,0.0,740.8
OI003990,ORD01500,P0072,1,875.7,17.51,858.19
OI003991,ORD01500,P0283,1,28775.5,575.51,28199.99
OI003992,ORD01500,P0245,2,616.5,0.0,1233.0
OI003993,ORD01501,P0274,2,2320.0,0.0,4640.0
OI003994,ORD01501,P0215,2,12010.5,1201.05,22819.95
OI003995,ORD01501,P0400,3,11276.5,0.0,33829.5
OI003996,ORD01502,P0269,3,496.0,74.4,1413.6
OI003997,ORD01502,P0205,3,1770.0,265.5,5044.5
OI003998,ORD01502,P0368,2,338.4,0.0,676.8
OI003999,ORD01503,P0028,2,29984.0,0.0,59968.0
OI004000,ORD01503,P0175,1,37540.0,0.0,37540.0
OI004001,ORD01503,P0172,2,963.0,38.52,1887.48
OI004002,ORD01504,P0103,2,24800.0,0.0,49600.0
OI004003,ORD01505,P0062,3,12901.0,1935.15,36767.85
OI004004,ORD01506,P0149,1,3784.0,0.0,3784.0
OI004005,ORD01506,P0177,2,618.8,24.75,1212.85
OI004006,ORD01507,P0178,1,85950.0,0.0,85950.0
OI004007,ORD01507,P0019,1,748.0,14.96,733.04
OI004008,ORD01507,P0271,3,2827.5,424.12,8058.38
OI004009,ORD01508,P0088,3,52820.0,3169.2,155290.8
OI004010,ORD01509,P0165,2,2259.0,0.0,4518.0
OI004011,ORD01509,P0394,3,1550.0,0.0,4650.0
OI004012,ORD01509,P0272,3,635.0,0.0,1905.0
OI004013,ORD01510,P0026,3,7047.0,422.82,20718.18
OI004014,ORD01510,P0249,3,748.0,0.0,2244.0
OI004015,ORD01510,P0182,2,491.0,19.64,962.36
OI004016,ORD01511,P0328,1,805.0,40.25,764.75
OI004017,ORD01511,P0006,1,5196.5,0.0,5196.5
OI004018,ORD01512,P0212,1,424.8,0.0,424.8
OI004019,ORD01512,P0233,3,400.5,0.0,1201.5
OI004020,ORD01513,P0085,1,2812.0,0.0,2812.0
OI004021,ORD01514,P0069,2,380.0,38.0,722.0
OI004022,ORD01514,P0206,2,774.0,0.0,1548.0
OI004023,ORD01514,P0062,2,12901.0,516.04,25285.96
OI004024,ORD01514,P0356,2,7398.0,0.0,14796.0
OI004025,ORD01514,P0313,1,914.85,0.0,914.85
OI004026,ORD01515,P0246,1,1377.5,0.0,1377.5
OI004027,ORD01515,P0369,3,10773.0,1615.95,30703.05
OI004028,ORD01515,P0334,2,408.6,0.0,817.2
OI004029,ORD01515,P0253,1,1485.0,0.0,1485.0
OI004030,ORD01516,P0177,1,618.8,0.0,618.8
OI004031,ORD01516,P0050,3,66460.0,9969.0,189411.0
OI004032,ORD01516,P0342,3,194.65,29.2,554.75
OI004033,ORD01517,P0242,3,689.0,0.0,2067.0
OI004034,ORD01517,P0370,2,1501.0,150.1,2851.9
OI004035,ORD01518,P0041,1,19983.5,0.0,19983.5
OI004036,ORD01518,P0188,1,15861.0,793.05,15067.95
OI004037,ORD01518,P0155,1,42337.5,2116.88,40220.62
OI004038,ORD01518,P0111,3,6165.0,0.0,18495.0
OI004039,ORD01519,P0341,2,5664.0,226.56,11101.44
OI004040,ORD01519,P0378,1,1246.95,0.0,1246.95
OI004041,ORD01519,P0258,1,132.0,6.6,125.4
OI004042,ORD01520,P0081,1,700.0,0.0,700.0
OI004043,ORD01520,P0047,3,3654.0,219.24,10742.76
OI004044,ORD01521,P0236,1,6860.0,0.0,6860.0
OI004045,ORD01521,P0141,3,74679.5,11201.93,212836.57
OI004046,ORD01521,P0018,3,730.0,0.0,2190.0
OI004047,ORD01522,P0273,2,1872.0,0.0,3744.0
OI004048,ORD01522,P0160,2,329.4,0.0,658.8
OI004049,ORD01522,P0021,1,246.0,4.92,241.08
OI004050,ORD01523,P0268,2,12320.0,0.0,24640.0
OI004051,ORD01524,P0134,2,12300.0,0.0,24600.0
OI004052,ORD01524,P0338,2,4674.0,186.96,9161.04
OI004053,ORD01525,P0337,2,3771.0,0.0,7542.0
OI004054,ORD01526,P0024,2,587.7,0.0,1175.4
OI004055,ORD01526,P0049,2,37323.0,0.0,74646.0
OI004056,ORD01526,P0115,2,479.25,47.93,910.57
OI004057,ORD01527,P0226,2,10590.0,423.6,20756.4
OI004058,ORD01527,P0241,3,117.6,7.06,345.74
OI004059,ORD01527,P0351,1,922.5,0.0,922.5
OI004060,ORD01527,P0051,3,3536.0,0.0,10608.0
OI004061,ORD01527,P0376,1,43677.0,2183.85,41493.15
OI004062,ORD01528,P0101,3,461.3,0.0,1383.9
OI004063,ORD01528,P0202,2,801.0,32.04,1569.96
OI004064,ORD01529,P0003,2,79590.0,3183.6,155996.4
OI004065,ORD01529,P0155,2,42337.5,4233.75,80441.25
OI004066,ORD01530,P0345,2,1413.6,56.54,2770.66
OI004067,ORD01530,P0154,3,10780.0,0.0,32340.0
OI004068,ORD01531,P0201,1,554.8,0.0,554.8
OI004069,ORD01531,P0030,3,452.7,0.0,1358.1
OI004070,ORD01532,P0389,1,3884.5,0.0,3884.5
OI004071,ORD01533,P0144,1,1928.5,0.0,1928.5
OI004072,ORD01533,P0060,1,1035.0,0.0,1035.0
OI004073,ORD01534,P0258,2,132.0,0.0,264.0
OI004074,ORD01534,P0095,3,28323.0,0.0,84969.0
OI004075,ORD01534,P0234,3,4290.0,0.0,12870.0
OI004076,ORD01535,P0059,2,1367.1,0.0,2734.2
OI004077,ORD01535,P0208,1,8140.0,0.0,8140.0
OI004078,ORD01536,P0391,2,2916.0,291.6,5540.4
OI004079,ORD01536,P0170,1,4068.0,0.0,4068.0
OI004080,ORD01536,P0304,3,28441.0,1706.46,83616.54
OI004081,ORD01536,P0400,3,11276.5,1691.48,32138.02
OI004082,ORD01537,P0028,3,29984.0,1799.04,88152.96
OI004083,ORD01537,P0241,1,117.6,0.0,117.6
OI004084,ORD01537,P0200,1,2529.0,0.0,2529.0
OI004085,ORD01538,P0273,1,1872.0,0.0,1872.0
OI004086,ORD01539,P0380,3,23597.0,0.0,70791.0
OI004087,ORD01539,P0016,1,2751.0,0.0,2751.0
OI004088,ORD01539,P0183,2,1044.0,0.0,2088.0
OI004089,ORD01540,P0356,3,7398.0,443.88,21750.12
OI004090,ORD01540,P0010,1,11568.0,0.0,11568.0
OI004091,ORD01540,P0046,1,900.0,0.0,900.0
OI004092,ORD01540,P0268,2,12320.0,0.0,24640.0
OI004093,ORD01540,P0376,1,43677.0,0.0,43677.0
OI004094,ORD01541,P0305,2,11367.0,454.68,22279.32
OI004095,ORD01541,P0242,1,689.0,13.78,675.22
OI004096,ORD01541,P0332,3,32277.0,1936.62,94894.38
OI004097,ORD01542,P0024,2,587.7,0.0,1175.4
OI004098,ORD01542,P0184,3,16507.0,2476.05,47044.95
OI004099,ORD01542,P0210,3,1050.6,157.59,2994.21
OI004100,ORD01542,P0328,3,805.0,0.0,2415.0
OI004101,ORD01543,P0225,1,2412.0,48.24,2363.76
OI004102,ORD01543,P0206,1,774.0,0.0,774.0
OI004103,ORD01544,P0366,3,13920.0,2088.0,39672.0
OI004104,ORD01544,P0240,3,7990.0,479.4,23490.6
OI004105,ORD01545,P0316,2,6298.5,0.0,12597.0
OI004106,ORD01546,P0345,2,1413.6,0.0,2827.2
OI004107,ORD01546,P0053,3,2260.0,0.0,6780.0
OI004108,ORD01547,P0320,1,39358.5,0.0,39358.5
OI004109,ORD01547,P0081,3,700.0,105.0,1995.0
OI004110,ORD01547,P0347,1,757.5,0.0,757.5
OI004111,ORD01547,P0210,1,1050.6,52.53,998.07
OI004112,ORD01547,P0345,2,1413.6,0.0,2827.2
OI004113,ORD01548,P0097,1,2859.5,0.0,2859.5
OI004114,ORD01548,P0265,3,40815.0,0.0,122445.0
OI004115,ORD01548,P0172,1,963.0,0.0,963.0
OI004116,ORD01548,P0348,2,12978.0,1297.8,24658.2
OI004117,ORD01548,P0180,1,10370.0,518.5,9851.5
OI004118,ORD01549,P0263,2,1287.0,51.48,2522.52
OI004119,ORD01549,P0163,1,781.0,0.0,781.0
OI004120,ORD01549,P0204,2,8512.0,851.2,16172.8
OI004121,ORD01550,P0304,3,28441.0,0.0,85323.0
OI004122,ORD01550,P0370,2,1501.0,60.04,2941.96
OI004123,ORD01550,P0108,1,41676.5,0.0,41676.5
OI004124,ORD01550,P0330,1,544.0,0.0,544.0
OI004125,ORD01550,P0165,3,2259.0,338.85,6438.15
OI004126,ORD01551,P0256,2,10179.0,1017.9,19340.1
OI004127,ORD01551,P0299,1,776.15,38.81,737.34
OI004128,ORD01551,P0294,2,315.9,0.0,631.8
OI004129,ORD01551,P0369,2,10773.0,0.0,21546.0
OI004130,ORD01552,P0257,3,529.15,31.75,1555.7
OI004131,ORD01552,P0150,2,201.0,0.0,402.0
OI004132,ORD01552,P0133,1,10760.0,538.0,10222.0
OI004133,ORD01553,P0113,1,498.0,24.9,473.1
OI004134,ORD01553,P0225,2,2412.0,0.0,4824.0
OI004135,ORD01553,P0309,3,4870.0,730.5,13879.5
OI004136,ORD01553,P0178,1,85950.0,1719.0,84231.0
OI004137,ORD01553,P0201,2,554.8,55.48,1054.12
OI004138,ORD01554,P0014,2,348.3,34.83,661.77
OI004139,ORD01554,P0193,1,3094.0,61.88,3032.12
OI004140,ORD01554,P0281,1,3288.0,164.4,3123.6
OI004141,ORD01554,P0200,1,2529.0,0.0,2529.0
OI004142,ORD01554,P0266,3,30160.0,4524.0,85956.0
OI004143,ORD01555,P0092,2,593.6,59.36,1127.84
OI004144,ORD01555,P0065,1,6460.0,323.0,6137.0
OI004145,ORD01555,P0293,2,1341.0,53.64,2628.36
OI004146,ORD01556,P0164,3,731.5,0.0,2194.5
OI004147,ORD01556,P0399,3,295.0,17.7,867.3
OI004148,ORD01556,P0063,3,2286.0,0.0,6858.0
OI004149,ORD01556,P0251,2,25200.0,0.0,50400.0
OI004150,ORD01556,P0242,2,689.0,0.0,1378.0
OI004151,ORD01557,P0286,1,3915.0,0.0,3915.0
OI004152,ORD01557,P0314,2,1599.7,63.99,3135.41
OI004153,ORD01557,P0132,2,876.35,87.64,1665.06
OI004154,ORD01558,P0044,3,11970.0,718.2,35191.8
OI004155,ORD01559,P0357,2,7182.5,0.0,14365.0
OI004156,ORD01560,P0311,1,43728.0,0.0,43728.0
OI004157,ORD01560,P0137,2,4372.5,0.0,8745.0
OI004158,ORD01560,P0020,3,228.0,0.0,684.0
OI004159,ORD01560,P0381,2,639.0,25.56,1252.44
OI004160,ORD01561,P0306,3,1472.0,0.0,4416.0
OI004161,ORD01561,P0105,1,1600.0,0.0,1600.0
OI004162,ORD01562,P0030,3,452.7,0.0,1358.1
OI004163,ORD01562,P0089,2,2712.0,0.0,5424.0
OI004164,ORD01563,P0155,3,42337.5,2540.25,124472.25
OI004165,ORD01563,P0100,3,1320.0,0.0,3960.0
OI004166,ORD01563,P0320,2,39358.5,3935.85,74781.15
OI004167,ORD01563,P0034,1,2646.0,0.0,2646.0
OI004168,ORD01564,P0215,1,12010.5,600.52,11409.98
OI004169,ORD01564,P0148,1,855.95,17.12,838.83
OI004170,ORD01565,P0355,1,478.0,23.9,454.1
OI004171,ORD01565,P0221,2,7038.0,703.8,13372.2
OI004172,ORD01566,P0116,1,1162.8,0.0,1162.8
OI004173,ORD01566,P0169,3,6279.0,0.0,18837.0
OI004174,ORD01566,P0199,1,7791.0,155.82,7635.18
OI004175,ORD01566,P0023,1,4870.0,243.5,4626.5
OI004176,ORD01567,P0166,2,2070.0,207.0,3933.0
OI004177,ORD01567,P0040,2,90189.0,0.0,180378.0
OI004178,ORD01567,P0158,2,2362.5,0.0,4725.0
OI004179,ORD01568,P0302,1,1929.5,0.0,1929.5
OI004180,ORD01569,P0304,1,28441.0,1422.05,27018.95
OI004181,ORD01570,P0372,3,6732.0,403.92,19792.08
OI004182,ORD01570,P0015,2,31560.0,0.0,63120.0
OI004183,ORD01570,P0345,2,1413.6,0.0,2827.2
OI004184,ORD01570,P0367,1,180.75,9.04,171.71
OI004185,ORD01570,P0045,2,2888.0,288.8,5487.2
OI004186,ORD01571,P0328,3,805.0,0.0,2415.0
OI004187,ORD01572,P0047,2,3654.0,0.0,7308.0
OI004188,ORD01572,P0301,1,187.15,0.0,187.15
OI004189,ORD01572,P0371,2,2180.0,87.2,4272.8
OI004190,ORD01573,P0021,1,246.0,0.0,246.0
OI004191,ORD01573,P0086,3,7780.0,1167.0,22173.0
OI004192,ORD01573,P0352,2,98775.0,0.0,197550.0
OI004193,ORD01573,P0019,3,748.0,0.0,2244.0
OI004194,ORD01573,P0376,1,43677.0,0.0,43677.0
OI004195,ORD01574,P0326,1,908.0,0.0,908.0
OI004196,ORD01574,P0220,2,840.0,33.6,1646.4
OI004197,ORD01575,P0147,3,23805.0,0.0,71415.0
OI004198,ORD01575,P0242,2,689.0,0.0,1378.0
OI004199,ORD01575,P0360,3,370.4,22.22,1088.98
OI004200,ORD01576,P0179,3,3315.0,497.25,9447.75
OI004201,ORD01576,P0044,2,11970.0,0.0,23940.0
OI004202,ORD01576,P0272,2,635.0,0.0,1270.0
OI004203,ORD01577,P0045,3,2888.0,0.0,8664.0
OI004204,ORD01577,P0215,1,12010.5,0.0,12010.5
OI004205,ORD01577,P0115,1,479.25,0.0,479.25
OI004206,ORD01577,P0265,1,40815.0,816.3,39998.7
OI004207,ORD01577,P0063,1,2286.0,114.3,2171.7
OI004208,ORD01578,P0196,3,2934.0,0.0,8802.0
OI004209,ORD01578,P0202,2,801.0,0.0,1602.0
OI004210,ORD01578,P0055,2,7923.0,792.3,15053.7
OI004211,ORD01579,P0029,1,102.6,2.05,100.55
OI004212,ORD01579,P0243,2,1389.0,0.0,2778.0
OI004213,ORD01580,P0108,3,41676.5,0.0,125029.5
OI004214,ORD01580,P0063,3,2286.0,0.0,6858.0
OI004215,ORD01581,P0077,3,794.0,0.0,2382.0
OI004216,ORD01582,P0089,1,2712.0,0.0,2712.0
OI004217,ORD01582,P0358,3,1111.0,0.0,3333.0
OI004218,ORD01582,P0263,2,1287.0,51.48,2522.52
OI004219,ORD01583,P0140,2,391.0,39.1,742.9
OI004220,ORD01583,P0175,2,37540.0,0.0,75080.0
OI004221,ORD01584,P0207,1,6867.0,0.0,6867.0
OI004222,ORD01584,P0155,1,42337.5,846.75,41490.75
OI004223,ORD01584,P0394,1,1550.0,31.0,1519.0
OI004224,ORD01585,P0014,3,348.3,0.0,1044.9
OI004225,ORD01585,P0135,3,10960.0,0.0,32880.0
OI004226,ORD01586,P0367,2,180.75,18.07,343.43
OI004227,ORD01587,P0373,3,11673.0,0.0,35019.0
OI004228,ORD01587,P0261,3,6880.0,1032.0,19608.0
OI004229,ORD01587,P0371,1,2180.0,0.0,2180.0
OI004230,ORD01587,P0180,1,10370.0,0.0,10370.0
OI004231,ORD01588,P0162,3,130020.0,0.0,390060.0
OI004232,ORD01588,P0003,1,79590.0,0.0,79590.0
OI004233,ORD01588,P0139,1,2590.0,0.0,2590.0
OI004234,ORD01589,P0251,2,25200.0,1008.0,49392.0
OI004235,ORD01589,P0378,1,1246.95,0.0,1246.95
OI004236,ORD01589,P0168,3,8036.0,482.16,23625.84
OI004237,ORD01590,P0148,2,855.95,0.0,1711.9
OI004238,ORD01590,P0263,2,1287.0,51.48,2522.52
OI004239,ORD01590,P0247,2,6405.0,0.0,12810.0
OI004240,ORD01590,P0135,2,10960.0,0.0,21920.0
OI004241,ORD01590,P0300,3,1547.1,92.83,4548.47
OI004242,ORD01591,P0079,1,513.95,0.0,513.95
OI004243,ORD01592,P0280,2,7132.5,285.3,13979.7
OI004244,ORD01593,P0047,3,3654.0,0.0,10962.0
OI004245,ORD01593,P0135,2,10960.0,0.0,21920.0
OI004246,ORD01594,P0005,2,493.5,19.74,967.26
OI004247,ORD01594,P0166,3,2070.0,0.0,6210.0
OI004248,ORD01595,P0205,1,1770.0,35.4,1734.6
OI004249,ORD01596,P0379,2,154.7,6.19,303.21
OI004250,ORD01596,P0022,1,338.2,0.0,338.2
OI004251,ORD01596,P0300,1,1547.1,0.0,1547.1
OI004252,ORD01596,P0385,1,813.0,16.26,796.74
OI004253,ORD01597,P0037,2,2619.0,0.0,5238.0
OI004254,ORD01597,P0120,2,9603.0,0.0,19206.0
OI004255,ORD01598,P0260,2,352.0,14.08,689.92
OI004256,ORD01599,P0011,3,13991.0,0.0,41973.0
OI004257,ORD01599,P0329,2,771.4,77.14,1465.66
OI004258,ORD01600,P0391,2,2916.0,0.0,5832.0
OI004259,ORD01600,P0368,2,338.4,0.0,676.8
OI004260,ORD01600,P0158,3,2362.5,141.75,6945.75
OI004261,ORD01601,P0275,2,42363.0,4236.3,80489.7
OI004262,ORD01602,P0321,1,170.4,3.41,166.99
OI004263,ORD01602,P0271,2,2827.5,113.1,5541.9
OI004264,ORD01603,P0318,2,57978.0,2319.12,113636.88
OI004265,ORD01603,P0374,3,1995.0,299.25,5685.75
OI004266,ORD01604,P0355,3,478.0,0.0,1434.0
OI004267,ORD01604,P0389,3,3884.5,0.0,11653.5
OI004268,ORD01604,P0239,3,281.6,16.9,827.9
OI004269,ORD01604,P0034,1,2646.0,132.3,2513.7
OI004270,ORD01604,P0177,2,618.8,24.75,1212.85
OI004271,ORD01605,P0110,2,116.0,11.6,220.4
OI004272,ORD01606,P0380,2,23597.0,0.0,47194.0
OI004273,ORD01606,P0349,1,2082.5,41.65,2040.85
OI004274,ORD01606,P0119,3,1730.0,103.8,5086.2
OI004275,ORD01607,P0269,1,496.0,24.8,471.2
OI004276,ORD01607,P0197,3,472.0,0.0,1416.0
OI004277,ORD01607,P0221,1,7038.0,351.9,6686.1
OI004278,ORD01608,P0171,2,67370.0,2694.8,132045.2
OI004279,ORD01608,P0036,3,594.0,0.0,1782.0
OI004280,ORD01609,P0118,3,5880.0,0.0,17640.0
OI004281,ORD01609,P0166,3,2070.0,0.0,6210.0
OI004282,ORD01610,P0311,3,43728.0,6559.2,124624.8
OI004283,ORD01610,P0287,1,9270.0,0.0,9270.0
OI004284,ORD01611,P0278,2,396.1,15.84,776.36
OI004285,ORD01611,P0224,1,44082.0,0.0,44082.0
OI004286,ORD01611,P0389,2,3884.5,0.0,7769.0
OI004287,ORD01611,P0202,2,801.0,0.0,1602.0
OI004288,ORD01611,P0048,1,2213.5,44.27,2169.23
OI004289,ORD01612,P0106,2,1952.0,0.0,3904.0
OI004290,ORD01612,P0352,3,98775.0,14816.25,281508.75
OI004291,ORD01612,P0140,1,391.0,0.0,391.0
OI004292,ORD01613,P0024,1,587.7,29.39,558.31
OI004293,ORD01613,P0157,1,65240.0,3262.0,61978.0
OI004294,ORD01614,P0382,2,1387.5,55.5,2719.5
OI004295,ORD01614,P0237,2,35595.0,0.0,71190.0
OI004296,ORD01614,P0224,2,44082.0,0.0,88164.0
OI004297,ORD01615,P0342,3,194.65,29.2,554.75
OI004298,ORD01615,P0259,3,950.0,57.0,2793.0
OI004299,ORD01615,P0137,3,4372.5,262.35,12855.15
OI004300,ORD01615,P0364,2,84610.0,0.0,169220.0
OI004301,ORD01616,P0086,3,7780.0,0.0,23340.0
OI004302,ORD01616,P0392,2,1070.1,0.0,2140.2
OI004303,ORD01616,P0283,1,28775.5,575.51,28199.99
OI004304,ORD01617,P0315,3,582.3,0.0,1746.9
OI004305,ORD01617,P0123,3,242.4,0.0,727.2
OI004306,ORD01617,P0194,1,50310.0,1006.2,49303.8
OI004307,ORD01618,P0360,1,370.4,7.41,362.99
OI004308,ORD01619,P0350,3,18711.0,2806.65,53326.35
OI004309,ORD01619,P0110,1,116.0,5.8,110.2
OI004310,ORD01619,P0395,3,1710.0,0.0,5130.0
OI004311,ORD01619,P0247,2,6405.0,0.0,12810.0
OI004312,ORD01619,P0289,1,12807.0,256.14,12550.86
OI004313,ORD01620,P0169,3,6279.0,0.0,18837.0
OI004314,ORD01620,P0030,1,452.7,0.0,452.7
OI004315,ORD01621,P0286,3,3915.0,0.0,11745.0
OI004316,ORD01622,P0164,1,731.5,36.58,694.92
OI004317,ORD01622,P0210,1,1050.6,0.0,1050.6
OI004318,ORD01622,P0095,1,28323.0,1416.15,26906.85
OI004319,ORD01622,P0232,2,25740.0,2574.0,48906.0
OI004320,ORD01623,P0396,1,50100.0,1002.0,49098.0
OI004321,ORD01623,P0390,1,2235.5,0.0,2235.5
OI004322,ORD01624,P0190,3,3163.5,474.53,9015.97
OI004323,ORD01625,P0263,2,1287.0,51.48,2522.52
OI004324,ORD01626,P0265,2,40815.0,0.0,81630.0
OI004325,ORD01626,P0278,2,396.1,0.0,792.2
OI004326,ORD01627,P0393,2,472.0,0.0,944.0
OI004327,ORD01627,P0287,2,9270.0,0.0,18540.0
OI004328,ORD01627,P0297,3,3416.0,0.0,10248.0
OI004329,ORD01628,P0336,1,2520.0,0.0,2520.0
OI004330,ORD01628,P0381,3,639.0,0.0,1917.0
OI004331,ORD01628,P0039,1,25483.0,0.0,25483.0
OI004332,ORD01628,P0314,3,1599.7,0.0,4799.1
OI004333,ORD01629,P0128,3,504.0,0.0,1512.0
OI004334,ORD01629,P0325,2,3390.0,0.0,6780.0
OI004335,ORD01629,P0395,2,1710.0,171.0,3249.0
OI004336,ORD01630,P0105,1,1600.0,32.0,1568.0
OI004337,ORD01630,P0140,1,391.0,0.0,391.0
OI004338,ORD01630,P0256,2,10179.0,0.0,20358.0
OI004339,ORD01631,P0082,1,61.0,1.22,59.78
OI004340,ORD01631,P0322,3,8527.5,0.0,25582.5
OI004341,ORD01631,P0242,1,689.0,0.0,689.0
OI004342,ORD01632,P0007,1,889.5,44.48,845.02
OI004343,ORD01632,P0302,1,1929.5,0.0,1929.5
OI004344,ORD01632,P0128,1,504.0,0.0,504.0
OI004345,ORD01633,P0317,3,720.0,0.0,2160.0
OI004346,ORD01633,P0065,1,6460.0,129.2,6330.8
OI004347,ORD01634,P0376,2,43677.0,0.0,87354.0
OI004348,ORD01634,P0305,2,11367.0,1136.7,21597.3
OI004349,ORD01634,P0395,3,1710.0,0.0,5130.0
OI004350,ORD01634,P0161,2,649.6,25.98,1273.22
OI004351,ORD01634,P0340,3,7880.0,0.0,23640.0
OI004352,ORD01635,P0106,1,1952.0,0.0,1952.0
OI004353,ORD01635,P0362,3,9486.0,1422.9,27035.1
OI004354,ORD01635,P0247,1,6405.0,128.1,6276.9
OI004355,ORD01636,P0304,2,28441.0,1137.64,55744.36
OI004356,ORD01637,P0024,3,587.7,0.0,1763.1
OI004357,ORD01637,P0086,2,7780.0,0.0,15560.0
OI004358,ORD01638,P0202,2,801.0,80.1,1521.9
OI004359,ORD01638,P0098,3,739.8,0.0,2219.4
OI004360,ORD01639,P0271,1,2827.5,0.0,2827.5
OI004361,ORD01639,P0340,3,7880.0,0.0,23640.0
OI004362,ORD01639,P0172,1,963.0,0.0,963.0
OI004363,ORD01640,P0136,3,362.0,54.3,1031.7
OI004364,ORD01640,P0122,2,550.0,0.0,1100.0
OI004365,ORD01641,P0282,2,7600.0,0.0,15200.0
OI004366,ORD01642,P0329,2,771.4,0.0,1542.8
OI004367,ORD01642,P0079,3,513.95,0.0,1541.85
OI004368,ORD01643,P0143,1,2061.0,103.05,1957.95
OI004369,ORD01643,P0231,2,2061.5,82.46,4040.54
OI004370,ORD01644,P0206,2,774.0,30.96,1517.04
OI004371,ORD01644,P0223,1,950.0,0.0,950.0
OI004372,ORD01644,P0241,2,117.6,0.0,235.2
OI004373,ORD01645,P0018,2,730.0,73.0,1387.0
OI004374,ORD01646,P0347,3,757.5,0.0,2272.5
OI004375,ORD01646,P0035,2,34218.0,1368.72,67067.28
OI004376,ORD01646,P0130,2,4100.0,0.0,8200.0
OI004377,ORD01646,P0082,2,61.0,2.44,119.56
OI004378,ORD01646,P0256,2,10179.0,0.0,20358.0
OI004379,ORD01647,P0151,1,7542.0,0.0,7542.0
OI004380,ORD01647,P0250,1,290.4,5.81,284.59
OI004381,ORD01648,P0058,2,4869.0,486.9,9251.1
OI004382,ORD01648,P0032,1,873.0,43.65,829.35
OI004383,ORD01649,P0153,1,792.4,0.0,792.4
OI004384,ORD01649,P0261,2,6880.0,688.0,13072.0
OI004385,ORD01649,P0343,3,279.2,16.75,820.85
OI004386,ORD01649,P0210,1,1050.6,0.0,1050.6
OI004387,ORD01650,P0210,2,1050.6,0.0,2101.2
OI004388,ORD01650,P0162,1,130020.0,2600.4,127419.6
OI004389,ORD01650,P0219,2,12090.0,0.0,24180.0
OI004390,ORD01650,P0214,2,13761.5,0.0,27523.0
OI004391,ORD01651,P0229,3,5392.5,0.0,16177.5
OI004392,ORD01651,P0126,1,7938.0,0.0,7938.0
OI004393,ORD01651,P0235,3,1960.0,0.0,5880.0
OI004394,ORD01651,P0315,2,582.3,23.29,1141.31
OI004395,ORD01651,P0092,3,593.6,89.04,1691.76
OI004396,ORD01652,P0315,1,582.3,0.0,582.3
OI004397,ORD01652,P0217,2,197.1,0.0,394.2
OI004398,ORD01653,P0061,2,2394.0,0.0,4788.0
OI004399,ORD01654,P0079,1,513.95,25.7,488.25
OI004400,ORD01654,P0346,2,927.0,0.0,1854.0
OI004401,ORD01654,P0345,3,1413.6,0.0,4240.8
OI004402,ORD01654,P0212,3,424.8,63.72,1210.68
OI004403,ORD01655,P0248,1,16444.5,0.0,16444.5
OI004404,ORD01655,P0133,3,10760.0,0.0,32280.0
OI004405,ORD01656,P0168,3,8036.0,0.0,24108.0
OI004406,ORD01657,P0137,2,4372.5,0.0,8745.0
OI004407,ORD01657,P0047,2,3654.0,0.0,7308.0
OI004408,ORD01658,P0192,3,129.5,0.0,388.5
OI004409,ORD01658,P0157,2,65240.0,0.0,130480.0
OI004410,ORD01658,P0159,1,11007.5,0.0,11007.5
OI004411,ORD01658,P0237,2,35595.0,0.0,71190.0
OI004412,ORD01659,P0028,2,29984.0,2998.4,56969.6
OI004413,ORD01660,P0300,2,1547.1,154.71,2939.49
OI004414,ORD01660,P0170,1,4068.0,0.0,4068.0
OI004415,ORD01660,P0317,3,720.0,0.0,2160.0
OI004416,ORD01660,P0205,1,1770.0,0.0,1770.0
OI004417,ORD01660,P0337,1,3771.0,0.0,3771.0
OI004418,ORD01661,P0114,2,4329.0,0.0,8658.0
OI004419,ORD01662,P0369,2,10773.0,0.0,21546.0
OI004420,ORD01662,P0028,3,29984.0,0.0,89952.0
OI004421,ORD01662,P0325,2,3390.0,135.6,6644.4
OI004422,ORD01663,P0318,3,57978.0,0.0,173934.0
OI004423,ORD01663,P0109,1,1809.0,36.18,1772.82
OI004424,ORD01663,P0347,2,757.5,0.0,1515.0
OI004425,ORD01663,P0165,2,2259.0,0.0,4518.0
OI004426,ORD01663,P0339,3,1422.4,0.0,4267.2
OI004427,ORD01664,P0145,3,720.9,43.25,2119.45
OI004428,ORD01664,P0012,2,4740.5,474.05,9006.95
OI004429,ORD01664,P0282,1,7600.0,0.0,7600.0
OI004430,ORD01665,P0053,1,2260.0,113.0,2147.0
OI004431,ORD01666,P0211,2,1030.0,41.2,2018.8
OI004432,ORD01667,P0003,3,79590.0,4775.4,233994.6
OI004433,ORD01667,P0338,3,4674.0,701.1,13320.9
OI004434,ORD01667,P0014,3,348.3,0.0,1044.9
OI004435,ORD01668,P0224,3,44082.0,0.0,132246.0
OI004436,ORD01668,P0191,1,821.75,0.0,821.75
OI004437,ORD01668,P0371,3,2180.0,0.0,6540.0
OI004438,ORD01669,P0353,3,782.0,0.0,2346.0
OI004439,ORD01669,P0083,3,6600.0,0.0,19800.0
OI004440,ORD01669,P0281,2,3288.0,0.0,6576.0
OI004441,ORD01670,P0132,1,876.35,0.0,876.35
OI004442,ORD01671,P0032,3,873.0,130.95,2488.05
OI004443,ORD01671,P0270,2,2265.0,0.0,4530.0
OI004444,ORD01671,P0001,3,261.0,0.0,783.0
OI004445,ORD01672,P0039,3,25483.0,0.0,76449.0
OI004446,ORD01673,P0164,3,731.5,109.73,2084.77
OI004447,ORD01673,P0274,3,2320.0,0.0,6960.0
OI004448,ORD01673,P0171,3,67370.0,0.0,202110.0
OI004449,ORD01674,P0126,3,7938.0,0.0,23814.0
OI004450,ORD01674,P0128,1,504.0,0.0,504.0
OI004451,ORD01675,P0198,3,385.0,0.0,1155.0
OI004452,ORD01675,P0019,1,748.0,14.96,733.04
OI004453,ORD01675,P0382,1,1387.5,0.0,1387.5
OI004454,ORD01675,P0051,1,3536.0,0.0,3536.0
OI004455,ORD01676,P0220,1,840.0,42.0,798.0
OI004456,ORD01676,P0307,1,1269.0,0.0,1269.0
OI004457,ORD01677,P0276,1,36247.5,0.0,36247.5
OI004458,ORD01677,P0174,1,312.8,6.26,306.54
OI004459,ORD01677,P0058,3,4869.0,730.35,13876.65
OI004460,ORD01678,P0234,1,4290.0,214.5,4075.5
OI004461,ORD01678,P0042,2,485.45,48.55,922.35
OI004462,ORD01679,P0018,1,730.0,36.5,693.5
OI004463,ORD01679,P0075,2,2147.0,0.0,4294.0
OI004464,ORD01679,P0033,1,30405.0,0.0,30405.0
OI004465,ORD01679,P0098,2,739.8,0.0,1479.6
OI004466,ORD01679,P0293,3,1341.0,201.15,3821.85
OI004467,ORD01680,P0293,1,1341.0,0.0,1341.0
OI004468,ORD01681,P0014,2,348.3,0.0,696.6
OI004469,ORD01681,P0025,2,493.05,19.72,966.38
OI004470,ORD01681,P0024,2,587.7,0.0,1175.4
OI004471,ORD01681,P0186,3,54045.5,0.0,162136.5
OI004472,ORD01682,P0217,3,197.1,0.0,591.3
OI004473,ORD01682,P0303,1,369.75,7.4,362.35
OI004474,ORD01683,P0027,2,15750.0,0.0,31500.0
OI004475,ORD01683,P0128,1,504.0,0.0,504.0
OI004476,ORD01683,P0275,2,42363.0,1694.52,83031.48
OI004477,ORD01683,P0295,3,3667.5,0.0,11002.5
OI004478,ORD01684,P0322,2,8527.5,0.0,17055.0
OI004479,ORD01684,P0304,1,28441.0,0.0,28441.0
OI004480,ORD01685,P0198,2,385.0,15.4,754.6
OI004481,ORD01685,P0142,3,2380.0,0.0,7140.0
OI004482,ORD01685,P0276,2,36247.5,0.0,72495.0
OI004483,ORD01685,P0356,2,7398.0,0.0,14796.0
OI004484,ORD01686,P0051,3,3536.0,530.4,10077.6
OI004485,ORD01686,P0070,3,1650.0,0.0,4950.0
OI004486,ORD01686,P0350,1,18711.0,374.22,18336.78
OI004487,ORD01686,P0115,3,479.25,71.89,1365.86
OI004488,ORD01687,P0253,3,1485.0,0.0,4455.0
OI004489,ORD01687,P0372,3,6732.0,403.92,19792.08
OI004490,ORD01687,P0158,2,2362.5,0.0,4725.0
OI004491,ORD01687,P0386,2,981.75,0.0,1963.5
OI004492,ORD01688,P0082,2,61.0,0.0,122.0
OI004493,ORD01688,P0070,1,1650.0,0.0,1650.0
OI004494,ORD01688,P0118,1,5880.0,117.6,5762.4
OI004495,ORD01689,P0093,1,423.0,0.0,423.0
OI004496,ORD01689,P0386,2,981.75,98.18,1865.32
OI004497,ORD01690,P0167,2,1932.0,193.2,3670.8
OI004498,ORD01690,P0209,3,8016.0,0.0,24048.0
OI004499,ORD01691,P0171,1,67370.0,3368.5,64001.5
OI004500,ORD01692,P0391,2,2916.0,116.64,5715.36
OI004501,ORD01693,P0393,1,472.0,23.6,448.4
OI004502,ORD01694,P0225,2,2412.0,241.2,4582.8
OI004503,ORD01695,P0109,3,1809.0,0.0,5427.0
OI004504,ORD01695,P0343,3,279.2,0.0,837.6
OI004505,ORD01695,P0265,2,40815.0,0.0,81630.0
OI004506,ORD01695,P0124,3,48142.5,0.0,144427.5
OI004507,ORD01695,P0225,2,2412.0,0.0,4824.0
OI004508,ORD01696,P0179,2,3315.0,331.5,6298.5
OI004509,ORD01697,P0286,1,3915.0,0.0,3915.0
OI004510,ORD01697,P0201,2,554.8,22.19,1087.41
OI004511,ORD01697,P0173,2,437.0,0.0,874.0
OI004512,ORD01697,P0044,3,11970.0,0.0,35910.0
OI004513,ORD01698,P0378,2,1246.95,49.88,2444.02
OI004514,ORD01698,P0356,3,7398.0,0.0,22194.0
OI004515,ORD01698,P0285,2,870.0,0.0,1740.0
OI004516,ORD01698,P0168,2,8036.0,0.0,16072.0
OI004517,ORD01699,P0147,2,23805.0,0.0,47610.0
OI004518,ORD01699,P0075,1,2147.0,107.35,2039.65
OI004519,ORD01700,P0113,3,498.0,0.0,1494.0
OI004520,ORD01701,P0004,2,4395.0,0.0,8790.0
OI004521,ORD01701,P0018,2,730.0,29.2,1430.8
OI004522,ORD01701,P0333,2,11480.0,1148.0,21812.0
OI004523,ORD01701,P0083,2,6600.0,264.0,12936.0
OI004524,ORD01702,P0386,3,981.75,0.0,2945.25
OI004525,ORD01702,P0105,2,1600.0,64.0,3136.0
OI004526,ORD01702,P0241,2,117.6,11.76,223.44
OI004527,ORD01703,P0075,3,2147.0,322.05,6118.95
OI004528,ORD01704,P0258,2,132.0,0.0,264.0
OI004529,ORD01704,P0300,3,1547.1,92.83,4548.47
OI004530,ORD01704,P0205,2,1770.0,0.0,3540.0
OI004531,ORD01704,P0347,3,757.5,0.0,2272.5
OI004532,ORD01704,P0295,3,3667.5,550.12,10452.38
OI004533,ORD01705,P0177,3,618.8,0.0,1856.4
OI004534,ORD01705,P0296,1,337.5,16.88,320.62
OI004535,ORD01705,P0099,1,2871.0,0.0,2871.0
OI004536,ORD01706,P0169,3,6279.0,0.0,18837.0
OI004537,ORD01706,P0098,1,739.8,14.8,725.0
OI004538,ORD01707,P0079,1,513.95,10.28,503.67
OI004539,ORD01707,P0040,1,90189.0,1803.78,88385.22
OI004540,ORD01707,P0047,2,3654.0,0.0,7308.0
OI004541,ORD01707,P0349,2,2082.5,83.3,4081.7
OI004542,ORD01707,P0287,3,9270.0,0.0,27810.0
OI004543,ORD01708,P0070,3,1650.0,0.0,4950.0
OI004544,ORD01708,P0013,1,645.75,12.92,632.83
OI004545,ORD01708,P0299,1,776.15,0.0,776.15
OI004546,ORD01709,P0059,1,1367.1,0.0,1367.1
OI004547,ORD01709,P0229,1,5392.5,269.62,5122.88
OI004548,ORD01709,P0114,3,4329.0,649.35,12337.65
OI004549,ORD01709,P0351,1,922.5,0.0,922.5
OI004550,ORD01709,P0048,2,2213.5,0.0,4427.0
OI004551,ORD01710,P0054,1,1603.0,0.0,1603.0
OI004552,ORD01710,P0093,2,423.0,0.0,846.0
OI004553,ORD01711,P0225,2,2412.0,0.0,4824.0
OI004554,ORD01712,P0362,3,9486.0,1422.9,27035.1
OI004555,ORD01712,P0295,2,3667.5,0.0,7335.0
OI004556,ORD01713,P0365,1,51250.0,0.0,51250.0
OI004557,ORD01713,P0012,2,4740.5,474.05,9006.95
OI004558,ORD01713,P0392,1,1070.1,0.0,1070.1
OI004559,ORD01713,P0187,3,2135.0,0.0,6405.0
OI004560,ORD01714,P0029,3,102.6,15.39,292.41
OI004561,ORD01714,P0361,1,4263.0,213.15,4049.85
OI004562,ORD01715,P0054,3,1603.0,0.0,4809.0
OI004563,ORD01715,P0136,1,362.0,0.0,362.0
OI004564,ORD01715,P0284,1,169.0,0.0,169.0
OI004565,ORD01716,P0373,2,11673.0,1167.3,22178.7
OI004566,ORD01716,P0044,1,11970.0,598.5,11371.5
OI004567,ORD01717,P0243,2,1389.0,0.0,2778.0
OI004568,ORD01717,P0038,1,1213.15,0.0,1213.15
OI004569,ORD01717,P0275,3,42363.0,2541.78,124547.22
OI004570,ORD01717,P0185,3,1830.0,0.0,5490.0
OI004571,ORD01717,P0094,3,25500.0,0.0,76500.0
OI004572,ORD01718,P0302,1,1929.5,0.0,1929.5
OI004573,ORD01718,P0147,1,23805.0,476.1,23328.9
OI004574,ORD01718,P0056,3,3800.0,570.0,10830.0
OI004575,ORD01718,P0013,2,645.75,0.0,1291.5
OI004576,ORD01718,P0088,2,52820.0,0.0,105640.0
OI004577,ORD01719,P0400,1,11276.5,0.0,11276.5
OI004578,ORD01719,P0152,3,726.75,0.0,2180.25
OI004579,ORD01719,P0243,1,1389.0,0.0,1389.0
OI004580,ORD01720,P0069,3,380.0,0.0,1140.0
OI004581,ORD01720,P0016,2,2751.0,0.0,5502.0
OI004582,ORD01720,P0355,3,478.0,71.7,1362.3
OI004583,ORD01721,P0384,1,8334.0,0.0,8334.0
OI004584,ORD01721,P0229,3,5392.5,0.0,16177.5
OI004585,ORD01722,P0356,3,7398.0,1109.7,21084.3
OI004586,ORD01722,P0064,1,6170.0,308.5,5861.5
OI004587,ORD01722,P0302,1,1929.5,96.48,1833.02
OI004588,ORD01723,P0104,3,1100.8,165.12,3137.28
OI004589,ORD01723,P0227,3,307.8,0.0,923.4
OI004590,ORD01724,P0208,3,8140.0,488.4,23931.6
OI004591,ORD01724,P0317,2,720.0,28.8,1411.2
OI004592,ORD01725,P0207,3,6867.0,0.0,20601.0
OI004593,ORD01725,P0208,1,8140.0,0.0,8140.0
OI004594,ORD01726,P0313,3,914.85,137.23,2607.32
OI004595,ORD01727,P0192,1,129.5,0.0,129.5
OI004596,ORD01727,P0006,3,5196.5,0.0,15589.5
OI004597,ORD01728,P0100,1,1320.0,0.0,1320.0
OI004598,ORD01729,P0014,3,348.3,0.0,1044.9
OI004599,ORD01729,P0219,1,12090.0,604.5,11485.5
OI004600,ORD01729,P0391,2,2916.0,291.6,5540.4
OI004601,ORD01729,P0170,2,4068.0,406.8,7729.2
OI004602,ORD01729,P0135,1,10960.0,548.0,10412.0
OI004603,ORD01730,P0359,1,16920.0,0.0,16920.0
OI004604,ORD01730,P0150,3,201.0,0.0,603.0
OI004605,ORD01730,P0025,1,493.05,0.0,493.05
OI004606,ORD01731,P0381,1,639.0,0.0,639.0
OI004607,ORD01731,P0173,3,437.0,26.22,1284.78
OI004608,ORD01731,P0283,1,28775.5,0.0,28775.5
OI004609,ORD01732,P0395,3,1710.0,0.0,5130.0
OI004610,ORD01733,P0020,1,228.0,0.0,228.0
OI004611,ORD01733,P0376,1,43677.0,0.0,43677.0
OI004612,ORD01733,P0010,2,11568.0,0.0,23136.0
OI004613,ORD01734,P0239,3,281.6,0.0,844.8
OI004614,ORD01734,P0382,2,1387.5,0.0,2775.0
OI004615,ORD01734,P0252,2,1359.45,0.0,2718.9
OI004616,ORD01734,P0257,3,529.15,0.0,1587.45
OI004617,ORD01734,P0183,3,1044.0,0.0,3132.0
OI004618,ORD01735,P0374,3,1995.0,299.25,5685.75
OI004619,ORD01735,P0365,3,51250.0,3075.0,150675.0
OI004620,ORD01735,P0107,3,1719.5,0.0,5158.5
OI004621,ORD01736,P0124,1,48142.5,962.85,47179.65
OI004622,ORD01736,P0364,2,84610.0,0.0,169220.0
OI004623,ORD01736,P0382,1,1387.5,0.0,1387.5
OI004624,ORD01737,P0321,1,170.4,3.41,166.99
OI004625,ORD01738,P0180,1,10370.0,0.0,10370.0
OI004626,ORD01738,P0357,2,7182.5,0.0,14365.0
OI004627,ORD01738,P0059,1,1367.1,27.34,1339.76
OI004628,ORD01739,P0197,3,472.0,0.0,1416.0
OI004629,ORD01739,P0295,2,3667.5,366.75,6968.25
OI004630,ORD01739,P0239,1,281.6,5.63,275.97
OI004631,ORD01739,P0227,3,307.8,0.0,923.4
OI004632,ORD01740,P0335,2,323.2,0.0,646.4
OI004633,ORD01740,P0334,3,408.6,61.29,1164.51
OI004634,ORD01741,P0390,3,2235.5,0.0,6706.5
OI004635,ORD01741,P0293,2,1341.0,134.1,2547.9
OI004636,ORD01741,P0378,3,1246.95,187.04,3553.81
OI004637,ORD01742,P0091,3,184.0,11.04,540.96
OI004638,ORD01742,P0366,3,13920.0,0.0,41760.0
OI004639,ORD01743,P0221,1,7038.0,0.0,7038.0
OI004640,ORD01743,P0077,2,794.0,0.0,1588.0
OI004641,ORD01743,P0212,2,424.8,42.48,807.12
OI004642,ORD01743,P0114,2,4329.0,432.9,8225.1
OI004643,ORD01744,P0013,3,645.75,96.86,1840.39
OI004644,ORD01745,P0067,1,270.0,0.0,270.0
OI004645,ORD01745,P0299,2,776.15,0.0,1552.3
OI004646,ORD01745,P0113,3,498.0,0.0,1494.0
OI004647,ORD01745,P0090,1,11600.0,0.0,11600.0
OI004648,ORD01746,P0395,3,1710.0,0.0,5130.0
OI004649,ORD01746,P0048,2,2213.5,0.0,4427.0
OI004650,ORD01746,P0205,3,1770.0,0.0,5310.0
OI004651,ORD01747,P0208,1,8140.0,407.0,7733.0
OI004652,ORD01747,P0275,3,42363.0,2541.78,124547.22
OI004653,ORD01748,P0198,2,385.0,0.0,770.0
OI004654,ORD01748,P0028,3,29984.0,4497.6,85454.4
OI004655,ORD01748,P0299,1,776.15,0.0,776.15
OI004656,ORD01748,P0024,3,587.7,0.0,1763.1
OI004657,ORD01748,P0189,2,2637.0,105.48,5168.52
OI004658,ORD01749,P0283,1,28775.5,0.0,28775.5
OI004659,ORD01749,P0241,1,117.6,2.35,115.25
OI004660,ORD01750,P0246,3,1377.5,0.0,4132.5
OI004661,ORD01750,P0141,1,74679.5,1493.59,73185.91
OI004662,ORD01750,P0151,2,7542.0,0.0,15084.0
OI004663,ORD01751,P0348,1,12978.0,0.0,12978.0
OI004664,ORD01752,P0012,3,4740.5,284.43,13937.07
OI004665,ORD01752,P0047,1,3654.0,73.08,3580.92
OI004666,ORD01752,P0353,2,782.0,0.0,1564.0
OI004667,ORD01753,P0101,2,461.3,18.45,904.15
OI004668,ORD01753,P0021,3,246.0,0.0,738.0
OI004669,ORD01753,P0172,1,963.0,0.0,963.0
OI004670,ORD01753,P0246,1,1377.5,27.55,1349.95
OI004671,ORD01754,P0306,1,1472.0,0.0,1472.0
OI004672,ORD01754,P0226,1,10590.0,0.0,10590.0
OI004673,ORD01754,P0189,3,2637.0,0.0,7911.0
OI004674,ORD01754,P0397,2,468.75,0.0,937.5
OI004675,ORD01755,P0173,2,437.0,0.0,874.0
OI004676,ORD01755,P0308,2,6842.5,273.7,13411.3
OI004677,ORD01755,P0068,3,446.4,0.0,1339.2
OI004678,ORD01755,P0344,1,10850.0,217.0,10633.0
OI004679,ORD01756,P0113,2,498.0,0.0,996.0
OI004680,ORD01756,P0313,1,914.85,0.0,914.85
OI004681,ORD01756,P0226,1,10590.0,0.0,10590.0
OI004682,ORD01756,P0243,3,1389.0,83.34,4083.66
OI004683,ORD01757,P0072,1,875.7,0.0,875.7
OI004684,ORD01757,P0331,2,5200.0,520.0,9880.0
OI004685,ORD01758,P0022,3,338.2,0.0,1014.6
OI004686,ORD01758,P0210,3,1050.6,0.0,3151.8
OI004687,ORD01759,P0337,3,3771.0,0.0,11313.0
OI004688,ORD01759,P0008,2,427.0,0.0,854.0
OI004689,ORD01759,P0141,3,74679.5,11201.93,212836.57
OI004690,ORD01759,P0132,2,876.35,35.05,1717.65
OI004691,ORD01759,P0166,2,2070.0,0.0,4140.0
OI004692,ORD01760,P0338,1,4674.0,233.7,4440.3
OI004693,ORD01760,P0295,1,3667.5,183.38,3484.12
OI004694,ORD01760,P0239,2,281.6,11.26,551.94
OI004695,ORD01760,P0047,1,3654.0,0.0,3654.0
OI004696,ORD01761,P0024,2,587.7,0.0,1175.4
OI004697,ORD01761,P0295,2,3667.5,366.75,6968.25
OI004698,ORD01761,P0046,3,900.0,0.0,2700.0
OI004699,ORD01762,P0284,2,169.0,0.0,338.0
OI004700,ORD01762,P0219,3,12090.0,0.0,36270.0
OI004701,ORD01762,P0372,3,6732.0,0.0,20196.0
OI004702,ORD01763,P0003,3,79590.0,0.0,238770.0
OI004703,ORD01763,P0199,2,7791.0,779.1,14802.9
OI004704,ORD01763,P0324,3,319.2,0.0,957.6
OI004705,ORD01763,P0254,3,2302.5,345.38,6562.12
OI004706,ORD01764,P0182,2,491.0,0.0,982.0
OI004707,ORD01764,P0351,1,922.5,0.0,922.5
OI004708,ORD01765,P0149,1,3784.0,75.68,3708.32
OI004709,ORD01765,P0374,3,1995.0,0.0,5985.0
OI004710,ORD01765,P0335,1,323.2,0.0,323.2
OI004711,ORD01765,P0330,1,544.0,0.0,544.0
OI004712,ORD01766,P0130,1,4100.0,82.0,4018.0
OI004713,ORD01766,P0143,2,2061.0,0.0,4122.0
OI004714,ORD01767,P0152,1,726.75,0.0,726.75
OI004715,ORD01767,P0166,1,2070.0,0.0,2070.0
OI004716,ORD01767,P0356,2,7398.0,0.0,14796.0
OI004717,ORD01768,P0275,2,42363.0,1694.52,83031.48
OI004718,ORD01769,P0060,3,1035.0,0.0,3105.0
OI004719,ORD01770,P0238,1,29932.5,0.0,29932.5
OI004720,ORD01771,P0150,1,201.0,4.02,196.98
OI004721,ORD01771,P0114,3,4329.0,0.0,12987.0
OI004722,ORD01771,P0383,1,39427.5,0.0,39427.5
OI004723,ORD01772,P0170,1,4068.0,81.36,3986.64
OI004724,ORD01772,P0016,2,2751.0,0.0,5502.0
OI004725,ORD01772,P0180,1,10370.0,207.4,10162.6
OI004726,ORD01773,P0250,1,290.4,0.0,290.4
OI004727,ORD01773,P0186,3,54045.5,8106.83,154029.67
OI004728,ORD01774,P0049,3,37323.0,5598.45,106370.55
OI004729,ORD01774,P0292,2,204.0,0.0,408.0
OI004730,ORD01774,P0041,3,19983.5,1199.01,58751.49
OI004731,ORD01775,P0217,3,197.1,0.0,591.3
OI004732,ORD01775,P0359,3,16920.0,1015.2,49744.8
OI004733,ORD01776,P0179,3,3315.0,0.0,9945.0
OI004734,ORD01777,P0092,2,593.6,0.0,1187.2
OI004735,ORD01777,P0252,2,1359.45,0.0,2718.9
OI004736,ORD01777,P0098,3,739.8,44.39,2175.01
OI004737,ORD01778,P0265,3,40815.0,2448.9,119996.1
OI004738,ORD01778,P0287,3,9270.0,1390.5,26419.5
OI004739,ORD01779,P0168,2,8036.0,0.0,16072.0
OI004740,ORD01779,P0367,2,180.75,0.0,361.5
OI004741,ORD01780,P0307,1,1269.0,0.0,1269.0
OI004742,ORD01780,P0311,1,43728.0,0.0,43728.0
OI004743,ORD01781,P0109,3,1809.0,108.54,5318.46
OI004744,ORD01781,P0207,3,6867.0,0.0,20601.0
OI004745,ORD01782,P0111,3,6165.0,0.0,18495.0
OI004746,ORD01783,P0357,3,7182.5,0.0,21547.5
OI004747,ORD01783,P0127,2,2488.0,248.8,4727.2
OI004748,ORD01783,P0370,3,1501.0,0.0,4503.0
OI004749,ORD01783,P0102,2,509.0,0.0,1018.0
OI004750,ORD01784,P0074,2,2356.0,235.6,4476.4
OI004751,ORD01785,P0285,2,870.0,87.0,1653.0
OI004752,ORD01785,P0308,3,6842.5,410.55,20116.95
OI004753,ORD01786,P0205,3,1770.0,0.0,5310.0
OI004754,ORD01786,P0251,3,25200.0,0.0,75600.0
OI004755,ORD01786,P0224,3,44082.0,6612.3,125633.7
OI004756,ORD01786,P0057,1,1809.0,0.0,1809.0
OI004757,ORD01787,P0253,2,1485.0,0.0,2970.0
OI004758,ORD01787,P0276,2,36247.5,0.0,72495.0
OI004759,ORD01787,P0190,3,3163.5,189.81,9300.69
OI004760,ORD01788,P0126,1,7938.0,0.0,7938.0
OI004761,ORD01788,P0366,1,13920.0,0.0,13920.0
OI004762,ORD01789,P0155,1,42337.5,0.0,42337.5
OI004763,ORD01789,P0020,1,228.0,0.0,228.0
OI004764,ORD01789,P0055,3,7923.0,0.0,23769.0
OI004765,ORD01789,P0276,3,36247.5,0.0,108742.5
OI004766,ORD01790,P0296,2,337.5,33.75,641.25
OI004767,ORD01791,P0002,1,3368.0,67.36,3300.64
OI004768,ORD01791,P0243,3,1389.0,208.35,3958.65
OI004769,ORD01792,P0348,1,12978.0,0.0,12978.0
OI004770,ORD01793,P0350,2,18711.0,0.0,37422.0
OI004771,ORD01793,P0264,2,3980.0,0.0,7960.0
OI004772,ORD01793,P0114,3,4329.0,0.0,12987.0
OI004773,ORD01794,P0355,3,478.0,0.0,1434.0
OI004774,ORD01794,P0302,3,1929.5,0.0,5788.5
OI004775,ORD01794,P0308,2,6842.5,0.0,13685.0
OI004776,ORD01794,P0082,3,61.0,9.15,173.85
OI004777,ORD01794,P0004,1,4395.0,0.0,4395.0
OI004778,ORD01795,P0358,3,1111.0,0.0,3333.0
OI004779,ORD01795,P0065,3,6460.0,969.0,18411.0
OI004780,ORD01795,P0091,1,184.0,9.2,174.8
OI004781,ORD01796,P0225,2,2412.0,0.0,4824.0
OI004782,ORD01797,P0013,3,645.75,38.74,1898.51
OI004783,ORD01797,P0398,2,24984.0,2498.4,47469.6
OI004784,ORD01797,P0183,1,1044.0,20.88,1023.12
OI004785,ORD01798,P0068,2,446.4,44.64,848.16
OI004786,ORD01798,P0104,3,1100.8,66.05,3236.35
OI004787,ORD01798,P0005,1,493.5,24.68,468.82
OI004788,ORD01798,P0008,2,427.0,42.7,811.3
OI004789,ORD01798,P0024,3,587.7,35.26,1727.84
OI004790,ORD01799,P0214,1,13761.5,0.0,13761.5
OI004791,ORD01799,P0389,3,3884.5,233.07,11420.43
OI004792,ORD01800,P0129,1,348.0,6.96,341.04
OI004793,ORD01800,P0273,1,1872.0,0.0,1872.0
OI004794,ORD01800,P0124,2,48142.5,0.0,96285.0
OI004795,ORD01801,P0249,3,748.0,44.88,2199.12
OI004796,ORD01801,P0186,2,54045.5,5404.55,102686.45
OI004797,ORD01801,P0135,1,10960.0,0.0,10960.0
OI004798,ORD01801,P0061,3,2394.0,143.64,7038.36
OI004799,ORD01802,P0353,1,782.0,0.0,782.0
OI004800,ORD01802,P0050,1,66460.0,0.0,66460.0
OI004801,ORD01802,P0363,3,22342.5,1340.55,65686.95
OI004802,ORD01802,P0071,1,11925.0,0.0,11925.0
OI004803,ORD01803,P0218,1,610.4,0.0,610.4
OI004804,ORD01803,P0358,1,1111.0,0.0,1111.0
OI004805,ORD01803,P0039,2,25483.0,1019.32,49946.68
OI004806,ORD01804,P0194,3,50310.0,3018.6,147911.4
OI004807,ORD01804,P0144,3,1928.5,0.0,5785.5
OI004808,ORD01804,P0201,2,554.8,0.0,1109.6
OI004809,ORD01805,P0120,3,9603.0,1440.45,27368.55
OI004810,ORD01805,P0065,1,6460.0,0.0,6460.0
OI004811,ORD01806,P0393,3,472.0,70.8,1345.2
OI004812,ORD01806,P0296,1,337.5,0.0,337.5
OI004813,ORD01806,P0254,3,2302.5,0.0,6907.5
OI004814,ORD01806,P0333,2,11480.0,0.0,22960.0
OI004815,ORD01806,P0149,2,3784.0,378.4,7189.6
OI004816,ORD01807,P0392,3,1070.1,0.0,3210.3
OI004817,ORD01808,P0132,3,876.35,52.58,2576.47
OI004818,ORD01808,P0359,2,16920.0,0.0,33840.0
OI004819,ORD01808,P0038,2,1213.15,0.0,2426.3
OI004820,ORD01809,P0162,1,130020.0,0.0,130020.0
OI004821,ORD01810,P0377,3,1716.0,0.0,5148.0
OI004822,ORD01810,P0210,2,1050.6,42.02,2059.18
OI004823,ORD01811,P0224,2,44082.0,4408.2,83755.8
OI004824,ORD01811,P0215,2,12010.5,0.0,24021.0
OI004825,ORD01812,P0174,2,312.8,0.0,625.6
OI004826,ORD01813,P0128,1,504.0,0.0,504.0
OI004827,ORD01813,P0387,1,7968.0,159.36,7808.64
OI004828,ORD01813,P0183,3,1044.0,156.6,2975.4
OI004829,ORD01813,P0347,3,757.5,0.0,2272.5
OI004830,ORD01813,P0043,3,3472.5,0.0,10417.5
OI004831,ORD01814,P0002,1,3368.0,168.4,3199.6
OI004832,ORD01814,P0369,2,10773.0,0.0,21546.0
OI004833,ORD01814,P0155,2,42337.5,4233.75,80441.25
OI004834,ORD01815,P0308,3,6842.5,410.55,20116.95
OI004835,ORD01815,P0086,1,7780.0,0.0,7780.0
OI004836,ORD01816,P0072,1,875.7,0.0,875.7
OI004837,ORD01816,P0337,3,3771.0,226.26,11086.74
OI004838,ORD01817,P0022,3,338.2,20.29,994.31
OI004839,ORD01818,P0311,3,43728.0,6559.2,124624.8
OI004840,ORD01818,P0282,2,7600.0,0.0,15200.0
OI004841,ORD01819,P0174,1,312.8,0.0,312.8
OI004842,ORD01820,P0251,1,25200.0,1260.0,23940.0
OI004843,ORD01820,P0260,1,352.0,17.6,334.4
OI004844,ORD01820,P0007,1,889.5,17.79,871.71
OI004845,ORD01821,P0235,3,1960.0,0.0,5880.0
OI004846,ORD01821,P0275,2,42363.0,4236.3,80489.7
OI004847,ORD01821,P0171,1,67370.0,3368.5,64001.5
OI004848,ORD01822,P0105,3,1600.0,96.0,4704.0
OI004849,ORD01822,P0266,3,30160.0,0.0,90480.0
OI004850,ORD01823,P0152,3,726.75,109.01,2071.24
OI004851,ORD01823,P0367,1,180.75,0.0,180.75
OI004852,ORD01823,P0247,2,6405.0,0.0,12810.0
OI004853,ORD01824,P0006,1,5196.5,0.0,5196.5
OI004854,ORD01824,P0049,3,37323.0,0.0,111969.0
OI004855,ORD01825,P0313,3,914.85,0.0,2744.55
OI004856,ORD01825,P0118,2,5880.0,0.0,11760.0
OI004857,ORD01825,P0343,3,279.2,41.88,795.72
OI004858,ORD01825,P0253,3,1485.0,222.75,4232.25
OI004859,ORD01825,P0138,2,794.0,0.0,1588.0
OI004860,ORD01826,P0212,1,424.8,0.0,424.8
OI004861,ORD01826,P0184,1,16507.0,0.0,16507.0
OI004862,ORD01827,P0151,3,7542.0,452.52,22173.48
OI004863,ORD01827,P0399,1,295.0,0.0,295.0
OI004864,ORD01827,P0359,2,16920.0,1692.0,32148.0
OI004865,ORD01827,P0035,1,34218.0,0.0,34218.0
OI004866,ORD01828,P0014,1,348.3,17.42,330.88
OI004867,ORD01829,P0163,1,781.0,15.62,765.38
OI004868,ORD01829,P0235,2,1960.0,196.0,3724.0
OI004869,ORD01829,P0374,2,1995.0,0.0,3990.0
OI004870,ORD01830,P0231,2,2061.5,0.0,4123.0
OI004871,ORD01830,P0240,1,7990.0,159.8,7830.2
OI004872,ORD01830,P0337,1,3771.0,0.0,3771.0
OI004873,ORD01830,P0093,2,423.0,0.0,846.0
OI004874,ORD01831,P0238,2,29932.5,1197.3,58667.7
OI004875,ORD01831,P0084,2,5925.0,0.0,11850.0
OI004876,ORD01831,P0330,1,544.0,0.0,544.0
OI004877,ORD01831,P0226,3,10590.0,0.0,31770.0
OI004878,ORD01832,P0315,2,582.3,0.0,1164.6
OI004879,ORD01833,P0108,1,41676.5,0.0,41676.5
OI004880,ORD01833,P0033,1,30405.0,608.1,29796.9
OI004881,ORD01833,P0103,2,24800.0,0.0,49600.0
OI004882,ORD01833,P0123,3,242.4,36.36,690.84
OI004883,ORD01833,P0270,2,2265.0,0.0,4530.0
OI004884,ORD01834,P0026,1,7047.0,0.0,7047.0
OI004885,ORD01834,P0063,2,2286.0,0.0,4572.0
OI004886,ORD01834,P0141,3,74679.5,0.0,224038.5
OI004887,ORD01835,P0181,1,177.0,0.0,177.0
OI004888,ORD01835,P0200,3,2529.0,0.0,7587.0
OI004889,ORD01836,P0094,2,25500.0,2550.0,48450.0
OI004890,ORD01836,P0067,2,270.0,0.0,540.0
OI004891,ORD01836,P0235,2,1960.0,0.0,3920.0
OI004892,ORD01836,P0318,1,57978.0,1159.56,56818.44
OI004893,ORD01837,P0331,2,5200.0,0.0,10400.0
OI004894,ORD01837,P0076,1,13450.0,0.0,13450.0
OI004895,ORD01837,P0185,1,1830.0,91.5,1738.5
OI004896,ORD01838,P0270,3,2265.0,339.75,6455.25
OI004897,ORD01838,P0169,1,6279.0,313.95,5965.05
OI004898,ORD01838,P0122,2,550.0,55.0,1045.0
OI004899,ORD01839,P0218,3,610.4,36.62,1794.58
OI004900,ORD01839,P0124,2,48142.5,0.0,96285.0
OI004901,ORD01839,P0295,3,3667.5,0.0,11002.5
OI004902,ORD01840,P0314,2,1599.7,159.97,3039.43
OI004903,ORD01840,P0261,2,6880.0,688.0,13072.0
OI004904,ORD01841,P0274,2,2320.0,232.0,4408.0
OI004905,ORD01841,P0352,1,98775.0,4938.75,93836.25
OI004906,ORD01842,P0134,3,12300.0,0.0,36900.0
OI004907,ORD01842,P0107,3,1719.5,257.93,4900.57
OI004908,ORD01842,P0223,2,950.0,0.0,1900.0
OI004909,ORD01842,P0042,3,485.45,29.13,1427.22
OI004910,ORD01842,P0148,3,855.95,0.0,2567.85
OI004911,ORD01843,P0056,2,3800.0,152.0,7448.0
OI004912,ORD01843,P0064,2,6170.0,0.0,12340.0
OI004913,ORD01844,P0250,1,290.4,0.0,290.4
OI004914,ORD01844,P0132,3,876.35,0.0,2629.05
OI004915,ORD01845,P0007,3,889.5,0.0,2668.5
OI004916,ORD01845,P0085,2,2812.0,0.0,5624.0
OI004917,ORD01845,P0126,3,7938.0,0.0,23814.0
OI004918,ORD01846,P0193,3,3094.0,0.0,9282.0
OI004919,ORD01847,P0056,3,3800.0,570.0,10830.0
OI004920,ORD01847,P0150,2,201.0,0.0,402.0
OI004921,ORD01847,P0288,1,3521.0,0.0,3521.0
OI004922,ORD01847,P0294,2,315.9,12.64,619.16
OI004923,ORD01847,P0161,1,649.6,32.48,617.12
OI004924,ORD01848,P0316,2,6298.5,0.0,12597.0
OI004925,ORD01848,P0003,3,79590.0,0.0,238770.0
OI004926,ORD01849,P0291,3,2282.0,136.92,6709.08
OI004927,ORD01849,P0058,2,4869.0,486.9,9251.1
OI004928,ORD01849,P0305,1,11367.0,0.0,11367.0
OI004929,ORD01849,P0082,2,61.0,0.0,122.0
OI004930,ORD01849,P0341,2,5664.0,226.56,11101.44
OI004931,ORD01850,P0164,1,731.5,14.63,716.87
OI004932,ORD01850,P0337,3,3771.0,565.65,10747.35
OI004933,ORD01850,P0170,3,4068.0,0.0,12204.0
OI004934,ORD01850,P0296,3,337.5,0.0,1012.5
OI004935,ORD01850,P0223,1,950.0,47.5,902.5
OI004936,ORD01851,P0274,1,2320.0,0.0,2320.0
OI004937,ORD01851,P0140,2,391.0,0.0,782.0
OI004938,ORD01851,P0348,2,12978.0,0.0,25956.0
OI004939,ORD01852,P0345,2,1413.6,0.0,2827.2
OI004940,ORD01852,P0228,1,113667.5,2273.35,111394.15
OI004941,ORD01853,P0067,3,270.0,16.2,793.8
OI004942,ORD01853,P0248,3,16444.5,2466.68,46866.82
OI004943,ORD01854,P0326,1,908.0,45.4,862.6
OI004944,ORD01854,P0175,2,37540.0,0.0,75080.0
OI004945,ORD01854,P0348,3,12978.0,0.0,38934.0
OI004946,ORD01854,P0275,2,42363.0,1694.52,83031.48
OI004947,ORD01855,P0270,2,2265.0,0.0,4530.0
OI004948,ORD01855,P0256,2,10179.0,0.0,20358.0
OI004949,ORD01855,P0287,1,9270.0,185.4,9084.6
OI004950,ORD01856,P0078,1,765.0,0.0,765.0
OI004951,ORD01856,P0330,1,544.0,10.88,533.12
OI004952,ORD01856,P0261,2,6880.0,688.0,13072.0
OI004953,ORD01856,P0039,3,25483.0,3822.45,72626.55
OI004954,ORD01857,P0340,2,7880.0,0.0,15760.0
OI004955,ORD01857,P0322,2,8527.5,0.0,17055.0
OI004956,ORD01857,P0243,3,1389.0,0.0,4167.0
OI004957,ORD01857,P0248,1,16444.5,0.0,16444.5
OI004958,ORD01858,P0144,2,1928.5,0.0,3857.0
OI004959,ORD01858,P0274,2,2320.0,92.8,4547.2
OI004960,ORD01859,P0371,3,2180.0,0.0,6540.0
OI004961,ORD01859,P0277,1,204.0,0.0,204.0
OI004962,ORD01860,P0018,3,730.0,0.0,2190.0
OI004963,ORD01860,P0161,3,649.6,0.0,1948.8
OI004964,ORD01861,P0182,3,491.0,29.46,1443.54
OI004965,ORD01861,P0378,1,1246.95,0.0,1246.95
OI004966,ORD01862,P0164,3,731.5,43.89,2150.61
OI004967,ORD01862,P0171,1,67370.0,0.0,67370.0
OI004968,ORD01863,P0273,2,1872.0,187.2,3556.8
OI004969,ORD01863,P0338,1,4674.0,0.0,4674.0
OI004970,ORD01864,P0132,2,876.35,0.0,1752.7
OI004971,ORD01864,P0180,1,10370.0,518.5,9851.5
OI004972,ORD01864,P0321,2,170.4,0.0,340.8
OI004973,ORD01864,P0323,2,3876.0,387.6,7364.4
OI004974,ORD01865,P0266,3,30160.0,0.0,90480.0
OI004975,ORD01865,P0197,3,472.0,0.0,1416.0
OI004976,ORD01865,P0272,1,635.0,0.0,635.0
OI004977,ORD01865,P0275,1,42363.0,0.0,42363.0
OI004978,ORD01865,P0016,3,2751.0,0.0,8253.0
OI004979,ORD01866,P0050,3,66460.0,0.0,199380.0
OI004980,ORD01867,P0399,3,295.0,17.7,867.3
OI004981,ORD01867,P0329,3,771.4,46.28,2267.92
OI004982,ORD01867,P0240,1,7990.0,0.0,7990.0
OI004983,ORD01868,P0067,1,270.0,0.0,270.0
OI004984,ORD01868,P0105,3,1600.0,0.0,4800.0
OI004985,ORD01869,P0044,2,11970.0,0.0,23940.0
OI004986,ORD01870,P0126,3,7938.0,0.0,23814.0
OI004987,ORD01870,P0290,3,214.2,12.85,629.75
OI004988,ORD01871,P0274,2,2320.0,0.0,4640.0
OI004989,ORD01871,P0037,3,2619.0,0.0,7857.0
OI004990,ORD01871,P0214,1,13761.5,688.08,13073.42
OI004991,ORD01871,P0203,3,595.0,0.0,1785.0
OI004992,ORD01871,P0242,1,689.0,13.78,675.22
OI004993,ORD01872,P0393,2,472.0,0.0,944.0
OI004994,ORD01872,P0207,1,6867.0,0.0,6867.0
OI004995,ORD01872,P0084,2,5925.0,0.0,11850.0
OI004996,ORD01873,P0386,1,981.75,0.0,981.75
OI004997,ORD01874,P0043,3,3472.5,0.0,10417.5
OI004998,ORD01874,P0035,2,34218.0,0.0,68436.0
OI004999,ORD01875,P0020,1,228.0,0.0,228.0
OI005000,ORD01875,P0116,2,1162.8,0.0,2325.6
OI005001,ORD01875,P0064,1,6170.0,0.0,6170.0
OI005002,ORD01875,P0040,1,90189.0,0.0,90189.0
OI005003,ORD01876,P0039,2,25483.0,0.0,50966.0
OI005004,ORD01876,P0364,1,84610.0,1692.2,82917.8
OI005005,ORD01877,P0021,3,246.0,0.0,738.0
OI005006,ORD01877,P0207,3,6867.0,0.0,20601.0
OI005007,ORD01878,P0330,2,544.0,54.4,1033.6
OI005008,ORD01878,P0359,2,16920.0,1692.0,32148.0
OI005009,ORD01879,P0295,1,3667.5,0.0,3667.5
OI005010,ORD01879,P0123,1,242.4,0.0,242.4
OI005011,ORD01880,P0056,1,3800.0,0.0,3800.0
OI005012,ORD01880,P0268,2,12320.0,0.0,24640.0
OI005013,ORD01880,P0009,2,14017.5,0.0,28035.0
OI005014,ORD01881,P0375,3,2466.0,369.9,7028.1
OI005015,ORD01881,P0328,3,805.0,0.0,2415.0
OI005016,ORD01882,P0073,1,43839.0,0.0,43839.0
OI005017,ORD01883,P0357,2,7182.5,0.0,14365.0
OI005018,ORD01883,P0180,3,10370.0,0.0,31110.0
OI005019,ORD01883,P0054,3,1603.0,96.18,4712.82
OI005020,ORD01884,P0390,1,2235.5,111.78,2123.72
OI005021,ORD01884,P0398,2,24984.0,2498.4,47469.6
OI005022,ORD01884,P0267,1,69400.0,1388.0,68012.0
OI005023,ORD01884,P0282,3,7600.0,0.0,22800.0
OI005024,ORD01885,P0370,2,1501.0,0.0,3002.0
OI005025,ORD01886,P0147,1,23805.0,0.0,23805.0
OI005026,ORD01886,P0218,1,610.4,0.0,610.4
OI005027,ORD01887,P0360,3,370.4,55.56,1055.64
OI005028,ORD01887,P0037,2,2619.0,104.76,5133.24
OI005029,ORD01887,P0072,1,875.7,0.0,875.7
OI005030,ORD01887,P0246,1,1377.5,27.55,1349.95
OI005031,ORD01887,P0270,3,2265.0,0.0,6795.0
OI005032,ORD01888,P0334,1,408.6,0.0,408.6
OI005033,ORD01888,P0149,1,3784.0,0.0,3784.0
OI005034,ORD01888,P0288,3,3521.0,0.0,10563.0
OI005035,ORD01888,P0277,1,204.0,0.0,204.0
OI005036,ORD01889,P0021,2,246.0,0.0,492.0
OI005037,ORD01890,P0347,2,757.5,0.0,1515.0
OI005038,ORD01890,P0230,3,112208.0,6732.48,329891.52
OI005039,ORD01890,P0284,3,169.0,25.35,481.65
OI005040,ORD01890,P0095,1,28323.0,0.0,28323.0
OI005041,ORD01890,P0389,3,3884.5,0.0,11653.5
OI005042,ORD01891,P0328,3,805.0,0.0,2415.0
OI005043,ORD01891,P0227,2,307.8,0.0,615.6
OI005044,ORD01891,P0187,3,2135.0,0.0,6405.0
OI005045,ORD01892,P0244,3,24093.0,0.0,72279.0
OI005046,ORD01892,P0012,3,4740.5,711.08,13510.42
OI005047,ORD01893,P0065,1,6460.0,129.2,6330.8
OI005048,ORD01894,P0035,1,34218.0,0.0,34218.0
OI005049,ORD01894,P0091,1,184.0,9.2,174.8
OI005050,ORD01895,P0366,1,13920.0,0.0,13920.0
OI005051,ORD01895,P0331,2,5200.0,520.0,9880.0
OI005052,ORD01896,P0390,2,2235.5,0.0,4471.0
OI005053,ORD01896,P0060,2,1035.0,41.4,2028.6
OI005054,ORD01896,P0158,3,2362.5,0.0,7087.5
OI005055,ORD01897,P0397,3,468.75,28.12,1378.13
OI005056,ORD01897,P0277,2,204.0,0.0,408.0
OI005057,ORD01897,P0228,1,113667.5,0.0,113667.5
OI005058,ORD01898,P0155,3,42337.5,0.0,127012.5
OI005059,ORD01898,P0090,2,11600.0,0.0,23200.0
OI005060,ORD01898,P0184,1,16507.0,825.35,15681.65
OI005061,ORD01899,P0160,3,329.4,19.76,968.44
OI005062,ORD01899,P0392,2,1070.1,0.0,2140.2
OI005063,ORD01899,P0097,3,2859.5,428.93,8149.57
OI005064,ORD01899,P0061,2,2394.0,0.0,4788.0
OI005065,ORD01900,P0393,1,472.0,0.0,472.0
OI005066,ORD01901,P0150,3,201.0,12.06,590.94
OI005067,ORD01901,P0014,2,348.3,0.0,696.6
OI005068,ORD01901,P0339,3,1422.4,213.36,4053.84
OI005069,ORD01901,P0282,2,7600.0,760.0,14440.0
OI005070,ORD01902,P0055,1,7923.0,0.0,7923.0
OI005071,ORD01902,P0033,1,30405.0,1520.25,28884.75
OI005072,ORD01902,P0038,1,1213.15,60.66,1152.49
OI005073,ORD01903,P0074,2,2356.0,0.0,4712.0
OI005074,ORD01903,P0243,3,1389.0,208.35,3958.65
OI005075,ORD01904,P0119,3,1730.0,0.0,5190.0
OI005076,ORD01905,P0216,3,2160.0,129.6,6350.4
OI005077,ORD01905,P0163,1,781.0,0.0,781.0
OI005078,ORD01906,P0316,3,6298.5,0.0,18895.5
OI005079,ORD01906,P0187,3,2135.0,0.0,6405.0
OI005080,ORD01906,P0300,3,1547.1,0.0,4641.3
OI005081,ORD01907,P0101,1,461.3,0.0,461.3
OI005082,ORD01907,P0229,2,5392.5,0.0,10785.0
OI005083,ORD01908,P0001,2,261.0,26.1,495.9
OI005084,ORD01908,P0102,1,509.0,0.0,509.0
OI005085,ORD01908,P0303,2,369.75,0.0,739.5
OI005086,ORD01909,P0190,3,3163.5,0.0,9490.5
OI005087,ORD01909,P0247,1,6405.0,0.0,6405.0
OI005088,ORD01909,P0161,2,649.6,64.96,1234.24
OI005089,ORD01909,P0396,1,50100.0,2505.0,47595.0
OI005090,ORD01909,P0354,1,253.8,0.0,253.8
OI005091,ORD01910,P0215,1,12010.5,240.21,11770.29
OI005092,ORD01910,P0184,2,16507.0,0.0,33014.0
OI005093,ORD01910,P0130,3,4100.0,0.0,12300.0
OI005094,ORD01910,P0123,3,242.4,0.0,727.2
OI005095,ORD01910,P0070,2,1650.0,0.0,3300.0
OI005096,ORD01911,P0281,1,3288.0,164.4,3123.6
OI005097,ORD01911,P0209,3,8016.0,1202.4,22845.6
OI005098,ORD01912,P0030,2,452.7,0.0,905.4
OI005099,ORD01912,P0173,3,437.0,0.0,1311.0
OI005100,ORD01913,P0151,3,7542.0,0.0,22626.0
OI005101,ORD01913,P0119,3,1730.0,259.5,4930.5
OI005102,ORD01913,P0100,1,1320.0,66.0,1254.0
OI005103,ORD01913,P0116,3,1162.8,0.0,3488.4
OI005104,ORD01914,P0339,2,1422.4,0.0,2844.8
OI005105,ORD01914,P0279,2,256.5,0.0,513.0
OI005106,ORD01914,P0168,3,8036.0,0.0,24108.0
OI005107,ORD01914,P0048,2,2213.5,88.54,4338.46
OI005108,ORD01915,P0098,2,739.8,0.0,1479.6
OI005109,ORD01915,P0362,2,9486.0,948.6,18023.4
OI005110,ORD01916,P0233,1,400.5,0.0,400.5
OI005111,ORD01916,P0103,1,24800.0,496.0,24304.0
OI005112,ORD01916,P0349,1,2082.5,41.65,2040.85
OI005113,ORD01917,P0124,2,48142.5,4814.25,91470.75
OI005114,ORD01917,P0347,2,757.5,0.0,1515.0
OI005115,ORD01917,P0260,2,352.0,0.0,704.0
OI005116,ORD01918,P0330,2,544.0,0.0,1088.0
OI005117,ORD01918,P0391,2,2916.0,0.0,5832.0
OI005118,ORD01918,P0129,2,348.0,34.8,661.2
OI005119,ORD01918,P0265,1,40815.0,0.0,40815.0
OI005120,ORD01918,P0284,1,169.0,3.38,165.62
OI005121,ORD01919,P0390,3,2235.5,0.0,6706.5
OI005122,ORD01920,P0038,3,1213.15,72.79,3566.66
OI005123,ORD01920,P0015,1,31560.0,1578.0,29982.0
OI005124,ORD01920,P0253,2,1485.0,0.0,2970.0
OI005125,ORD01921,P0261,2,6880.0,688.0,13072.0
OI005126,ORD01922,P0035,2,34218.0,0.0,68436.0
OI005127,ORD01922,P0049,1,37323.0,0.0,37323.0
OI005128,ORD01922,P0249,2,748.0,0.0,1496.0
OI005129,ORD01922,P0261,3,6880.0,0.0,20640.0
OI005130,ORD01923,P0043,1,3472.5,0.0,3472.5
OI005131,ORD01923,P0151,3,7542.0,0.0,22626.0
OI005132,ORD01923,P0263,3,1287.0,0.0,3861.0
OI005133,ORD01924,P0096,3,26621.0,0.0,79863.0
OI005134,ORD01924,P0314,1,1599.7,31.99,1567.71
OI005135,ORD01925,P0029,2,102.6,0.0,205.2
OI005136,ORD01925,P0301,3,187.15,28.07,533.38
OI005137,ORD01925,P0357,3,7182.5,1077.38,20470.12
OI005138,ORD01925,P0138,2,794.0,79.4,1508.6
OI005139,ORD01926,P0133,2,10760.0,1076.0,20444.0
OI005140,ORD01926,P0217,2,197.1,19.71,374.49
OI005141,ORD01927,P0400,2,11276.5,1127.65,21425.35
OI005142,ORD01927,P0039,3,25483.0,0.0,76449.0
OI005143,ORD01927,P0361,3,4263.0,0.0,12789.0
OI005144,ORD01928,P0089,3,2712.0,162.72,7973.28
OI005145,ORD01928,P0012,1,4740.5,0.0,4740.5
OI005146,ORD01929,P0315,1,582.3,0.0,582.3
OI005147,ORD01930,P0125,1,608.0,30.4,577.6
OI005148,ORD01930,P0341,2,5664.0,0.0,11328.0
OI005149,ORD01930,P0108,2,41676.5,1667.06,81685.94
OI005150,ORD01930,P0256,1,10179.0,203.58,9975.42
OI005151,ORD01931,P0302,2,1929.5,0.0,3859.0
OI005152,ORD01931,P0269,2,496.0,0.0,992.0
OI005153,ORD01931,P0004,2,4395.0,0.0,8790.0
OI005154,ORD01932,P0301,1,187.15,0.0,187.15
OI005155,ORD01932,P0273,3,1872.0,0.0,5616.0
OI005156,ORD01933,P0298,1,312.2,0.0,312.2
OI005157,ORD01933,P0015,2,31560.0,3156.0,59964.0
OI005158,ORD01934,P0260,1,352.0,0.0,352.0
OI005159,ORD01934,P0305,3,11367.0,0.0,34101.0
OI005160,ORD01935,P0066,2,21582.0,0.0,43164.0
OI005161,ORD01935,P0146,1,235.2,0.0,235.2
OI005162,ORD01935,P0312,1,1836.0,0.0,1836.0
OI005163,ORD01935,P0078,3,765.0,45.9,2249.1
OI005164,ORD01936,P0327,3,165.75,0.0,497.25
OI005165,ORD01937,P0065,3,6460.0,0.0,19380.0
OI005166,ORD01937,P0031,3,1080.0,0.0,3240.0
OI005167,ORD01937,P0092,3,593.6,0.0,1780.8
OI005168,ORD01937,P0045,1,2888.0,0.0,2888.0
OI005169,ORD01938,P0374,2,1995.0,0.0,3990.0
OI005170,ORD01939,P0397,3,468.75,0.0,1406.25
OI005171,ORD01939,P0218,1,610.4,0.0,610.4
OI005172,ORD01940,P0360,3,370.4,0.0,1111.2
OI005173,ORD01940,P0372,3,6732.0,0.0,20196.0
OI005174,ORD01940,P0337,2,3771.0,377.1,7164.9
OI005175,ORD01941,P0189,2,2637.0,0.0,5274.0
OI005176,ORD01941,P0268,2,12320.0,1232.0,23408.0
OI005177,ORD01941,P0032,3,873.0,52.38,2566.62
OI005178,ORD01941,P0251,1,25200.0,1260.0,23940.0
OI005179,ORD01942,P0091,2,184.0,0.0,368.0
OI005180,ORD01942,P0209,3,8016.0,0.0,24048.0
OI005181,ORD01942,P0269,1,496.0,0.0,496.0
OI005182,ORD01942,P0118,1,5880.0,294.0,5586.0
OI005183,ORD01943,P0261,3,6880.0,0.0,20640.0
OI005184,ORD01943,P0174,1,312.8,0.0,312.8
OI005185,ORD01943,P0190,1,3163.5,0.0,3163.5
OI005186,ORD01943,P0005,3,493.5,0.0,1480.5
OI005187,ORD01944,P0332,2,32277.0,0.0,64554.0
OI005188,ORD01944,P0008,1,427.0,0.0,427.0
OI005189,ORD01944,P0373,3,11673.0,0.0,35019.0
OI005190,ORD01944,P0314,2,1599.7,159.97,3039.43
OI005191,ORD01945,P0397,1,468.75,0.0,468.75
OI005192,ORD01946,P0273,3,1872.0,0.0,5616.0
OI005193,ORD01946,P0394,3,1550.0,0.0,4650.0
OI005194,ORD01947,P0201,1,554.8,27.74,527.06
OI005195,ORD01947,P0068,1,446.4,0.0,446.4
OI005196,ORD01948,P0338,3,4674.0,0.0,14022.0
OI005197,ORD01948,P0384,3,8334.0,0.0,25002.0
OI005198,ORD01948,P0383,1,39427.5,788.55,38638.95
OI005199,ORD01948,P0210,1,1050.6,52.53,998.07
OI005200,ORD01948,P0060,3,1035.0,155.25,2949.75
OI005201,ORD01949,P0289,3,12807.0,0.0,38421.0
OI005202,ORD01949,P0037,3,2619.0,0.0,7857.0
OI005203,ORD01950,P0144,3,1928.5,0.0,5785.5
OI005204,ORD01951,P0235,3,1960.0,0.0,5880.0
OI005205,ORD01952,P0155,1,42337.5,0.0,42337.5
OI005206,ORD01953,P0079,3,513.95,0.0,1541.85
OI005207,ORD01953,P0214,1,13761.5,0.0,13761.5
OI005208,ORD01953,P0222,3,441.0,0.0,1323.0
OI005209,ORD01954,P0096,3,26621.0,3993.15,75869.85
OI005210,ORD01954,P0366,2,13920.0,0.0,27840.0
OI005211,ORD01954,P0214,2,13761.5,0.0,27523.0
OI005212,ORD01955,P0121,1,1665.0,0.0,1665.0
OI005213,ORD01955,P0244,1,24093.0,0.0,24093.0
OI005214,ORD01956,P0206,2,774.0,30.96,1517.04
OI005215,ORD01956,P0399,1,295.0,5.9,289.1
OI005216,ORD01957,P0134,3,12300.0,0.0,36900.0
OI005217,ORD01957,P0039,2,25483.0,0.0,50966.0
OI005218,ORD01957,P0129,2,348.0,0.0,696.0
OI005219,ORD01957,P0298,3,312.2,0.0,936.6
OI005220,ORD01958,P0262,2,827.25,33.09,1621.41
OI005221,ORD01958,P0139,3,2590.0,155.4,7614.6
OI005222,ORD01958,P0201,3,554.8,83.22,1581.18
OI005223,ORD01959,P0046,3,900.0,0.0,2700.0
OI005224,ORD01959,P0219,3,12090.0,1813.5,34456.5
OI005225,ORD01960,P0276,2,36247.5,0.0,72495.0
OI005226,ORD01960,P0254,1,2302.5,0.0,2302.5
OI005227,ORD01960,P0345,3,1413.6,84.82,4155.98
OI005228,ORD01961,P0203,1,595.0,0.0,595.0
OI005229,ORD01961,P0015,2,31560.0,0.0,63120.0
OI005230,ORD01961,P0223,1,950.0,19.0,931.0
OI005231,ORD01962,P0263,1,1287.0,0.0,1287.0
OI005232,ORD01962,P0364,1,84610.0,4230.5,80379.5
OI005233,ORD01962,P0318,1,57978.0,0.0,57978.0
OI005234,ORD01962,P0267,3,69400.0,0.0,208200.0
OI005235,ORD01962,P0349,3,2082.5,124.95,6122.55
OI005236,ORD01963,P0161,3,649.6,0.0,1948.8
OI005237,ORD01964,P0146,2,235.2,23.52,446.88
OI005238,ORD01964,P0241,1,117.6,0.0,117.6
OI005239,ORD01964,P0199,3,7791.0,0.0,23373.0
OI005240,ORD01965,P0266,2,30160.0,0.0,60320.0
OI005241,ORD01965,P0269,3,496.0,0.0,1488.0
OI005242,ORD01966,P0162,1,130020.0,6501.0,123519.0
OI005243,ORD01966,P0369,3,10773.0,0.0,32319.0
OI005244,ORD01966,P0114,3,4329.0,0.0,12987.0
OI005245,ORD01967,P0041,1,19983.5,999.18,18984.32
OI005246,ORD01968,P0108,2,41676.5,0.0,83353.0
OI005247,ORD01968,P0363,1,22342.5,1117.12,21225.38
OI005248,ORD01968,P0153,2,792.4,0.0,1584.8
OI005249,ORD01969,P0253,2,1485.0,0.0,2970.0
OI005250,ORD01969,P0177,3,618.8,0.0,1856.4
OI005251,ORD01969,P0162,2,130020.0,0.0,260040.0
OI005252,ORD01970,P0181,2,177.0,7.08,346.92
OI005253,ORD01971,P0377,1,1716.0,0.0,1716.0
OI005254,ORD01971,P0232,3,25740.0,0.0,77220.0
OI005255,ORD01971,P0371,1,2180.0,0.0,2180.0
OI005256,ORD01972,P0105,3,1600.0,240.0,4560.0
OI005257,ORD01972,P0103,3,24800.0,1488.0,72912.0
OI005258,ORD01973,P0293,3,1341.0,201.15,3821.85
OI005259,ORD01974,P0014,2,348.3,0.0,696.6
OI005260,ORD01974,P0196,2,2934.0,293.4,5574.6
OI005261,ORD01975,P0100,3,1320.0,0.0,3960.0
OI005262,ORD01976,P0151,2,7542.0,754.2,14329.8
OI005263,ORD01976,P0015,1,31560.0,0.0,31560.0
OI005264,ORD01976,P0303,1,369.75,18.49,351.26
OI005265,ORD01976,P0205,1,1770.0,0.0,1770.0
OI005266,ORD01976,P0222,3,441.0,0.0,1323.0
OI005267,ORD01977,P0327,2,165.75,0.0,331.5
OI005268,ORD01977,P0221,1,7038.0,140.76,6897.24
OI005269,ORD01978,P0045,2,2888.0,115.52,5660.48
OI005270,ORD01978,P0331,1,5200.0,0.0,5200.0
OI005271,ORD01978,P0044,2,11970.0,0.0,23940.0
OI005272,ORD01979,P0240,1,7990.0,0.0,7990.0
OI005273,ORD01979,P0125,3,608.0,0.0,1824.0
OI005274,ORD01979,P0360,2,370.4,0.0,740.8
OI005275,ORD01979,P0253,3,1485.0,0.0,4455.0
OI005276,ORD01980,P0255,1,56373.0,0.0,56373.0
OI005277,ORD01981,P0369,3,10773.0,646.38,31672.62
OI005278,ORD01981,P0225,1,2412.0,0.0,2412.0
OI005279,ORD01981,P0093,1,423.0,21.15,401.85
OI005280,ORD01981,P0341,3,5664.0,0.0,16992.0
OI005281,ORD01982,P0321,2,170.4,0.0,340.8
OI005282,ORD01982,P0172,2,963.0,0.0,1926.0
OI005283,ORD01983,P0207,2,6867.0,0.0,13734.0
OI005284,ORD01983,P0143,1,2061.0,0.0,2061.0
OI005285,ORD01983,P0393,2,472.0,0.0,944.0
OI005286,ORD01984,P0381,3,639.0,38.34,1878.66
OI005287,ORD01984,P0298,3,312.2,0.0,936.6
OI005288,ORD01984,P0032,2,873.0,0.0,1746.0
OI005289,ORD01984,P0217,1,197.1,9.86,187.24
OI005290,ORD01984,P0018,1,730.0,14.6,715.4
OI005291,ORD01985,P0300,3,1547.1,232.06,4409.24
OI005292,ORD01986,P0211,3,1030.0,0.0,3090.0
OI005293,ORD01986,P0257,1,529.15,0.0,529.15
OI005294,ORD01987,P0149,2,3784.0,0.0,7568.0
OI005295,ORD01988,P0258,1,132.0,0.0,132.0
OI005296,ORD01988,P0369,1,10773.0,0.0,10773.0
OI005297,ORD01988,P0072,3,875.7,131.36,2495.74
OI005298,ORD01988,P0208,2,8140.0,0.0,16280.0
OI005299,ORD01988,P0149,2,3784.0,0.0,7568.0
OI005300,ORD01989,P0248,3,16444.5,0.0,49333.5
OI005301,ORD01989,P0286,1,3915.0,195.75,3719.25
OI005302,ORD01990,P0298,1,312.2,6.24,305.96
OI005303,ORD01990,P0370,1,1501.0,0.0,1501.0
OI005304,ORD01990,P0139,2,2590.0,103.6,5076.4
OI005305,ORD01990,P0043,3,3472.5,0.0,10417.5
OI005306,ORD01990,P0006,1,5196.5,0.0,5196.5
OI005307,ORD01991,P0318,3,57978.0,0.0,173934.0
OI005308,ORD01991,P0224,1,44082.0,0.0,44082.0
OI005309,ORD01991,P0284,1,169.0,0.0,169.0
OI005310,ORD01991,P0126,3,7938.0,1190.7,22623.3
OI005311,ORD01991,P0370,2,1501.0,0.0,3002.0
OI005312,ORD01992,P0264,2,3980.0,0.0,7960.0
OI005313,ORD01992,P0027,1,15750.0,0.0,15750.0
OI005314,ORD01992,P0332,1,32277.0,0.0,32277.0
OI005315,ORD01992,P0092,1,593.6,0.0,593.6
OI005316,ORD01992,P0302,2,1929.5,77.18,3781.82
OI005317,ORD01993,P0315,1,582.3,0.0,582.3
OI005318,ORD01993,P0033,2,30405.0,0.0,60810.0
OI005319,ORD01993,P0201,2,554.8,0.0,1109.6
OI005320,ORD01994,P0115,3,479.25,0.0,1437.75
OI005321,ORD01994,P0383,1,39427.5,0.0,39427.5
OI005322,ORD01995,P0244,1,24093.0,0.0,24093.0
OI005323,ORD01995,P0168,3,8036.0,1205.4,22902.6
OI005324,ORD01995,P0046,1,900.0,0.0,900.0
OI005325,ORD01995,P0310,1,16055.0,802.75,15252.25
OI005326,ORD01995,P0123,2,242.4,0.0,484.8
OI005327,ORD01996,P0137,3,4372.5,655.88,12461.62
OI005328,ORD01996,P0236,3,6860.0,411.6,20168.4
OI005329,ORD01997,P0122,2,550.0,0.0,1100.0
OI005330,ORD01998,P0379,2,154.7,15.47,293.93
OI005331,ORD01999,P0300,1,1547.1,0.0,1547.1
OI005332,ORD01999,P0190,2,3163.5,316.35,6010.65
OI005333,ORD01999,P0056,3,3800.0,0.0,11400.0
OI005334,ORD01999,P0008,2,427.0,0.0,854.0
OI005335,ORD01999,P0150,3,201.0,0.0,603.0
OI005336,ORD02000,P0129,2,348.0,0.0,696.0
OI005337,ORD02000,P0017,2,1344.25,134.43,2554.07
OI005338,ORD02000,P0168,3,8036.0,1205.4,22902.6
OI005339,ORD02000,P0092,3,593.6,35.62,1745.18
OI005340,ORD02001,P0095,3,28323.0,0.0,84969.0
OI005341,ORD02001,P0146,2,235.2,0.0,470.4
OI005342,ORD02002,P0392,1,1070.1,53.5,1016.6
OI005343,ORD02002,P0309,1,4870.0,0.0,4870.0
OI005344,ORD02002,P0266,1,30160.0,603.2,29556.8
OI005345,ORD02003,P0394,2,1550.0,155.0,2945.0
OI005346,ORD02004,P0103,3,24800.0,0.0,74400.0
OI005347,ORD02004,P0193,2,3094.0,123.76,6064.24
OI005348,ORD02005,P0349,3,2082.5,0.0,6247.5
OI005349,ORD02005,P0096,3,26621.0,1597.26,78265.74
OI005350,ORD02005,P0306,2,1472.0,0.0,2944.0
OI005351,ORD02006,P0076,1,13450.0,0.0,13450.0
OI005352,ORD02007,P0126,3,7938.0,476.28,23337.72
OI005353,ORD02007,P0004,2,4395.0,0.0,8790.0
OI005354,ORD02008,P0393,3,472.0,28.32,1387.68
OI005355,ORD02008,P0052,3,596.7,0.0,1790.1
OI005356,ORD02008,P0379,3,154.7,0.0,464.1
OI005357,ORD02009,P0400,3,11276.5,676.59,33152.91
OI005358,ORD02009,P0244,2,24093.0,2409.3,45776.7
OI005359,ORD02009,P0371,2,2180.0,0.0,4360.0
OI005360,ORD02009,P0320,2,39358.5,0.0,78717.0
OI005361,ORD02009,P0001,2,261.0,26.1,495.9
OI005362,ORD02010,P0280,1,7132.5,356.62,6775.88
OI005363,ORD02010,P0395,3,1710.0,0.0,5130.0
OI005364,ORD02010,P0104,2,1100.8,0.0,2201.6
OI005365,ORD02011,P0067,1,270.0,0.0,270.0
OI005366,ORD02012,P0069,1,380.0,0.0,380.0
OI005367,ORD02012,P0248,2,16444.5,0.0,32889.0
OI005368,ORD02013,P0386,3,981.75,0.0,2945.25
OI005369,ORD02013,P0187,3,2135.0,0.0,6405.0
OI005370,ORD02014,P0286,1,3915.0,0.0,3915.0
OI005371,ORD02014,P0372,1,6732.0,0.0,6732.0
OI005372,ORD02014,P0162,2,130020.0,13002.0,247038.0
OI005373,ORD02015,P0143,1,2061.0,0.0,2061.0
OI005374,ORD02015,P0343,1,279.2,5.58,273.62
OI005375,ORD02016,P0329,3,771.4,115.71,2198.49
OI005376,ORD02016,P0364,3,84610.0,0.0,253830.0
OI005377,ORD02017,P0320,1,39358.5,0.0,39358.5
OI005378,ORD02018,P0283,3,28775.5,0.0,86326.5
OI005379,ORD02018,P0139,3,2590.0,0.0,7770.0
OI005380,ORD02018,P0015,1,31560.0,0.0,31560.0
OI005381,ORD02019,P0232,3,25740.0,1544.4,75675.6
OI005382,ORD02019,P0137,2,4372.5,0.0,8745.0
OI005383,ORD02019,P0029,3,102.6,0.0,307.8
OI005384,ORD02019,P0337,3,3771.0,0.0,11313.0
OI005385,ORD02020,P0098,2,739.8,0.0,1479.6
OI005386,ORD02020,P0125,3,608.0,91.2,1732.8
OI005387,ORD02020,P0260,3,352.0,0.0,1056.0
OI005388,ORD02020,P0399,2,295.0,11.8,578.2
OI005389,ORD02021,P0094,1,25500.0,0.0,25500.0
OI005390,ORD02021,P0156,3,5500.5,0.0,16501.5
OI005391,ORD02022,P0278,2,396.1,0.0,792.2
OI005392,ORD02022,P0146,3,235.2,0.0,705.6
OI005393,ORD02023,P0290,3,214.2,0.0,642.6
OI005394,ORD02023,P0035,1,34218.0,0.0,34218.0
OI005395,ORD02024,P0004,2,4395.0,439.5,8350.5
OI005396,ORD02024,P0235,3,1960.0,0.0,5880.0
OI005397,ORD02025,P0271,2,2827.5,282.75,5372.25
OI005398,ORD02025,P0220,2,840.0,33.6,1646.4
OI005399,ORD02026,P0208,2,8140.0,0.0,16280.0
OI005400,ORD02026,P0252,2,1359.45,0.0,2718.9
OI005401,ORD02027,P0321,3,170.4,0.0,511.2
OI005402,ORD02027,P0174,1,312.8,15.64,297.16
OI005403,ORD02028,P0259,1,950.0,0.0,950.0
OI005404,ORD02028,P0115,2,479.25,47.93,910.57
OI005405,ORD02028,P0064,1,6170.0,123.4,6046.6
OI005406,ORD02028,P0114,3,4329.0,0.0,12987.0
OI005407,ORD02028,P0039,1,25483.0,0.0,25483.0
OI005408,ORD02029,P0340,1,7880.0,0.0,7880.0
OI005409,ORD02030,P0026,1,7047.0,352.35,6694.65
OI005410,ORD02030,P0005,2,493.5,49.35,937.65
OI005411,ORD02030,P0330,2,544.0,0.0,1088.0
OI005412,ORD02031,P0154,3,10780.0,0.0,32340.0
OI005413,ORD02031,P0255,1,56373.0,0.0,56373.0
OI005414,ORD02031,P0223,1,950.0,0.0,950.0
OI005415,ORD02032,P0171,3,67370.0,0.0,202110.0
OI005416,ORD02032,P0003,2,79590.0,3183.6,155996.4
OI005417,ORD02033,P0006,1,5196.5,259.82,4936.68
OI005418,ORD02034,P0344,3,10850.0,0.0,32550.0
OI005419,ORD02035,P0322,1,8527.5,426.38,8101.12
OI005420,ORD02035,P0183,2,1044.0,41.76,2046.24
OI005421,ORD02035,P0044,2,11970.0,1197.0,22743.0
OI005422,ORD02036,P0359,1,16920.0,0.0,16920.0
OI005423,ORD02036,P0186,1,54045.5,2702.28,51343.22
OI005424,ORD02037,P0336,3,2520.0,0.0,7560.0
OI005425,ORD02037,P0111,3,6165.0,0.0,18495.0
OI005426,ORD02037,P0294,2,315.9,31.59,600.21
OI005427,ORD02038,P0062,2,12901.0,1290.1,24511.9
OI005428,ORD02038,P0048,2,2213.5,221.35,4205.65
OI005429,ORD02039,P0351,1,922.5,18.45,904.05
OI005430,ORD02039,P0168,1,8036.0,401.8,7634.2
OI005431,ORD02039,P0232,1,25740.0,1287.0,24453.0
OI005432,ORD02040,P0297,1,3416.0,0.0,3416.0
OI005433,ORD02041,P0136,1,362.0,18.1,343.9
OI005434,ORD02041,P0029,2,102.6,0.0,205.2
OI005435,ORD02042,P0096,3,26621.0,0.0,79863.0
OI005436,ORD02042,P0337,1,3771.0,0.0,3771.0
OI005437,ORD02042,P0393,3,472.0,0.0,1416.0
OI005438,ORD02043,P0280,1,7132.5,0.0,7132.5
OI005439,ORD02044,P0301,1,187.15,0.0,187.15
OI005440,ORD02044,P0144,2,1928.5,77.14,3779.86
OI005441,ORD02044,P0297,3,3416.0,204.96,10043.04
OI005442,ORD02045,P0223,3,950.0,57.0,2793.0
OI005443,ORD02045,P0250,1,290.4,5.81,284.59
OI005444,ORD02045,P0224,1,44082.0,0.0,44082.0
OI005445,ORD02046,P0163,2,781.0,0.0,1562.0
OI005446,ORD02046,P0031,2,1080.0,0.0,2160.0
OI005447,ORD02046,P0307,2,1269.0,126.9,2411.1
OI005448,ORD02047,P0063,2,2286.0,0.0,4572.0
OI005449,ORD02047,P0053,3,2260.0,135.6,6644.4
OI005450,ORD02047,P0168,1,8036.0,160.72,7875.28
OI005451,ORD02048,P0228,1,113667.5,0.0,113667.5
OI005452,ORD02048,P0150,1,201.0,4.02,196.98
OI005453,ORD02049,P0013,2,645.75,0.0,1291.5
OI005454,ORD02049,P0053,3,2260.0,135.6,6644.4
OI005455,ORD02049,P0230,1,112208.0,0.0,112208.0
OI005456,ORD02050,P0300,2,1547.1,0.0,3094.2
OI005457,ORD02050,P0288,1,3521.0,0.0,3521.0
OI005458,ORD02051,P0201,3,554.8,33.29,1631.11
OI005459,ORD02052,P0174,3,312.8,0.0,938.4
OI005460,ORD02053,P0142,2,2380.0,95.2,4664.8
OI005461,ORD02054,P0368,2,338.4,0.0,676.8
OI005462,ORD02054,P0351,2,922.5,0.0,1845.0
OI005463,ORD02055,P0045,2,2888.0,115.52,5660.48
OI005464,ORD02055,P0212,3,424.8,63.72,1210.68
OI005465,ORD02055,P0030,2,452.7,0.0,905.4
OI005466,ORD02055,P0079,3,513.95,0.0,1541.85
OI005467,ORD02056,P0180,3,10370.0,0.0,31110.0
OI005468,ORD02056,P0080,2,36824.0,0.0,73648.0
OI005469,ORD02057,P0180,3,10370.0,622.2,30487.8
OI005470,ORD02057,P0266,2,30160.0,0.0,60320.0
OI005471,ORD02058,P0155,2,42337.5,0.0,84675.0
OI005472,ORD02058,P0154,2,10780.0,431.2,21128.8
OI005473,ORD02058,P0229,2,5392.5,0.0,10785.0
OI005474,ORD02059,P0100,3,1320.0,79.2,3880.8
OI005475,ORD02059,P0293,2,1341.0,53.64,2628.36
OI005476,ORD02059,P0243,1,1389.0,0.0,1389.0
OI005477,ORD02060,P0287,3,9270.0,0.0,27810.0
OI005478,ORD02061,P0237,3,35595.0,2135.7,104649.3
OI005479,ORD02061,P0053,1,2260.0,45.2,2214.8
OI005480,ORD02062,P0194,2,50310.0,0.0,100620.0
OI005481,ORD02062,P0059,1,1367.1,0.0,1367.1
OI005482,ORD02063,P0162,1,130020.0,0.0,130020.0
OI005483,ORD02063,P0391,2,2916.0,0.0,5832.0
OI005484,ORD02063,P0216,1,2160.0,0.0,2160.0
OI005485,ORD02063,P0313,2,914.85,0.0,1829.7
OI005486,ORD02063,P0002,3,3368.0,202.08,9901.92
OI005487,ORD02064,P0373,3,11673.0,0.0,35019.0
OI005488,ORD02065,P0045,1,2888.0,0.0,2888.0
OI005489,ORD02065,P0237,2,35595.0,0.0,71190.0
OI005490,ORD02065,P0133,1,10760.0,215.2,10544.8
OI005491,ORD02066,P0148,1,855.95,0.0,855.95
OI005492,ORD02066,P0168,1,8036.0,0.0,8036.0
OI005493,ORD02066,P0221,2,7038.0,0.0,14076.0
OI005494,ORD02067,P0273,1,1872.0,0.0,1872.0
OI005495,ORD02067,P0235,1,1960.0,0.0,1960.0
OI005496,ORD02068,P0143,1,2061.0,103.05,1957.95
OI005497,ORD02068,P0100,2,1320.0,52.8,2587.2
OI005498,ORD02069,P0011,3,13991.0,839.46,41133.54
OI005499,ORD02069,P0153,1,792.4,0.0,792.4
OI005500,ORD02069,P0313,1,914.85,45.74,869.11
OI005501,ORD02070,P0118,1,5880.0,0.0,5880.0
OI005502,ORD02070,P0286,2,3915.0,0.0,7830.0
OI005503,ORD02070,P0239,3,281.6,42.24,802.56
OI005504,ORD02071,P0316,2,6298.5,251.94,12345.06
OI005505,ORD02072,P0084,2,5925.0,592.5,11257.5
OI005506,ORD02073,P0043,2,3472.5,0.0,6945.0
OI005507,ORD02074,P0231,2,2061.5,0.0,4123.0
OI005508,ORD02074,P0136,3,362.0,0.0,1086.0
OI005509,ORD02074,P0042,1,485.45,9.71,475.74
OI005510,ORD02074,P0036,3,594.0,0.0,1782.0
OI005511,ORD02075,P0216,1,2160.0,0.0,2160.0
OI005512,ORD02075,P0007,1,889.5,0.0,889.5
OI005513,ORD02075,P0086,2,7780.0,0.0,15560.0
OI005514,ORD02076,P0004,2,4395.0,439.5,8350.5
OI005515,ORD02077,P0101,1,461.3,9.23,452.07
OI005516,ORD02078,P0096,2,26621.0,0.0,53242.0
OI005517,ORD02078,P0391,1,2916.0,145.8,2770.2
OI005518,ORD02078,P0092,2,593.6,0.0,1187.2
OI005519,ORD02079,P0048,1,2213.5,44.27,2169.23
OI005520,ORD02079,P0219,3,12090.0,0.0,36270.0
OI005521,ORD02080,P0245,2,616.5,61.65,1171.35
OI005522,ORD02080,P0144,3,1928.5,0.0,5785.5
OI005523,ORD02080,P0243,2,1389.0,138.9,2639.1
OI005524,ORD02081,P0366,1,13920.0,0.0,13920.0
OI005525,ORD02081,P0079,2,513.95,0.0,1027.9
OI005526,ORD02081,P0103,2,24800.0,0.0,49600.0
OI005527,ORD02081,P0319,1,3672.0,183.6,3488.4
OI005528,ORD02082,P0308,2,6842.5,273.7,13411.3
OI005529,ORD02082,P0037,1,2619.0,0.0,2619.0
OI005530,ORD02082,P0272,2,635.0,63.5,1206.5
OI005531,ORD02082,P0034,2,2646.0,264.6,5027.4
OI005532,ORD02083,P0160,2,329.4,32.94,625.86
OI005533,ORD02083,P0149,3,3784.0,227.04,11124.96
OI005534,ORD02084,P0317,2,720.0,28.8,1411.2
OI005535,ORD02084,P0110,3,116.0,0.0,348.0
OI005536,ORD02084,P0225,2,2412.0,0.0,4824.0
OI005537,ORD02085,P0314,2,1599.7,0.0,3199.4
OI005538,ORD02085,P0038,1,1213.15,0.0,1213.15
OI005539,ORD02086,P0057,3,1809.0,0.0,5427.0
OI005540,ORD02086,P0249,2,748.0,0.0,1496.0
OI005541,ORD02087,P0365,2,51250.0,0.0,102500.0
OI005542,ORD02087,P0289,3,12807.0,1921.05,36499.95
OI005543,ORD02087,P0197,3,472.0,0.0,1416.0
OI005544,ORD02088,P0118,1,5880.0,294.0,5586.0
OI005545,ORD02088,P0166,1,2070.0,0.0,2070.0
OI005546,ORD02088,P0350,2,18711.0,0.0,37422.0
OI005547,ORD02088,P0135,2,10960.0,0.0,21920.0
OI005548,ORD02089,P0183,2,1044.0,0.0,2088.0
OI005549,ORD02090,P0172,1,963.0,0.0,963.0
OI005550,ORD02090,P0094,1,25500.0,0.0,25500.0
OI005551,ORD02091,P0062,3,12901.0,0.0,38703.0
OI005552,ORD02091,P0255,1,56373.0,0.0,56373.0
OI005553,ORD02091,P0146,3,235.2,0.0,705.6
OI005554,ORD02092,P0217,1,197.1,0.0,197.1
OI005555,ORD02092,P0239,1,281.6,0.0,281.6
OI005556,ORD02092,P0078,1,765.0,0.0,765.0
OI005557,ORD02092,P0323,2,3876.0,387.6,7364.4
OI005558,ORD02092,P0174,2,312.8,0.0,625.6
OI005559,ORD02093,P0251,3,25200.0,0.0,75600.0
OI005560,ORD02093,P0102,1,509.0,0.0,509.0
OI005561,ORD02093,P0377,3,1716.0,0.0,5148.0
OI005562,ORD02093,P0232,3,25740.0,0.0,77220.0
OI005563,ORD02094,P0251,2,25200.0,2520.0,47880.0
OI005564,ORD02094,P0112,3,1026.0,153.9,2924.1
OI005565,ORD02094,P0253,2,1485.0,59.4,2910.6
OI005566,ORD02094,P0292,2,204.0,20.4,387.6
OI005567,ORD02095,P0032,2,873.0,0.0,1746.0
OI005568,ORD02095,P0273,3,1872.0,112.32,5503.68
OI005569,ORD02096,P0337,3,3771.0,0.0,11313.0
OI005570,ORD02096,P0054,3,1603.0,0.0,4809.0
OI005571,ORD02096,P0185,3,1830.0,109.8,5380.2
OI005572,ORD02096,P0326,3,908.0,0.0,2724.0
OI005573,ORD02097,P0295,3,3667.5,550.12,10452.38
OI005574,ORD02097,P0009,1,14017.5,0.0,14017.5
OI005575,ORD02097,P0096,2,26621.0,2662.1,50579.9
OI005576,ORD02098,P0277,3,204.0,30.6,581.4
OI005577,ORD02098,P0128,1,504.0,0.0,504.0
OI005578,ORD02099,P0399,2,295.0,29.5,560.5
OI005579,ORD02099,P0383,3,39427.5,2365.65,115916.85
OI005580,ORD02099,P0098,1,739.8,36.99,702.81
OI005581,ORD02099,P0063,1,2286.0,0.0,2286.0
OI005582,ORD02099,P0153,1,792.4,0.0,792.4
OI005583,ORD02100,P0021,3,246.0,0.0,738.0
OI005584,ORD02100,P0368,2,338.4,13.54,663.26
OI005585,ORD02101,P0266,3,30160.0,0.0,90480.0
OI005586,ORD02101,P0249,3,748.0,0.0,2244.0
OI005587,ORD02102,P0115,2,479.25,0.0,958.5
OI005588,ORD02103,P0275,3,42363.0,6354.45,120734.55
OI005589,ORD02103,P0245,3,616.5,36.99,1812.51
OI005590,ORD02103,P0048,1,2213.5,44.27,2169.23
OI005591,ORD02104,P0153,2,792.4,0.0,1584.8
OI005592,ORD02105,P0123,3,242.4,0.0,727.2
OI005593,ORD02105,P0110,3,116.0,0.0,348.0
OI005594,ORD02106,P0246,1,1377.5,0.0,1377.5
OI005595,ORD02106,P0321,3,170.4,0.0,511.2
OI005596,ORD02106,P0331,2,5200.0,0.0,10400.0
OI005597,ORD02106,P0375,2,2466.0,98.64,4833.36
OI005598,ORD02107,P0235,1,1960.0,0.0,1960.0
OI005599,ORD02107,P0145,1,720.9,0.0,720.9
OI005600,ORD02107,P0238,1,29932.5,0.0,29932.5
OI005601,ORD02107,P0031,3,1080.0,162.0,3078.0
OI005602,ORD02108,P0059,1,1367.1,0.0,1367.1
OI005603,ORD02109,P0141,2,74679.5,0.0,149359.0
OI005604,ORD02109,P0175,1,37540.0,750.8,36789.2
OI005605,ORD02109,P0126,1,7938.0,0.0,7938.0
OI005606,ORD02110,P0190,1,3163.5,158.18,3005.32
OI005607,ORD02110,P0276,3,36247.5,0.0,108742.5
OI005608,ORD02111,P0275,3,42363.0,0.0,127089.0
OI005609,ORD02111,P0044,1,11970.0,0.0,11970.0
OI005610,ORD02112,P0149,3,3784.0,227.04,11124.96
OI005611,ORD02112,P0326,2,908.0,36.32,1779.68
OI005612,ORD02112,P0145,3,720.9,0.0,2162.7
OI005613,ORD02112,P0064,1,6170.0,308.5,5861.5
OI005614,ORD02112,P0374,3,1995.0,0.0,5985.0
OI005615,ORD02113,P0254,1,2302.5,115.12,2187.38
OI005616,ORD02114,P0192,3,129.5,0.0,388.5
OI005617,ORD02114,P0096,1,26621.0,0.0,26621.0
OI005618,ORD02115,P0069,1,380.0,0.0,380.0
OI005619,ORD02115,P0187,2,2135.0,0.0,4270.0
OI005620,ORD02116,P0192,2,129.5,0.0,259.0
OI005621,ORD02117,P0336,2,2520.0,100.8,4939.2
OI005622,ORD02117,P0363,2,22342.5,0.0,44685.0
OI005623,ORD02118,P0243,2,1389.0,0.0,2778.0
OI005624,ORD02118,P0146,3,235.2,0.0,705.6
OI005625,ORD02118,P0296,3,337.5,50.62,961.88
OI005626,ORD02119,P0326,2,908.0,0.0,1816.0
OI005627,ORD02119,P0084,3,5925.0,0.0,17775.0
OI005628,ORD02120,P0255,3,56373.0,3382.38,165736.62
OI005629,ORD02121,P0272,3,635.0,38.1,1866.9
OI005630,ORD02121,P0181,2,177.0,17.7,336.3
OI005631,ORD02121,P0088,3,52820.0,0.0,158460.0
OI005632,ORD02122,P0072,1,875.7,0.0,875.7
OI005633,ORD02123,P0271,1,2827.5,0.0,2827.5
OI005634,ORD02123,P0097,1,2859.5,57.19,2802.31
OI005635,ORD02123,P0318,2,57978.0,0.0,115956.0
OI005636,ORD02123,P0129,2,348.0,0.0,696.0
OI005637,ORD02124,P0051,1,3536.0,0.0,3536.0
OI005638,ORD02124,P0161,2,649.6,0.0,1299.2
OI005639,ORD02124,P0211,1,1030.0,20.6,1009.4
OI005640,ORD02125,P0143,3,2061.0,123.66,6059.34
OI005641,ORD02126,P0235,3,1960.0,117.6,5762.4
OI005642,ORD02126,P0222,1,441.0,22.05,418.95
OI005643,ORD02126,P0367,2,180.75,18.07,343.43
OI005644,ORD02126,P0180,2,10370.0,0.0,20740.0
OI005645,ORD02126,P0353,1,782.0,15.64,766.36
OI005646,ORD02127,P0353,2,782.0,0.0,1564.0
OI005647,ORD02128,P0096,2,26621.0,1064.84,52177.16
OI005648,ORD02128,P0104,1,1100.8,0.0,1100.8
OI005649,ORD02128,P0082,3,61.0,0.0,183.0
OI005650,ORD02129,P0014,3,348.3,52.25,992.65
OI005651,ORD02129,P0219,3,12090.0,0.0,36270.0
OI005652,ORD02130,P0361,3,4263.0,255.78,12533.22
OI005653,ORD02130,P0338,3,4674.0,280.44,13741.56
OI005654,ORD02130,P0073,3,43839.0,2630.34,128886.66
OI005655,ORD02130,P0250,3,290.4,0.0,871.2
OI005656,ORD02131,P0309,2,4870.0,194.8,9545.2
OI005657,ORD02131,P0145,3,720.9,43.25,2119.45
OI005658,ORD02131,P0213,1,414.9,0.0,414.9
OI005659,ORD02132,P0022,1,338.2,0.0,338.2
OI005660,ORD02132,P0175,1,37540.0,0.0,37540.0
OI005661,ORD02132,P0021,3,246.0,0.0,738.0
OI005662,ORD02132,P0211,1,1030.0,0.0,1030.0
OI005663,ORD02132,P0146,3,235.2,0.0,705.6
OI005664,ORD02133,P0294,1,315.9,0.0,315.9
OI005665,ORD02133,P0284,3,169.0,10.14,496.86
OI005666,ORD02133,P0300,3,1547.1,232.06,4409.24
OI005667,ORD02133,P0179,1,3315.0,0.0,3315.0
OI005668,ORD02133,P0193,1,3094.0,0.0,3094.0
OI005669,ORD02134,P0354,1,253.8,12.69,241.11
OI005670,ORD02134,P0379,3,154.7,9.28,454.82
OI005671,ORD02134,P0098,1,739.8,14.8,725.0
OI005672,ORD02134,P0194,2,50310.0,5031.0,95589.0
OI005673,ORD02134,P0251,3,25200.0,0.0,75600.0
OI005674,ORD02135,P0100,2,1320.0,0.0,2640.0
OI005675,ORD02135,P0345,3,1413.6,84.82,4155.98
OI005676,ORD02135,P0080,2,36824.0,0.0,73648.0
OI005677,ORD02136,P0071,2,11925.0,1192.5,22657.5
OI005678,ORD02136,P0102,3,509.0,0.0,1527.0
OI005679,ORD02136,P0034,2,2646.0,0.0,5292.0
OI005680,ORD02137,P0032,3,873.0,0.0,2619.0
OI005681,ORD02137,P0069,1,380.0,0.0,380.0
OI005682,ORD02137,P0215,3,12010.5,0.0,36031.5
OI005683,ORD02137,P0236,1,6860.0,0.0,6860.0
OI005684,ORD02137,P0026,3,7047.0,0.0,21141.0
OI005685,ORD02138,P0304,3,28441.0,0.0,85323.0
OI005686,ORD02138,P0344,1,10850.0,0.0,10850.0
OI005687,ORD02138,P0178,3,85950.0,12892.5,244957.5
OI005688,ORD02139,P0229,1,5392.5,0.0,5392.5
OI005689,ORD02139,P0135,3,10960.0,0.0,32880.0
OI005690,ORD02140,P0390,3,2235.5,134.13,6572.37
OI005691,ORD02140,P0315,3,582.3,0.0,1746.9
OI005692,ORD02140,P0249,1,748.0,0.0,748.0
OI005693,ORD02141,P0080,3,36824.0,0.0,110472.0
OI005694,ORD02141,P0256,3,10179.0,0.0,30537.0
OI005695,ORD02141,P0212,1,424.8,21.24,403.56
OI005696,ORD02142,P0111,1,6165.0,0.0,6165.0
OI005697,ORD02142,P0188,3,15861.0,2379.15,45203.85
OI005698,ORD02142,P0365,2,51250.0,0.0,102500.0
OI005699,ORD02142,P0181,1,177.0,0.0,177.0
OI005700,ORD02143,P0231,3,2061.5,309.23,5875.27
OI005701,ORD02143,P0086,2,7780.0,0.0,15560.0
OI005702,ORD02143,P0331,2,5200.0,0.0,10400.0
OI005703,ORD02144,P0368,1,338.4,0.0,338.4
OI005704,ORD02144,P0339,3,1422.4,0.0,4267.2
OI005705,ORD02144,P0076,1,13450.0,269.0,13181.0
OI005706,ORD02145,P0128,1,504.0,0.0,504.0
OI005707,ORD02145,P0371,3,2180.0,0.0,6540.0
OI005708,ORD02145,P0172,3,963.0,57.78,2831.22
OI005709,ORD02145,P0075,2,2147.0,0.0,4294.0
OI005710,ORD02145,P0179,1,3315.0,0.0,3315.0
OI005711,ORD02146,P0081,1,700.0,0.0,700.0
OI005712,ORD02146,P0084,3,5925.0,0.0,17775.0
OI005713,ORD02147,P0035,3,34218.0,0.0,102654.0
OI005714,ORD02147,P0259,1,950.0,47.5,902.5
OI005715,ORD02148,P0011,1,13991.0,0.0,13991.0
OI005716,ORD02148,P0175,3,37540.0,2252.4,110367.6
OI005717,ORD02148,P0326,1,908.0,18.16,889.84
OI005718,ORD02148,P0323,2,3876.0,0.0,7752.0
OI005719,ORD02148,P0264,3,3980.0,0.0,11940.0
OI005720,ORD02149,P0043,1,3472.5,69.45,3403.05
OI005721,ORD02149,P0137,2,4372.5,437.25,8307.75
OI005722,ORD02150,P0160,1,329.4,0.0,329.4
OI005723,ORD02150,P0068,2,446.4,0.0,892.8
OI005724,ORD02150,P0140,2,391.0,0.0,782.0
OI005725,ORD02150,P0034,2,2646.0,0.0,5292.0
OI005726,ORD02151,P0251,2,25200.0,0.0,50400.0
OI005727,ORD02151,P0315,1,582.3,0.0,582.3
OI005728,ORD02152,P0169,1,6279.0,0.0,6279.0
OI005729,ORD02152,P0005,1,493.5,24.68,468.82
OI005730,ORD02152,P0210,1,1050.6,0.0,1050.6
OI005731,ORD02153,P0022,2,338.2,33.82,642.58
OI005732,ORD02153,P0184,1,16507.0,0.0,16507.0
OI005733,ORD02154,P0212,3,424.8,0.0,1274.4
OI005734,ORD02155,P0135,2,10960.0,0.0,21920.0
OI005735,ORD02155,P0336,1,2520.0,0.0,2520.0
OI005736,ORD02156,P0046,3,900.0,0.0,2700.0
OI005737,ORD02156,P0078,3,765.0,0.0,2295.0
OI005738,ORD02157,P0385,1,813.0,0.0,813.0
OI005739,ORD02157,P0310,2,16055.0,1605.5,30504.5
OI005740,ORD02157,P0050,1,66460.0,3323.0,63137.0
OI005741,ORD02158,P0107,1,1719.5,0.0,1719.5
OI005742,ORD02158,P0245,2,616.5,61.65,1171.35
OI005743,ORD02159,P0145,3,720.9,0.0,2162.7
OI005744,ORD02159,P0197,3,472.0,0.0,1416.0
OI005745,ORD02160,P0301,1,187.15,9.36,177.79
OI005746,ORD02160,P0085,1,2812.0,0.0,2812.0
OI005747,ORD02160,P0380,3,23597.0,0.0,70791.0
OI005748,ORD02160,P0188,2,15861.0,0.0,31722.0
OI005749,ORD02160,P0327,2,165.75,0.0,331.5
OI005750,ORD02161,P0027,2,15750.0,1575.0,29925.0
OI005751,ORD02161,P0325,3,3390.0,0.0,10170.0
OI005752,ORD02162,P0076,3,13450.0,2017.5,38332.5
OI005753,ORD02162,P0297,3,3416.0,0.0,10248.0
OI005754,ORD02163,P0321,1,170.4,0.0,170.4
OI005755,ORD02163,P0252,1,1359.45,27.19,1332.26
OI005756,ORD02163,P0131,2,20205.0,808.2,39601.8
OI005757,ORD02163,P0329,2,771.4,0.0,1542.8
OI005758,ORD02164,P0156,3,5500.5,825.08,15676.42
OI005759,ORD02164,P0289,2,12807.0,0.0,25614.0
OI005760,ORD02165,P0153,3,792.4,47.54,2329.66
OI005761,ORD02165,P0031,3,1080.0,0.0,3240.0
OI005762,ORD02165,P0392,1,1070.1,0.0,1070.1
OI005763,ORD02166,P0006,2,5196.5,0.0,10393.0
OI005764,ORD02166,P0243,3,1389.0,0.0,4167.0
OI005765,ORD02167,P0032,1,873.0,0.0,873.0
OI005766,ORD02168,P0241,2,117.6,4.7,230.5
OI005767,ORD02169,P0262,3,827.25,0.0,2481.75
OI005768,ORD02170,P0255,3,56373.0,0.0,169119.0
OI005769,ORD02170,P0040,2,90189.0,0.0,180378.0
OI005770,ORD02170,P0034,2,2646.0,0.0,5292.0
OI005771,ORD02170,P0344,2,10850.0,1085.0,20615.0
OI005772,ORD02170,P0275,2,42363.0,1694.52,83031.48
OI005773,ORD02171,P0319,3,3672.0,0.0,11016.0
OI005774,ORD02171,P0158,1,2362.5,47.25,2315.25
OI005775,ORD02172,P0306,1,1472.0,0.0,1472.0
OI005776,ORD02173,P0096,2,26621.0,1064.84,52177.16
OI005777,ORD02174,P0311,3,43728.0,0.0,131184.0
OI005778,ORD02174,P0044,3,11970.0,0.0,35910.0
OI005779,ORD02175,P0297,3,3416.0,0.0,10248.0
OI005780,ORD02175,P0280,2,7132.5,285.3,13979.7
OI005781,ORD02176,P0394,3,1550.0,0.0,4650.0
OI005782,ORD02176,P0068,2,446.4,17.86,874.94
OI005783,ORD02177,P0209,1,8016.0,0.0,8016.0
OI005784,ORD02177,P0022,3,338.2,0.0,1014.6
OI005785,ORD02177,P0099,1,2871.0,0.0,2871.0
OI005786,ORD02178,P0279,2,256.5,0.0,513.0
OI005787,ORD02178,P0295,1,3667.5,0.0,3667.5
OI005788,ORD02179,P0104,1,1100.8,0.0,1100.8
OI005789,ORD02179,P0215,3,12010.5,0.0,36031.5
OI005790,ORD02179,P0098,2,739.8,0.0,1479.6
OI005791,ORD02180,P0207,2,6867.0,0.0,13734.0
OI005792,ORD02180,P0196,3,2934.0,0.0,8802.0
OI005793,ORD02180,P0393,2,472.0,0.0,944.0
OI005794,ORD02181,P0153,1,792.4,15.85,776.55
OI005795,ORD02181,P0344,3,10850.0,0.0,32550.0
OI005796,ORD02181,P0210,3,1050.6,157.59,2994.21
OI005797,ORD02181,P0066,2,21582.0,2158.2,41005.8
OI005798,ORD02181,P0006,1,5196.5,0.0,5196.5
OI005799,ORD02182,P0093,3,423.0,0.0,1269.0
OI005800,ORD02182,P0083,2,6600.0,0.0,13200.0
OI005801,ORD02182,P0059,2,1367.1,0.0,2734.2
OI005802,ORD02182,P0397,2,468.75,0.0,937.5
OI005803,ORD02183,P0277,2,204.0,0.0,408.0
OI005804,ORD02184,P0059,3,1367.1,0.0,4101.3
OI005805,ORD02184,P0065,1,6460.0,323.0,6137.0
OI005806,ORD02185,P0077,2,794.0,0.0,1588.0
OI005807,ORD02185,P0122,2,550.0,0.0,1100.0
OI005808,ORD02185,P0399,3,295.0,0.0,885.0
OI005809,ORD02185,P0304,3,28441.0,0.0,85323.0
OI005810,ORD02186,P0223,1,950.0,0.0,950.0
OI005811,ORD02186,P0153,2,792.4,0.0,1584.8
OI005812,ORD02186,P0116,2,1162.8,0.0,2325.6
OI005813,ORD02186,P0101,2,461.3,0.0,922.6
OI005814,ORD02187,P0123,2,242.4,0.0,484.8
OI005815,ORD02187,P0340,2,7880.0,0.0,15760.0
OI005816,ORD02187,P0024,1,587.7,0.0,587.7
OI005817,ORD02188,P0235,1,1960.0,0.0,1960.0
OI005818,ORD02188,P0311,2,43728.0,4372.8,83083.2
OI005819,ORD02188,P0134,3,12300.0,1845.0,35055.0
OI005820,ORD02189,P0314,1,1599.7,31.99,1567.71
OI005821,ORD02189,P0099,1,2871.0,143.55,2727.45
OI005822,ORD02189,P0093,3,423.0,0.0,1269.0
OI005823,ORD02190,P0177,3,618.8,0.0,1856.4
OI005824,ORD02191,P0166,3,2070.0,0.0,6210.0
OI005825,ORD02191,P0362,2,9486.0,379.44,18592.56
OI005826,ORD02192,P0192,1,129.5,0.0,129.5
OI005827,ORD02192,P0231,1,2061.5,41.23,2020.27
OI005828,ORD02193,P0375,2,2466.0,0.0,4932.0
OI005829,ORD02193,P0034,2,2646.0,0.0,5292.0
OI005830,ORD02194,P0210,1,1050.6,0.0,1050.6
OI005831,ORD02194,P0127,3,2488.0,149.28,7314.72
OI005832,ORD02194,P0233,2,400.5,0.0,801.0
OI005833,ORD02194,P0346,3,927.0,139.05,2641.95
OI005834,ORD02194,P0146,2,235.2,0.0,470.4
OI005835,ORD02195,P0214,3,13761.5,825.69,40458.81
OI005836,ORD02196,P0178,1,85950.0,0.0,85950.0
OI005837,ORD02197,P0018,3,730.0,43.8,2146.2
OI005838,ORD02198,P0355,1,478.0,23.9,454.1
OI005839,ORD02199,P0050,1,66460.0,0.0,66460.0
OI005840,ORD02199,P0132,1,876.35,0.0,876.35
OI005841,ORD02199,P0128,2,504.0,0.0,1008.0
OI005842,ORD02199,P0285,3,870.0,0.0,2610.0
OI005843,ORD02200,P0284,3,169.0,0.0,507.0
OI005844,ORD02201,P0130,3,4100.0,0.0,12300.0
OI005845,ORD02201,P0390,2,2235.5,0.0,4471.0
OI005846,ORD02202,P0020,3,228.0,0.0,684.0
OI005847,ORD02202,P0317,2,720.0,0.0,1440.0
OI005848,ORD02202,P0296,2,337.5,33.75,641.25
OI005849,ORD02202,P0117,3,196.2,29.43,559.17
OI005850,ORD02202,P0104,2,1100.8,44.03,2157.57
OI005851,ORD02203,P0248,1,16444.5,0.0,16444.5
OI005852,ORD02204,P0131,1,20205.0,0.0,20205.0
OI005853,ORD02204,P0034,3,2646.0,0.0,7938.0
OI005854,ORD02204,P0207,3,6867.0,0.0,20601.0
OI005855,ORD02205,P0379,3,154.7,23.2,440.9
OI005856,ORD02205,P0371,3,2180.0,327.0,6213.0
OI005857,ORD02205,P0005,1,493.5,24.68,468.82
OI005858,ORD02206,P0260,3,352.0,21.12,1034.88
OI005859,ORD02206,P0247,2,6405.0,0.0,12810.0
OI005860,ORD02206,P0113,1,498.0,0.0,498.0
OI005861,ORD02207,P0047,3,3654.0,0.0,10962.0
OI005862,ORD02207,P0005,1,493.5,0.0,493.5
OI005863,ORD02208,P0360,1,370.4,0.0,370.4
OI005864,ORD02208,P0117,1,196.2,0.0,196.2
OI005865,ORD02208,P0201,2,554.8,0.0,1109.6
OI005866,ORD02209,P0011,3,13991.0,0.0,41973.0
OI005867,ORD02210,P0186,3,54045.5,3242.73,158893.77
OI005868,ORD02211,P0091,1,184.0,9.2,174.8
OI005869,ORD02211,P0311,2,43728.0,0.0,87456.0
OI005870,ORD02212,P0232,2,25740.0,0.0,51480.0
OI005871,ORD02212,P0136,2,362.0,0.0,724.0
OI005872,ORD02213,P0318,1,57978.0,0.0,57978.0
OI005873,ORD02213,P0352,2,98775.0,0.0,197550.0
OI005874,ORD02213,P0192,1,129.5,0.0,129.5
OI005875,ORD02214,P0375,3,2466.0,0.0,7398.0
OI005876,ORD02214,P0131,1,20205.0,0.0,20205.0
OI005877,ORD02215,P0271,1,2827.5,0.0,2827.5
OI005878,ORD02215,P0329,1,771.4,0.0,771.4
OI005879,ORD02215,P0242,3,689.0,103.35,1963.65
OI005880,ORD02216,P0319,3,3672.0,0.0,11016.0
OI005881,ORD02216,P0358,2,1111.0,0.0,2222.0
OI005882,ORD02216,P0102,1,509.0,0.0,509.0
OI005883,ORD02217,P0398,1,24984.0,499.68,24484.32
OI005884,ORD02217,P0393,3,472.0,0.0,1416.0
OI005885,ORD02218,P0223,2,950.0,0.0,1900.0
OI005886,ORD02218,P0258,3,132.0,19.8,376.2
OI005887,ORD02218,P0152,1,726.75,0.0,726.75
OI005888,ORD02218,P0296,3,337.5,0.0,1012.5
OI005889,ORD02219,P0379,3,154.7,0.0,464.1
OI005890,ORD02219,P0051,3,3536.0,0.0,10608.0
OI005891,ORD02220,P0170,3,4068.0,610.2,11593.8
OI005892,ORD02220,P0348,1,12978.0,0.0,12978.0
OI005893,ORD02221,P0302,1,1929.5,0.0,1929.5
OI005894,ORD02221,P0297,1,3416.0,68.32,3347.68
OI005895,ORD02222,P0082,3,61.0,3.66,179.34
OI005896,ORD02222,P0130,3,4100.0,246.0,12054.0
OI005897,ORD02222,P0336,1,2520.0,0.0,2520.0
OI005898,ORD02222,P0141,3,74679.5,0.0,224038.5
OI005899,ORD02223,P0027,2,15750.0,630.0,30870.0
OI005900,ORD02223,P0191,1,821.75,16.43,805.32
OI005901,ORD02224,P0247,3,6405.0,960.75,18254.25
OI005902,ORD02224,P0045,2,2888.0,0.0,5776.0
OI005903,ORD02225,P0299,3,776.15,116.42,2212.03
OI005904,ORD02225,P0240,2,7990.0,799.0,15181.0
OI005905,ORD02225,P0304,2,28441.0,0.0,56882.0
OI005906,ORD02225,P0058,3,4869.0,0.0,14607.0
OI005907,ORD02225,P0140,3,391.0,0.0,1173.0
OI005908,ORD02226,P0193,2,3094.0,0.0,6188.0
OI005909,ORD02226,P0143,2,2061.0,0.0,4122.0
OI005910,ORD02226,P0153,1,792.4,0.0,792.4
OI005911,ORD02227,P0368,2,338.4,0.0,676.8
OI005912,ORD02227,P0348,2,12978.0,519.12,25436.88
OI005913,ORD02227,P0164,1,731.5,36.58,694.92
OI005914,ORD02228,P0087,3,927.0,0.0,2781.0
OI005915,ORD02228,P0387,3,7968.0,0.0,23904.0
OI005916,ORD02229,P0062,2,12901.0,0.0,25802.0
OI005917,ORD02229,P0044,3,11970.0,0.0,35910.0
OI005918,ORD02230,P0055,3,7923.0,0.0,23769.0
OI005919,ORD02230,P0388,1,9162.0,458.1,8703.9
OI005920,ORD02231,P0045,2,2888.0,115.52,5660.48
OI005921,ORD02231,P0370,2,1501.0,0.0,3002.0
OI005922,ORD02231,P0095,1,28323.0,0.0,28323.0
OI005923,ORD02232,P0386,1,981.75,0.0,981.75
OI005924,ORD02232,P0105,2,1600.0,0.0,3200.0
OI005925,ORD02233,P0161,2,649.6,25.98,1273.22
OI005926,ORD02233,P0011,2,13991.0,0.0,27982.0
OI005927,ORD02233,P0091,3,184.0,0.0,552.0
OI005928,ORD02234,P0368,1,338.4,0.0,338.4
OI005929,ORD02234,P0222,3,441.0,0.0,1323.0
OI005930,ORD02235,P0233,2,400.5,40.05,760.95
OI005931,ORD02235,P0290,2,214.2,0.0,428.4
OI005932,ORD02236,P0182,2,491.0,0.0,982.0
OI005933,ORD02236,P0014,1,348.3,0.0,348.3
OI005934,ORD02237,P0015,1,31560.0,631.2,30928.8
OI005935,ORD02237,P0002,3,3368.0,202.08,9901.92
OI005936,ORD02237,P0356,3,7398.0,0.0,22194.0
OI005937,ORD02237,P0029,3,102.6,0.0,307.8
OI005938,ORD02237,P0330,2,544.0,0.0,1088.0
OI005939,ORD02238,P0054,1,1603.0,0.0,1603.0
OI005940,ORD02239,P0384,3,8334.0,0.0,25002.0
OI005941,ORD02239,P0063,1,2286.0,0.0,2286.0
OI005942,ORD02239,P0133,3,10760.0,0.0,32280.0
OI005943,ORD02239,P0046,2,900.0,90.0,1710.0
OI005944,ORD02240,P0116,3,1162.8,69.77,3418.63
OI005945,ORD02240,P0182,2,491.0,19.64,962.36
OI005946,ORD02240,P0227,1,307.8,0.0,307.8
OI005947,ORD02240,P0338,1,4674.0,0.0,4674.0
OI005948,ORD02241,P0183,1,1044.0,0.0,1044.0
OI005949,ORD02241,P0116,1,1162.8,0.0,1162.8
OI005950,ORD02241,P0162,3,130020.0,0.0,390060.0
OI005951,ORD02242,P0066,3,21582.0,0.0,64746.0
OI005952,ORD02242,P0094,2,25500.0,1020.0,49980.0
OI005953,ORD02243,P0124,1,48142.5,962.85,47179.65
OI005954,ORD02243,P0355,2,478.0,19.12,936.88
OI005955,ORD02243,P0394,1,1550.0,0.0,1550.0
OI005956,ORD02244,P0184,1,16507.0,0.0,16507.0
OI005957,ORD02244,P0353,1,782.0,39.1,742.9
OI005958,ORD02244,P0211,2,1030.0,0.0,2060.0
OI005959,ORD02245,P0231,2,2061.5,206.15,3916.85
OI005960,ORD02245,P0376,3,43677.0,0.0,131031.0
OI005961,ORD02245,P0197,2,472.0,0.0,944.0
OI005962,ORD02246,P0138,1,794.0,0.0,794.0
OI005963,ORD02246,P0150,1,201.0,0.0,201.0
OI005964,ORD02246,P0211,3,1030.0,0.0,3090.0
OI005965,ORD02247,P0244,3,24093.0,0.0,72279.0
OI005966,ORD02247,P0335,3,323.2,0.0,969.6
OI005967,ORD02247,P0176,1,55928.0,0.0,55928.0
OI005968,ORD02248,P0340,2,7880.0,788.0,14972.0
OI005969,ORD02248,P0355,2,478.0,0.0,956.0
OI005970,ORD02248,P0163,3,781.0,0.0,2343.0
OI005971,ORD02248,P0254,2,2302.5,230.25,4374.75
OI005972,ORD02248,P0330,2,544.0,21.76,1066.24
OI005973,ORD02249,P0045,3,2888.0,0.0,8664.0
OI005974,ORD02249,P0307,3,1269.0,0.0,3807.0
OI005975,ORD02249,P0329,2,771.4,30.86,1511.94
OI005976,ORD02250,P0242,3,689.0,0.0,2067.0
OI005977,ORD02251,P0307,2,1269.0,126.9,2411.1
OI005978,ORD02251,P0263,3,1287.0,0.0,3861.0
OI005979,ORD02251,P0113,3,498.0,0.0,1494.0
OI005980,ORD02251,P0231,3,2061.5,0.0,6184.5
OI005981,ORD02252,P0027,1,15750.0,0.0,15750.0
OI005982,ORD02253,P0187,3,2135.0,128.1,6276.9
OI005983,ORD02253,P0219,2,12090.0,1209.0,22971.0
OI005984,ORD02253,P0249,3,748.0,112.2,2131.8
OI005985,ORD02253,P0324,1,319.2,6.38,312.82
OI005986,ORD02254,P0074,2,2356.0,94.24,4617.76
OI005987,ORD02254,P0353,3,782.0,117.3,2228.7
OI005988,ORD02254,P0035,3,34218.0,0.0,102654.0
OI005989,ORD02254,P0043,3,3472.5,0.0,10417.5
OI005990,ORD02255,P0256,3,10179.0,0.0,30537.0
OI005991,ORD02256,P0330,3,544.0,32.64,1599.36
OI005992,ORD02257,P0201,3,554.8,0.0,1664.4
OI005993,ORD02257,P0164,1,731.5,14.63,716.87
OI005994,ORD02257,P0043,1,3472.5,69.45,3403.05
OI005995,ORD02257,P0110,2,116.0,11.6,220.4
OI005996,ORD02258,P0131,3,20205.0,0.0,60615.0
OI005997,ORD02258,P0042,2,485.45,0.0,970.9
OI005998,ORD02258,P0223,1,950.0,19.0,931.0
OI005999,ORD02258,P0282,1,7600.0,380.0,7220.0
OI006000,ORD02258,P0310,2,16055.0,0.0,32110.0
OI006001,ORD02259,P0095,1,28323.0,1416.15,26906.85
OI006002,ORD02260,P0012,3,4740.5,0.0,14221.5
OI006003,ORD02260,P0040,3,90189.0,0.0,270567.0
OI006004,ORD02260,P0198,1,385.0,7.7,377.3
OI006005,ORD02260,P0223,1,950.0,0.0,950.0
OI006006,ORD02261,P0065,2,6460.0,646.0,12274.0
OI006007,ORD02261,P0167,1,1932.0,0.0,1932.0
OI006008,ORD02261,P0072,3,875.7,131.36,2495.74
OI006009,ORD02261,P0291,1,2282.0,45.64,2236.36
OI006010,ORD02262,P0058,1,4869.0,0.0,4869.0
OI006011,ORD02263,P0145,1,720.9,0.0,720.9
OI006012,ORD02263,P0070,3,1650.0,0.0,4950.0
OI006013,ORD02263,P0190,3,3163.5,474.53,9015.97
OI006014,ORD02263,P0023,2,4870.0,0.0,9740.0
OI006015,ORD02263,P0095,3,28323.0,1699.38,83269.62
OI006016,ORD02264,P0399,3,295.0,0.0,885.0
OI006017,ORD02265,P0320,1,39358.5,0.0,39358.5
OI006018,ORD02265,P0170,1,4068.0,0.0,4068.0
OI006019,ORD02265,P0045,1,2888.0,0.0,2888.0
OI006020,ORD02265,P0078,3,765.0,0.0,2295.0
OI006021,ORD02266,P0281,2,3288.0,131.52,6444.48
OI006022,ORD02267,P0118,1,5880.0,117.6,5762.4
OI006023,ORD02267,P0100,3,1320.0,79.2,3880.8
OI006024,ORD02268,P0179,3,3315.0,0.0,9945.0
OI006025,ORD02268,P0058,3,4869.0,0.0,14607.0
OI006026,ORD02268,P0359,3,16920.0,2538.0,48222.0
OI006027,ORD02268,P0102,3,509.0,30.54,1496.46
OI006028,ORD02268,P0298,2,312.2,0.0,624.4
OI006029,ORD02269,P0174,2,312.8,12.51,613.09
OI006030,ORD02269,P0175,3,37540.0,5631.0,106989.0
OI006031,ORD02269,P0057,3,1809.0,0.0,5427.0
OI006032,ORD02270,P0091,2,184.0,0.0,368.0
OI006033,ORD02270,P0027,2,15750.0,0.0,31500.0
OI006034,ORD02270,P0008,2,427.0,0.0,854.0
OI006035,ORD02270,P0339,2,1422.4,56.9,2787.9
OI006036,ORD02271,P0012,1,4740.5,237.03,4503.47
OI006037,ORD02271,P0006,1,5196.5,0.0,5196.5
OI006038,ORD02271,P0055,1,7923.0,0.0,7923.0
OI006039,ORD02272,P0060,3,1035.0,0.0,3105.0
OI006040,ORD02273,P0191,2,821.75,32.87,1610.63
OI006041,ORD02274,P0129,2,348.0,0.0,696.0
OI006042,ORD02274,P0059,2,1367.1,0.0,2734.2
OI006043,ORD02274,P0248,2,16444.5,1644.45,31244.55
OI006044,ORD02275,P0212,3,424.8,0.0,1274.4
OI006045,ORD02275,P0159,1,11007.5,0.0,11007.5
OI006046,ORD02275,P0129,3,348.0,0.0,1044.0
OI006047,ORD02276,P0184,2,16507.0,0.0,33014.0
OI006048,ORD02276,P0316,1,6298.5,0.0,6298.5
OI006049,ORD02277,P0066,1,21582.0,431.64,21150.36
OI006050,ORD02278,P0256,1,10179.0,0.0,10179.0
OI006051,ORD02278,P0166,1,2070.0,0.0,2070.0
OI006052,ORD02279,P0232,2,25740.0,0.0,51480.0
OI006053,ORD02279,P0204,1,8512.0,0.0,8512.0
OI006054,ORD02279,P0202,1,801.0,16.02,784.98
OI006055,ORD02279,P0211,2,1030.0,41.2,2018.8
OI006056,ORD02280,P0334,3,408.6,0.0,1225.8
OI006057,ORD02280,P0330,2,544.0,0.0,1088.0
OI006058,ORD02280,P0321,1,170.4,0.0,170.4
OI006059,ORD02281,P0088,3,52820.0,7923.0,150537.0
OI006060,ORD02281,P0154,1,10780.0,0.0,10780.0
OI006061,ORD02281,P0027,2,15750.0,0.0,31500.0
OI006062,ORD02281,P0365,2,51250.0,0.0,102500.0
OI006063,ORD02282,P0284,1,169.0,0.0,169.0
OI006064,ORD02282,P0384,1,8334.0,0.0,8334.0
OI006065,ORD02282,P0143,1,2061.0,0.0,2061.0
OI006066,ORD02283,P0035,3,34218.0,5132.7,97521.3
OI006067,ORD02284,P0263,2,1287.0,51.48,2522.52
OI006068,ORD02284,P0075,3,2147.0,128.82,6312.18
OI006069,ORD02284,P0054,1,1603.0,0.0,1603.0
OI006070,ORD02285,P0123,3,242.4,36.36,690.84
OI006071,ORD02285,P0122,3,550.0,0.0,1650.0
OI006072,ORD02286,P0331,3,5200.0,0.0,15600.0
OI006073,ORD02286,P0342,3,194.65,0.0,583.95
OI006074,ORD02286,P0118,2,5880.0,0.0,11760.0
OI006075,ORD02287,P0313,1,914.85,0.0,914.85
OI006076,ORD02288,P0255,2,56373.0,5637.3,107108.7
OI006077,ORD02289,P0257,1,529.15,0.0,529.15
OI006078,ORD02290,P0241,1,117.6,5.88,111.72
OI006079,ORD02290,P0367,2,180.75,18.07,343.43
OI006080,ORD02290,P0334,1,408.6,0.0,408.6
OI006081,ORD02290,P0104,2,1100.8,0.0,2201.6
OI006082,ORD02291,P0123,2,242.4,24.24,460.56
OI006083,ORD02291,P0020,2,228.0,0.0,456.0
OI006084,ORD02292,P0187,1,2135.0,106.75,2028.25
OI006085,ORD02292,P0159,2,11007.5,0.0,22015.0
OI006086,ORD02292,P0350,2,18711.0,0.0,37422.0
OI006087,ORD02293,P0105,1,1600.0,32.0,1568.0
OI006088,ORD02293,P0382,3,1387.5,0.0,4162.5
OI006089,ORD02293,P0318,1,57978.0,0.0,57978.0
OI006090,ORD02293,P0243,3,1389.0,0.0,4167.0
OI006091,ORD02293,P0391,3,2916.0,0.0,8748.0
OI006092,ORD02294,P0115,3,479.25,71.89,1365.86
OI006093,ORD02294,P0250,1,290.4,0.0,290.4
OI006094,ORD02294,P0296,2,337.5,13.5,661.5
OI006095,ORD02294,P0260,2,352.0,0.0,704.0
OI006096,ORD02294,P0282,2,7600.0,760.0,14440.0
OI006097,ORD02295,P0318,1,57978.0,0.0,57978.0
OI006098,ORD02296,P0160,2,329.4,13.18,645.62
OI006099,ORD02296,P0336,2,2520.0,0.0,5040.0
OI006100,ORD02296,P0260,3,352.0,21.12,1034.88
OI006101,ORD02297,P0082,1,61.0,0.0,61.0
OI006102,ORD02297,P0196,3,2934.0,440.1,8361.9
OI006103,ORD02297,P0136,3,362.0,0.0,1086.0
OI006104,ORD02298,P0176,1,55928.0,2796.4,53131.6
OI006105,ORD02299,P0308,2,6842.5,0.0,13685.0
OI006106,ORD02300,P0375,1,2466.0,0.0,2466.0
OI006107,ORD02300,P0087,1,927.0,0.0,927.0
OI006108,ORD02300,P0369,1,10773.0,0.0,10773.0
OI006109,ORD02300,P0329,3,771.4,0.0,2314.2
OI006110,ORD02300,P0258,3,132.0,0.0,396.0
OI006111,ORD02301,P0283,3,28775.5,0.0,86326.5
OI006112,ORD02302,P0073,2,43839.0,0.0,87678.0
OI006113,ORD02302,P0197,2,472.0,0.0,944.0
OI006114,ORD02302,P0108,1,41676.5,0.0,41676.5
OI006115,ORD02302,P0235,3,1960.0,0.0,5880.0
OI006116,ORD02303,P0027,3,15750.0,0.0,47250.0
OI006117,ORD02303,P0057,2,1809.0,0.0,3618.0
OI006118,ORD02303,P0042,1,485.45,9.71,475.74
OI006119,ORD02303,P0280,1,7132.5,142.65,6989.85
OI006120,ORD02304,P0329,1,771.4,38.57,732.83
OI006121,ORD02304,P0103,1,24800.0,0.0,24800.0
OI006122,ORD02304,P0018,3,730.0,0.0,2190.0
OI006123,ORD02304,P0367,3,180.75,0.0,542.25
OI006124,ORD02304,P0037,2,2619.0,104.76,5133.24
OI006125,ORD02305,P0122,3,550.0,33.0,1617.0
OI006126,ORD02305,P0321,2,170.4,0.0,340.8
OI006127,ORD02305,P0225,1,2412.0,120.6,2291.4
OI006128,ORD02306,P0396,3,50100.0,0.0,150300.0
OI006129,ORD02307,P0077,3,794.0,0.0,2382.0
OI006130,ORD02308,P0345,2,1413.6,0.0,2827.2
OI006131,ORD02308,P0190,1,3163.5,0.0,3163.5
OI006132,ORD02309,P0179,3,3315.0,0.0,9945.0
OI006133,ORD02310,P0254,1,2302.5,0.0,2302.5
OI006134,ORD02310,P0308,1,6842.5,342.12,6500.38
OI006135,ORD02311,P0099,2,2871.0,0.0,5742.0
OI006136,ORD02311,P0035,2,34218.0,1368.72,67067.28
OI006137,ORD02311,P0318,3,57978.0,8696.7,165237.3
OI006138,ORD02312,P0365,2,51250.0,5125.0,97375.0
OI006139,ORD02312,P0248,3,16444.5,0.0,49333.5
OI006140,ORD02313,P0230,2,112208.0,11220.8,213195.2
OI006141,ORD02314,P0286,2,3915.0,156.6,7673.4
OI006142,ORD02315,P0335,3,323.2,0.0,969.6
OI006143,ORD02316,P0239,2,281.6,0.0,563.2
OI006144,ORD02316,P0330,3,544.0,0.0,1632.0
OI006145,ORD02316,P0287,3,9270.0,0.0,27810.0
OI006146,ORD02317,P0078,1,765.0,0.0,765.0
OI006147,ORD02317,P0081,2,700.0,70.0,1330.0
OI006148,ORD02317,P0400,1,11276.5,0.0,11276.5
OI006149,ORD02318,P0306,2,1472.0,0.0,2944.0
OI006150,ORD02318,P0322,3,8527.5,0.0,25582.5
OI006151,ORD02318,P0176,2,55928.0,2237.12,109618.88
OI006152,ORD02318,P0273,3,1872.0,0.0,5616.0
OI006153,ORD02319,P0105,2,1600.0,0.0,3200.0
OI006154,ORD02319,P0180,2,10370.0,0.0,20740.0
OI006155,ORD02320,P0095,1,28323.0,566.46,27756.54
OI006156,ORD02320,P0050,3,66460.0,0.0,199380.0
OI006157,ORD02320,P0139,2,2590.0,0.0,5180.0
OI006158,ORD02321,P0217,1,197.1,3.94,193.16
OI006159,ORD02321,P0303,1,369.75,18.49,351.26
OI006160,ORD02322,P0032,1,873.0,17.46,855.54
OI006161,ORD02322,P0108,2,41676.5,0.0,83353.0
OI006162,ORD02322,P0168,2,8036.0,0.0,16072.0
OI006163,ORD02322,P0263,3,1287.0,0.0,3861.0
OI006164,ORD02323,P0108,2,41676.5,4167.65,79185.35
OI006165,ORD02324,P0019,1,748.0,37.4,710.6
OI006166,ORD02325,P0337,3,3771.0,0.0,11313.0
OI006167,ORD02325,P0115,2,479.25,47.93,910.57
OI006168,ORD02325,P0163,2,781.0,0.0,1562.0
OI006169,ORD02326,P0171,1,67370.0,0.0,67370.0
OI006170,ORD02327,P0236,3,6860.0,1029.0,19551.0
OI006171,ORD02327,P0259,3,950.0,57.0,2793.0
OI006172,ORD02328,P0311,1,43728.0,0.0,43728.0
OI006173,ORD02328,P0159,3,11007.5,660.45,32362.05
OI006174,ORD02329,P0103,3,24800.0,3720.0,70680.0
OI006175,ORD02329,P0303,2,369.75,0.0,739.5
OI006176,ORD02329,P0032,3,873.0,130.95,2488.05
OI006177,ORD02329,P0374,2,1995.0,0.0,3990.0
OI006178,ORD02329,P0054,3,1603.0,96.18,4712.82
OI006179,ORD02330,P0159,3,11007.5,660.45,32362.05
OI006180,ORD02330,P0039,1,25483.0,0.0,25483.0
OI006181,ORD02330,P0376,2,43677.0,4367.7,82986.3
OI006182,ORD02330,P0227,1,307.8,15.39,292.41
OI006183,ORD02330,P0362,2,9486.0,0.0,18972.0
OI006184,ORD02331,P0242,2,689.0,27.56,1350.44
OI006185,ORD02331,P0062,2,12901.0,0.0,25802.0
OI006186,ORD02331,P0382,1,1387.5,0.0,1387.5
OI006187,ORD02332,P0231,3,2061.5,0.0,6184.5
OI006188,ORD02332,P0235,3,1960.0,117.6,5762.4
OI006189,ORD02332,P0177,3,618.8,37.13,1819.27
OI006190,ORD02332,P0377,3,1716.0,0.0,5148.0
OI006191,ORD02333,P0039,2,25483.0,0.0,50966.0
OI006192,ORD02333,P0131,3,20205.0,3030.75,57584.25
OI006193,ORD02333,P0185,2,1830.0,183.0,3477.0
OI006194,ORD02334,P0161,2,649.6,0.0,1299.2
OI006195,ORD02334,P0060,2,1035.0,0.0,2070.0
OI006196,ORD02334,P0108,2,41676.5,4167.65,79185.35
OI006197,ORD02334,P0342,1,194.65,0.0,194.65
OI006198,ORD02334,P0348,2,12978.0,1297.8,24658.2
OI006199,ORD02335,P0262,3,827.25,0.0,2481.75
OI006200,ORD02335,P0167,1,1932.0,38.64,1893.36
OI006201,ORD02335,P0192,3,129.5,7.77,380.73
OI006202,ORD02335,P0231,2,2061.5,206.15,3916.85
OI006203,ORD02336,P0171,3,67370.0,10105.5,192004.5
OI006204,ORD02336,P0335,2,323.2,12.93,633.47
OI006205,ORD02336,P0021,3,246.0,0.0,738.0
OI006206,ORD02336,P0116,1,1162.8,23.26,1139.54
OI006207,ORD02336,P0285,1,870.0,17.4,852.6
OI006208,ORD02337,P0173,2,437.0,43.7,830.3
OI006209,ORD02337,P0012,2,4740.5,0.0,9481.0
OI006210,ORD02337,P0135,3,10960.0,0.0,32880.0
OI006211,ORD02337,P0285,3,870.0,130.5,2479.5
OI006212,ORD02338,P0090,3,11600.0,696.0,34104.0
OI006213,ORD02339,P0181,2,177.0,0.0,354.0
OI006214,ORD02339,P0262,1,827.25,41.36,785.89
OI006215,ORD02340,P0114,2,4329.0,0.0,8658.0
OI006216,ORD02340,P0380,1,23597.0,0.0,23597.0
OI006217,ORD02341,P0329,2,771.4,30.86,1511.94
OI006218,ORD02342,P0189,3,2637.0,0.0,7911.0
OI006219,ORD02342,P0372,2,6732.0,0.0,13464.0
OI006220,ORD02343,P0161,1,649.6,0.0,649.6
OI006221,ORD02344,P0146,3,235.2,0.0,705.6
OI006222,ORD02344,P0074,1,2356.0,117.8,2238.2
OI006223,ORD02344,P0005,3,493.5,0.0,1480.5
OI006224,ORD02345,P0262,2,827.25,0.0,1654.5
OI006225,ORD02345,P0277,1,204.0,10.2,193.8
OI006226,ORD02345,P0219,3,12090.0,0.0,36270.0
OI006227,ORD02346,P0297,3,3416.0,0.0,10248.0
OI006228,ORD02346,P0361,2,4263.0,0.0,8526.0
OI006229,ORD02346,P0386,2,981.75,0.0,1963.5
OI006230,ORD02346,P0376,2,43677.0,1747.08,85606.92
OI006231,ORD02347,P0019,2,748.0,74.8,1421.2
OI006232,ORD02347,P0361,3,4263.0,0.0,12789.0
OI006233,ORD02348,P0350,1,18711.0,935.55,17775.45
OI006234,ORD02348,P0192,3,129.5,0.0,388.5
OI006235,ORD02348,P0264,3,3980.0,597.0,11343.0
OI006236,ORD02349,P0116,1,1162.8,58.14,1104.66
OI006237,ORD02349,P0222,2,441.0,17.64,864.36
OI006238,ORD02349,P0134,3,12300.0,738.0,36162.0
OI006239,ORD02349,P0274,1,2320.0,46.4,2273.6
OI006240,ORD02350,P0335,3,323.2,0.0,969.6
OI006241,ORD02350,P0085,1,2812.0,56.24,2755.76
OI006242,ORD02351,P0391,3,2916.0,0.0,8748.0
OI006243,ORD02352,P0253,1,1485.0,74.25,1410.75
OI006244,ORD02352,P0204,1,8512.0,0.0,8512.0
OI006245,ORD02353,P0069,1,380.0,0.0,380.0
OI006246,ORD02354,P0147,2,23805.0,0.0,47610.0
OI006247,ORD02354,P0296,2,337.5,0.0,675.0
OI006248,ORD02355,P0052,3,596.7,0.0,1790.1
OI006249,ORD02355,P0150,2,201.0,0.0,402.0
OI006250,ORD02355,P0369,1,10773.0,215.46,10557.54
OI006251,ORD02356,P0395,1,1710.0,34.2,1675.8
OI006252,ORD02356,P0109,3,1809.0,108.54,5318.46
OI006253,ORD02356,P0153,2,792.4,31.7,1553.1
OI006254,ORD02356,P0143,2,2061.0,0.0,4122.0
OI006255,ORD02357,P0055,3,7923.0,1188.45,22580.55
OI006256,ORD02357,P0175,1,37540.0,0.0,37540.0
OI006257,ORD02357,P0173,1,437.0,0.0,437.0
OI006258,ORD02357,P0259,2,950.0,0.0,1900.0
OI006259,ORD02358,P0197,2,472.0,0.0,944.0
OI006260,ORD02358,P0047,1,3654.0,0.0,3654.0
OI006261,ORD02358,P0338,2,4674.0,0.0,9348.0
OI006262,ORD02358,P0354,3,253.8,0.0,761.4
OI006263,ORD02358,P0173,2,437.0,17.48,856.52
OI006264,ORD02359,P0110,3,116.0,0.0,348.0
OI006265,ORD02359,P0018,3,730.0,43.8,2146.2
OI006266,ORD02359,P0331,3,5200.0,312.0,15288.0
OI006267,ORD02359,P0106,2,1952.0,195.2,3708.8
OI006268,ORD02360,P0389,2,3884.5,388.45,7380.55
OI006269,ORD02360,P0185,1,1830.0,36.6,1793.4
OI006270,ORD02360,P0267,3,69400.0,0.0,208200.0
OI006271,ORD02360,P0019,1,748.0,0.0,748.0
OI006272,ORD02360,P0256,2,10179.0,0.0,20358.0
OI006273,ORD02361,P0350,1,18711.0,374.22,18336.78
OI006274,ORD02361,P0092,3,593.6,35.62,1745.18
OI006275,ORD02361,P0213,3,414.9,62.23,1182.47
OI006276,ORD02361,P0247,2,6405.0,0.0,12810.0
OI006277,ORD02361,P0284,1,169.0,0.0,169.0
OI006278,ORD02362,P0123,3,242.4,0.0,727.2
OI006279,ORD02362,P0349,3,2082.5,0.0,6247.5
OI006280,ORD02362,P0245,2,616.5,61.65,1171.35
OI006281,ORD02362,P0262,2,827.25,33.09,1621.41
OI006282,ORD02362,P0050,1,66460.0,1329.2,65130.8
OI006283,ORD02363,P0127,2,2488.0,248.8,4727.2
OI006284,ORD02364,P0394,2,1550.0,0.0,3100.0
OI006285,ORD02364,P0156,1,5500.5,0.0,5500.5
OI006286,ORD02365,P0153,3,792.4,0.0,2377.2
OI006287,ORD02365,P0368,2,338.4,33.84,642.96
OI006288,ORD02365,P0202,2,801.0,0.0,1602.0
OI006289,ORD02366,P0096,2,26621.0,0.0,53242.0
OI006290,ORD02366,P0117,2,196.2,19.62,372.78
OI006291,ORD02367,P0390,2,2235.5,0.0,4471.0
OI006292,ORD02367,P0282,3,7600.0,456.0,22344.0
OI006293,ORD02367,P0179,1,3315.0,0.0,3315.0
OI006294,ORD02367,P0135,3,10960.0,1644.0,31236.0
OI006295,ORD02368,P0375,3,2466.0,147.96,7250.04
OI006296,ORD02368,P0203,3,595.0,0.0,1785.0
OI006297,ORD02368,P0048,2,2213.5,0.0,4427.0
OI006298,ORD02368,P0360,3,370.4,0.0,1111.2
OI006299,ORD02369,P0367,1,180.75,3.62,177.13
OI006300,ORD02369,P0114,1,4329.0,0.0,4329.0
OI006301,ORD02369,P0099,1,2871.0,0.0,2871.0
OI006302,ORD02370,P0354,1,253.8,0.0,253.8
OI006303,ORD02370,P0297,3,3416.0,204.96,10043.04
OI006304,ORD02371,P0022,2,338.2,33.82,642.58
OI006305,ORD02371,P0337,3,3771.0,0.0,11313.0
OI006306,ORD02371,P0128,2,504.0,0.0,1008.0
OI006307,ORD02372,P0287,3,9270.0,0.0,27810.0
OI006308,ORD02373,P0169,3,6279.0,0.0,18837.0
OI006309,ORD02373,P0068,3,446.4,0.0,1339.2
OI006310,ORD02373,P0388,1,9162.0,0.0,9162.0
OI006311,ORD02374,P0078,2,765.0,76.5,1453.5
OI006312,ORD02374,P0335,3,323.2,0.0,969.6
OI006313,ORD02375,P0187,1,2135.0,0.0,2135.0
OI006314,ORD02375,P0028,3,29984.0,0.0,89952.0
OI006315,ORD02375,P0057,3,1809.0,271.35,5155.65
OI006316,ORD02376,P0198,2,385.0,38.5,731.5
OI006317,ORD02377,P0396,1,50100.0,1002.0,49098.0
OI006318,ORD02377,P0208,1,8140.0,0.0,8140.0
OI006319,ORD02377,P0173,1,437.0,21.85,415.15
OI006320,ORD02377,P0056,1,3800.0,190.0,3610.0
OI006321,ORD02377,P0333,2,11480.0,1148.0,21812.0
OI006322,ORD02378,P0266,2,30160.0,0.0,60320.0
OI006323,ORD02378,P0286,2,3915.0,156.6,7673.4
OI006324,ORD02378,P0309,1,4870.0,243.5,4626.5
OI006325,ORD02379,P0234,1,4290.0,0.0,4290.0
OI006326,ORD02380,P0398,3,24984.0,0.0,74952.0
OI006327,ORD02380,P0394,1,1550.0,31.0,1519.0
OI006328,ORD02380,P0109,1,1809.0,36.18,1772.82
OI006329,ORD02380,P0069,2,380.0,15.2,744.8
OI006330,ORD02380,P0259,2,950.0,0.0,1900.0
OI006331,ORD02381,P0039,3,25483.0,0.0,76449.0
OI006332,ORD02381,P0351,3,922.5,0.0,2767.5
OI006333,ORD02381,P0158,1,2362.5,0.0,2362.5
OI006334,ORD02381,P0230,2,112208.0,11220.8,213195.2
OI006335,ORD02381,P0259,3,950.0,57.0,2793.0
OI006336,ORD02382,P0185,1,1830.0,0.0,1830.0
OI006337,ORD02383,P0313,2,914.85,36.59,1793.11
OI006338,ORD02383,P0258,3,132.0,19.8,376.2
OI006339,ORD02384,P0160,1,329.4,0.0,329.4
OI006340,ORD02384,P0300,2,1547.1,0.0,3094.2
OI006341,ORD02385,P0081,2,700.0,0.0,1400.0
OI006342,ORD02386,P0266,2,30160.0,3016.0,57304.0
OI006343,ORD02387,P0362,1,9486.0,0.0,9486.0
OI006344,ORD02388,P0036,3,594.0,89.1,1692.9
OI006345,ORD02388,P0244,1,24093.0,0.0,24093.0
OI006346,ORD02388,P0022,3,338.2,0.0,1014.6
OI006347,ORD02388,P0167,2,1932.0,193.2,3670.8
OI006348,ORD02388,P0321,2,170.4,0.0,340.8
OI006349,ORD02389,P0308,2,6842.5,0.0,13685.0
OI006350,ORD02389,P0393,2,472.0,18.88,925.12
OI006351,ORD02390,P0145,3,720.9,0.0,2162.7
OI006352,ORD02390,P0027,1,15750.0,0.0,15750.0
OI006353,ORD02390,P0203,3,595.0,35.7,1749.3
OI006354,ORD02391,P0192,3,129.5,0.0,388.5
OI006355,ORD02391,P0170,2,4068.0,0.0,8136.0
OI006356,ORD02392,P0366,3,13920.0,0.0,41760.0
OI006357,ORD02392,P0198,2,385.0,0.0,770.0
OI006358,ORD02392,P0130,2,4100.0,0.0,8200.0
OI006359,ORD02393,P0095,1,28323.0,0.0,28323.0
OI006360,ORD02393,P0310,2,16055.0,0.0,32110.0
OI006361,ORD02393,P0269,1,496.0,0.0,496.0
OI006362,ORD02394,P0012,3,4740.5,284.43,13937.07
OI006363,ORD02394,P0103,3,24800.0,0.0,74400.0
OI006364,ORD02394,P0044,3,11970.0,0.0,35910.0
OI006365,ORD02394,P0154,3,10780.0,0.0,32340.0
OI006366,ORD02394,P0307,2,1269.0,0.0,2538.0
OI006367,ORD02395,P0148,2,855.95,0.0,1711.9
OI006368,ORD02396,P0206,1,774.0,0.0,774.0
OI006369,ORD02397,P0053,1,2260.0,45.2,2214.8
OI006370,ORD02398,P0079,2,513.95,0.0,1027.9
OI006371,ORD02399,P0115,1,479.25,0.0,479.25
OI006372,ORD02399,P0179,1,3315.0,0.0,3315.0
OI006373,ORD02399,P0240,3,7990.0,479.4,23490.6
OI006374,ORD02400,P0331,3,5200.0,312.0,15288.0
OI006375,ORD02400,P0102,1,509.0,10.18,498.82
OI006376,ORD02401,P0019,1,748.0,0.0,748.0
OI006377,ORD02401,P0365,3,51250.0,0.0,153750.0
OI006378,ORD02401,P0252,3,1359.45,0.0,4078.35
OI006379,ORD02401,P0210,1,1050.6,0.0,1050.6
OI006380,ORD02401,P0226,1,10590.0,0.0,10590.0
OI006381,ORD02402,P0350,1,18711.0,0.0,18711.0
OI006382,ORD02402,P0001,1,261.0,0.0,261.0
OI006383,ORD02402,P0069,3,380.0,57.0,1083.0
OI006384,ORD02402,P0087,2,927.0,0.0,1854.0
OI006385,ORD02403,P0363,2,22342.5,2234.25,42450.75
OI006386,ORD02403,P0374,1,1995.0,39.9,1955.1
OI006387,ORD02403,P0395,3,1710.0,102.6,5027.4
OI006388,ORD02403,P0078,1,765.0,0.0,765.0
OI006389,ORD02404,P0386,3,981.75,0.0,2945.25
OI006390,ORD02404,P0256,1,10179.0,0.0,10179.0
OI006391,ORD02404,P0337,1,3771.0,0.0,3771.0
OI006392,ORD02404,P0242,3,689.0,103.35,1963.65
OI006393,ORD02405,P0361,3,4263.0,639.45,12149.55
OI006394,ORD02405,P0246,1,1377.5,68.88,1308.62
OI006395,ORD02406,P0159,1,11007.5,0.0,11007.5
OI006396,ORD02406,P0224,2,44082.0,4408.2,83755.8
OI006397,ORD02407,P0147,3,23805.0,3570.75,67844.25
OI006398,ORD02407,P0248,3,16444.5,0.0,49333.5
OI006399,ORD02408,P0161,3,649.6,0.0,1948.8
OI006400,ORD02408,P0327,3,165.75,0.0,497.25
OI006401,ORD02409,P0004,3,4395.0,0.0,13185.0
OI006402,ORD02409,P0050,1,66460.0,0.0,66460.0
OI006403,ORD02409,P0306,1,1472.0,0.0,1472.0
OI006404,ORD02410,P0093,3,423.0,0.0,1269.0
OI006405,ORD02410,P0107,3,1719.5,257.93,4900.57
OI006406,ORD02410,P0363,2,22342.5,0.0,44685.0
OI006407,ORD02410,P0065,1,6460.0,323.0,6137.0
OI006408,ORD02410,P0141,3,74679.5,0.0,224038.5
OI006409,ORD02411,P0164,2,731.5,29.26,1433.74
OI006410,ORD02411,P0065,1,6460.0,0.0,6460.0
OI006411,ORD02412,P0198,1,385.0,19.25,365.75
OI006412,ORD02412,P0238,2,29932.5,0.0,59865.0
OI006413,ORD02412,P0079,2,513.95,0.0,1027.9
OI006414,ORD02412,P0116,2,1162.8,0.0,2325.6
OI006415,ORD02413,P0328,3,805.0,0.0,2415.0
OI006416,ORD02413,P0294,2,315.9,31.59,600.21
OI006417,ORD02413,P0016,3,2751.0,0.0,8253.0
OI006418,ORD02413,P0052,1,596.7,0.0,596.7
OI006419,ORD02414,P0365,1,51250.0,2562.5,48687.5
OI006420,ORD02414,P0117,2,196.2,19.62,372.78
OI006421,ORD02414,P0120,3,9603.0,1440.45,27368.55
OI006422,ORD02415,P0394,1,1550.0,0.0,1550.0
OI006423,ORD02415,P0216,3,2160.0,0.0,6480.0
OI006424,ORD02415,P0187,3,2135.0,0.0,6405.0
OI006425,ORD02416,P0303,2,369.75,14.79,724.71
OI006426,ORD02416,P0044,3,11970.0,0.0,35910.0
OI006427,ORD02416,P0392,2,1070.1,107.01,2033.19
OI006428,ORD02417,P0095,3,28323.0,4248.45,80720.55
OI006429,ORD02417,P0155,3,42337.5,2540.25,124472.25
OI006430,ORD02417,P0126,1,7938.0,0.0,7938.0
OI006431,ORD02418,P0236,2,6860.0,274.4,13445.6
OI006432,ORD02418,P0155,2,42337.5,0.0,84675.0
OI006433,ORD02418,P0179,1,3315.0,0.0,3315.0
OI006434,ORD02419,P0235,2,1960.0,0.0,3920.0
OI006435,ORD02419,P0160,1,329.4,16.47,312.93
OI006436,ORD02419,P0309,3,4870.0,0.0,14610.0
OI006437,ORD02419,P0349,2,2082.5,0.0,4165.0
OI006438,ORD02420,P0388,2,9162.0,0.0,18324.0
OI006439,ORD02420,P0393,2,472.0,0.0,944.0
OI006440,ORD02420,P0055,3,7923.0,0.0,23769.0
OI006441,ORD02420,P0101,3,461.3,0.0,1383.9
OI006442,ORD02421,P0259,3,950.0,142.5,2707.5
OI006443,ORD02421,P0270,1,2265.0,0.0,2265.0
OI006444,ORD02422,P0302,1,1929.5,0.0,1929.5
OI006445,ORD02422,P0050,3,66460.0,0.0,199380.0
OI006446,ORD02423,P0176,3,55928.0,0.0,167784.0
OI006447,ORD02424,P0094,1,25500.0,0.0,25500.0
OI006448,ORD02425,P0099,3,2871.0,0.0,8613.0
OI006449,ORD02426,P0081,3,700.0,0.0,2100.0
OI006450,ORD02426,P0368,1,338.4,16.92,321.48
OI006451,ORD02426,P0276,1,36247.5,0.0,36247.5
OI006452,ORD02427,P0368,2,338.4,0.0,676.8
OI006453,ORD02427,P0207,2,6867.0,686.7,13047.3
OI006454,ORD02428,P0321,3,170.4,25.56,485.64
OI006455,ORD02429,P0359,3,16920.0,0.0,50760.0
OI006456,ORD02429,P0298,2,312.2,0.0,624.4
OI006457,ORD02430,P0027,3,15750.0,0.0,47250.0
OI006458,ORD02430,P0151,1,7542.0,0.0,7542.0
OI006459,ORD02430,P0355,1,478.0,23.9,454.1
OI006460,ORD02430,P0356,2,7398.0,739.8,14056.2
OI006461,ORD02430,P0150,2,201.0,0.0,402.0
OI006462,ORD02431,P0290,1,214.2,4.28,209.92
OI006463,ORD02431,P0081,1,700.0,35.0,665.0
OI006464,ORD02432,P0350,2,18711.0,0.0,37422.0
OI006465,ORD02432,P0301,3,187.15,0.0,561.45
OI006466,ORD02432,P0322,1,8527.5,0.0,8527.5
OI006467,ORD02432,P0224,2,44082.0,4408.2,83755.8
OI006468,ORD02433,P0155,1,42337.5,2116.88,40220.62
OI006469,ORD02433,P0393,2,472.0,0.0,944.0
OI006470,ORD02433,P0123,1,242.4,0.0,242.4
OI006471,ORD02434,P0331,3,5200.0,312.0,15288.0
OI006472,ORD02434,P0017,3,1344.25,0.0,4032.75
OI006473,ORD02434,P0382,1,1387.5,27.75,1359.75
OI006474,ORD02434,P0062,3,12901.0,0.0,38703.0
OI006475,ORD02434,P0068,2,446.4,0.0,892.8
OI006476,ORD02435,P0017,1,1344.25,0.0,1344.25
OI006477,ORD02435,P0163,3,781.0,46.86,2296.14
OI006478,ORD02435,P0333,1,11480.0,0.0,11480.0
OI006479,ORD02436,P0368,3,338.4,0.0,1015.2
OI006480,ORD02436,P0383,1,39427.5,788.55,38638.95
OI006481,ORD02436,P0093,1,423.0,8.46,414.54
OI006482,ORD02436,P0003,1,79590.0,3979.5,75610.5
OI006483,ORD02437,P0324,2,319.2,12.77,625.63
OI006484,ORD02437,P0008,2,427.0,17.08,836.92
OI006485,ORD02437,P0096,1,26621.0,1331.05,25289.95
OI006486,ORD02437,P0085,1,2812.0,140.6,2671.4
OI006487,ORD02438,P0329,3,771.4,0.0,2314.2
OI006488,ORD02438,P0186,1,54045.5,0.0,54045.5
OI006489,ORD02438,P0315,2,582.3,0.0,1164.6
OI006490,ORD02438,P0110,1,116.0,5.8,110.2
OI006491,ORD02439,P0025,1,493.05,9.86,483.19
OI006492,ORD02439,P0366,2,13920.0,1392.0,26448.0
OI006493,ORD02439,P0142,1,2380.0,47.6,2332.4
OI006494,ORD02439,P0063,1,2286.0,0.0,2286.0
OI006495,ORD02440,P0138,1,794.0,0.0,794.0
OI006496,ORD02441,P0088,3,52820.0,7923.0,150537.0
OI006497,ORD02442,P0323,3,3876.0,0.0,11628.0
OI006498,ORD02442,P0254,3,2302.5,345.38,6562.12
OI006499,ORD02443,P0232,1,25740.0,1287.0,24453.0
OI006500,ORD02443,P0155,1,42337.5,0.0,42337.5
OI006501,ORD02443,P0394,3,1550.0,93.0,4557.0
OI006502,ORD02444,P0341,3,5664.0,0.0,16992.0
OI006503,ORD02444,P0292,2,204.0,20.4,387.6
OI006504,ORD02444,P0267,2,69400.0,6940.0,131860.0
OI006505,ORD02444,P0348,2,12978.0,0.0,25956.0
OI006506,ORD02445,P0359,2,16920.0,676.8,33163.2
OI006507,ORD02445,P0094,3,25500.0,0.0,76500.0
OI006508,ORD02445,P0009,3,14017.5,0.0,42052.5
OI006509,ORD02445,P0262,3,827.25,0.0,2481.75
OI006510,ORD02445,P0348,1,12978.0,0.0,12978.0
OI006511,ORD02446,P0273,2,1872.0,0.0,3744.0
OI006512,ORD02447,P0074,1,2356.0,0.0,2356.0
OI006513,ORD02447,P0255,3,56373.0,0.0,169119.0
OI006514,ORD02447,P0389,1,3884.5,0.0,3884.5
OI006515,ORD02447,P0304,2,28441.0,0.0,56882.0
OI006516,ORD02447,P0167,2,1932.0,0.0,3864.0
OI006517,ORD02448,P0201,1,554.8,0.0,554.8
OI006518,ORD02448,P0155,3,42337.5,0.0,127012.5
OI006519,ORD02449,P0166,1,2070.0,41.4,2028.6
OI006520,ORD02449,P0217,3,197.1,0.0,591.3
OI006521,ORD02450,P0336,1,2520.0,50.4,2469.6
OI006522,ORD02450,P0335,2,323.2,12.93,633.47
OI006523,ORD02450,P0389,3,3884.5,0.0,11653.5
OI006524,ORD02451,P0198,1,385.0,0.0,385.0
OI006525,ORD02451,P0176,1,55928.0,0.0,55928.0
OI006526,ORD02451,P0153,3,792.4,47.54,2329.66
OI006527,ORD02451,P0015,1,31560.0,0.0,31560.0
OI006528,ORD02451,P0192,3,129.5,19.43,369.07
OI006529,ORD02452,P0334,3,408.6,61.29,1164.51
OI006530,ORD02452,P0126,3,7938.0,476.28,23337.72
OI006531,ORD02452,P0019,3,748.0,44.88,2199.12
OI006532,ORD02453,P0121,2,1665.0,0.0,3330.0
OI006533,ORD02453,P0146,1,235.2,11.76,223.44
OI006534,ORD02453,P0254,1,2302.5,0.0,2302.5
OI006535,ORD02454,P0349,1,2082.5,0.0,2082.5
OI006536,ORD02454,P0115,2,479.25,47.93,910.57
OI006537,ORD02455,P0130,2,4100.0,164.0,8036.0
OI006538,ORD02455,P0182,1,491.0,0.0,491.0
OI006539,ORD02455,P0198,2,385.0,38.5,731.5
OI006540,ORD02456,P0374,3,1995.0,0.0,5985.0
OI006541,ORD02457,P0248,1,16444.5,328.89,16115.61
OI006542,ORD02457,P0066,3,21582.0,0.0,64746.0
OI006543,ORD02458,P0324,1,319.2,0.0,319.2
OI006544,ORD02458,P0172,2,963.0,0.0,1926.0
OI006545,ORD02458,P0118,2,5880.0,588.0,11172.0
OI006546,ORD02459,P0024,3,587.7,0.0,1763.1
OI006547,ORD02459,P0241,1,117.6,0.0,117.6
OI006548,ORD02459,P0240,2,7990.0,799.0,15181.0
OI006549,ORD02459,P0098,3,739.8,44.39,2175.01
OI006550,ORD02460,P0240,3,7990.0,0.0,23970.0
OI006551,ORD02460,P0396,2,50100.0,0.0,100200.0
OI006552,ORD02460,P0132,1,876.35,17.53,858.82
OI006553,ORD02461,P0192,2,129.5,12.95,246.05
OI006554,ORD02461,P0073,1,43839.0,876.78,42962.22
OI006555,ORD02461,P0111,3,6165.0,369.9,18125.1
OI006556,ORD02462,P0177,2,618.8,0.0,1237.6
OI006557,ORD02462,P0247,1,6405.0,0.0,6405.0
OI006558,ORD02462,P0344,1,10850.0,217.0,10633.0
OI006559,ORD02463,P0216,3,2160.0,129.6,6350.4
OI006560,ORD02464,P0400,1,11276.5,0.0,11276.5
OI006561,ORD02464,P0139,3,2590.0,0.0,7770.0
OI006562,ORD02464,P0339,3,1422.4,0.0,4267.2
OI006563,ORD02464,P0014,3,348.3,52.25,992.65
OI006564,ORD02465,P0051,1,3536.0,70.72,3465.28
OI006565,ORD02465,P0046,1,900.0,0.0,900.0
OI006566,ORD02466,P0171,3,67370.0,0.0,202110.0
OI006567,ORD02466,P0151,3,7542.0,0.0,22626.0
OI006568,ORD02466,P0203,2,595.0,23.8,1166.2
OI006569,ORD02467,P0214,1,13761.5,688.08,13073.42
OI006570,ORD02467,P0226,3,10590.0,0.0,31770.0
OI006571,ORD02467,P0345,2,1413.6,56.54,2770.66
OI006572,ORD02468,P0294,1,315.9,0.0,315.9
OI006573,ORD02469,P0353,3,782.0,0.0,2346.0
OI006574,ORD02469,P0261,3,6880.0,412.8,20227.2
OI006575,ORD02469,P0372,2,6732.0,0.0,13464.0
OI006576,ORD02469,P0392,2,1070.1,0.0,2140.2
OI006577,ORD02470,P0093,2,423.0,0.0,846.0
OI006578,ORD02470,P0126,3,7938.0,0.0,23814.0
OI006579,ORD02471,P0015,3,31560.0,4734.0,89946.0
OI006580,ORD02471,P0092,3,593.6,89.04,1691.76
OI006581,ORD02471,P0076,1,13450.0,0.0,13450.0
OI006582,ORD02472,P0032,2,873.0,0.0,1746.0
OI006583,ORD02472,P0072,2,875.7,0.0,1751.4
OI006584,ORD02472,P0010,2,11568.0,462.72,22673.28
OI006585,ORD02472,P0035,1,34218.0,0.0,34218.0
OI006586,ORD02473,P0208,3,8140.0,1221.0,23199.0
OI006587,ORD02473,P0317,2,720.0,28.8,1411.2
OI006588,ORD02474,P0397,3,468.75,0.0,1406.25
OI006589,ORD02475,P0271,3,2827.5,0.0,8482.5
OI006590,ORD02475,P0128,3,504.0,0.0,1512.0
OI006591,ORD02476,P0319,2,3672.0,0.0,7344.0
OI006592,ORD02477,P0154,1,10780.0,0.0,10780.0
OI006593,ORD02477,P0076,2,13450.0,538.0,26362.0
OI006594,ORD02478,P0087,3,927.0,139.05,2641.95
OI006595,ORD02478,P0016,1,2751.0,55.02,2695.98
OI006596,ORD02478,P0219,3,12090.0,1813.5,34456.5
OI006597,ORD02478,P0047,2,3654.0,0.0,7308.0
OI006598,ORD02478,P0325,1,3390.0,0.0,3390.0
OI006599,ORD02479,P0081,3,700.0,0.0,2100.0
OI006600,ORD02479,P0045,1,2888.0,0.0,2888.0
OI006601,ORD02480,P0100,1,1320.0,0.0,1320.0
OI006602,ORD02480,P0095,1,28323.0,0.0,28323.0
OI006603,ORD02481,P0398,3,24984.0,0.0,74952.0
OI006604,ORD02481,P0254,2,2302.5,0.0,4605.0
OI006605,ORD02481,P0065,1,6460.0,129.2,6330.8
OI006606,ORD02481,P0042,1,485.45,0.0,485.45
OI006607,ORD02482,P0374,2,1995.0,79.8,3910.2
OI006608,ORD02483,P0132,1,876.35,43.82,832.53
OI006609,ORD02483,P0115,1,479.25,9.59,469.66
OI006610,ORD02484,P0118,1,5880.0,0.0,5880.0
OI006611,ORD02485,P0272,1,635.0,0.0,635.0
OI006612,ORD02486,P0242,2,689.0,0.0,1378.0
OI006613,ORD02487,P0029,3,102.6,0.0,307.8
OI006614,ORD02487,P0051,3,3536.0,212.16,10395.84
OI006615,ORD02487,P0240,3,7990.0,1198.5,22771.5
OI006616,ORD02487,P0215,2,12010.5,1201.05,22819.95
OI006617,ORD02488,P0171,1,67370.0,0.0,67370.0
OI006618,ORD02489,P0280,3,7132.5,0.0,21397.5
OI006619,ORD02490,P0116,1,1162.8,0.0,1162.8
OI006620,ORD02490,P0061,1,2394.0,119.7,2274.3
OI006621,ORD02490,P0122,1,550.0,0.0,550.0
OI006622,ORD02490,P0294,1,315.9,6.32,309.58
OI006623,ORD02490,P0153,1,792.4,0.0,792.4
OI006624,ORD02491,P0075,2,2147.0,0.0,4294.0
OI006625,ORD02491,P0080,3,36824.0,0.0,110472.0
OI006626,ORD02491,P0324,2,319.2,0.0,638.4
OI006627,ORD02491,P0070,3,1650.0,99.0,4851.0
OI006628,ORD02492,P0348,3,12978.0,1946.7,36987.3
OI006629,ORD02492,P0089,1,2712.0,135.6,2576.4
OI006630,ORD02493,P0025,2,493.05,49.31,936.79
OI006631,ORD02493,P0202,1,801.0,16.02,784.98
OI006632,ORD02494,P0273,3,1872.0,280.8,5335.2
OI006633,ORD02494,P0342,3,194.65,0.0,583.95
OI006634,ORD02494,P0112,2,1026.0,102.6,1949.4
OI006635,ORD02494,P0082,2,61.0,0.0,122.0
OI006636,ORD02495,P0048,3,2213.5,132.81,6507.69
OI006637,ORD02495,P0190,2,3163.5,316.35,6010.65
OI006638,ORD02495,P0319,2,3672.0,146.88,7197.12
OI006639,ORD02496,P0253,3,1485.0,0.0,4455.0
OI006640,ORD02496,P0204,1,8512.0,170.24,8341.76
OI006641,ORD02497,P0022,2,338.2,0.0,676.4
OI006642,ORD02497,P0141,3,74679.5,11201.93,212836.57
OI006643,ORD02498,P0382,2,1387.5,138.75,2636.25
OI006644,ORD02498,P0349,2,2082.5,0.0,4165.0
OI006645,ORD02498,P0400,3,11276.5,0.0,33829.5
OI006646,ORD02499,P0231,2,2061.5,206.15,3916.85
OI006647,ORD02499,P0275,2,42363.0,1694.52,83031.48
OI006648,ORD02499,P0057,1,1809.0,0.0,1809.0
OI006649,ORD02499,P0341,2,5664.0,0.0,11328.0
OI006650,ORD02500,P0025,2,493.05,19.72,966.38
OI006651,ORD02501,P0114,3,4329.0,0.0,12987.0
OI006652,ORD02502,P0049,2,37323.0,0.0,74646.0
OI006653,ORD02502,P0051,3,3536.0,0.0,10608.0
OI006654,ORD02503,P0159,2,11007.5,0.0,22015.0
OI006655,ORD02503,P0092,1,593.6,0.0,593.6
OI006656,ORD02503,P0290,2,214.2,0.0,428.4
OI006657,ORD02504,P0318,3,57978.0,8696.7,165237.3
OI006658,ORD02505,P0198,2,385.0,0.0,770.0
OI006659,ORD02505,P0309,3,4870.0,0.0,14610.0
OI006660,ORD02506,P0310,2,16055.0,642.2,31467.8
OI006661,ORD02506,P0029,1,102.6,0.0,102.6
OI006662,ORD02507,P0038,1,1213.15,0.0,1213.15
OI006663,ORD02507,P0374,3,1995.0,0.0,5985.0
OI006664,ORD02508,P0121,2,1665.0,66.6,3263.4
OI006665,ORD02509,P0226,1,10590.0,529.5,10060.5
OI006666,ORD02509,P0385,3,813.0,0.0,2439.0
OI006667,ORD02509,P0030,3,452.7,67.91,1290.19
OI006668,ORD02509,P0300,2,1547.1,61.88,3032.32
OI006669,ORD02509,P0112,1,1026.0,0.0,1026.0
OI006670,ORD02510,P0372,1,6732.0,0.0,6732.0
OI006671,ORD02510,P0366,3,13920.0,0.0,41760.0
OI006672,ORD02510,P0133,1,10760.0,0.0,10760.0
OI006673,ORD02510,P0286,1,3915.0,195.75,3719.25
OI006674,ORD02510,P0177,2,618.8,24.75,1212.85
OI006675,ORD02511,P0380,2,23597.0,0.0,47194.0
OI006676,ORD02511,P0357,3,7182.5,1077.38,20470.12
OI006677,ORD02512,P0153,2,792.4,79.24,1505.56
OI006678,ORD02512,P0230,1,112208.0,0.0,112208.0
OI006679,ORD02513,P0025,1,493.05,24.65,468.4
OI006680,ORD02513,P0082,2,61.0,6.1,115.9
OI006681,ORD02513,P0236,2,6860.0,0.0,13720.0
OI006682,ORD02513,P0003,1,79590.0,1591.8,77998.2
OI006683,ORD02514,P0109,1,1809.0,0.0,1809.0
OI006684,ORD02514,P0357,2,7182.5,0.0,14365.0
OI006685,ORD02514,P0252,2,1359.45,0.0,2718.9
OI006686,ORD02514,P0388,1,9162.0,0.0,9162.0
OI006687,ORD02515,P0046,1,900.0,0.0,900.0
OI006688,ORD02516,P0382,3,1387.5,0.0,4162.5
OI006689,ORD02516,P0072,1,875.7,0.0,875.7
OI006690,ORD02516,P0139,2,2590.0,0.0,5180.0
OI006691,ORD02517,P0030,3,452.7,67.91,1290.19
OI006692,ORD02517,P0099,2,2871.0,0.0,5742.0
OI006693,ORD02517,P0226,3,10590.0,0.0,31770.0
OI006694,ORD02518,P0048,2,2213.5,0.0,4427.0
OI006695,ORD02518,P0192,2,129.5,12.95,246.05
OI006696,ORD02519,P0029,1,102.6,0.0,102.6
OI006697,ORD02519,P0173,1,437.0,21.85,415.15
OI006698,ORD02520,P0386,2,981.75,0.0,1963.5
OI006699,ORD02520,P0084,1,5925.0,0.0,5925.0
OI006700,ORD02520,P0380,1,23597.0,0.0,23597.0
OI006701,ORD02521,P0108,1,41676.5,2083.83,39592.67
OI006702,ORD02522,P0303,1,369.75,0.0,369.75
OI006703,ORD02522,P0292,2,204.0,8.16,399.84
OI006704,ORD02522,P0167,1,1932.0,96.6,1835.4
OI006705,ORD02523,P0182,2,491.0,49.1,932.9
OI006706,ORD02524,P0268,1,12320.0,0.0,12320.0
OI006707,ORD02524,P0376,2,43677.0,1747.08,85606.92
OI006708,ORD02524,P0073,3,43839.0,2630.34,128886.66
OI006709,ORD02525,P0320,2,39358.5,0.0,78717.0
OI006710,ORD02526,P0394,2,1550.0,0.0,3100.0
OI006711,ORD02526,P0224,3,44082.0,2644.92,129601.08
OI006712,ORD02527,P0095,3,28323.0,0.0,84969.0
OI006713,ORD02527,P0091,3,184.0,0.0,552.0
OI006714,ORD02527,P0327,3,165.75,9.95,487.3
OI006715,ORD02527,P0217,3,197.1,11.83,579.47
OI006716,ORD02528,P0378,1,1246.95,62.35,1184.6
OI006717,ORD02528,P0262,3,827.25,124.09,2357.66
OI006718,ORD02529,P0091,2,184.0,7.36,360.64
OI006719,ORD02529,P0318,2,57978.0,2319.12,113636.88
OI006720,ORD02529,P0288,2,3521.0,0.0,7042.0
OI006721,ORD02529,P0170,3,4068.0,0.0,12204.0
OI006722,ORD02529,P0226,1,10590.0,0.0,10590.0
OI006723,ORD02530,P0040,3,90189.0,0.0,270567.0
OI006724,ORD02531,P0366,2,13920.0,1392.0,26448.0
OI006725,ORD02532,P0329,2,771.4,0.0,1542.8
OI006726,ORD02532,P0016,2,2751.0,0.0,5502.0
OI006727,ORD02533,P0206,2,774.0,30.96,1517.04
OI006728,ORD02533,P0129,1,348.0,17.4,330.6
OI006729,ORD02533,P0226,3,10590.0,0.0,31770.0
OI006730,ORD02533,P0318,3,57978.0,0.0,173934.0
OI006731,ORD02534,P0230,3,112208.0,0.0,336624.0
OI006732,ORD02534,P0249,1,748.0,0.0,748.0
OI006733,ORD02535,P0373,2,11673.0,466.92,22879.08
OI006734,ORD02535,P0018,1,730.0,0.0,730.0
OI006735,ORD02535,P0306,1,1472.0,73.6,1398.4
OI006736,ORD02536,P0002,3,3368.0,202.08,9901.92
OI006737,ORD02536,P0202,2,801.0,0.0,1602.0
OI006738,ORD02536,P0088,2,52820.0,0.0,105640.0
OI006739,ORD02536,P0328,1,805.0,0.0,805.0
OI006740,ORD02536,P0223,2,950.0,95.0,1805.0
OI006741,ORD02537,P0017,1,1344.25,0.0,1344.25
OI006742,ORD02537,P0259,2,950.0,0.0,1900.0
OI006743,ORD02537,P0280,2,7132.5,0.0,14265.0
OI006744,ORD02537,P0252,3,1359.45,0.0,4078.35
OI006745,ORD02538,P0139,1,2590.0,0.0,2590.0
OI006746,ORD02538,P0199,2,7791.0,0.0,15582.0
OI006747,ORD02538,P0321,1,170.4,3.41,166.99
OI006748,ORD02538,P0197,3,472.0,0.0,1416.0
OI006749,ORD02539,P0103,2,24800.0,0.0,49600.0
OI006750,ORD02539,P0169,1,6279.0,125.58,6153.42
OI006751,ORD02539,P0080,3,36824.0,0.0,110472.0
OI006752,ORD02540,P0134,2,12300.0,492.0,24108.0
OI006753,ORD02540,P0164,1,731.5,0.0,731.5
OI006754,ORD02541,P0177,2,618.8,0.0,1237.6
OI006755,ORD02541,P0324,3,319.2,0.0,957.6
OI006756,ORD02542,P0201,1,554.8,0.0,554.8
OI006757,ORD02542,P0386,1,981.75,0.0,981.75
OI006758,ORD02543,P0226,2,10590.0,1059.0,20121.0
OI006759,ORD02543,P0361,3,4263.0,255.78,12533.22
OI006760,ORD02544,P0137,1,4372.5,87.45,4285.05
OI006761,ORD02545,P0027,2,15750.0,0.0,31500.0
OI006762,ORD02545,P0102,2,509.0,0.0,1018.0
OI006763,ORD02545,P0380,1,23597.0,0.0,23597.0
OI006764,ORD02545,P0362,3,9486.0,0.0,28458.0
OI006765,ORD02546,P0307,3,1269.0,0.0,3807.0
OI006766,ORD02547,P0223,1,950.0,0.0,950.0
OI006767,ORD02547,P0290,1,214.2,0.0,214.2
OI006768,ORD02547,P0308,3,6842.5,410.55,20116.95
OI006769,ORD02547,P0316,1,6298.5,0.0,6298.5
OI006770,ORD02548,P0241,1,117.6,0.0,117.6
OI006771,ORD02548,P0247,3,6405.0,960.75,18254.25
OI006772,ORD02548,P0118,2,5880.0,0.0,11760.0
OI006773,ORD02549,P0153,2,792.4,79.24,1505.56
OI006774,ORD02550,P0387,1,7968.0,0.0,7968.0
OI006775,ORD02550,P0216,2,2160.0,0.0,4320.0
OI006776,ORD02551,P0146,3,235.2,35.28,670.32
OI006777,ORD02551,P0035,1,34218.0,684.36,33533.64
OI006778,ORD02552,P0271,3,2827.5,0.0,8482.5
OI006779,ORD02552,P0031,3,1080.0,162.0,3078.0
OI006780,ORD02553,P0069,1,380.0,0.0,380.0
OI006781,ORD02553,P0173,2,437.0,17.48,856.52
OI006782,ORD02554,P0356,3,7398.0,1109.7,21084.3
OI006783,ORD02554,P0104,2,1100.8,0.0,2201.6
OI006784,ORD02554,P0100,1,1320.0,0.0,1320.0
OI006785,ORD02555,P0369,1,10773.0,0.0,10773.0
OI006786,ORD02555,P0400,2,11276.5,1127.65,21425.35
OI006787,ORD02555,P0396,2,50100.0,0.0,100200.0
OI006788,ORD02555,P0152,1,726.75,0.0,726.75
OI006789,ORD02556,P0066,2,21582.0,0.0,43164.0
OI006790,ORD02556,P0290,2,214.2,0.0,428.4
OI006791,ORD02557,P0208,3,8140.0,0.0,24420.0
OI006792,ORD02557,P0191,3,821.75,49.3,2415.95
OI006793,ORD02557,P0367,2,180.75,0.0,361.5
OI006794,ORD02558,P0029,2,102.6,0.0,205.2
OI006795,ORD02558,P0269,1,496.0,9.92,486.08
OI006796,ORD02559,P0282,1,7600.0,152.0,7448.0
OI006797,ORD02559,P0091,2,184.0,0.0,368.0
OI006798,ORD02559,P0369,1,10773.0,0.0,10773.0
OI006799,ORD02559,P0253,2,1485.0,0.0,2970.0
OI006800,ORD02560,P0238,2,29932.5,1197.3,58667.7
OI006801,ORD02561,P0057,3,1809.0,271.35,5155.65
OI006802,ORD02561,P0308,2,6842.5,0.0,13685.0
OI006803,ORD02561,P0023,1,4870.0,243.5,4626.5
OI006804,ORD02561,P0261,2,6880.0,0.0,13760.0
OI006805,ORD02561,P0397,1,468.75,9.38,459.37
OI006806,ORD02562,P0308,3,6842.5,0.0,20527.5
OI006807,ORD02562,P0020,1,228.0,11.4,216.6
OI006808,ORD02563,P0256,2,10179.0,0.0,20358.0
OI006809,ORD02563,P0242,1,689.0,34.45,654.55
OI006810,ORD02563,P0324,3,319.2,0.0,957.6
OI006811,ORD02564,P0210,3,1050.6,157.59,2994.21
OI006812,ORD02564,P0258,1,132.0,0.0,132.0
OI006813,ORD02564,P0384,1,8334.0,416.7,7917.3
OI006814,ORD02564,P0255,2,56373.0,5637.3,107108.7
OI006815,ORD02564,P0178,2,85950.0,0.0,171900.0
OI006816,ORD02565,P0262,2,827.25,0.0,1654.5
OI006817,ORD02565,P0136,1,362.0,0.0,362.0
OI006818,ORD02565,P0056,2,3800.0,0.0,7600.0
OI006819,ORD02565,P0014,2,348.3,13.93,682.67
OI006820,ORD02565,P0091,2,184.0,0.0,368.0
OI006821,ORD02566,P0021,1,246.0,12.3,233.7
OI006822,ORD02566,P0296,1,337.5,16.88,320.62
OI006823,ORD02567,P0396,3,50100.0,0.0,150300.0
OI006824,ORD02568,P0136,2,362.0,0.0,724.0
OI006825,ORD02569,P0010,3,11568.0,1735.2,32968.8
OI006826,ORD02569,P0360,3,370.4,0.0,1111.2
OI006827,ORD02570,P0290,1,214.2,4.28,209.92
OI006828,ORD02570,P0099,1,2871.0,0.0,2871.0
OI006829,ORD02570,P0224,1,44082.0,0.0,44082.0
OI006830,ORD02570,P0126,2,7938.0,0.0,15876.0
OI006831,ORD02571,P0216,3,2160.0,0.0,6480.0
OI006832,ORD02571,P0400,3,11276.5,676.59,33152.91
OI006833,ORD02571,P0206,3,774.0,46.44,2275.56
OI006834,ORD02571,P0342,1,194.65,0.0,194.65
OI006835,ORD02571,P0157,2,65240.0,0.0,130480.0
OI006836,ORD02572,P0329,2,771.4,77.14,1465.66
OI006837,ORD02572,P0053,2,2260.0,0.0,4520.0
OI006838,ORD02573,P0075,2,2147.0,214.7,4079.3
OI006839,ORD02574,P0335,2,323.2,32.32,614.08
OI006840,ORD02574,P0269,1,496.0,0.0,496.0
OI006841,ORD02574,P0233,2,400.5,16.02,784.98
OI006842,ORD02574,P0368,1,338.4,0.0,338.4
OI006843,ORD02575,P0168,2,8036.0,0.0,16072.0
OI006844,ORD02575,P0143,1,2061.0,0.0,2061.0
OI006845,ORD02576,P0183,3,1044.0,0.0,3132.0
OI006846,ORD02577,P0242,1,689.0,0.0,689.0
OI006847,ORD02577,P0263,3,1287.0,193.05,3667.95
OI006848,ORD02578,P0314,2,1599.7,159.97,3039.43
OI006849,ORD02578,P0304,3,28441.0,1706.46,83616.54
OI006850,ORD02578,P0360,2,370.4,0.0,740.8
OI006851,ORD02578,P0241,3,117.6,0.0,352.8
OI006852,ORD02578,P0253,2,1485.0,59.4,2910.6
OI006853,ORD02579,P0219,2,12090.0,0.0,24180.0
OI006854,ORD02579,P0247,1,6405.0,0.0,6405.0
OI006855,ORD02580,P0059,1,1367.1,0.0,1367.1
OI006856,ORD02581,P0317,1,720.0,0.0,720.0
OI006857,ORD02581,P0302,1,1929.5,96.48,1833.02
OI006858,ORD02582,P0191,1,821.75,0.0,821.75
OI006859,ORD02582,P0238,2,29932.5,0.0,59865.0
OI006860,ORD02582,P0316,3,6298.5,0.0,18895.5
OI006861,ORD02582,P0382,2,1387.5,0.0,2775.0
OI006862,ORD02583,P0078,3,765.0,45.9,2249.1
OI006863,ORD02583,P0123,1,242.4,0.0,242.4
OI006864,ORD02583,P0379,1,154.7,0.0,154.7
OI006865,ORD02583,P0029,1,102.6,5.13,97.47
OI006866,ORD02583,P0311,1,43728.0,0.0,43728.0
OI006867,ORD02584,P0117,1,196.2,0.0,196.2
OI006868,ORD02585,P0265,1,40815.0,816.3,39998.7
OI006869,ORD02585,P0333,2,11480.0,0.0,22960.0
OI006870,ORD02585,P0093,1,423.0,0.0,423.0
OI006871,ORD02585,P0393,2,472.0,18.88,925.12
OI006872,ORD02586,P0391,3,2916.0,0.0,8748.0
OI006873,ORD02587,P0181,3,177.0,26.55,504.45
OI006874,ORD02587,P0384,3,8334.0,0.0,25002.0
OI006875,ORD02587,P0314,2,1599.7,63.99,3135.41
OI006876,ORD02587,P0202,2,801.0,32.04,1569.96
OI006877,ORD02588,P0307,2,1269.0,0.0,2538.0
OI006878,ORD02588,P0182,3,491.0,0.0,1473.0
OI006879,ORD02589,P0240,1,7990.0,159.8,7830.2
OI006880,ORD02589,P0254,2,2302.5,230.25,4374.75
OI006881,ORD02589,P0106,3,1952.0,0.0,5856.0
OI006882,ORD02589,P0273,1,1872.0,37.44,1834.56
OI006883,ORD02590,P0223,3,950.0,142.5,2707.5
OI006884,ORD02590,P0039,3,25483.0,1528.98,74920.02
OI006885,ORD02590,P0193,2,3094.0,0.0,6188.0
OI006886,ORD02591,P0236,3,6860.0,411.6,20168.4
OI006887,ORD02591,P0130,1,4100.0,82.0,4018.0
OI006888,ORD02591,P0261,3,6880.0,412.8,20227.2
OI006889,ORD02591,P0155,3,42337.5,2540.25,124472.25
OI006890,ORD02591,P0234,3,4290.0,0.0,12870.0
OI006891,ORD02592,P0237,2,35595.0,1423.8,69766.2
OI006892,ORD02592,P0231,2,2061.5,82.46,4040.54
OI006893,ORD02593,P0104,2,1100.8,0.0,2201.6
OI006894,ORD02593,P0295,1,3667.5,0.0,3667.5
OI006895,ORD02593,P0238,2,29932.5,0.0,59865.0
OI006896,ORD02594,P0080,3,36824.0,0.0,110472.0
OI006897,ORD02594,P0084,3,5925.0,888.75,16886.25
OI006898,ORD02594,P0202,3,801.0,0.0,2403.0
OI006899,ORD02595,P0215,3,12010.5,0.0,36031.5
OI006900,ORD02595,P0276,3,36247.5,5437.12,103305.38
OI006901,ORD02596,P0115,1,479.25,9.59,469.66
OI006902,ORD02596,P0028,2,29984.0,0.0,59968.0
OI006903,ORD02596,P0388,3,9162.0,0.0,27486.0
OI006904,ORD02597,P0348,2,12978.0,0.0,25956.0
OI006905,ORD02597,P0360,1,370.4,7.41,362.99
OI006906,ORD02597,P0258,1,132.0,2.64,129.36
OI006907,ORD02597,P0206,2,774.0,0.0,1548.0
OI006908,ORD02598,P0357,3,7182.5,0.0,21547.5
OI006909,ORD02599,P0231,1,2061.5,0.0,2061.5
OI006910,ORD02599,P0005,1,493.5,9.87,483.63
OI006911,ORD02599,P0342,3,194.65,11.68,572.27
OI006912,ORD02600,P0313,3,914.85,0.0,2744.55
OI006913,ORD02601,P0190,1,3163.5,0.0,3163.5
OI006914,ORD02602,P0046,3,900.0,0.0,2700.0
OI006915,ORD02602,P0375,2,2466.0,0.0,4932.0
OI006916,ORD02602,P0216,1,2160.0,0.0,2160.0
OI006917,ORD02602,P0352,2,98775.0,0.0,197550.0
OI006918,ORD02603,P0290,1,214.2,0.0,214.2
OI006919,ORD02603,P0374,1,1995.0,0.0,1995.0
OI006920,ORD02604,P0218,2,610.4,24.42,1196.38
OI006921,ORD02605,P0044,3,11970.0,0.0,35910.0
OI006922,ORD02605,P0380,3,23597.0,0.0,70791.0
OI006923,ORD02605,P0282,2,7600.0,304.0,14896.0
OI006924,ORD02605,P0154,3,10780.0,0.0,32340.0
OI006925,ORD02606,P0189,2,2637.0,105.48,5168.52
OI006926,ORD02607,P0188,2,15861.0,634.44,31087.56
OI006927,ORD02607,P0274,2,2320.0,0.0,4640.0
OI006928,ORD02607,P0130,2,4100.0,0.0,8200.0
OI006929,ORD02607,P0281,3,3288.0,0.0,9864.0
OI006930,ORD02608,P0163,1,781.0,15.62,765.38
OI006931,ORD02609,P0083,2,6600.0,264.0,12936.0
OI006932,ORD02609,P0123,1,242.4,0.0,242.4
OI006933,ORD02609,P0308,3,6842.5,0.0,20527.5
OI006934,ORD02610,P0366,1,13920.0,278.4,13641.6
OI006935,ORD02610,P0253,2,1485.0,148.5,2821.5
OI006936,ORD02611,P0222,3,441.0,26.46,1296.54
OI006937,ORD02612,P0298,1,312.2,15.61,296.59
OI006938,ORD02612,P0129,2,348.0,0.0,696.0
OI006939,ORD02612,P0033,3,30405.0,1824.3,89390.7
OI006940,ORD02613,P0098,2,739.8,0.0,1479.6
OI006941,ORD02613,P0316,3,6298.5,0.0,18895.5
OI006942,ORD02614,P0289,1,12807.0,0.0,12807.0
OI006943,ORD02614,P0308,3,6842.5,1026.38,19501.12
OI006944,ORD02615,P0191,1,821.75,0.0,821.75
OI006945,ORD02616,P0066,2,21582.0,0.0,43164.0
OI006946,ORD02616,P0338,1,4674.0,0.0,4674.0
OI006947,ORD02617,P0119,1,1730.0,86.5,1643.5
OI006948,ORD02617,P0105,1,1600.0,0.0,1600.0
OI006949,ORD02617,P0132,3,876.35,52.58,2576.47
OI006950,ORD02618,P0117,3,196.2,29.43,559.17
OI006951,ORD02618,P0103,3,24800.0,1488.0,72912.0
OI006952,ORD02619,P0352,2,98775.0,0.0,197550.0
OI006953,ORD02620,P0336,1,2520.0,0.0,2520.0
OI006954,ORD02620,P0389,2,3884.5,155.38,7613.62
OI006955,ORD02620,P0030,1,452.7,0.0,452.7
OI006956,ORD02620,P0015,3,31560.0,1893.6,92786.4
OI006957,ORD02621,P0225,3,2412.0,144.72,7091.28
OI006958,ORD02621,P0285,1,870.0,0.0,870.0
OI006959,ORD02621,P0223,2,950.0,95.0,1805.0
OI006960,ORD02621,P0219,1,12090.0,604.5,11485.5
OI006961,ORD02622,P0136,1,362.0,18.1,343.9
OI006962,ORD02622,P0361,3,4263.0,255.78,12533.22
OI006963,ORD02622,P0317,3,720.0,108.0,2052.0
OI006964,ORD02623,P0054,3,1603.0,96.18,4712.82
OI006965,ORD02623,P0327,3,165.75,0.0,497.25
OI006966,ORD02623,P0214,2,13761.5,1376.15,26146.85
OI006967,ORD02624,P0018,3,730.0,0.0,2190.0
OI006968,ORD02624,P0065,2,6460.0,0.0,12920.0
OI006969,ORD02624,P0295,2,3667.5,0.0,7335.0
OI006970,ORD02625,P0095,2,28323.0,0.0,56646.0
OI006971,ORD02625,P0035,1,34218.0,1710.9,32507.1
OI006972,ORD02626,P0073,1,43839.0,0.0,43839.0
OI006973,ORD02626,P0104,3,1100.8,0.0,3302.4
OI006974,ORD02626,P0041,2,19983.5,0.0,39967.0
OI006975,ORD02626,P0120,2,9603.0,0.0,19206.0
OI006976,ORD02626,P0396,1,50100.0,0.0,50100.0
OI006977,ORD02627,P0248,3,16444.5,0.0,49333.5
OI006978,ORD02627,P0389,3,3884.5,0.0,11653.5
OI006979,ORD02627,P0008,3,427.0,25.62,1255.38
OI006980,ORD02627,P0263,2,1287.0,0.0,2574.0
OI006981,ORD02628,P0060,1,1035.0,20.7,1014.3
OI006982,ORD02628,P0110,1,116.0,0.0,116.0
OI006983,ORD02628,P0102,3,509.0,30.54,1496.46
OI006984,ORD02629,P0080,3,36824.0,0.0,110472.0
OI006985,ORD02629,P0323,1,3876.0,193.8,3682.2
OI006986,ORD02629,P0171,3,67370.0,0.0,202110.0
OI006987,ORD02630,P0368,2,338.4,13.54,663.26
OI006988,ORD02630,P0044,1,11970.0,0.0,11970.0
OI006989,ORD02630,P0328,3,805.0,0.0,2415.0
OI006990,ORD02630,P0207,3,6867.0,0.0,20601.0
OI006991,ORD02630,P0065,3,6460.0,387.6,18992.4
OI006992,ORD02631,P0322,3,8527.5,1279.12,24303.38
OI006993,ORD02632,P0184,2,16507.0,0.0,33014.0
OI006994,ORD02633,P0320,2,39358.5,1574.34,77142.66
OI006995,ORD02633,P0232,3,25740.0,0.0,77220.0
OI006996,ORD02633,P0388,3,9162.0,1374.3,26111.7
OI006997,ORD02633,P0032,2,873.0,0.0,1746.0
OI006998,ORD02634,P0209,2,8016.0,0.0,16032.0
OI006999,ORD02634,P0290,1,214.2,0.0,214.2
OI007000,ORD02634,P0212,3,424.8,0.0,1274.4
OI007001,ORD02634,P0280,3,7132.5,0.0,21397.5
OI007002,ORD02635,P0280,1,7132.5,0.0,7132.5
OI007003,ORD02636,P0270,1,2265.0,0.0,2265.0
OI007004,ORD02636,P0206,2,774.0,0.0,1548.0
OI007005,ORD02637,P0196,3,2934.0,0.0,8802.0
OI007006,ORD02637,P0163,2,781.0,0.0,1562.0
OI007007,ORD02637,P0363,3,22342.5,3351.38,63676.12
OI007008,ORD02638,P0092,3,593.6,35.62,1745.18
OI007009,ORD02638,P0228,2,113667.5,4546.7,222788.3
OI007010,ORD02638,P0030,3,452.7,27.16,1330.94
OI007011,ORD02639,P0363,1,22342.5,0.0,22342.5
OI007012,ORD02639,P0378,1,1246.95,0.0,1246.95
OI007013,ORD02639,P0099,1,2871.0,57.42,2813.58
OI007014,ORD02640,P0208,1,8140.0,162.8,7977.2
OI007015,ORD02640,P0236,1,6860.0,0.0,6860.0
OI007016,ORD02640,P0372,1,6732.0,336.6,6395.4
OI007017,ORD02640,P0146,3,235.2,14.11,691.49
OI007018,ORD02640,P0224,1,44082.0,881.64,43200.36
OI007019,ORD02641,P0018,1,730.0,0.0,730.0
OI007020,ORD02641,P0267,1,69400.0,0.0,69400.0
OI007021,ORD02642,P0256,2,10179.0,0.0,20358.0
OI007022,ORD02642,P0059,1,1367.1,27.34,1339.76
OI007023,ORD02642,P0302,2,1929.5,192.95,3666.05
OI007024,ORD02643,P0367,3,180.75,27.11,515.14
OI007025,ORD02643,P0178,3,85950.0,12892.5,244957.5
OI007026,ORD02643,P0089,2,2712.0,271.2,5152.8
OI007027,ORD02644,P0049,1,37323.0,746.46,36576.54
OI007028,ORD02644,P0245,3,616.5,0.0,1849.5
OI007029,ORD02644,P0105,1,1600.0,80.0,1520.0
OI007030,ORD02645,P0138,2,794.0,79.4,1508.6
OI007031,ORD02645,P0209,3,8016.0,480.96,23567.04
OI007032,ORD02645,P0164,2,731.5,0.0,1463.0
OI007033,ORD02646,P0047,1,3654.0,73.08,3580.92
OI007034,ORD02646,P0229,3,5392.5,0.0,16177.5
OI007035,ORD02646,P0133,3,10760.0,0.0,32280.0
OI007036,ORD02647,P0251,1,25200.0,0.0,25200.0
OI007037,ORD02647,P0393,3,472.0,0.0,1416.0
OI007038,ORD02648,P0038,2,1213.15,48.53,2377.77
OI007039,ORD02648,P0070,2,1650.0,0.0,3300.0
OI007040,ORD02648,P0181,2,177.0,0.0,354.0
OI007041,ORD02649,P0206,3,774.0,116.1,2205.9
OI007042,ORD02649,P0385,2,813.0,0.0,1626.0
OI007043,ORD02649,P0037,1,2619.0,0.0,2619.0
OI007044,ORD02650,P0113,3,498.0,0.0,1494.0
OI007045,ORD02650,P0299,3,776.15,0.0,2328.45
OI007046,ORD02651,P0214,2,13761.5,0.0,27523.0
OI007047,ORD02651,P0098,1,739.8,36.99,702.81
OI007048,ORD02652,P0065,3,6460.0,969.0,18411.0
OI007049,ORD02652,P0217,1,197.1,3.94,193.16
OI007050,ORD02652,P0270,3,2265.0,135.9,6659.1
OI007051,ORD02652,P0096,1,26621.0,0.0,26621.0
OI007052,ORD02653,P0125,1,608.0,12.16,595.84
OI007053,ORD02653,P0008,3,427.0,0.0,1281.0
OI007054,ORD02654,P0265,1,40815.0,0.0,40815.0
OI007055,ORD02654,P0033,3,30405.0,0.0,91215.0
OI007056,ORD02654,P0379,3,154.7,0.0,464.1
OI007057,ORD02655,P0126,1,7938.0,0.0,7938.0
OI007058,ORD02655,P0309,2,4870.0,194.8,9545.2
OI007059,ORD02656,P0211,2,1030.0,103.0,1957.0
OI007060,ORD02657,P0331,3,5200.0,312.0,15288.0
OI007061,ORD02657,P0348,1,12978.0,0.0,12978.0
OI007062,ORD02658,P0322,3,8527.5,0.0,25582.5
OI007063,ORD02659,P0395,1,1710.0,0.0,1710.0
OI007064,ORD02659,P0251,3,25200.0,0.0,75600.0
OI007065,ORD02659,P0223,2,950.0,38.0,1862.0
OI007066,ORD02659,P0400,2,11276.5,1127.65,21425.35
OI007067,ORD02660,P0208,1,8140.0,0.0,8140.0
OI007068,ORD02660,P0346,2,927.0,92.7,1761.3
OI007069,ORD02660,P0212,3,424.8,0.0,1274.4
OI007070,ORD02661,P0156,1,5500.5,0.0,5500.5
OI007071,ORD02661,P0356,2,7398.0,739.8,14056.2
OI007072,ORD02661,P0211,1,1030.0,0.0,1030.0
OI007073,ORD02662,P0305,3,11367.0,0.0,34101.0
OI007074,ORD02662,P0156,1,5500.5,0.0,5500.5
OI007075,ORD02662,P0121,2,1665.0,166.5,3163.5
OI007076,ORD02663,P0096,2,26621.0,0.0,53242.0
OI007077,ORD02663,P0274,3,2320.0,0.0,6960.0
OI007078,ORD02664,P0149,2,3784.0,151.36,7416.64
OI007079,ORD02664,P0098,1,739.8,0.0,739.8
OI007080,ORD02664,P0168,1,8036.0,0.0,8036.0
OI007081,ORD02665,P0130,3,4100.0,0.0,12300.0
OI007082,ORD02665,P0189,3,2637.0,0.0,7911.0
OI007083,ORD02666,P0042,3,485.45,72.82,1383.53
OI007084,ORD02666,P0118,1,5880.0,0.0,5880.0
OI007085,ORD02666,P0012,2,4740.5,0.0,9481.0
OI007086,ORD02666,P0233,1,400.5,20.03,380.47
OI007087,ORD02667,P0246,2,1377.5,0.0,2755.0
OI007088,ORD02668,P0300,1,1547.1,77.36,1469.74
OI007089,ORD02669,P0283,3,28775.5,0.0,86326.5
OI007090,ORD02669,P0107,2,1719.5,171.95,3267.05
OI007091,ORD02669,P0165,1,2259.0,45.18,2213.82
OI007092,ORD02670,P0092,1,593.6,29.68,563.92
OI007093,ORD02671,P0361,1,4263.0,85.26,4177.74
OI007094,ORD02671,P0347,1,757.5,15.15,742.35
OI007095,ORD02672,P0127,1,2488.0,0.0,2488.0
OI007096,ORD02672,P0354,3,253.8,38.07,723.33
OI007097,ORD02672,P0146,1,235.2,0.0,235.2
OI007098,ORD02673,P0184,3,16507.0,2476.05,47044.95
OI007099,ORD02673,P0045,1,2888.0,144.4,2743.6
OI007100,ORD02674,P0207,3,6867.0,0.0,20601.0
OI007101,ORD02674,P0152,3,726.75,0.0,2180.25
OI007102,ORD02674,P0038,2,1213.15,0.0,2426.3
OI007103,ORD02674,P0184,2,16507.0,0.0,33014.0
OI007104,ORD02674,P0189,2,2637.0,0.0,5274.0
OI007105,ORD02675,P0349,2,2082.5,0.0,4165.0
OI007106,ORD02675,P0003,2,79590.0,3183.6,155996.4
OI007107,ORD02675,P0301,2,187.15,0.0,374.3
OI007108,ORD02676,P0147,2,23805.0,952.2,46657.8
OI007109,ORD02677,P0359,2,16920.0,0.0,33840.0
OI007110,ORD02677,P0306,1,1472.0,73.6,1398.4
OI007111,ORD02677,P0337,2,3771.0,150.84,7391.16
OI007112,ORD02677,P0124,2,48142.5,0.0,96285.0
OI007113,ORD02677,P0355,3,478.0,0.0,1434.0
OI007114,ORD02678,P0362,2,9486.0,0.0,18972.0
OI007115,ORD02678,P0081,3,700.0,0.0,2100.0
OI007116,ORD02678,P0344,2,10850.0,1085.0,20615.0
OI007117,ORD02679,P0045,2,2888.0,0.0,5776.0
OI007118,ORD02680,P0207,1,6867.0,0.0,6867.0
OI007119,ORD02680,P0390,1,2235.5,0.0,2235.5
OI007120,ORD02680,P0209,3,8016.0,0.0,24048.0
OI007121,ORD02681,P0296,3,337.5,0.0,1012.5
OI007122,ORD02681,P0279,2,256.5,25.65,487.35
OI007123,ORD02681,P0164,1,731.5,0.0,731.5
OI007124,ORD02682,P0227,1,307.8,0.0,307.8
OI007125,ORD02682,P0221,1,7038.0,0.0,7038.0
OI007126,ORD02683,P0282,2,7600.0,760.0,14440.0
OI007127,ORD02683,P0281,1,3288.0,65.76,3222.24
OI007128,ORD02683,P0271,3,2827.5,0.0,8482.5
OI007129,ORD02683,P0062,3,12901.0,774.06,37928.94
OI007130,ORD02684,P0049,2,37323.0,3732.3,70913.7
OI007131,ORD02685,P0078,1,765.0,0.0,765.0
OI007132,ORD02685,P0374,1,1995.0,0.0,1995.0
OI007133,ORD02685,P0340,2,7880.0,788.0,14972.0
OI007134,ORD02686,P0389,3,3884.5,582.68,11070.82
OI007135,ORD02687,P0319,1,3672.0,0.0,3672.0
OI007136,ORD02687,P0132,2,876.35,0.0,1752.7
OI007137,ORD02688,P0173,3,437.0,0.0,1311.0
OI007138,ORD02689,P0199,2,7791.0,779.1,14802.9
OI007139,ORD02689,P0279,1,256.5,0.0,256.5
OI007140,ORD02689,P0096,2,26621.0,0.0,53242.0
OI007141,ORD02689,P0086,2,7780.0,778.0,14782.0
OI007142,ORD02690,P0383,2,39427.5,0.0,78855.0
OI007143,ORD02690,P0237,3,35595.0,5339.25,101445.75
OI007144,ORD02690,P0066,1,21582.0,0.0,21582.0
OI007145,ORD02691,P0312,3,1836.0,275.4,5232.6
OI007146,ORD02691,P0082,2,61.0,0.0,122.0
OI007147,ORD02691,P0400,1,11276.5,0.0,11276.5
OI007148,ORD02692,P0255,3,56373.0,0.0,169119.0
OI007149,ORD02692,P0251,3,25200.0,0.0,75600.0
OI007150,ORD02692,P0141,1,74679.5,3733.98,70945.52
OI007151,ORD02692,P0376,1,43677.0,2183.85,41493.15
OI007152,ORD02692,P0170,1,4068.0,0.0,4068.0
OI007153,ORD02693,P0079,2,513.95,0.0,1027.9
OI007154,ORD02693,P0121,3,1665.0,0.0,4995.0
OI007155,ORD02694,P0145,2,720.9,0.0,1441.8
OI007156,ORD02694,P0016,1,2751.0,0.0,2751.0
OI007157,ORD02695,P0183,1,1044.0,52.2,991.8
OI007158,ORD02695,P0326,2,908.0,0.0,1816.0
OI007159,ORD02695,P0299,1,776.15,0.0,776.15
OI007160,ORD02696,P0152,3,726.75,109.01,2071.24
OI007161,ORD02697,P0386,3,981.75,58.91,2886.34
OI007162,ORD02697,P0136,1,362.0,0.0,362.0
OI007163,ORD02697,P0380,3,23597.0,0.0,70791.0
OI007164,ORD02698,P0376,1,43677.0,0.0,43677.0
OI007165,ORD02698,P0349,2,2082.5,83.3,4081.7
OI007166,ORD02698,P0329,2,771.4,77.14,1465.66
OI007167,ORD02698,P0138,3,794.0,0.0,2382.0
OI007168,ORD02698,P0155,1,42337.5,2116.88,40220.62
OI007169,ORD02699,P0230,2,112208.0,0.0,224416.0
OI007170,ORD02699,P0306,1,1472.0,0.0,1472.0
OI007171,ORD02700,P0304,3,28441.0,0.0,85323.0
OI007172,ORD02701,P0125,3,608.0,91.2,1732.8
OI007173,ORD02701,P0350,1,18711.0,374.22,18336.78
OI007174,ORD02701,P0287,3,9270.0,1390.5,26419.5
OI007175,ORD02701,P0371,2,2180.0,0.0,4360.0
OI007176,ORD02702,P0166,1,2070.0,0.0,2070.0
OI007177,ORD02702,P0088,3,52820.0,3169.2,155290.8
OI007178,ORD02702,P0220,1,840.0,0.0,840.0
OI007179,ORD02703,P0086,1,7780.0,0.0,7780.0
OI007180,ORD02703,P0005,2,493.5,0.0,987.0
OI007181,ORD02703,P0210,2,1050.6,0.0,2101.2
OI007182,ORD02704,P0019,2,748.0,0.0,1496.0
OI007183,ORD02704,P0300,2,1547.1,154.71,2939.49
OI007184,ORD02704,P0235,1,1960.0,98.0,1862.0
OI007185,ORD02704,P0319,2,3672.0,367.2,6976.8
OI007186,ORD02704,P0367,3,180.75,0.0,542.25
OI007187,ORD02705,P0152,2,726.75,29.07,1424.43
OI007188,ORD02705,P0128,3,504.0,0.0,1512.0
OI007189,ORD02705,P0302,3,1929.5,0.0,5788.5
OI007190,ORD02706,P0041,2,19983.5,799.34,39167.66
OI007191,ORD02706,P0160,3,329.4,49.41,938.79
OI007192,ORD02707,P0314,3,1599.7,95.98,4703.12
OI007193,ORD02707,P0290,2,214.2,8.57,419.83
OI007194,ORD02708,P0161,1,649.6,32.48,617.12
OI007195,ORD02708,P0210,2,1050.6,0.0,2101.2
OI007196,ORD02709,P0008,1,427.0,0.0,427.0
OI007197,ORD02709,P0218,1,610.4,30.52,579.88
OI007198,ORD02709,P0268,3,12320.0,1848.0,35112.0
OI007199,ORD02709,P0077,2,794.0,79.4,1508.6
OI007200,ORD02710,P0101,1,461.3,9.23,452.07
OI007201,ORD02710,P0196,1,2934.0,0.0,2934.0
OI007202,ORD02710,P0288,2,3521.0,140.84,6901.16
OI007203,ORD02710,P0007,2,889.5,0.0,1779.0
OI007204,ORD02711,P0290,3,214.2,0.0,642.6
OI007205,ORD02711,P0169,3,6279.0,941.85,17895.15
OI007206,ORD02712,P0347,1,757.5,15.15,742.35
OI007207,ORD02712,P0222,1,441.0,0.0,441.0
OI007208,ORD02712,P0322,3,8527.5,511.65,25070.85
OI007209,ORD02712,P0274,1,2320.0,0.0,2320.0
OI007210,ORD02712,P0027,1,15750.0,0.0,15750.0
OI007211,ORD02713,P0358,3,1111.0,0.0,3333.0
OI007212,ORD02713,P0075,2,2147.0,0.0,4294.0
OI007213,ORD02713,P0037,1,2619.0,0.0,2619.0
OI007214,ORD02713,P0108,1,41676.5,833.53,40842.97
OI007215,ORD02713,P0372,1,6732.0,336.6,6395.4
OI007216,ORD02714,P0338,3,4674.0,0.0,14022.0
OI007217,ORD02714,P0353,2,782.0,0.0,1564.0
OI007218,ORD02714,P0198,3,385.0,0.0,1155.0
OI007219,ORD02715,P0186,3,54045.5,0.0,162136.5
OI007220,ORD02715,P0090,3,11600.0,0.0,34800.0
OI007221,ORD02715,P0045,2,2888.0,115.52,5660.48
OI007222,ORD02716,P0078,3,765.0,0.0,2295.0
OI007223,ORD02716,P0179,3,3315.0,0.0,9945.0
OI007224,ORD02717,P0179,1,3315.0,66.3,3248.7
OI007225,ORD02717,P0263,1,1287.0,0.0,1287.0
OI007226,ORD02717,P0171,2,67370.0,0.0,134740.0
OI007227,ORD02718,P0258,2,132.0,0.0,264.0
OI007228,ORD02718,P0013,2,645.75,0.0,1291.5
OI007229,ORD02718,P0045,2,2888.0,0.0,5776.0
OI007230,ORD02718,P0079,1,513.95,25.7,488.25
OI007231,ORD02719,P0087,3,927.0,139.05,2641.95
OI007232,ORD02719,P0338,3,4674.0,0.0,14022.0
OI007233,ORD02719,P0113,3,498.0,74.7,1419.3
OI007234,ORD02719,P0225,3,2412.0,0.0,7236.0
OI007235,ORD02720,P0245,1,616.5,0.0,616.5
OI007236,ORD02721,P0391,2,2916.0,0.0,5832.0
OI007237,ORD02721,P0383,2,39427.5,3942.75,74912.25
OI007238,ORD02721,P0141,1,74679.5,1493.59,73185.91
OI007239,ORD02722,P0054,3,1603.0,0.0,4809.0
OI007240,ORD02723,P0312,3,1836.0,275.4,5232.6
OI007241,ORD02724,P0319,1,3672.0,183.6,3488.4
OI007242,ORD02724,P0377,3,1716.0,0.0,5148.0
OI007243,ORD02724,P0310,3,16055.0,0.0,48165.0
OI007244,ORD02724,P0197,1,472.0,9.44,462.56
OI007245,ORD02725,P0326,1,908.0,0.0,908.0
OI007246,ORD02725,P0341,1,5664.0,0.0,5664.0
OI007247,ORD02725,P0147,2,23805.0,952.2,46657.8
OI007248,ORD02725,P0040,3,90189.0,0.0,270567.0
OI007249,ORD02726,P0015,1,31560.0,631.2,30928.8
OI007250,ORD02726,P0011,2,13991.0,0.0,27982.0
OI007251,ORD02726,P0367,3,180.75,0.0,542.25
OI007252,ORD02726,P0104,2,1100.8,0.0,2201.6
OI007253,ORD02727,P0082,2,61.0,0.0,122.0
OI007254,ORD02727,P0362,3,9486.0,0.0,28458.0
OI007255,ORD02728,P0111,1,6165.0,0.0,6165.0
OI007256,ORD02728,P0390,3,2235.5,0.0,6706.5
OI007257,ORD02728,P0217,2,197.1,0.0,394.2
OI007258,ORD02729,P0114,1,4329.0,0.0,4329.0
OI007259,ORD02729,P0049,1,37323.0,1866.15,35456.85
OI007260,ORD02729,P0304,1,28441.0,0.0,28441.0
OI007261,ORD02729,P0305,2,11367.0,0.0,22734.0
OI007262,ORD02730,P0375,1,2466.0,123.3,2342.7
OI007263,ORD02730,P0276,3,36247.5,5437.12,103305.38
OI007264,ORD02730,P0102,2,509.0,20.36,997.64
OI007265,ORD02731,P0311,2,43728.0,0.0,87456.0
OI007266,ORD02731,P0068,2,446.4,44.64,848.16
OI007267,ORD02731,P0256,1,10179.0,508.95,9670.05
OI007268,ORD02731,P0316,1,6298.5,0.0,6298.5
OI007269,ORD02731,P0234,1,4290.0,0.0,4290.0
OI007270,ORD02732,P0237,3,35595.0,0.0,106785.0
OI007271,ORD02732,P0372,3,6732.0,1009.8,19186.2
OI007272,ORD02732,P0216,2,2160.0,216.0,4104.0
OI007273,ORD02733,P0137,2,4372.5,174.9,8570.1
OI007274,ORD02733,P0054,1,1603.0,0.0,1603.0
OI007275,ORD02733,P0250,3,290.4,0.0,871.2
OI007276,ORD02734,P0145,3,720.9,0.0,2162.7
OI007277,ORD02735,P0331,2,5200.0,0.0,10400.0
OI007278,ORD02736,P0395,2,1710.0,0.0,3420.0
OI007279,ORD02736,P0260,3,352.0,21.12,1034.88
OI007280,ORD02736,P0168,1,8036.0,0.0,8036.0
OI007281,ORD02736,P0202,1,801.0,0.0,801.0
OI007282,ORD02737,P0120,1,9603.0,480.15,9122.85
OI007283,ORD02737,P0051,1,3536.0,0.0,3536.0
OI007284,ORD02737,P0385,2,813.0,0.0,1626.0
OI007285,ORD02737,P0150,3,201.0,12.06,590.94
OI007286,ORD02738,P0387,1,7968.0,0.0,7968.0
OI007287,ORD02738,P0102,2,509.0,20.36,997.64
OI007288,ORD02738,P0084,1,5925.0,118.5,5806.5
OI007289,ORD02738,P0250,2,290.4,0.0,580.8
OI007290,ORD02739,P0228,1,113667.5,2273.35,111394.15
OI007291,ORD02739,P0162,3,130020.0,0.0,390060.0
OI007292,ORD02739,P0005,3,493.5,29.61,1450.89
OI007293,ORD02740,P0148,3,855.95,0.0,2567.85
OI007294,ORD02740,P0108,1,41676.5,0.0,41676.5
OI007295,ORD02741,P0271,2,2827.5,0.0,5655.0
OI007296,ORD02741,P0094,2,25500.0,1020.0,49980.0
OI007297,ORD02741,P0337,2,3771.0,0.0,7542.0
OI007298,ORD02742,P0087,1,927.0,18.54,908.46
OI007299,ORD02742,P0307,3,1269.0,190.35,3616.65
OI007300,ORD02742,P0238,1,29932.5,0.0,29932.5
OI007301,ORD02743,P0188,1,15861.0,0.0,15861.0
OI007302,ORD02743,P0339,2,1422.4,0.0,2844.8
OI007303,ORD02744,P0026,3,7047.0,422.82,20718.18
OI007304,ORD02744,P0070,1,1650.0,33.0,1617.0
OI007305,ORD02744,P0265,3,40815.0,2448.9,119996.1
OI007306,ORD02745,P0052,2,596.7,0.0,1193.4
OI007307,ORD02746,P0040,3,90189.0,13528.35,257038.65
OI007308,ORD02747,P0181,1,177.0,0.0,177.0
OI007309,ORD02747,P0042,1,485.45,0.0,485.45
OI007310,ORD02747,P0127,1,2488.0,0.0,2488.0
OI007311,ORD02748,P0341,3,5664.0,0.0,16992.0
OI007312,ORD02748,P0040,1,90189.0,1803.78,88385.22
OI007313,ORD02748,P0107,2,1719.5,0.0,3439.0
OI007314,ORD02749,P0138,2,794.0,0.0,1588.0
OI007315,ORD02749,P0246,3,1377.5,0.0,4132.5
OI007316,ORD02749,P0244,3,24093.0,3613.95,68665.05
OI007317,ORD02750,P0205,1,1770.0,0.0,1770.0
OI007318,ORD02750,P0156,2,5500.5,550.05,10450.95
OI007319,ORD02750,P0305,3,11367.0,0.0,34101.0
OI007320,ORD02750,P0097,1,2859.5,57.19,2802.31
OI007321,ORD02750,P0159,3,11007.5,0.0,33022.5
OI007322,ORD02751,P0149,1,3784.0,0.0,3784.0
OI007323,ORD02752,P0147,3,23805.0,3570.75,67844.25
OI007324,ORD02752,P0321,3,170.4,25.56,485.64
OI007325,ORD02752,P0128,2,504.0,20.16,987.84
OI007326,ORD02753,P0172,2,963.0,0.0,1926.0
OI007327,ORD02753,P0163,1,781.0,39.05,741.95
OI007328,ORD02753,P0100,2,1320.0,52.8,2587.2
OI007329,ORD02754,P0229,1,5392.5,0.0,5392.5
OI007330,ORD02754,P0372,2,6732.0,0.0,13464.0
OI007331,ORD02755,P0251,2,25200.0,0.0,50400.0
OI007332,ORD02755,P0193,1,3094.0,61.88,3032.12
OI007333,ORD02755,P0287,3,9270.0,0.0,27810.0
OI007334,ORD02756,P0329,3,771.4,0.0,2314.2
OI007335,ORD02756,P0156,1,5500.5,275.03,5225.47
OI007336,ORD02757,P0240,3,7990.0,1198.5,22771.5
OI007337,ORD02758,P0049,3,37323.0,0.0,111969.0
OI007338,ORD02758,P0231,2,2061.5,206.15,3916.85
OI007339,ORD02758,P0225,2,2412.0,0.0,4824.0
OI007340,ORD02758,P0364,3,84610.0,5076.6,248753.4
OI007341,ORD02758,P0135,3,10960.0,0.0,32880.0
OI007342,ORD02759,P0318,3,57978.0,0.0,173934.0
OI007343,ORD02759,P0352,3,98775.0,0.0,296325.0
OI007344,ORD02759,P0365,3,51250.0,3075.0,150675.0
OI007345,ORD02760,P0025,3,493.05,0.0,1479.15
OI007346,ORD02760,P0079,3,513.95,0.0,1541.85
OI007347,ORD02760,P0187,3,2135.0,0.0,6405.0
OI007348,ORD02760,P0265,3,40815.0,0.0,122445.0
OI007349,ORD02760,P0386,1,981.75,19.64,962.11
OI007350,ORD02761,P0097,3,2859.5,0.0,8578.5
OI007351,ORD02762,P0176,1,55928.0,1118.56,54809.44
OI007352,ORD02762,P0174,1,312.8,0.0,312.8
OI007353,ORD02762,P0362,1,9486.0,474.3,9011.7
OI007354,ORD02762,P0107,1,1719.5,0.0,1719.5
OI007355,ORD02763,P0199,1,7791.0,389.55,7401.45
OI007356,ORD02763,P0114,2,4329.0,0.0,8658.0
OI007357,ORD02763,P0146,2,235.2,0.0,470.4
OI007358,ORD02763,P0100,1,1320.0,26.4,1293.6
OI007359,ORD02763,P0178,2,85950.0,3438.0,168462.0
OI007360,ORD02764,P0150,2,201.0,8.04,393.96
OI007361,ORD02764,P0343,1,279.2,13.96,265.24
OI007362,ORD02764,P0066,3,21582.0,0.0,64746.0
OI007363,ORD02764,P0340,2,7880.0,788.0,14972.0
OI007364,ORD02765,P0131,2,20205.0,2020.5,38389.5
OI007365,ORD02765,P0310,1,16055.0,0.0,16055.0
OI007366,ORD02765,P0378,1,1246.95,0.0,1246.95
OI007367,ORD02765,P0084,2,5925.0,592.5,11257.5
OI007368,ORD02765,P0001,3,261.0,0.0,783.0
OI007369,ORD02766,P0060,3,1035.0,0.0,3105.0
OI007370,ORD02766,P0371,3,2180.0,327.0,6213.0
OI007371,ORD02766,P0383,1,39427.5,1971.38,37456.12
OI007372,ORD02767,P0397,2,468.75,18.75,918.75
OI007373,ORD02768,P0377,2,1716.0,0.0,3432.0
OI007374,ORD02768,P0302,3,1929.5,115.77,5672.73
OI007375,ORD02769,P0304,2,28441.0,2844.1,54037.9
OI007376,ORD02769,P0245,3,616.5,0.0,1849.5
OI007377,ORD02770,P0268,3,12320.0,0.0,36960.0
OI007378,ORD02770,P0088,3,52820.0,7923.0,150537.0
OI007379,ORD02770,P0354,3,253.8,38.07,723.33
OI007380,ORD02770,P0080,3,36824.0,0.0,110472.0
OI007381,ORD02770,P0031,3,1080.0,162.0,3078.0
OI007382,ORD02771,P0238,1,29932.5,0.0,29932.5
OI007383,ORD02772,P0102,1,509.0,10.18,498.82
OI007384,ORD02772,P0138,3,794.0,0.0,2382.0
OI007385,ORD02773,P0045,1,2888.0,0.0,2888.0
OI007386,ORD02774,P0221,1,7038.0,0.0,7038.0
OI007387,ORD02774,P0247,1,6405.0,0.0,6405.0
OI007388,ORD02774,P0294,1,315.9,15.79,300.11
OI007389,ORD02774,P0123,2,242.4,0.0,484.8
OI007390,ORD02775,P0019,1,748.0,0.0,748.0
OI007391,ORD02775,P0182,1,491.0,24.55,466.45
OI007392,ORD02776,P0243,3,1389.0,0.0,4167.0
OI007393,ORD02776,P0124,3,48142.5,7221.38,137206.12
OI007394,ORD02777,P0102,2,509.0,0.0,1018.0
OI007395,ORD02778,P0062,1,12901.0,258.02,12642.98
OI007396,ORD02779,P0214,1,13761.5,0.0,13761.5
OI007397,ORD02779,P0204,1,8512.0,0.0,8512.0
OI007398,ORD02779,P0041,3,19983.5,1199.01,58751.49
OI007399,ORD02780,P0156,3,5500.5,330.03,16171.47
OI007400,ORD02780,P0105,2,1600.0,0.0,3200.0
OI007401,ORD02780,P0390,1,2235.5,44.71,2190.79
OI007402,ORD02780,P0072,2,875.7,0.0,1751.4
OI007403,ORD02780,P0012,2,4740.5,0.0,9481.0
OI007404,ORD02781,P0277,1,204.0,0.0,204.0
OI007405,ORD02782,P0136,2,362.0,36.2,687.8
OI007406,ORD02782,P0393,3,472.0,0.0,1416.0
OI007407,ORD02783,P0178,1,85950.0,0.0,85950.0
OI007408,ORD02784,P0283,2,28775.5,0.0,57551.0
OI007409,ORD02784,P0377,3,1716.0,102.96,5045.04
OI007410,ORD02785,P0072,2,875.7,87.57,1663.83
OI007411,ORD02786,P0176,2,55928.0,5592.8,106263.2
OI007412,ORD02786,P0213,2,414.9,16.6,813.2
OI007413,ORD02786,P0271,2,2827.5,0.0,5655.0
OI007414,ORD02786,P0267,2,69400.0,0.0,138800.0
OI007415,ORD02787,P0321,3,170.4,25.56,485.64
OI007416,ORD02787,P0332,3,32277.0,0.0,96831.0
OI007417,ORD02787,P0357,3,7182.5,0.0,21547.5
OI007418,ORD02788,P0027,2,15750.0,0.0,31500.0
OI007419,ORD02788,P0146,2,235.2,0.0,470.4
OI007420,ORD02788,P0256,2,10179.0,0.0,20358.0
OI007421,ORD02788,P0372,3,6732.0,0.0,20196.0
OI007422,ORD02788,P0207,3,6867.0,0.0,20601.0
OI007423,ORD02789,P0199,3,7791.0,0.0,23373.0
OI007424,ORD02789,P0103,1,24800.0,496.0,24304.0
OI007425,ORD02789,P0360,3,370.4,22.22,1088.98
OI007426,ORD02789,P0155,2,42337.5,1693.5,82981.5
OI007427,ORD02789,P0139,1,2590.0,0.0,2590.0
OI007428,ORD02790,P0162,1,130020.0,6501.0,123519.0
OI007429,ORD02790,P0278,3,396.1,0.0,1188.3
OI007430,ORD02790,P0050,2,66460.0,0.0,132920.0
OI007431,ORD02791,P0395,3,1710.0,0.0,5130.0
OI007432,ORD02791,P0324,1,319.2,6.38,312.82
OI007433,ORD02792,P0305,1,11367.0,0.0,11367.0
OI007434,ORD02793,P0046,3,900.0,135.0,2565.0
OI007435,ORD02793,P0036,3,594.0,0.0,1782.0
OI007436,ORD02793,P0300,2,1547.1,0.0,3094.2
OI007437,ORD02794,P0059,1,1367.1,0.0,1367.1
OI007438,ORD02794,P0278,1,396.1,7.92,388.18
OI007439,ORD02794,P0225,2,2412.0,241.2,4582.8
OI007440,ORD02794,P0060,2,1035.0,0.0,2070.0
OI007441,ORD02795,P0128,2,504.0,50.4,957.6
OI007442,ORD02795,P0380,2,23597.0,943.88,46250.12
OI007443,ORD02796,P0358,3,1111.0,66.66,3266.34
OI007444,ORD02797,P0333,2,11480.0,1148.0,21812.0
OI007445,ORD02797,P0398,1,24984.0,0.0,24984.0
OI007446,ORD02797,P0236,3,6860.0,0.0,20580.0
OI007447,ORD02798,P0029,2,102.6,0.0,205.2
OI007448,ORD02798,P0384,3,8334.0,0.0,25002.0
OI007449,ORD02798,P0315,2,582.3,58.23,1106.37
OI007450,ORD02799,P0336,2,2520.0,0.0,5040.0
OI007451,ORD02799,P0360,1,370.4,0.0,370.4
OI007452,ORD02799,P0121,1,1665.0,0.0,1665.0
OI007453,ORD02799,P0256,1,10179.0,0.0,10179.0
OI007454,ORD02800,P0167,3,1932.0,0.0,5796.0
OI007455,ORD02800,P0183,2,1044.0,0.0,2088.0
OI007456,ORD02800,P0137,1,4372.5,0.0,4372.5
OI007457,ORD02800,P0348,2,12978.0,519.12,25436.88
OI007458,ORD02800,P0145,2,720.9,28.84,1412.96
OI007459,ORD02801,P0067,3,270.0,40.5,769.5
OI007460,ORD02801,P0295,3,3667.5,0.0,11002.5
OI007461,ORD02801,P0392,3,1070.1,0.0,3210.3
OI007462,ORD02802,P0372,1,6732.0,0.0,6732.0
OI007463,ORD02803,P0138,3,794.0,119.1,2262.9
OI007464,ORD02803,P0369,3,10773.0,0.0,32319.0
OI007465,ORD02803,P0274,2,2320.0,0.0,4640.0
OI007466,ORD02803,P0263,2,1287.0,0.0,2574.0
OI007467,ORD02804,P0044,1,11970.0,0.0,11970.0
OI007468,ORD02804,P0016,3,2751.0,0.0,8253.0
OI007469,ORD02804,P0013,1,645.75,0.0,645.75
OI007470,ORD02805,P0337,2,3771.0,150.84,7391.16
OI007471,ORD02805,P0251,1,25200.0,0.0,25200.0
OI007472,ORD02805,P0266,3,30160.0,0.0,90480.0
OI007473,ORD02806,P0376,3,43677.0,6551.55,124479.45
OI007474,ORD02806,P0363,2,22342.5,893.7,43791.3
OI007475,ORD02806,P0338,1,4674.0,93.48,4580.52
OI007476,ORD02806,P0074,2,2356.0,235.6,4476.4
OI007477,ORD02807,P0311,1,43728.0,0.0,43728.0
OI007478,ORD02808,P0030,2,452.7,0.0,905.4
OI007479,ORD02809,P0204,1,8512.0,170.24,8341.76
OI007480,ORD02809,P0354,1,253.8,12.69,241.11
OI007481,ORD02809,P0295,3,3667.5,550.12,10452.38
OI007482,ORD02810,P0105,1,1600.0,0.0,1600.0
OI007483,ORD02810,P0271,3,2827.5,169.65,8312.85
OI007484,ORD02810,P0219,3,12090.0,725.4,35544.6
OI007485,ORD02810,P0026,3,7047.0,0.0,21141.0
OI007486,ORD02810,P0397,1,468.75,0.0,468.75
OI007487,ORD02811,P0006,3,5196.5,779.48,14810.02
OI007488,ORD02811,P0354,1,253.8,0.0,253.8
OI007489,ORD02812,P0170,3,4068.0,0.0,12204.0
OI007490,ORD02812,P0087,3,927.0,139.05,2641.95
OI007491,ORD02813,P0274,2,2320.0,0.0,4640.0
OI007492,ORD02813,P0046,3,900.0,0.0,2700.0
OI007493,ORD02813,P0189,3,2637.0,0.0,7911.0
OI007494,ORD02814,P0201,2,554.8,22.19,1087.41
OI007495,ORD02814,P0245,3,616.5,92.48,1757.02
OI007496,ORD02815,P0205,1,1770.0,0.0,1770.0
OI007497,ORD02816,P0388,2,9162.0,916.2,17407.8
OI007498,ORD02816,P0027,2,15750.0,0.0,31500.0
OI007499,ORD02816,P0297,2,3416.0,0.0,6832.0
OI007500,ORD02816,P0259,3,950.0,0.0,2850.0
OI007501,ORD02817,P0329,1,771.4,0.0,771.4
OI007502,ORD02817,P0230,3,112208.0,6732.48,329891.52
OI007503,ORD02818,P0062,3,12901.0,0.0,38703.0
OI007504,ORD02818,P0324,3,319.2,0.0,957.6
OI007505,ORD02818,P0103,2,24800.0,2480.0,47120.0
OI007506,ORD02819,P0046,2,900.0,90.0,1710.0
OI007507,ORD02819,P0040,1,90189.0,0.0,90189.0
OI007508,ORD02819,P0098,3,739.8,110.97,2108.43
OI007509,ORD02820,P0230,1,112208.0,0.0,112208.0
OI007510,ORD02820,P0131,1,20205.0,404.1,19800.9
OI007511,ORD02820,P0362,1,9486.0,189.72,9296.28
OI007512,ORD02820,P0241,3,117.6,7.06,345.74
OI007513,ORD02820,P0184,3,16507.0,0.0,49521.0
OI007514,ORD02821,P0367,2,180.75,0.0,361.5
OI007515,ORD02821,P0221,3,7038.0,0.0,21114.0
OI007516,ORD02821,P0163,1,781.0,39.05,741.95
OI007517,ORD02822,P0157,2,65240.0,0.0,130480.0
OI007518,ORD02822,P0071,3,11925.0,0.0,35775.0
OI007519,ORD02822,P0143,1,2061.0,41.22,2019.78
OI007520,ORD02823,P0376,3,43677.0,0.0,131031.0
OI007521,ORD02823,P0122,3,550.0,82.5,1567.5
OI007522,ORD02824,P0290,2,214.2,0.0,428.4
OI007523,ORD02824,P0107,3,1719.5,257.93,4900.57
OI007524,ORD02824,P0357,2,7182.5,0.0,14365.0
OI007525,ORD02825,P0383,3,39427.5,0.0,118282.5
OI007526,ORD02825,P0399,1,295.0,0.0,295.0
OI007527,ORD02826,P0274,3,2320.0,139.2,6820.8
OI007528,ORD02826,P0291,3,2282.0,136.92,6709.08
OI007529,ORD02826,P0132,3,876.35,0.0,2629.05
OI007530,ORD02826,P0386,2,981.75,39.27,1924.23
OI007531,ORD02827,P0004,3,4395.0,0.0,13185.0
OI007532,ORD02828,P0233,3,400.5,24.03,1177.47
OI007533,ORD02829,P0382,3,1387.5,0.0,4162.5
OI007534,ORD02829,P0340,3,7880.0,0.0,23640.0
OI007535,ORD02829,P0194,1,50310.0,0.0,50310.0
OI007536,ORD02830,P0041,1,19983.5,999.18,18984.32
OI007537,ORD02830,P0380,1,23597.0,0.0,23597.0
OI007538,ORD02830,P0328,2,805.0,80.5,1529.5
OI007539,ORD02830,P0157,3,65240.0,3914.4,191805.6
OI007540,ORD02830,P0323,2,3876.0,0.0,7752.0
OI007541,ORD02831,P0001,1,261.0,0.0,261.0
OI007542,ORD02831,P0155,2,42337.5,0.0,84675.0
OI007543,ORD02831,P0255,3,56373.0,0.0,169119.0
OI007544,ORD02832,P0315,3,582.3,0.0,1746.9
OI007545,ORD02832,P0145,2,720.9,0.0,1441.8
OI007546,ORD02832,P0085,1,2812.0,0.0,2812.0
OI007547,ORD02832,P0169,1,6279.0,0.0,6279.0
OI007548,ORD02833,P0105,1,1600.0,0.0,1600.0
OI007549,ORD02833,P0127,2,2488.0,0.0,4976.0
OI007550,ORD02833,P0234,1,4290.0,85.8,4204.2
OI007551,ORD02834,P0203,3,595.0,35.7,1749.3
OI007552,ORD02834,P0081,2,700.0,28.0,1372.0
OI007553,ORD02834,P0189,2,2637.0,0.0,5274.0
OI007554,ORD02834,P0398,2,24984.0,999.36,48968.64
OI007555,ORD02834,P0340,3,7880.0,472.8,23167.2
OI007556,ORD02835,P0138,2,794.0,79.4,1508.6
OI007557,ORD02835,P0022,1,338.2,16.91,321.29
OI007558,ORD02835,P0363,1,22342.5,1117.12,21225.38
OI007559,ORD02835,P0128,2,504.0,0.0,1008.0
OI007560,ORD02836,P0065,2,6460.0,0.0,12920.0
OI007561,ORD02836,P0066,1,21582.0,0.0,21582.0
OI007562,ORD02836,P0391,3,2916.0,174.96,8573.04
OI007563,ORD02836,P0167,2,1932.0,193.2,3670.8
OI007564,ORD02837,P0011,1,13991.0,0.0,13991.0
OI007565,ORD02837,P0386,2,981.75,0.0,1963.5
OI007566,ORD02837,P0077,2,794.0,0.0,1588.0
OI007567,ORD02838,P0096,2,26621.0,0.0,53242.0
OI007568,ORD02838,P0274,2,2320.0,0.0,4640.0
OI007569,ORD02839,P0073,2,43839.0,0.0,87678.0
OI007570,ORD02839,P0060,1,1035.0,0.0,1035.0
OI007571,ORD02839,P0122,2,550.0,0.0,1100.0
OI007572,ORD02839,P0158,3,2362.5,0.0,7087.5
OI007573,ORD02840,P0275,3,42363.0,0.0,127089.0
OI007574,ORD02840,P0110,3,116.0,17.4,330.6
OI007575,ORD02840,P0114,3,4329.0,0.0,12987.0
OI007576,ORD02840,P0192,1,129.5,6.48,123.02
OI007577,ORD02841,P0077,2,794.0,0.0,1588.0
OI007578,ORD02841,P0224,3,44082.0,2644.92,129601.08
OI007579,ORD02842,P0334,2,408.6,0.0,817.2
OI007580,ORD02842,P0178,2,85950.0,3438.0,168462.0
OI007581,ORD02842,P0015,2,31560.0,0.0,63120.0
OI007582,ORD02842,P0106,1,1952.0,0.0,1952.0
OI007583,ORD02843,P0233,3,400.5,60.08,1141.42
OI007584,ORD02843,P0099,2,2871.0,114.84,5627.16
OI007585,ORD02843,P0098,3,739.8,0.0,2219.4
OI007586,ORD02844,P0029,3,102.6,0.0,307.8
OI007587,ORD02845,P0044,1,11970.0,239.4,11730.6
OI007588,ORD02845,P0156,1,5500.5,110.01,5390.49
OI007589,ORD02846,P0074,3,2356.0,0.0,7068.0
OI007590,ORD02847,P0029,1,102.6,0.0,102.6
OI007591,ORD02848,P0291,3,2282.0,136.92,6709.08
OI007592,ORD02848,P0249,1,748.0,14.96,733.04
OI007593,ORD02848,P0163,2,781.0,0.0,1562.0
OI007594,ORD02849,P0098,3,739.8,0.0,2219.4
OI007595,ORD02849,P0053,2,2260.0,0.0,4520.0
OI007596,ORD02850,P0038,3,1213.15,181.97,3457.48
OI007597,ORD02850,P0363,1,22342.5,446.85,21895.65
OI007598,ORD02850,P0279,1,256.5,0.0,256.5
OI007599,ORD02850,P0244,2,24093.0,2409.3,45776.7
OI007600,ORD02851,P0242,2,689.0,0.0,1378.0
OI007601,ORD02851,P0222,2,441.0,17.64,864.36
OI007602,ORD02851,P0173,1,437.0,8.74,428.26
OI007603,ORD02852,P0035,2,34218.0,3421.8,65014.2
OI007604,ORD02853,P0246,2,1377.5,0.0,2755.0
OI007605,ORD02853,P0187,3,2135.0,0.0,6405.0
OI007606,ORD02854,P0372,1,6732.0,0.0,6732.0
OI007607,ORD02854,P0257,2,529.15,21.17,1037.13
OI007608,ORD02855,P0304,2,28441.0,0.0,56882.0
OI007609,ORD02856,P0002,3,3368.0,0.0,10104.0
OI007610,ORD02856,P0018,1,730.0,0.0,730.0
OI007611,ORD02856,P0400,3,11276.5,1691.48,32138.02
OI007612,ORD02857,P0278,1,396.1,19.81,376.29
OI007613,ORD02857,P0139,3,2590.0,0.0,7770.0
OI007614,ORD02857,P0251,1,25200.0,0.0,25200.0
OI007615,ORD02858,P0222,2,441.0,0.0,882.0
OI007616,ORD02858,P0188,3,15861.0,0.0,47583.0
OI007617,ORD02858,P0180,2,10370.0,0.0,20740.0
OI007618,ORD02859,P0003,2,79590.0,0.0,159180.0
OI007619,ORD02859,P0249,1,748.0,37.4,710.6
OI007620,ORD02859,P0245,2,616.5,0.0,1233.0
OI007621,ORD02859,P0069,3,380.0,0.0,1140.0
OI007622,ORD02860,P0238,1,29932.5,0.0,29932.5
OI007623,ORD02860,P0052,2,596.7,0.0,1193.4
OI007624,ORD02861,P0393,3,472.0,0.0,1416.0
OI007625,ORD02861,P0026,3,7047.0,0.0,21141.0
OI007626,ORD02862,P0258,1,132.0,0.0,132.0
OI007627,ORD02862,P0189,3,2637.0,0.0,7911.0
OI007628,ORD02862,P0201,1,554.8,0.0,554.8
OI007629,ORD02863,P0044,1,11970.0,239.4,11730.6
OI007630,ORD02864,P0027,1,15750.0,0.0,15750.0
OI007631,ORD02864,P0003,1,79590.0,1591.8,77998.2
OI007632,ORD02864,P0154,2,10780.0,0.0,21560.0
OI007633,ORD02864,P0330,2,544.0,21.76,1066.24
OI007634,ORD02865,P0167,1,1932.0,0.0,1932.0
OI007635,ORD02865,P0177,1,618.8,0.0,618.8
OI007636,ORD02865,P0044,1,11970.0,0.0,11970.0
OI007637,ORD02865,P0209,1,8016.0,0.0,8016.0
OI007638,ORD02865,P0364,3,84610.0,5076.6,248753.4
OI007639,ORD02866,P0168,2,8036.0,803.6,15268.4
OI007640,ORD02866,P0117,2,196.2,0.0,392.4
OI007641,ORD02866,P0318,3,57978.0,8696.7,165237.3
OI007642,ORD02867,P0389,2,3884.5,0.0,7769.0
OI007643,ORD02867,P0029,1,102.6,2.05,100.55
OI007644,ORD02867,P0012,2,4740.5,474.05,9006.95
OI007645,ORD02868,P0167,1,1932.0,0.0,1932.0
OI007646,ORD02868,P0212,1,424.8,0.0,424.8
OI007647,ORD02868,P0230,1,112208.0,2244.16,109963.84
OI007648,ORD02868,P0206,3,774.0,0.0,2322.0
OI007649,ORD02869,P0385,1,813.0,16.26,796.74
OI007650,ORD02870,P0036,1,594.0,0.0,594.0
OI007651,ORD02871,P0392,1,1070.1,0.0,1070.1
OI007652,ORD02872,P0196,3,2934.0,0.0,8802.0
OI007653,ORD02872,P0271,3,2827.5,424.12,8058.38
OI007654,ORD02872,P0382,3,1387.5,83.25,4079.25
OI007655,ORD02873,P0370,2,1501.0,0.0,3002.0
OI007656,ORD02873,P0352,3,98775.0,14816.25,281508.75
OI007657,ORD02873,P0218,2,610.4,0.0,1220.8
OI007658,ORD02874,P0357,1,7182.5,359.12,6823.38
OI007659,ORD02874,P0347,2,757.5,0.0,1515.0
OI007660,ORD02874,P0192,2,129.5,0.0,259.0
OI007661,ORD02875,P0086,2,7780.0,0.0,15560.0
OI007662,ORD02875,P0219,1,12090.0,604.5,11485.5
OI007663,ORD02875,P0203,3,595.0,35.7,1749.3
OI007664,ORD02875,P0233,3,400.5,0.0,1201.5
OI007665,ORD02875,P0351,1,922.5,18.45,904.05
OI007666,ORD02876,P0341,2,5664.0,0.0,11328.0
OI007667,ORD02876,P0077,2,794.0,0.0,1588.0
OI007668,ORD02876,P0017,3,1344.25,0.0,4032.75
OI007669,ORD02876,P0339,3,1422.4,0.0,4267.2
OI007670,ORD02876,P0131,1,20205.0,0.0,20205.0
OI007671,ORD02877,P0322,3,8527.5,511.65,25070.85
OI007672,ORD02878,P0070,1,1650.0,82.5,1567.5
OI007673,ORD02878,P0257,1,529.15,0.0,529.15
OI007674,ORD02879,P0310,2,16055.0,0.0,32110.0
OI007675,ORD02879,P0196,1,2934.0,58.68,2875.32
OI007676,ORD02879,P0336,1,2520.0,126.0,2394.0
OI007677,ORD02880,P0034,2,2646.0,0.0,5292.0
OI007678,ORD02880,P0100,1,1320.0,66.0,1254.0
OI007679,ORD02881,P0102,3,509.0,76.35,1450.65
OI007680,ORD02881,P0344,1,10850.0,217.0,10633.0
OI007681,ORD02881,P0156,1,5500.5,0.0,5500.5
OI007682,ORD02882,P0013,2,645.75,0.0,1291.5
OI007683,ORD02883,P0154,2,10780.0,1078.0,20482.0
OI007684,ORD02883,P0256,2,10179.0,1017.9,19340.1
OI007685,ORD02884,P0158,1,2362.5,0.0,2362.5
OI007686,ORD02884,P0184,3,16507.0,0.0,49521.0
OI007687,ORD02885,P0239,1,281.6,0.0,281.6
OI007688,ORD02885,P0248,3,16444.5,2466.68,46866.82
OI007689,ORD02885,P0128,2,504.0,0.0,1008.0
OI007690,ORD02885,P0108,3,41676.5,0.0,125029.5
OI007691,ORD02886,P0092,3,593.6,35.62,1745.18
OI007692,ORD02886,P0333,2,11480.0,0.0,22960.0
OI007693,ORD02886,P0016,2,2751.0,110.04,5391.96
OI007694,ORD02887,P0321,3,170.4,10.22,500.98
OI007695,ORD02888,P0205,3,1770.0,0.0,5310.0
OI007696,ORD02888,P0026,1,7047.0,0.0,7047.0
OI007697,ORD02889,P0322,1,8527.5,170.55,8356.95
OI007698,ORD02889,P0236,3,6860.0,411.6,20168.4
OI007699,ORD02890,P0280,2,7132.5,0.0,14265.0
OI007700,ORD02890,P0370,2,1501.0,150.1,2851.9
OI007701,ORD02891,P0106,1,1952.0,0.0,1952.0
OI007702,ORD02891,P0178,1,85950.0,0.0,85950.0
OI007703,ORD02891,P0032,2,873.0,0.0,1746.0
OI007704,ORD02892,P0321,2,170.4,0.0,340.8
OI007705,ORD02892,P0283,3,28775.5,0.0,86326.5
OI007706,ORD02893,P0208,3,8140.0,488.4,23931.6
OI007707,ORD02894,P0089,1,2712.0,135.6,2576.4
OI007708,ORD02894,P0265,3,40815.0,0.0,122445.0
OI007709,ORD02895,P0336,1,2520.0,0.0,2520.0
OI007710,ORD02895,P0216,1,2160.0,0.0,2160.0
OI007711,ORD02896,P0384,1,8334.0,0.0,8334.0
OI007712,ORD02896,P0264,2,3980.0,159.2,7800.8
OI007713,ORD02897,P0025,3,493.05,73.96,1405.19
OI007714,ORD02897,P0323,2,3876.0,0.0,7752.0
OI007715,ORD02897,P0333,2,11480.0,0.0,22960.0
OI007716,ORD02898,P0397,3,468.75,0.0,1406.25
OI007717,ORD02899,P0301,3,187.15,0.0,561.45
OI007718,ORD02900,P0336,3,2520.0,378.0,7182.0
OI007719,ORD02900,P0150,1,201.0,0.0,201.0
OI007720,ORD02901,P0364,3,84610.0,0.0,253830.0
OI007721,ORD02901,P0180,2,10370.0,1037.0,19703.0
OI007722,ORD02902,P0147,1,23805.0,0.0,23805.0
OI007723,ORD02902,P0307,2,1269.0,0.0,2538.0
OI007724,ORD02902,P0313,3,914.85,0.0,2744.55
OI007725,ORD02902,P0211,3,1030.0,61.8,3028.2
OI007726,ORD02902,P0317,1,720.0,0.0,720.0
OI007727,ORD02903,P0272,3,635.0,95.25,1809.75
OI007728,ORD02903,P0358,1,1111.0,55.55,1055.45
OI007729,ORD02903,P0160,2,329.4,0.0,658.8
OI007730,ORD02903,P0053,1,2260.0,45.2,2214.8
OI007731,ORD02903,P0269,1,496.0,0.0,496.0
OI007732,ORD02904,P0361,2,4263.0,426.3,8099.7
OI007733,ORD02904,P0110,3,116.0,0.0,348.0
OI007734,ORD02904,P0342,2,194.65,0.0,389.3
OI007735,ORD02904,P0302,3,1929.5,0.0,5788.5
OI007736,ORD02904,P0207,1,6867.0,0.0,6867.0
OI007737,ORD02905,P0125,1,608.0,30.4,577.6
OI007738,ORD02905,P0187,2,2135.0,213.5,4056.5
OI007739,ORD02905,P0089,1,2712.0,135.6,2576.4
OI007740,ORD02906,P0221,3,7038.0,0.0,21114.0
OI007741,ORD02906,P0251,1,25200.0,0.0,25200.0
OI007742,ORD02906,P0165,1,2259.0,45.18,2213.82
OI007743,ORD02907,P0115,1,479.25,23.96,455.29
OI007744,ORD02907,P0216,2,2160.0,86.4,4233.6
OI007745,ORD02907,P0193,3,3094.0,0.0,9282.0
OI007746,ORD02908,P0129,1,348.0,17.4,330.6
OI007747,ORD02908,P0260,3,352.0,0.0,1056.0
OI007748,ORD02908,P0184,3,16507.0,2476.05,47044.95
OI007749,ORD02909,P0170,3,4068.0,0.0,12204.0
OI007750,ORD02909,P0017,2,1344.25,0.0,2688.5
OI007751,ORD02910,P0196,3,2934.0,0.0,8802.0
OI007752,ORD02911,P0345,1,1413.6,0.0,1413.6
OI007753,ORD02912,P0177,2,618.8,0.0,1237.6
OI007754,ORD02912,P0115,2,479.25,0.0,958.5
OI007755,ORD02912,P0004,2,4395.0,0.0,8790.0
OI007756,ORD02912,P0169,1,6279.0,0.0,6279.0
OI007757,ORD02913,P0244,3,24093.0,1445.58,70833.42
OI007758,ORD02913,P0154,2,10780.0,431.2,21128.8
OI007759,ORD02914,P0284,3,169.0,0.0,507.0
OI007760,ORD02915,P0249,1,748.0,14.96,733.04
OI007761,ORD02915,P0022,1,338.2,0.0,338.2
OI007762,ORD02916,P0016,1,2751.0,137.55,2613.45
OI007763,ORD02917,P0036,3,594.0,0.0,1782.0
OI007764,ORD02917,P0115,2,479.25,19.17,939.33
OI007765,ORD02917,P0320,3,39358.5,0.0,118075.5
OI007766,ORD02917,P0179,2,3315.0,0.0,6630.0
OI007767,ORD02917,P0067,3,270.0,0.0,810.0
OI007768,ORD02918,P0394,3,1550.0,0.0,4650.0
OI007769,ORD02918,P0166,1,2070.0,41.4,2028.6
OI007770,ORD02919,P0192,3,129.5,0.0,388.5
OI007771,ORD02919,P0187,3,2135.0,0.0,6405.0
OI007772,ORD02919,P0302,3,1929.5,289.43,5499.07
OI007773,ORD02920,P0345,3,1413.6,84.82,4155.98
OI007774,ORD02920,P0239,2,281.6,0.0,563.2
OI007775,ORD02920,P0232,3,25740.0,0.0,77220.0
OI007776,ORD02921,P0260,3,352.0,0.0,1056.0
OI007777,ORD02921,P0090,1,11600.0,232.0,11368.0
OI007778,ORD02921,P0052,3,596.7,35.8,1754.3
OI007779,ORD02922,P0194,3,50310.0,7546.5,143383.5
OI007780,ORD02922,P0325,2,3390.0,135.6,6644.4
OI007781,ORD02922,P0259,1,950.0,0.0,950.0
OI007782,ORD02922,P0249,1,748.0,0.0,748.0
OI007783,ORD02923,P0174,2,312.8,31.28,594.32
OI007784,ORD02924,P0269,1,496.0,0.0,496.0
OI007785,ORD02925,P0076,3,13450.0,0.0,40350.0
OI007786,ORD02926,P0344,2,10850.0,1085.0,20615.0
OI007787,ORD02927,P0195,3,1255.0,188.25,3576.75
OI007788,ORD02927,P0334,1,408.6,0.0,408.6
OI007789,ORD02927,P0345,2,1413.6,0.0,2827.2
OI007790,ORD02927,P0397,1,468.75,0.0,468.75
OI007791,ORD02928,P0222,3,441.0,0.0,1323.0
OI007792,ORD02929,P0148,2,855.95,0.0,1711.9
OI007793,ORD02929,P0032,3,873.0,130.95,2488.05
OI007794,ORD02929,P0138,1,794.0,0.0,794.0
OI007795,ORD02929,P0017,2,1344.25,53.77,2634.73
OI007796,ORD02929,P0383,1,39427.5,788.55,38638.95
OI007797,ORD02930,P0334,3,408.6,0.0,1225.8
OI007798,ORD02930,P0029,3,102.6,15.39,292.41
OI007799,ORD02930,P0369,3,10773.0,0.0,32319.0
OI007800,ORD02930,P0069,3,380.0,0.0,1140.0
OI007801,ORD02931,P0003,1,79590.0,3979.5,75610.5
OI007802,ORD02931,P0131,2,20205.0,808.2,39601.8
OI007803,ORD02932,P0297,1,3416.0,0.0,3416.0
OI007804,ORD02932,P0120,3,9603.0,576.18,28232.82
OI007805,ORD02932,P0393,2,472.0,0.0,944.0
OI007806,ORD02932,P0212,3,424.8,0.0,1274.4
OI007807,ORD02933,P0197,2,472.0,18.88,925.12
OI007808,ORD02933,P0260,3,352.0,52.8,1003.2
OI007809,ORD02934,P0134,3,12300.0,0.0,36900.0
OI007810,ORD02934,P0073,3,43839.0,2630.34,128886.66
OI007811,ORD02934,P0145,2,720.9,0.0,1441.8
OI007812,ORD02935,P0269,3,496.0,0.0,1488.0
OI007813,ORD02936,P0354,3,253.8,0.0,761.4
OI007814,ORD02937,P0352,1,98775.0,0.0,98775.0
OI007815,ORD02937,P0158,1,2362.5,0.0,2362.5
OI007816,ORD02937,P0116,3,1162.8,0.0,3488.4
OI007817,ORD02937,P0060,3,1035.0,0.0,3105.0
OI007818,ORD02938,P0068,1,446.4,8.93,437.47
OI007819,ORD02938,P0360,3,370.4,55.56,1055.64
OI007820,ORD02938,P0298,3,312.2,0.0,936.6
OI007821,ORD02938,P0350,3,18711.0,2806.65,53326.35
OI007822,ORD02939,P0257,1,529.15,0.0,529.15
OI007823,ORD02939,P0295,2,3667.5,366.75,6968.25
OI007824,ORD02940,P0253,1,1485.0,0.0,1485.0
OI007825,ORD02940,P0185,1,1830.0,0.0,1830.0
OI007826,ORD02941,P0143,3,2061.0,0.0,6183.0
OI007827,ORD02942,P0093,1,423.0,0.0,423.0
OI007828,ORD02942,P0175,2,37540.0,0.0,75080.0
OI007829,ORD02942,P0398,3,24984.0,0.0,74952.0
OI007830,ORD02942,P0392,1,1070.1,0.0,1070.1
OI007831,ORD02942,P0370,3,1501.0,0.0,4503.0
OI007832,ORD02943,P0062,1,12901.0,0.0,12901.0
OI007833,ORD02943,P0126,1,7938.0,396.9,7541.1
OI007834,ORD02944,P0254,2,2302.5,0.0,4605.0
OI007835,ORD02944,P0189,1,2637.0,131.85,2505.15
OI007836,ORD02944,P0082,1,61.0,0.0,61.0
OI007837,ORD02945,P0027,3,15750.0,0.0,47250.0
OI007838,ORD02946,P0320,3,39358.5,5903.78,112171.72
OI007839,ORD02947,P0348,1,12978.0,259.56,12718.44
OI007840,ORD02948,P0199,1,7791.0,155.82,7635.18
OI007841,ORD02948,P0079,3,513.95,0.0,1541.85
OI007842,ORD02949,P0173,3,437.0,26.22,1284.78
OI007843,ORD02949,P0367,2,180.75,0.0,361.5
OI007844,ORD02949,P0275,2,42363.0,0.0,84726.0
OI007845,ORD02950,P0167,1,1932.0,96.6,1835.4
OI007846,ORD02951,P0149,3,3784.0,0.0,11352.0
OI007847,ORD02952,P0179,3,3315.0,0.0,9945.0
OI007848,ORD02952,P0229,3,5392.5,323.55,15853.95
OI007849,ORD02952,P0293,1,1341.0,67.05,1273.95
OI007850,ORD02952,P0035,2,34218.0,3421.8,65014.2
OI007851,ORD02953,P0327,2,165.75,0.0,331.5
OI007852,ORD02953,P0399,1,295.0,0.0,295.0
OI007853,ORD02953,P0025,2,493.05,0.0,986.1
OI007854,ORD02954,P0152,2,726.75,0.0,1453.5
OI007855,ORD02955,P0308,3,6842.5,410.55,20116.95
OI007856,ORD02955,P0237,3,35595.0,5339.25,101445.75
OI007857,ORD02955,P0362,2,9486.0,0.0,18972.0
OI007858,ORD02955,P0034,3,2646.0,0.0,7938.0
OI007859,ORD02956,P0189,1,2637.0,0.0,2637.0
OI007860,ORD02956,P0328,2,805.0,0.0,1610.0
OI007861,ORD02956,P0195,1,1255.0,25.1,1229.9
OI007862,ORD02957,P0230,1,112208.0,0.0,112208.0
OI007863,ORD02957,P0058,2,4869.0,0.0,9738.0
OI007864,ORD02958,P0029,3,102.6,6.16,301.64
OI007865,ORD02958,P0167,2,1932.0,0.0,3864.0
OI007866,ORD02958,P0217,1,197.1,3.94,193.16
OI007867,ORD02958,P0078,3,765.0,0.0,2295.0
OI007868,ORD02958,P0234,2,4290.0,0.0,8580.0
OI007869,ORD02959,P0045,2,2888.0,0.0,5776.0
OI007870,ORD02959,P0249,3,748.0,44.88,2199.12
OI007871,ORD02959,P0062,2,12901.0,516.04,25285.96
OI007872,ORD02959,P0209,3,8016.0,1202.4,22845.6
OI007873,ORD02960,P0385,2,813.0,0.0,1626.0
OI007874,ORD02960,P0209,3,8016.0,0.0,24048.0
OI007875,ORD02961,P0368,3,338.4,0.0,1015.2
OI007876,ORD02961,P0383,3,39427.5,0.0,118282.5
OI007877,ORD02961,P0054,2,1603.0,160.3,3045.7
OI007878,ORD02961,P0064,2,6170.0,617.0,11723.0
OI007879,ORD02962,P0091,1,184.0,0.0,184.0
OI007880,ORD02962,P0379,2,154.7,0.0,309.4
OI007881,ORD02962,P0233,3,400.5,60.08,1141.42
OI007882,ORD02962,P0291,2,2282.0,91.28,4472.72
OI007883,ORD02962,P0030,2,452.7,0.0,905.4
OI007884,ORD02963,P0187,2,2135.0,0.0,4270.0
OI007885,ORD02963,P0398,1,24984.0,0.0,24984.0
OI007886,ORD02964,P0192,1,129.5,2.59,126.91
OI007887,ORD02964,P0355,2,478.0,0.0,956.0
OI007888,ORD02965,P0160,3,329.4,49.41,938.79
OI007889,ORD02965,P0002,1,3368.0,0.0,3368.0
OI007890,ORD02965,P0076,1,13450.0,0.0,13450.0
OI007891,ORD02965,P0376,3,43677.0,0.0,131031.0
OI007892,ORD02966,P0391,1,2916.0,145.8,2770.2
OI007893,ORD02966,P0357,1,7182.5,0.0,7182.5
OI007894,ORD02966,P0286,1,3915.0,195.75,3719.25
OI007895,ORD02966,P0253,2,1485.0,0.0,2970.0
OI007896,ORD02967,P0375,1,2466.0,123.3,2342.7
OI007897,ORD02967,P0140,3,391.0,0.0,1173.0
OI007898,ORD02968,P0252,3,1359.45,81.57,3996.78
OI007899,ORD02968,P0260,3,352.0,0.0,1056.0
OI007900,ORD02968,P0153,1,792.4,0.0,792.4
OI007901,ORD02969,P0273,2,1872.0,0.0,3744.0
OI007902,ORD02969,P0113,1,498.0,9.96,488.04
OI007903,ORD02969,P0128,1,504.0,0.0,504.0
OI007904,ORD02970,P0162,1,130020.0,0.0,130020.0
OI007905,ORD02970,P0360,1,370.4,0.0,370.4
OI007906,ORD02970,P0002,3,3368.0,0.0,10104.0
OI007907,ORD02971,P0240,3,7990.0,0.0,23970.0
OI007908,ORD02971,P0334,1,408.6,8.17,400.43
OI007909,ORD02971,P0134,1,12300.0,0.0,12300.0
OI007910,ORD02971,P0371,3,2180.0,0.0,6540.0
OI007911,ORD02972,P0027,3,15750.0,0.0,47250.0
OI007912,ORD02972,P0098,2,739.8,0.0,1479.6
OI007913,ORD02972,P0055,2,7923.0,0.0,15846.0
OI007914,ORD02973,P0366,1,13920.0,0.0,13920.0
OI007915,ORD02974,P0229,2,5392.5,215.7,10569.3
OI007916,ORD02974,P0253,3,1485.0,0.0,4455.0
OI007917,ORD02974,P0267,1,69400.0,1388.0,68012.0
OI007918,ORD02974,P0082,1,61.0,1.22,59.78
OI007919,ORD02975,P0334,2,408.6,16.34,800.86
OI007920,ORD02975,P0048,2,2213.5,0.0,4427.0
OI007921,ORD02975,P0244,1,24093.0,481.86,23611.14
OI007922,ORD02976,P0193,2,3094.0,123.76,6064.24
OI007923,ORD02976,P0066,3,21582.0,0.0,64746.0
OI007924,ORD02976,P0096,2,26621.0,0.0,53242.0
OI007925,ORD02977,P0365,2,51250.0,0.0,102500.0
OI007926,ORD02977,P0344,2,10850.0,1085.0,20615.0
OI007927,ORD02978,P0382,3,1387.5,0.0,4162.5
OI007928,ORD02978,P0230,3,112208.0,16831.2,319792.8
OI007929,ORD02978,P0309,1,4870.0,243.5,4626.5
OI007930,ORD02978,P0093,3,423.0,0.0,1269.0
OI007931,ORD02978,P0223,3,950.0,0.0,2850.0
OI007932,ORD02979,P0340,1,7880.0,0.0,7880.0
OI007933,ORD02980,P0312,1,1836.0,0.0,1836.0
OI007934,ORD02980,P0329,1,771.4,0.0,771.4
OI007935,ORD02980,P0334,3,408.6,61.29,1164.51
OI007936,ORD02981,P0161,3,649.6,0.0,1948.8
OI007937,ORD02981,P0196,2,2934.0,0.0,5868.0
OI007938,ORD02981,P0034,3,2646.0,0.0,7938.0
OI007939,ORD02982,P0209,3,8016.0,0.0,24048.0
OI007940,ORD02982,P0272,1,635.0,31.75,603.25
OI007941,ORD02982,P0235,1,1960.0,0.0,1960.0
OI007942,ORD02983,P0212,2,424.8,0.0,849.6
OI007943,ORD02983,P0281,1,3288.0,164.4,3123.6
OI007944,ORD02983,P0343,2,279.2,27.92,530.48
OI007945,ORD02983,P0071,2,11925.0,0.0,23850.0
OI007946,ORD02984,P0217,1,197.1,0.0,197.1
OI007947,ORD02984,P0034,1,2646.0,52.92,2593.08
OI007948,ORD02984,P0041,1,19983.5,399.67,19583.83
OI007949,ORD02985,P0293,3,1341.0,0.0,4023.0
OI007950,ORD02985,P0337,1,3771.0,0.0,3771.0
OI007951,ORD02985,P0380,1,23597.0,0.0,23597.0
OI007952,ORD02986,P0174,3,312.8,0.0,938.4
OI007953,ORD02986,P0391,1,2916.0,145.8,2770.2
OI007954,ORD02986,P0378,2,1246.95,0.0,2493.9
OI007955,ORD02987,P0191,1,821.75,41.09,780.66
OI007956,ORD02987,P0304,1,28441.0,1422.05,27018.95
OI007957,ORD02988,P0368,1,338.4,0.0,338.4
OI007958,ORD02988,P0219,2,12090.0,1209.0,22971.0
OI007959,ORD02988,P0341,3,5664.0,0.0,16992.0
OI007960,ORD02988,P0075,3,2147.0,0.0,6441.0
OI007961,ORD02988,P0174,3,312.8,0.0,938.4
OI007962,ORD02989,P0010,3,11568.0,0.0,34704.0
OI007963,ORD02990,P0217,3,197.1,0.0,591.3
OI007964,ORD02991,P0359,3,16920.0,0.0,50760.0
OI007965,ORD02991,P0054,3,1603.0,0.0,4809.0
OI007966,ORD02991,P0354,1,253.8,12.69,241.11
OI007967,ORD02991,P0019,3,748.0,0.0,2244.0
OI007968,ORD02992,P0236,2,6860.0,274.4,13445.6
OI007969,ORD02992,P0083,1,6600.0,0.0,6600.0
OI007970,ORD02993,P0274,3,2320.0,348.0,6612.0
OI007971,ORD02993,P0344,2,10850.0,0.0,21700.0
OI007972,ORD02994,P0198,2,385.0,0.0,770.0
OI007973,ORD02994,P0001,1,261.0,0.0,261.0
OI007974,ORD02994,P0323,2,3876.0,0.0,7752.0
OI007975,ORD02994,P0087,3,927.0,0.0,2781.0
OI007976,ORD02994,P0304,1,28441.0,0.0,28441.0
OI007977,ORD02995,P0190,1,3163.5,158.18,3005.32
OI007978,ORD02995,P0182,3,491.0,0.0,1473.0
OI007979,ORD02996,P0384,1,8334.0,416.7,7917.3
OI007980,ORD02996,P0088,3,52820.0,0.0,158460.0
OI007981,ORD02997,P0258,3,132.0,0.0,396.0
OI007982,ORD02997,P0054,3,1603.0,0.0,4809.0
OI007983,ORD02997,P0119,2,1730.0,0.0,3460.0
OI007984,ORD02998,P0084,1,5925.0,0.0,5925.0
OI007985,ORD02998,P0174,3,312.8,0.0,938.4
OI007986,ORD02999,P0112,1,1026.0,0.0,1026.0
OI007987,ORD02999,P0012,1,4740.5,0.0,4740.5
OI007988,ORD02999,P0329,3,771.4,46.28,2267.92
OI007989,ORD02999,P0304,1,28441.0,1422.05,27018.95
OI007990,ORD03000,P0117,2,196.2,7.85,384.55
OI007991,ORD03000,P0225,3,2412.0,0.0,7236.0
OI007992,ORD03000,P0168,1,8036.0,401.8,7634.2
OI007993,ORD03000,P0089,3,2712.0,0.0,8136.0
OI007994,ORD03000,P0292,3,204.0,30.6,581.4
OI007995,ORD03001,P0050,3,66460.0,0.0,199380.0
OI007996,ORD03001,P0108,3,41676.5,0.0,125029.5
OI007997,ORD03002,P0231,3,2061.5,309.23,5875.27
OI007998,ORD03002,P0387,1,7968.0,159.36,7808.64
OI007999,ORD03002,P0360,3,370.4,0.0,1111.2
OI008000,ORD03003,P0053,1,2260.0,113.0,2147.0
OI008001,ORD03004,P0043,3,3472.5,520.88,9896.62
OI008002,ORD03004,P0339,2,1422.4,0.0,2844.8
OI008003,ORD03005,P0094,3,25500.0,0.0,76500.0
OI008004,ORD03005,P0311,3,43728.0,0.0,131184.0
OI008005,ORD03005,P0057,3,1809.0,108.54,5318.46
OI008006,ORD03006,P0376,3,43677.0,0.0,131031.0
OI008007,ORD03006,P0286,1,3915.0,0.0,3915.0
OI008008,ORD03007,P0218,1,610.4,0.0,610.4
OI008009,ORD03007,P0004,3,4395.0,0.0,13185.0
OI008010,ORD03008,P0176,1,55928.0,0.0,55928.0
OI008011,ORD03008,P0203,3,595.0,0.0,1785.0
OI008012,ORD03008,P0147,2,23805.0,952.2,46657.8
OI008013,ORD03008,P0194,3,50310.0,3018.6,147911.4
OI008014,ORD03008,P0253,3,1485.0,89.1,4365.9
OI008015,ORD03009,P0311,2,43728.0,4372.8,83083.2
OI008016,ORD03009,P0299,1,776.15,0.0,776.15
OI008017,ORD03009,P0147,3,23805.0,0.0,71415.0
OI008018,ORD03010,P0345,2,1413.6,141.36,2685.84
OI008019,ORD03010,P0182,3,491.0,0.0,1473.0
OI008020,ORD03010,P0305,2,11367.0,0.0,22734.0
OI008021,ORD03010,P0054,3,1603.0,96.18,4712.82
OI008022,ORD03011,P0083,3,6600.0,396.0,19404.0
OI008023,ORD03012,P0013,1,645.75,0.0,645.75
OI008024,ORD03012,P0226,3,10590.0,1588.5,30181.5
OI008025,ORD03013,P0132,1,876.35,0.0,876.35
OI008026,ORD03013,P0103,2,24800.0,0.0,49600.0
OI008027,ORD03014,P0305,3,11367.0,0.0,34101.0
OI008028,ORD03014,P0232,3,25740.0,3861.0,73359.0
OI008029,ORD03014,P0206,3,774.0,116.1,2205.9
OI008030,ORD03014,P0065,1,6460.0,323.0,6137.0
OI008031,ORD03014,P0252,3,1359.45,0.0,4078.35
OI008032,ORD03015,P0176,1,55928.0,0.0,55928.0
OI008033,ORD03015,P0348,2,12978.0,0.0,25956.0
OI008034,ORD03015,P0019,1,748.0,0.0,748.0
OI008035,ORD03016,P0008,3,427.0,25.62,1255.38
OI008036,ORD03017,P0246,1,1377.5,0.0,1377.5
OI008037,ORD03017,P0263,3,1287.0,0.0,3861.0
OI008038,ORD03018,P0366,3,13920.0,0.0,41760.0
OI008039,ORD03018,P0135,3,10960.0,1644.0,31236.0
OI008040,ORD03018,P0169,3,6279.0,0.0,18837.0
OI008041,ORD03019,P0077,2,794.0,79.4,1508.6
OI008042,ORD03019,P0102,3,509.0,0.0,1527.0
OI008043,ORD03019,P0371,3,2180.0,0.0,6540.0
OI008044,ORD03019,P0063,3,2286.0,342.9,6515.1
OI008045,ORD03020,P0397,2,468.75,0.0,937.5
OI008046,ORD03020,P0050,2,66460.0,0.0,132920.0
OI008047,ORD03020,P0161,1,649.6,0.0,649.6
OI008048,ORD03020,P0213,3,414.9,0.0,1244.7
OI008049,ORD03020,P0210,3,1050.6,157.59,2994.21
OI008050,ORD03021,P0298,3,312.2,0.0,936.6
OI008051,ORD03021,P0265,3,40815.0,6122.25,116322.75
OI008052,ORD03021,P0200,3,2529.0,379.35,7207.65
OI008053,ORD03021,P0375,2,2466.0,0.0,4932.0
OI008054,ORD03022,P0116,3,1162.8,0.0,3488.4
OI008055,ORD03022,P0272,2,635.0,0.0,1270.0
OI008056,ORD03022,P0238,2,29932.5,0.0,59865.0
OI008057,ORD03023,P0062,1,12901.0,0.0,12901.0
OI008058,ORD03024,P0246,2,1377.5,137.75,2617.25
OI008059,ORD03025,P0004,1,4395.0,0.0,4395.0
OI008060,ORD03025,P0184,3,16507.0,0.0,49521.0
OI008061,ORD03025,P0323,3,3876.0,232.56,11395.44
OI008062,ORD03025,P0338,1,4674.0,233.7,4440.3
OI008063,ORD03026,P0278,1,396.1,19.81,376.29
OI008064,ORD03026,P0240,1,7990.0,0.0,7990.0
OI008065,ORD03026,P0382,3,1387.5,0.0,4162.5
OI008066,ORD03026,P0116,3,1162.8,69.77,3418.63
OI008067,ORD03027,P0037,2,2619.0,104.76,5133.24
OI008068,ORD03027,P0082,2,61.0,0.0,122.0
OI008069,ORD03027,P0331,2,5200.0,0.0,10400.0
OI008070,ORD03028,P0081,2,700.0,28.0,1372.0
OI008071,ORD03028,P0113,2,498.0,0.0,996.0
OI008072,ORD03029,P0327,2,165.75,16.57,314.93
OI008073,ORD03030,P0374,3,1995.0,119.7,5865.3
OI008074,ORD03030,P0243,3,1389.0,83.34,4083.66
OI008075,ORD03030,P0141,2,74679.5,2987.18,146371.82
OI008076,ORD03030,P0368,3,338.4,50.76,964.44
OI008077,ORD03031,P0185,1,1830.0,0.0,1830.0
OI008078,ORD03032,P0140,2,391.0,0.0,782.0
OI008079,ORD03032,P0358,1,1111.0,0.0,1111.0
OI008080,ORD03032,P0142,3,2380.0,0.0,7140.0
OI008081,ORD03032,P0356,2,7398.0,739.8,14056.2
OI008082,ORD03033,P0186,2,54045.5,0.0,108091.0
OI008083,ORD03033,P0241,3,117.6,7.06,345.74
OI008084,ORD03033,P0280,1,7132.5,142.65,6989.85
OI008085,ORD03034,P0073,3,43839.0,0.0,131517.0
OI008086,ORD03034,P0210,1,1050.6,0.0,1050.6
OI008087,ORD03034,P0331,3,5200.0,312.0,15288.0
OI008088,ORD03035,P0243,3,1389.0,0.0,4167.0
OI008089,ORD03035,P0119,3,1730.0,259.5,4930.5
OI008090,ORD03036,P0176,2,55928.0,2237.12,109618.88
OI008091,ORD03036,P0204,2,8512.0,851.2,16172.8
OI008092,ORD03036,P0225,1,2412.0,0.0,2412.0
OI008093,ORD03037,P0007,3,889.5,0.0,2668.5
OI008094,ORD03037,P0309,2,4870.0,487.0,9253.0
OI008095,ORD03038,P0201,3,554.8,0.0,1664.4
OI008096,ORD03038,P0395,1,1710.0,34.2,1675.8
OI008097,ORD03039,P0134,3,12300.0,0.0,36900.0
OI008098,ORD03039,P0309,2,4870.0,0.0,9740.0
OI008099,ORD03039,P0118,1,5880.0,0.0,5880.0
OI008100,ORD03039,P0293,2,1341.0,0.0,2682.0
OI008101,ORD03040,P0141,3,74679.5,0.0,224038.5
OI008102,ORD03040,P0241,1,117.6,0.0,117.6
OI008103,ORD03041,P0045,1,2888.0,144.4,2743.6
OI008104,ORD03041,P0171,2,67370.0,0.0,134740.0
OI008105,ORD03041,P0356,1,7398.0,0.0,7398.0
OI008106,ORD03041,P0329,3,771.4,0.0,2314.2
OI008107,ORD03042,P0181,1,177.0,0.0,177.0
OI008108,ORD03042,P0336,2,2520.0,0.0,5040.0
OI008109,ORD03042,P0227,1,307.8,0.0,307.8
OI008110,ORD03042,P0027,1,15750.0,315.0,15435.0
OI008111,ORD03043,P0111,1,6165.0,0.0,6165.0
OI008112,ORD03043,P0137,1,4372.5,0.0,4372.5
OI008113,ORD03043,P0309,2,4870.0,487.0,9253.0
OI008114,ORD03043,P0007,1,889.5,17.79,871.71
OI008115,ORD03044,P0221,2,7038.0,703.8,13372.2
OI008116,ORD03045,P0345,3,1413.6,0.0,4240.8
OI008117,ORD03045,P0341,1,5664.0,113.28,5550.72
OI008118,ORD03045,P0230,2,112208.0,0.0,224416.0
OI008119,ORD03046,P0079,2,513.95,0.0,1027.9
OI008120,ORD03046,P0379,2,154.7,15.47,293.93
OI008121,ORD03046,P0338,1,4674.0,0.0,4674.0
OI008122,ORD03047,P0043,2,3472.5,138.9,6806.1
OI008123,ORD03047,P0303,1,369.75,0.0,369.75
OI008124,ORD03048,P0365,1,51250.0,0.0,51250.0
OI008125,ORD03048,P0104,3,1100.8,0.0,3302.4
OI008126,ORD03048,P0303,1,369.75,0.0,369.75
OI008127,ORD03048,P0286,1,3915.0,0.0,3915.0
OI008128,ORD03049,P0063,1,2286.0,0.0,2286.0
OI008129,ORD03049,P0335,1,323.2,16.16,307.04
OI008130,ORD03049,P0056,2,3800.0,152.0,7448.0
OI008131,ORD03049,P0288,2,3521.0,0.0,7042.0
OI008132,ORD03049,P0015,3,31560.0,0.0,94680.0
OI008133,ORD03050,P0251,3,25200.0,1512.0,74088.0
OI008134,ORD03050,P0319,2,3672.0,0.0,7344.0
OI008135,ORD03050,P0299,1,776.15,0.0,776.15
OI008136,ORD03051,P0242,1,689.0,34.45,654.55
OI008137,ORD03052,P0049,2,37323.0,0.0,74646.0
OI008138,ORD03053,P0018,3,730.0,0.0,2190.0
OI008139,ORD03054,P0255,2,56373.0,0.0,112746.0
OI008140,ORD03054,P0083,3,6600.0,396.0,19404.0
OI008141,ORD03055,P0360,1,370.4,0.0,370.4
OI008142,ORD03055,P0312,3,1836.0,110.16,5397.84
OI008143,ORD03055,P0075,1,2147.0,0.0,2147.0
OI008144,ORD03056,P0064,3,6170.0,370.2,18139.8
OI008145,ORD03057,P0004,2,4395.0,175.8,8614.2
OI008146,ORD03057,P0234,3,4290.0,0.0,12870.0
OI008147,ORD03057,P0099,2,2871.0,114.84,5627.16
OI008148,ORD03057,P0131,2,20205.0,808.2,39601.8
OI008149,ORD03058,P0046,3,900.0,135.0,2565.0
OI008150,ORD03058,P0322,1,8527.5,170.55,8356.95
OI008151,ORD03058,P0382,2,1387.5,0.0,2775.0
OI008152,ORD03059,P0262,2,827.25,82.73,1571.77
OI008153,ORD03059,P0074,2,2356.0,0.0,4712.0
OI008154,ORD03059,P0333,3,11480.0,0.0,34440.0
OI008155,ORD03059,P0162,1,130020.0,2600.4,127419.6
OI008156,ORD03060,P0018,3,730.0,43.8,2146.2
OI008157,ORD03060,P0375,2,2466.0,246.6,4685.4
OI008158,ORD03060,P0226,1,10590.0,0.0,10590.0
OI008159,ORD03060,P0374,2,1995.0,79.8,3910.2
OI008160,ORD03061,P0214,3,13761.5,0.0,41284.5
OI008161,ORD03061,P0231,3,2061.5,0.0,6184.5
OI008162,ORD03062,P0375,2,2466.0,246.6,4685.4
OI008163,ORD03062,P0115,3,479.25,28.75,1409.0
OI008164,ORD03062,P0216,2,2160.0,0.0,4320.0
OI008165,ORD03063,P0221,2,7038.0,281.52,13794.48
OI008166,ORD03064,P0143,3,2061.0,309.15,5873.85
OI008167,ORD03065,P0144,1,1928.5,0.0,1928.5
OI008168,ORD03065,P0370,1,1501.0,0.0,1501.0
OI008169,ORD03065,P0273,3,1872.0,112.32,5503.68
OI008170,ORD03066,P0176,2,55928.0,5592.8,106263.2
OI008171,ORD03066,P0027,2,15750.0,630.0,30870.0
OI008172,ORD03067,P0230,1,112208.0,2244.16,109963.84
OI008173,ORD03067,P0376,3,43677.0,0.0,131031.0
OI008174,ORD03067,P0018,1,730.0,14.6,715.4
OI008175,ORD03068,P0077,1,794.0,15.88,778.12
OI008176,ORD03068,P0364,3,84610.0,5076.6,248753.4
OI008177,ORD03068,P0114,3,4329.0,649.35,12337.65
OI008178,ORD03068,P0255,1,56373.0,0.0,56373.0
OI008179,ORD03069,P0218,3,610.4,36.62,1794.58
OI008180,ORD03069,P0072,3,875.7,131.36,2495.74
OI008181,ORD03070,P0118,2,5880.0,0.0,11760.0
OI008182,ORD03070,P0344,1,10850.0,0.0,10850.0
OI008183,ORD03071,P0210,1,1050.6,52.53,998.07
OI008184,ORD03072,P0159,2,11007.5,0.0,22015.0
OI008185,ORD03072,P0395,3,1710.0,256.5,4873.5
OI008186,ORD03072,P0104,3,1100.8,0.0,3302.4
OI008187,ORD03073,P0299,3,776.15,46.57,2281.88
OI008188,ORD03074,P0220,3,840.0,0.0,2520.0
OI008189,ORD03074,P0387,1,7968.0,159.36,7808.64
OI008190,ORD03074,P0184,1,16507.0,0.0,16507.0
OI008191,ORD03074,P0206,1,774.0,15.48,758.52
OI008192,ORD03074,P0243,2,1389.0,55.56,2722.44
OI008193,ORD03075,P0373,1,11673.0,0.0,11673.0
OI008194,ORD03076,P0227,3,307.8,0.0,923.4
OI008195,ORD03077,P0128,1,504.0,0.0,504.0
OI008196,ORD03078,P0368,1,338.4,0.0,338.4
OI008197,ORD03078,P0259,1,950.0,0.0,950.0
OI008198,ORD03079,P0143,1,2061.0,0.0,2061.0
OI008199,ORD03079,P0270,3,2265.0,0.0,6795.0
OI008200,ORD03079,P0322,3,8527.5,0.0,25582.5
OI008201,ORD03079,P0389,3,3884.5,0.0,11653.5
OI008202,ORD03079,P0345,3,1413.6,0.0,4240.8
OI008203,ORD03080,P0158,1,2362.5,0.0,2362.5
OI008204,ORD03081,P0302,1,1929.5,0.0,1929.5
OI008205,ORD03081,P0172,2,963.0,96.3,1829.7
OI008206,ORD03081,P0318,3,57978.0,3478.68,170455.32
OI008207,ORD03082,P0141,3,74679.5,4480.77,219557.73
OI008208,ORD03082,P0004,2,4395.0,175.8,8614.2
OI008209,ORD03082,P0080,1,36824.0,0.0,36824.0
OI008210,ORD03082,P0267,2,69400.0,0.0,138800.0
OI008211,ORD03082,P0207,2,6867.0,274.68,13459.32
OI008212,ORD03083,P0180,1,10370.0,0.0,10370.0
OI008213,ORD03083,P0077,1,794.0,15.88,778.12
OI008214,ORD03083,P0146,1,235.2,0.0,235.2
OI008215,ORD03084,P0257,2,529.15,52.91,1005.39
OI008216,ORD03084,P0178,3,85950.0,0.0,257850.0
OI008217,ORD03085,P0213,2,414.9,0.0,829.8
OI008218,ORD03086,P0304,3,28441.0,4266.15,81056.85
OI008219,ORD03087,P0024,3,587.7,0.0,1763.1
OI008220,ORD03087,P0318,3,57978.0,8696.7,165237.3
OI008221,ORD03087,P0308,3,6842.5,410.55,20116.95
OI008222,ORD03087,P0356,3,7398.0,0.0,22194.0
OI008223,ORD03088,P0108,2,41676.5,1667.06,81685.94
OI008224,ORD03088,P0360,3,370.4,22.22,1088.98
OI008225,ORD03088,P0186,3,54045.5,3242.73,158893.77
OI008226,ORD03088,P0078,2,765.0,0.0,1530.0
OI008227,ORD03088,P0248,2,16444.5,1644.45,31244.55
OI008228,ORD03089,P0201,2,554.8,0.0,1109.6
OI008229,ORD03089,P0139,2,2590.0,0.0,5180.0
OI008230,ORD03089,P0006,2,5196.5,0.0,10393.0
OI008231,ORD03090,P0050,3,66460.0,3987.6,195392.4
OI008232,ORD03090,P0038,1,1213.15,0.0,1213.15
OI008233,ORD03090,P0155,3,42337.5,0.0,127012.5
OI008234,ORD03091,P0149,3,3784.0,0.0,11352.0
OI008235,ORD03091,P0288,1,3521.0,0.0,3521.0
OI008236,ORD03092,P0391,3,2916.0,174.96,8573.04
OI008237,ORD03092,P0128,3,504.0,0.0,1512.0
OI008238,ORD03093,P0253,2,1485.0,0.0,2970.0
OI008239,ORD03093,P0193,2,3094.0,309.4,5878.6
OI008240,ORD03094,P0224,1,44082.0,0.0,44082.0
OI008241,ORD03094,P0042,2,485.45,0.0,970.9
OI008242,ORD03094,P0373,2,11673.0,466.92,22879.08
OI008243,ORD03094,P0081,2,700.0,28.0,1372.0
OI008244,ORD03095,P0017,1,1344.25,67.21,1277.04
OI008245,ORD03095,P0375,2,2466.0,98.64,4833.36
OI008246,ORD03096,P0060,1,1035.0,0.0,1035.0
OI008247,ORD03097,P0307,3,1269.0,0.0,3807.0
OI008248,ORD03097,P0043,3,3472.5,0.0,10417.5
OI008249,ORD03097,P0298,1,312.2,0.0,312.2
OI008250,ORD03098,P0191,1,821.75,41.09,780.66
OI008251,ORD03098,P0083,3,6600.0,0.0,19800.0
OI008252,ORD03099,P0161,1,649.6,0.0,649.6
OI008253,ORD03099,P0095,2,28323.0,1132.92,55513.08
OI008254,ORD03099,P0363,1,22342.5,446.85,21895.65
OI008255,ORD03100,P0077,1,794.0,0.0,794.0
OI008256,ORD03100,P0017,3,1344.25,0.0,4032.75
OI008257,ORD03100,P0146,2,235.2,0.0,470.4
OI008258,ORD03101,P0183,1,1044.0,0.0,1044.0
OI008259,ORD03102,P0328,3,805.0,0.0,2415.0
OI008260,ORD03102,P0186,3,54045.5,3242.73,158893.77
OI008261,ORD03103,P0375,1,2466.0,0.0,2466.0
OI008262,ORD03104,P0299,1,776.15,0.0,776.15
OI008263,ORD03105,P0098,2,739.8,0.0,1479.6
OI008264,ORD03105,P0195,3,1255.0,0.0,3765.0
OI008265,ORD03105,P0151,2,7542.0,0.0,15084.0
OI008266,ORD03106,P0307,2,1269.0,126.9,2411.1
OI008267,ORD03106,P0150,3,201.0,0.0,603.0
OI008268,ORD03106,P0261,1,6880.0,0.0,6880.0
OI008269,ORD03107,P0318,3,57978.0,8696.7,165237.3
OI008270,ORD03108,P0370,2,1501.0,0.0,3002.0
OI008271,ORD03108,P0128,3,504.0,0.0,1512.0
OI008272,ORD03108,P0035,3,34218.0,0.0,102654.0
OI008273,ORD03108,P0167,2,1932.0,0.0,3864.0
OI008274,ORD03108,P0020,1,228.0,0.0,228.0
OI008275,ORD03109,P0392,3,1070.1,64.21,3146.09
OI008276,ORD03110,P0269,2,496.0,19.84,972.16
OI008277,ORD03110,P0370,1,1501.0,0.0,1501.0
OI008278,ORD03110,P0008,3,427.0,0.0,1281.0
OI008279,ORD03111,P0270,3,2265.0,0.0,6795.0
OI008280,ORD03111,P0222,2,441.0,0.0,882.0
OI008281,ORD03112,P0037,1,2619.0,0.0,2619.0
OI008282,ORD03112,P0359,3,16920.0,0.0,50760.0
OI008283,ORD03113,P0093,1,423.0,0.0,423.0
OI008284,ORD03113,P0252,3,1359.45,0.0,4078.35
OI008285,ORD03113,P0203,1,595.0,29.75,565.25
OI008286,ORD03114,P0234,2,4290.0,171.6,8408.4
OI008287,ORD03114,P0262,2,827.25,33.09,1621.41
OI008288,ORD03114,P0046,1,900.0,0.0,900.0
OI008289,ORD03114,P0078,2,765.0,0.0,1530.0
OI008290,ORD03115,P0206,2,774.0,30.96,1517.04
OI008291,ORD03115,P0127,2,2488.0,99.52,4876.48
OI008292,ORD03115,P0123,3,242.4,14.54,712.66
OI008293,ORD03115,P0370,1,1501.0,75.05,1425.95
OI008294,ORD03115,P0369,3,10773.0,646.38,31672.62
OI008295,ORD03116,P0012,3,4740.5,284.43,13937.07
OI008296,ORD03117,P0306,2,1472.0,0.0,2944.0
OI008297,ORD03117,P0051,2,3536.0,0.0,7072.0
OI008298,ORD03117,P0167,1,1932.0,38.64,1893.36
OI008299,ORD03117,P0052,2,596.7,0.0,1193.4
OI008300,ORD03118,P0213,1,414.9,8.3,406.6
OI008301,ORD03118,P0103,2,24800.0,0.0,49600.0
OI008302,ORD03118,P0318,1,57978.0,1159.56,56818.44
OI008303,ORD03119,P0228,1,113667.5,2273.35,111394.15
OI008304,ORD03119,P0252,3,1359.45,0.0,4078.35
OI008305,ORD03120,P0019,2,748.0,0.0,1496.0
OI008306,ORD03121,P0296,2,337.5,0.0,675.0
OI008307,ORD03121,P0298,1,312.2,0.0,312.2
OI008308,ORD03121,P0138,2,794.0,0.0,1588.0
OI008309,ORD03121,P0337,2,3771.0,150.84,7391.16
OI008310,ORD03121,P0238,2,29932.5,2993.25,56871.75
OI008311,ORD03122,P0281,1,3288.0,65.76,3222.24
OI008312,ORD03122,P0389,2,3884.5,0.0,7769.0
OI008313,ORD03122,P0236,1,6860.0,0.0,6860.0
OI008314,ORD03123,P0236,2,6860.0,0.0,13720.0
OI008315,ORD03123,P0070,1,1650.0,82.5,1567.5
OI008316,ORD03124,P0375,3,2466.0,0.0,7398.0
OI008317,ORD03124,P0243,2,1389.0,0.0,2778.0
OI008318,ORD03125,P0197,1,472.0,0.0,472.0
OI008319,ORD03126,P0214,2,13761.5,0.0,27523.0
OI008320,ORD03127,P0217,2,197.1,0.0,394.2
OI008321,ORD03127,P0393,2,472.0,0.0,944.0
OI008322,ORD03128,P0175,2,37540.0,0.0,75080.0
OI008323,ORD03128,P0170,1,4068.0,0.0,4068.0
OI008324,ORD03128,P0328,2,805.0,0.0,1610.0
OI008325,ORD03129,P0398,1,24984.0,0.0,24984.0
OI008326,ORD03129,P0114,2,4329.0,0.0,8658.0
OI008327,ORD03129,P0128,1,504.0,0.0,504.0
OI008328,ORD03129,P0006,1,5196.5,259.82,4936.68
OI008329,ORD03130,P0329,3,771.4,46.28,2267.92
OI008330,ORD03130,P0182,1,491.0,0.0,491.0
OI008331,ORD03130,P0288,3,3521.0,0.0,10563.0
OI008332,ORD03130,P0146,3,235.2,0.0,705.6
OI008333,ORD03131,P0073,2,43839.0,4383.9,83294.1
OI008334,ORD03131,P0002,1,3368.0,0.0,3368.0
OI008335,ORD03131,P0262,3,827.25,49.63,2432.12
OI008336,ORD03131,P0049,2,37323.0,0.0,74646.0
OI008337,ORD03132,P0038,2,1213.15,0.0,2426.3
OI008338,ORD03133,P0221,3,7038.0,1055.7,20058.3
OI008339,ORD03134,P0398,1,24984.0,0.0,24984.0
OI008340,ORD03134,P0364,1,84610.0,0.0,84610.0
OI008341,ORD03135,P0363,1,22342.5,1117.12,21225.38
OI008342,ORD03135,P0392,3,1070.1,0.0,3210.3
OI008343,ORD03135,P0288,2,3521.0,0.0,7042.0
OI008344,ORD03135,P0385,3,813.0,0.0,2439.0
OI008345,ORD03136,P0323,1,3876.0,0.0,3876.0
OI008346,ORD03136,P0272,2,635.0,25.4,1244.6
OI008347,ORD03136,P0277,1,204.0,0.0,204.0
OI008348,ORD03136,P0374,1,1995.0,99.75,1895.25
OI008349,ORD03137,P0381,2,639.0,0.0,1278.0
OI008350,ORD03137,P0025,3,493.05,0.0,1479.15
OI008351,ORD03138,P0198,2,385.0,0.0,770.0
OI008352,ORD03138,P0132,1,876.35,0.0,876.35
OI008353,ORD03138,P0324,2,319.2,31.92,606.48
OI008354,ORD03139,P0039,2,25483.0,0.0,50966.0
OI008355,ORD03139,P0037,1,2619.0,0.0,2619.0
OI008356,ORD03139,P0022,3,338.2,50.73,963.87
OI008357,ORD03139,P0190,1,3163.5,63.27,3100.23
OI008358,ORD03139,P0071,2,11925.0,0.0,23850.0
OI008359,ORD03140,P0173,2,437.0,17.48,856.52
OI008360,ORD03140,P0192,3,129.5,7.77,380.73
OI008361,ORD03140,P0323,2,3876.0,0.0,7752.0
OI008362,ORD03141,P0378,3,1246.95,0.0,3740.85
OI008363,ORD03142,P0128,3,504.0,0.0,1512.0
OI008364,ORD03143,P0047,3,3654.0,548.1,10413.9
OI008365,ORD03144,P0150,2,201.0,0.0,402.0
OI008366,ORD03144,P0088,1,52820.0,0.0,52820.0
OI008367,ORD03144,P0299,1,776.15,0.0,776.15
OI008368,ORD03144,P0140,3,391.0,23.46,1149.54
OI008369,ORD03145,P0376,2,43677.0,1747.08,85606.92
OI008370,ORD03145,P0273,2,1872.0,187.2,3556.8
OI008371,ORD03145,P0260,3,352.0,0.0,1056.0
OI008372,ORD03145,P0334,3,408.6,0.0,1225.8
OI008373,ORD03146,P0040,2,90189.0,0.0,180378.0
OI008374,ORD03146,P0164,1,731.5,14.63,716.87
OI008375,ORD03146,P0359,1,16920.0,846.0,16074.0
OI008376,ORD03147,P0298,3,312.2,46.83,889.77
OI008377,ORD03147,P0195,3,1255.0,75.3,3689.7
OI008378,ORD03147,P0144,1,1928.5,0.0,1928.5
OI008379,ORD03147,P0101,2,461.3,0.0,922.6
OI008380,ORD03148,P0138,2,794.0,0.0,1588.0
OI008381,ORD03149,P0171,1,67370.0,0.0,67370.0
OI008382,ORD03149,P0017,3,1344.25,80.66,3952.09
OI008383,ORD03149,P0299,3,776.15,0.0,2328.45
OI008384,ORD03150,P0030,1,452.7,0.0,452.7
OI008385,ORD03150,P0207,3,6867.0,0.0,20601.0
OI008386,ORD03150,P0109,3,1809.0,108.54,5318.46
OI008387,ORD03151,P0275,2,42363.0,0.0,84726.0
OI008388,ORD03151,P0299,3,776.15,0.0,2328.45
OI008389,ORD03151,P0321,2,170.4,0.0,340.8
OI008390,ORD03152,P0192,2,129.5,5.18,253.82
OI008391,ORD03152,P0214,2,13761.5,1376.15,26146.85
OI008392,ORD03152,P0227,3,307.8,0.0,923.4
OI008393,ORD03152,P0275,1,42363.0,847.26,41515.74
OI008394,ORD03153,P0309,1,4870.0,243.5,4626.5
OI008395,ORD03153,P0131,2,20205.0,808.2,39601.8
OI008396,ORD03153,P0136,3,362.0,0.0,1086.0
OI008397,ORD03154,P0222,3,441.0,26.46,1296.54
OI008398,ORD03154,P0305,3,11367.0,682.02,33418.98
OI008399,ORD03154,P0277,3,204.0,12.24,599.76
OI008400,ORD03155,P0119,1,1730.0,0.0,1730.0
OI008401,ORD03155,P0329,3,771.4,115.71,2198.49
OI008402,ORD03155,P0131,2,20205.0,808.2,39601.8
OI008403,ORD03156,P0042,3,485.45,0.0,1456.35
OI008404,ORD03156,P0358,3,1111.0,0.0,3333.0
OI008405,ORD03157,P0342,1,194.65,0.0,194.65
OI008406,ORD03158,P0255,1,56373.0,0.0,56373.0
OI008407,ORD03159,P0303,3,369.75,0.0,1109.25
OI008408,ORD03160,P0355,2,478.0,0.0,956.0
OI008409,ORD03160,P0192,1,129.5,0.0,129.5
OI008410,ORD03160,P0136,2,362.0,36.2,687.8
OI008411,ORD03160,P0251,2,25200.0,0.0,50400.0
OI008412,ORD03160,P0239,3,281.6,0.0,844.8
OI008413,ORD03161,P0073,1,43839.0,0.0,43839.0
OI008414,ORD03161,P0292,2,204.0,20.4,387.6
OI008415,ORD03161,P0192,1,129.5,0.0,129.5
OI008416,ORD03162,P0120,2,9603.0,0.0,19206.0
OI008417,ORD03163,P0070,2,1650.0,0.0,3300.0
OI008418,ORD03163,P0220,1,840.0,42.0,798.0
OI008419,ORD03163,P0045,2,2888.0,0.0,5776.0
OI008420,ORD03163,P0233,1,400.5,8.01,392.49
OI008421,ORD03164,P0378,2,1246.95,0.0,2493.9
OI008422,ORD03164,P0274,2,2320.0,0.0,4640.0
OI008423,ORD03164,P0299,2,776.15,77.62,1474.68
OI008424,ORD03164,P0180,2,10370.0,0.0,20740.0
OI008425,ORD03164,P0251,2,25200.0,0.0,50400.0
OI008426,ORD03165,P0306,1,1472.0,0.0,1472.0
OI008427,ORD03166,P0210,3,1050.6,0.0,3151.8
OI008428,ORD03167,P0257,1,529.15,0.0,529.15
OI008429,ORD03167,P0217,2,197.1,0.0,394.2
OI008430,ORD03167,P0096,2,26621.0,2662.1,50579.9
OI008431,ORD03168,P0033,1,30405.0,1520.25,28884.75
OI008432,ORD03168,P0340,1,7880.0,0.0,7880.0
OI008433,ORD03168,P0356,3,7398.0,0.0,22194.0
OI008434,ORD03169,P0033,2,30405.0,0.0,60810.0
OI008435,ORD03169,P0099,2,2871.0,0.0,5742.0
OI008436,ORD03169,P0266,1,30160.0,0.0,30160.0
OI008437,ORD03169,P0097,1,2859.5,57.19,2802.31
OI008438,ORD03170,P0354,3,253.8,0.0,761.4
OI008439,ORD03170,P0003,1,79590.0,3979.5,75610.5
OI008440,ORD03170,P0181,3,177.0,26.55,504.45
OI008441,ORD03171,P0321,1,170.4,0.0,170.4
OI008442,ORD03171,P0165,2,2259.0,225.9,4292.1
OI008443,ORD03171,P0099,3,2871.0,0.0,8613.0
OI008444,ORD03172,P0272,3,635.0,0.0,1905.0
OI008445,ORD03172,P0235,1,1960.0,39.2,1920.8
OI008446,ORD03173,P0228,3,113667.5,0.0,341002.5
OI008447,ORD03173,P0004,2,4395.0,439.5,8350.5
OI008448,ORD03173,P0035,2,34218.0,1368.72,67067.28
OI008449,ORD03174,P0059,2,1367.1,136.71,2597.49
OI008450,ORD03174,P0020,3,228.0,0.0,684.0
OI008451,ORD03174,P0067,3,270.0,0.0,810.0
OI008452,ORD03174,P0051,2,3536.0,0.0,7072.0
OI008453,ORD03174,P0397,2,468.75,18.75,918.75
OI008454,ORD03175,P0095,1,28323.0,0.0,28323.0
OI008455,ORD03175,P0103,2,24800.0,992.0,48608.0
OI008456,ORD03175,P0185,1,1830.0,91.5,1738.5
OI008457,ORD03175,P0391,1,2916.0,145.8,2770.2
OI008458,ORD03176,P0326,1,908.0,0.0,908.0
OI008459,ORD03176,P0214,2,13761.5,0.0,27523.0
OI008460,ORD03176,P0297,3,3416.0,204.96,10043.04
OI008461,ORD03177,P0021,1,246.0,12.3,233.7
OI008462,ORD03177,P0091,2,184.0,0.0,368.0
OI008463,ORD03177,P0340,2,7880.0,0.0,15760.0
OI008464,ORD03178,P0202,2,801.0,0.0,1602.0
OI008465,ORD03178,P0296,3,337.5,0.0,1012.5
OI008466,ORD03179,P0134,3,12300.0,1845.0,35055.0
OI008467,ORD03179,P0283,1,28775.5,0.0,28775.5
OI008468,ORD03180,P0035,3,34218.0,0.0,102654.0
OI008469,ORD03181,P0007,1,889.5,0.0,889.5
OI008470,ORD03181,P0086,2,7780.0,0.0,15560.0
OI008471,ORD03181,P0258,1,132.0,6.6,125.4
OI008472,ORD03181,P0202,3,801.0,48.06,2354.94
OI008473,ORD03182,P0289,3,12807.0,0.0,38421.0
OI008474,ORD03182,P0186,2,54045.5,2161.82,105929.18
OI008475,ORD03182,P0379,3,154.7,9.28,454.82
OI008476,ORD03183,P0156,1,5500.5,110.01,5390.49
OI008477,ORD03183,P0097,2,2859.5,0.0,5719.0
OI008478,ORD03183,P0196,1,2934.0,58.68,2875.32
OI008479,ORD03184,P0178,2,85950.0,0.0,171900.0
OI008480,ORD03184,P0141,3,74679.5,11201.93,212836.57
OI008481,ORD03185,P0370,3,1501.0,0.0,4503.0
OI008482,ORD03186,P0163,2,781.0,0.0,1562.0
OI008483,ORD03187,P0123,3,242.4,0.0,727.2
OI008484,ORD03187,P0186,3,54045.5,0.0,162136.5
OI008485,ORD03187,P0124,1,48142.5,2407.12,45735.38
OI008486,ORD03188,P0009,1,14017.5,0.0,14017.5
OI008487,ORD03188,P0195,3,1255.0,0.0,3765.0
OI008488,ORD03188,P0190,1,3163.5,0.0,3163.5
OI008489,ORD03189,P0089,1,2712.0,54.24,2657.76
OI008490,ORD03189,P0186,1,54045.5,0.0,54045.5
OI008491,ORD03189,P0387,3,7968.0,478.08,23425.92
OI008492,ORD03189,P0201,3,554.8,0.0,1664.4
OI008493,ORD03189,P0188,2,15861.0,0.0,31722.0
OI008494,ORD03190,P0307,3,1269.0,0.0,3807.0
OI008495,ORD03191,P0161,1,649.6,32.48,617.12
OI008496,ORD03191,P0296,2,337.5,13.5,661.5
OI008497,ORD03192,P0209,3,8016.0,0.0,24048.0
OI008498,ORD03192,P0271,2,2827.5,0.0,5655.0
OI008499,ORD03193,P0096,2,26621.0,1064.84,52177.16
OI008500,ORD03193,P0322,2,8527.5,0.0,17055.0
OI008501,ORD03194,P0070,1,1650.0,82.5,1567.5
OI008502,ORD03195,P0210,1,1050.6,0.0,1050.6
OI008503,ORD03195,P0224,3,44082.0,0.0,132246.0
OI008504,ORD03196,P0085,3,2812.0,168.72,8267.28
OI008505,ORD03196,P0043,1,3472.5,0.0,3472.5
OI008506,ORD03197,P0169,3,6279.0,0.0,18837.0
OI008507,ORD03197,P0258,2,132.0,5.28,258.72
OI008508,ORD03197,P0125,2,608.0,0.0,1216.0
OI008509,ORD03197,P0249,1,748.0,0.0,748.0
OI008510,ORD03198,P0040,2,90189.0,0.0,180378.0
OI008511,ORD03198,P0025,2,493.05,19.72,966.38
OI008512,ORD03198,P0246,3,1377.5,0.0,4132.5
OI008513,ORD03199,P0113,1,498.0,0.0,498.0
OI008514,ORD03199,P0282,1,7600.0,0.0,7600.0
OI008515,ORD03200,P0219,3,12090.0,0.0,36270.0
OI008516,ORD03201,P0141,1,74679.5,0.0,74679.5
OI008517,ORD03201,P0077,3,794.0,119.1,2262.9
OI008518,ORD03201,P0277,1,204.0,10.2,193.8
OI008519,ORD03201,P0355,3,478.0,0.0,1434.0
OI008520,ORD03201,P0024,3,587.7,88.16,1674.94
OI008521,ORD03202,P0068,1,446.4,0.0,446.4
OI008522,ORD03202,P0120,1,9603.0,480.15,9122.85
OI008523,ORD03202,P0383,1,39427.5,0.0,39427.5
OI008524,ORD03202,P0029,1,102.6,5.13,97.47
OI008525,ORD03203,P0003,1,79590.0,1591.8,77998.2
OI008526,ORD03203,P0294,2,315.9,0.0,631.8
OI008527,ORD03204,P0399,3,295.0,44.25,840.75
OI008528,ORD03204,P0161,3,649.6,0.0,1948.8
OI008529,ORD03205,P0220,3,840.0,126.0,2394.0
OI008530,ORD03205,P0129,3,348.0,52.2,991.8
OI008531,ORD03206,P0336,2,2520.0,0.0,5040.0
OI008532,ORD03206,P0176,3,55928.0,3355.68,164428.32
OI008533,ORD03206,P0121,3,1665.0,0.0,4995.0
OI008534,ORD03206,P0222,1,441.0,0.0,441.0
OI008535,ORD03206,P0187,2,2135.0,0.0,4270.0
OI008536,ORD03207,P0240,2,7990.0,0.0,15980.0
OI008537,ORD03207,P0200,3,2529.0,0.0,7587.0
OI008538,ORD03207,P0296,2,337.5,13.5,661.5
OI008539,ORD03208,P0238,3,29932.5,0.0,89797.5
OI008540,ORD03208,P0058,3,4869.0,0.0,14607.0
OI008541,ORD03208,P0112,1,1026.0,51.3,974.7
OI008542,ORD03208,P0302,3,1929.5,0.0,5788.5
OI008543,ORD03208,P0026,3,7047.0,0.0,21141.0
OI008544,ORD03209,P0350,1,18711.0,0.0,18711.0
OI008545,ORD03210,P0012,3,4740.5,284.43,13937.07
OI008546,ORD03210,P0001,2,261.0,0.0,522.0
OI008547,ORD03210,P0137,1,4372.5,0.0,4372.5
OI008548,ORD03210,P0063,3,2286.0,0.0,6858.0
OI008549,ORD03211,P0361,2,4263.0,0.0,8526.0
OI008550,ORD03211,P0170,1,4068.0,81.36,3986.64
OI008551,ORD03211,P0045,1,2888.0,0.0,2888.0
OI008552,ORD03211,P0026,2,7047.0,281.88,13812.12
OI008553,ORD03211,P0156,1,5500.5,110.01,5390.49
OI008554,ORD03212,P0327,3,165.75,0.0,497.25
OI008555,ORD03212,P0394,1,1550.0,0.0,1550.0
OI008556,ORD03212,P0303,3,369.75,0.0,1109.25
OI008557,ORD03213,P0105,1,1600.0,0.0,1600.0
OI008558,ORD03213,P0165,3,2259.0,0.0,6777.0
OI008559,ORD03213,P0219,2,12090.0,0.0,24180.0
OI008560,ORD03214,P0224,3,44082.0,0.0,132246.0
OI008561,ORD03214,P0278,1,396.1,0.0,396.1
OI008562,ORD03215,P0168,1,8036.0,0.0,8036.0
OI008563,ORD03215,P0190,2,3163.5,0.0,6327.0
OI008564,ORD03216,P0080,1,36824.0,0.0,36824.0
OI008565,ORD03217,P0047,2,3654.0,365.4,6942.6
OI008566,ORD03217,P0159,3,11007.5,0.0,33022.5
OI008567,ORD03218,P0318,1,57978.0,0.0,57978.0
OI008568,ORD03219,P0145,1,720.9,36.05,684.85
OI008569,ORD03219,P0213,1,414.9,20.75,394.15
OI008570,ORD03220,P0130,3,4100.0,0.0,12300.0
OI008571,ORD03220,P0128,2,504.0,20.16,987.84
OI008572,ORD03221,P0304,1,28441.0,0.0,28441.0
OI008573,ORD03221,P0357,2,7182.5,0.0,14365.0
OI008574,ORD03221,P0082,2,61.0,0.0,122.0
OI008575,ORD03221,P0155,1,42337.5,846.75,41490.75
OI008576,ORD03221,P0298,1,312.2,0.0,312.2
OI008577,ORD03222,P0199,3,7791.0,0.0,23373.0
OI008578,ORD03222,P0097,2,2859.5,0.0,5719.0
OI008579,ORD03222,P0192,2,129.5,0.0,259.0
OI008580,ORD03223,P0104,3,1100.8,0.0,3302.4
OI008581,ORD03223,P0114,2,4329.0,0.0,8658.0
OI008582,ORD03223,P0310,3,16055.0,0.0,48165.0
OI008583,ORD03224,P0010,1,11568.0,578.4,10989.6
OI008584,ORD03224,P0121,1,1665.0,0.0,1665.0
OI008585,ORD03224,P0133,3,10760.0,1614.0,30666.0
OI008586,ORD03225,P0325,1,3390.0,0.0,3390.0
OI008587,ORD03225,P0387,3,7968.0,1195.2,22708.8
OI008588,ORD03226,P0143,1,2061.0,0.0,2061.0
OI008589,ORD03226,P0081,1,700.0,0.0,700.0
OI008590,ORD03226,P0312,1,1836.0,0.0,1836.0
OI008591,ORD03226,P0122,3,550.0,82.5,1567.5
OI008592,ORD03226,P0306,3,1472.0,0.0,4416.0
OI008593,ORD03227,P0056,1,3800.0,0.0,3800.0
OI008594,ORD03228,P0152,2,726.75,0.0,1453.5
OI008595,ORD03228,P0388,1,9162.0,458.1,8703.9
OI008596,ORD03228,P0250,2,290.4,0.0,580.8
OI008597,ORD03229,P0325,2,3390.0,0.0,6780.0
OI008598,ORD03230,P0292,1,204.0,0.0,204.0
OI008599,ORD03230,P0168,3,8036.0,0.0,24108.0
OI008600,ORD03230,P0035,3,34218.0,0.0,102654.0
OI008601,ORD03231,P0356,3,7398.0,1109.7,21084.3
OI008602,ORD03231,P0105,1,1600.0,0.0,1600.0
OI008603,ORD03231,P0235,1,1960.0,39.2,1920.8
OI008604,ORD03231,P0047,2,3654.0,0.0,7308.0
OI008605,ORD03232,P0001,3,261.0,0.0,783.0
OI008606,ORD03232,P0379,2,154.7,0.0,309.4
OI008607,ORD03232,P0103,3,24800.0,3720.0,70680.0
OI008608,ORD03233,P0140,1,391.0,7.82,383.18
OI008609,ORD03233,P0016,3,2751.0,412.65,7840.35
OI008610,ORD03234,P0307,1,1269.0,0.0,1269.0
OI008611,ORD03235,P0146,1,235.2,4.7,230.5
OI008612,ORD03236,P0064,1,6170.0,0.0,6170.0
OI008613,ORD03236,P0081,2,700.0,28.0,1372.0
OI008614,ORD03236,P0063,2,2286.0,0.0,4572.0
OI008615,ORD03236,P0171,3,67370.0,0.0,202110.0
OI008616,ORD03237,P0199,3,7791.0,0.0,23373.0
OI008617,ORD03237,P0354,1,253.8,0.0,253.8
OI008618,ORD03238,P0363,2,22342.5,0.0,44685.0
OI008619,ORD03239,P0200,2,2529.0,252.9,4805.1
OI008620,ORD03239,P0016,3,2751.0,0.0,8253.0
OI008621,ORD03239,P0163,2,781.0,0.0,1562.0
OI008622,ORD03239,P0324,1,319.2,0.0,319.2
OI008623,ORD03239,P0372,2,6732.0,269.28,13194.72
OI008624,ORD03240,P0218,3,610.4,36.62,1794.58
OI008625,ORD03240,P0231,1,2061.5,103.08,1958.42
OI008626,ORD03241,P0372,1,6732.0,336.6,6395.4
OI008627,ORD03241,P0376,2,43677.0,0.0,87354.0
OI008628,ORD03242,P0002,1,3368.0,0.0,3368.0
OI008629,ORD03242,P0336,2,2520.0,0.0,5040.0
OI008630,ORD03243,P0389,3,3884.5,0.0,11653.5
OI008631,ORD03243,P0209,2,8016.0,320.64,15711.36
OI008632,ORD03243,P0088,3,52820.0,0.0,158460.0
OI008633,ORD03243,P0366,3,13920.0,0.0,41760.0
OI008634,ORD03243,P0044,3,11970.0,0.0,35910.0
OI008635,ORD03244,P0042,2,485.45,0.0,970.9
OI008636,ORD03244,P0007,2,889.5,35.58,1743.42
OI008637,ORD03244,P0162,1,130020.0,2600.4,127419.6
OI008638,ORD03244,P0312,3,1836.0,0.0,5508.0
OI008639,ORD03245,P0378,3,1246.95,74.82,3666.03
OI008640,ORD03245,P0105,2,1600.0,64.0,3136.0
OI008641,ORD03245,P0178,3,85950.0,0.0,257850.0
OI008642,ORD03246,P0133,3,10760.0,1614.0,30666.0
OI008643,ORD03246,P0123,1,242.4,4.85,237.55
OI008644,ORD03247,P0293,1,1341.0,67.05,1273.95
OI008645,ORD03247,P0177,1,618.8,0.0,618.8
OI008646,ORD03248,P0231,1,2061.5,41.23,2020.27
OI008647,ORD03248,P0221,2,7038.0,0.0,14076.0
OI008648,ORD03248,P0012,3,4740.5,0.0,14221.5
OI008649,ORD03249,P0069,3,380.0,0.0,1140.0
OI008650,ORD03249,P0389,3,3884.5,0.0,11653.5
OI008651,ORD03250,P0187,2,2135.0,0.0,4270.0
OI008652,ORD03250,P0051,2,3536.0,353.6,6718.4
OI008653,ORD03250,P0006,2,5196.5,519.65,9873.35
OI008654,ORD03250,P0147,1,23805.0,0.0,23805.0
OI008655,ORD03250,P0325,3,3390.0,0.0,10170.0
OI008656,ORD03251,P0182,3,491.0,73.65,1399.35
OI008657,ORD03251,P0279,2,256.5,0.0,513.0
OI008658,ORD03251,P0110,1,116.0,5.8,110.2
OI008659,ORD03251,P0249,3,748.0,0.0,2244.0
OI008660,ORD03252,P0161,2,649.6,25.98,1273.22
OI008661,ORD03253,P0196,2,2934.0,0.0,5868.0
OI008662,ORD03253,P0161,1,649.6,32.48,617.12
OI008663,ORD03253,P0308,2,6842.5,0.0,13685.0
OI008664,ORD03253,P0060,1,1035.0,0.0,1035.0
OI008665,ORD03253,P0392,3,1070.1,160.51,3049.79
OI008666,ORD03254,P0143,3,2061.0,0.0,6183.0
OI008667,ORD03255,P0296,2,337.5,33.75,641.25
OI008668,ORD03256,P0020,3,228.0,34.2,649.8
OI008669,ORD03256,P0327,1,165.75,0.0,165.75
OI008670,ORD03256,P0323,2,3876.0,0.0,7752.0
OI008671,ORD03257,P0287,3,9270.0,0.0,27810.0
OI008672,ORD03258,P0267,1,69400.0,0.0,69400.0
OI008673,ORD03258,P0353,2,782.0,0.0,1564.0
OI008674,ORD03258,P0056,1,3800.0,76.0,3724.0
OI008675,ORD03259,P0029,2,102.6,0.0,205.2
OI008676,ORD03259,P0336,3,2520.0,0.0,7560.0
OI008677,ORD03260,P0191,1,821.75,0.0,821.75
OI008678,ORD03260,P0055,3,7923.0,1188.45,22580.55
OI008679,ORD03260,P0088,2,52820.0,0.0,105640.0
OI008680,ORD03260,P0023,2,4870.0,194.8,9545.2
OI008681,ORD03260,P0263,1,1287.0,0.0,1287.0
OI008682,ORD03261,P0082,2,61.0,0.0,122.0
OI008683,ORD03261,P0035,1,34218.0,0.0,34218.0
OI008684,ORD03261,P0114,1,4329.0,0.0,4329.0
OI008685,ORD03261,P0041,3,19983.5,0.0,59950.5
OI008686,ORD03262,P0050,3,66460.0,0.0,199380.0
OI008687,ORD03262,P0311,2,43728.0,0.0,87456.0
OI008688,ORD03263,P0292,1,204.0,0.0,204.0
OI008689,ORD03263,P0232,1,25740.0,0.0,25740.0
OI008690,ORD03263,P0071,2,11925.0,0.0,23850.0
OI008691,ORD03263,P0149,1,3784.0,0.0,3784.0
OI008692,ORD03264,P0170,3,4068.0,0.0,12204.0
OI008693,ORD03264,P0353,2,782.0,31.28,1532.72
OI008694,ORD03265,P0106,1,1952.0,0.0,1952.0
OI008695,ORD03265,P0258,1,132.0,6.6,125.4
OI008696,ORD03265,P0195,1,1255.0,62.75,1192.25
OI008697,ORD03265,P0266,1,30160.0,603.2,29556.8
OI008698,ORD03266,P0078,2,765.0,30.6,1499.4
OI008699,ORD03267,P0017,1,1344.25,26.89,1317.36
OI008700,ORD03267,P0238,3,29932.5,0.0,89797.5
OI008701,ORD03268,P0264,3,3980.0,0.0,11940.0
OI008702,ORD03268,P0146,3,235.2,35.28,670.32
OI008703,ORD03269,P0121,1,1665.0,0.0,1665.0
OI008704,ORD03270,P0199,3,7791.0,0.0,23373.0
OI008705,ORD03271,P0073,3,43839.0,0.0,131517.0
OI008706,ORD03271,P0399,3,295.0,17.7,867.3
OI008707,ORD03271,P0183,3,1044.0,0.0,3132.0
OI008708,ORD03272,P0393,2,472.0,0.0,944.0
OI008709,ORD03272,P0362,3,9486.0,569.16,27888.84
OI008710,ORD03272,P0100,3,1320.0,0.0,3960.0
OI008711,ORD03272,P0330,3,544.0,81.6,1550.4
OI008712,ORD03272,P0153,3,792.4,118.86,2258.34
OI008713,ORD03273,P0185,3,1830.0,0.0,5490.0
OI008714,ORD03273,P0090,3,11600.0,0.0,34800.0
OI008715,ORD03274,P0244,2,24093.0,0.0,48186.0
OI008716,ORD03274,P0333,3,11480.0,688.8,33751.2
OI008717,ORD03274,P0073,2,43839.0,1753.56,85924.44
OI008718,ORD03275,P0036,2,594.0,59.4,1128.6
OI008719,ORD03275,P0182,1,491.0,0.0,491.0
OI008720,ORD03276,P0173,3,437.0,65.55,1245.45
OI008721,ORD03276,P0169,1,6279.0,0.0,6279.0
OI008722,ORD03276,P0236,2,6860.0,0.0,13720.0
OI008723,ORD03277,P0102,1,509.0,0.0,509.0
OI008724,ORD03277,P0321,2,170.4,6.82,333.98
OI008725,ORD03277,P0168,2,8036.0,0.0,16072.0
OI008726,ORD03277,P0180,2,10370.0,0.0,20740.0
OI008727,ORD03278,P0083,3,6600.0,0.0,19800.0
OI008728,ORD03278,P0114,3,4329.0,0.0,12987.0
OI008729,ORD03279,P0048,2,2213.5,221.35,4205.65
OI008730,ORD03279,P0148,3,855.95,0.0,2567.85
OI008731,ORD03279,P0108,3,41676.5,0.0,125029.5
OI008732,ORD03279,P0397,3,468.75,70.31,1335.94
OI008733,ORD03280,P0226,2,10590.0,0.0,21180.0
OI008734,ORD03281,P0299,3,776.15,46.57,2281.88
OI008735,ORD03281,P0002,3,3368.0,0.0,10104.0
OI008736,ORD03282,P0053,2,2260.0,0.0,4520.0
OI008737,ORD03282,P0228,2,113667.5,4546.7,222788.3
OI008738,ORD03282,P0372,3,6732.0,0.0,20196.0
OI008739,ORD03283,P0215,2,12010.5,480.42,23540.58
OI008740,ORD03284,P0048,1,2213.5,0.0,2213.5
OI008741,ORD03285,P0387,3,7968.0,478.08,23425.92
OI008742,ORD03285,P0211,3,1030.0,0.0,3090.0
OI008743,ORD03286,P0285,1,870.0,0.0,870.0
OI008744,ORD03286,P0294,1,315.9,6.32,309.58
OI008745,ORD03287,P0111,2,6165.0,0.0,12330.0
OI008746,ORD03287,P0026,3,7047.0,0.0,21141.0
OI008747,ORD03287,P0069,3,380.0,0.0,1140.0
OI008748,ORD03288,P0293,3,1341.0,0.0,4023.0
OI008749,ORD03288,P0015,2,31560.0,3156.0,59964.0
OI008750,ORD03289,P0296,3,337.5,0.0,1012.5
OI008751,ORD03289,P0270,1,2265.0,0.0,2265.0
OI008752,ORD03290,P0086,3,7780.0,1167.0,22173.0
OI008753,ORD03290,P0363,2,22342.5,0.0,44685.0
OI008754,ORD03290,P0351,1,922.5,0.0,922.5
OI008755,ORD03291,P0204,2,8512.0,0.0,17024.0
OI008756,ORD03291,P0037,2,2619.0,104.76,5133.24
OI008757,ORD03291,P0274,1,2320.0,0.0,2320.0
OI008758,ORD03292,P0176,2,55928.0,2237.12,109618.88
OI008759,ORD03292,P0321,1,170.4,0.0,170.4
OI008760,ORD03292,P0144,3,1928.5,289.28,5496.22
OI008761,ORD03292,P0132,3,876.35,131.45,2497.6
OI008762,ORD03293,P0129,1,348.0,6.96,341.04
OI008763,ORD03293,P0267,2,69400.0,0.0,138800.0
OI008764,ORD03293,P0237,1,35595.0,0.0,35595.0
OI008765,ORD03293,P0324,3,319.2,0.0,957.6
OI008766,ORD03294,P0302,1,1929.5,38.59,1890.91
OI008767,ORD03294,P0292,3,204.0,0.0,612.0
OI008768,ORD03294,P0398,1,24984.0,0.0,24984.0
OI008769,ORD03294,P0254,1,2302.5,0.0,2302.5
OI008770,ORD03295,P0184,3,16507.0,0.0,49521.0
OI008771,ORD03295,P0115,3,479.25,0.0,1437.75
OI008772,ORD03295,P0143,3,2061.0,0.0,6183.0
OI008773,ORD03296,P0079,1,513.95,10.28,503.67
OI008774,ORD03296,P0227,3,307.8,46.17,877.23
OI008775,ORD03296,P0089,2,2712.0,0.0,5424.0
OI008776,ORD03297,P0252,3,1359.45,203.92,3874.43
OI008777,ORD03297,P0158,1,2362.5,0.0,2362.5
OI008778,ORD03297,P0170,2,4068.0,0.0,8136.0
OI008779,ORD03297,P0261,2,6880.0,688.0,13072.0
OI008780,ORD03298,P0361,3,4263.0,0.0,12789.0
OI008781,ORD03298,P0009,3,14017.5,0.0,42052.5
OI008782,ORD03298,P0393,3,472.0,0.0,1416.0
OI008783,ORD03299,P0157,2,65240.0,2609.6,127870.4
OI008784,ORD03299,P0171,1,67370.0,0.0,67370.0
OI008785,ORD03299,P0027,3,15750.0,0.0,47250.0
OI008786,ORD03299,P0343,1,279.2,5.58,273.62
OI008787,ORD03300,P0349,2,2082.5,83.3,4081.7
OI008788,ORD03300,P0228,1,113667.5,2273.35,111394.15
OI008789,ORD03301,P0104,1,1100.8,0.0,1100.8
OI008790,ORD03302,P0081,3,700.0,105.0,1995.0
OI008791,ORD03303,P0150,1,201.0,0.0,201.0
OI008792,ORD03303,P0193,2,3094.0,0.0,6188.0
OI008793,ORD03304,P0199,2,7791.0,0.0,15582.0
OI008794,ORD03305,P0216,2,2160.0,0.0,4320.0
OI008795,ORD03305,P0302,2,1929.5,0.0,3859.0
OI008796,ORD03305,P0002,3,3368.0,0.0,10104.0
OI008797,ORD03306,P0165,3,2259.0,0.0,6777.0
OI008798,ORD03306,P0057,2,1809.0,0.0,3618.0
OI008799,ORD03306,P0319,1,3672.0,0.0,3672.0
OI008800,ORD03307,P0303,1,369.75,0.0,369.75
OI008801,ORD03307,P0319,2,3672.0,367.2,6976.8
OI008802,ORD03308,P0289,3,12807.0,0.0,38421.0
OI008803,ORD03308,P0279,3,256.5,38.48,731.02
OI008804,ORD03308,P0069,3,380.0,0.0,1140.0
OI008805,ORD03308,P0133,1,10760.0,0.0,10760.0
OI008806,ORD03308,P0202,3,801.0,0.0,2403.0
OI008807,ORD03309,P0157,3,65240.0,9786.0,185934.0
OI008808,ORD03309,P0247,1,6405.0,0.0,6405.0
OI008809,ORD03310,P0191,3,821.75,123.26,2341.99
OI008810,ORD03310,P0151,3,7542.0,0.0,22626.0
OI008811,ORD03310,P0113,3,498.0,0.0,1494.0
OI008812,ORD03311,P0107,3,1719.5,0.0,5158.5
OI008813,ORD03312,P0165,3,2259.0,135.54,6641.46
OI008814,ORD03312,P0104,2,1100.8,110.08,2091.52
OI008815,ORD03312,P0282,2,7600.0,304.0,14896.0
OI008816,ORD03312,P0222,3,441.0,0.0,1323.0
OI008817,ORD03313,P0351,3,922.5,0.0,2767.5
OI008818,ORD03313,P0017,3,1344.25,0.0,4032.75
OI008819,ORD03313,P0222,2,441.0,44.1,837.9
OI008820,ORD03313,P0003,3,79590.0,0.0,238770.0
OI008821,ORD03314,P0197,3,472.0,70.8,1345.2
OI008822,ORD03314,P0332,2,32277.0,1291.08,63262.92
OI008823,ORD03315,P0156,2,5500.5,220.02,10780.98
OI008824,ORD03316,P0192,3,129.5,19.43,369.07
OI008825,ORD03317,P0338,3,4674.0,701.1,13320.9
OI008826,ORD03317,P0316,1,6298.5,125.97,6172.53
OI008827,ORD03317,P0280,3,7132.5,1069.88,20327.62
OI008828,ORD03318,P0110,1,116.0,0.0,116.0
OI008829,ORD03318,P0003,3,79590.0,11938.5,226831.5
OI008830,ORD03318,P0054,1,1603.0,0.0,1603.0
OI008831,ORD03319,P0241,3,117.6,7.06,345.74
OI008832,ORD03319,P0200,1,2529.0,0.0,2529.0
OI008833,ORD03319,P0001,3,261.0,15.66,767.34
OI008834,ORD03320,P0016,3,2751.0,0.0,8253.0
OI008835,ORD03320,P0021,2,246.0,0.0,492.0
OI008836,ORD03320,P0006,1,5196.5,103.93,5092.57
OI008837,ORD03320,P0371,3,2180.0,0.0,6540.0
OI008838,ORD03321,P0363,1,22342.5,0.0,22342.5
OI008839,ORD03321,P0032,1,873.0,0.0,873.0
OI008840,ORD03321,P0026,2,7047.0,0.0,14094.0
OI008841,ORD03322,P0125,1,608.0,0.0,608.0
OI008842,ORD03323,P0101,1,461.3,9.23,452.07
OI008843,ORD03323,P0373,1,11673.0,0.0,11673.0
OI008844,ORD03323,P0041,3,19983.5,0.0,59950.5
OI008845,ORD03324,P0321,1,170.4,8.52,161.88
OI008846,ORD03324,P0066,1,21582.0,0.0,21582.0
OI008847,ORD03324,P0219,2,12090.0,483.6,23696.4
OI008848,ORD03324,P0344,1,10850.0,0.0,10850.0
OI008849,ORD03324,P0110,2,116.0,0.0,232.0
OI008850,ORD03325,P0354,3,253.8,0.0,761.4
OI008851,ORD03325,P0261,3,6880.0,0.0,20640.0
OI008852,ORD03326,P0388,1,9162.0,183.24,8978.76
OI008853,ORD03326,P0260,2,352.0,0.0,704.0
OI008854,ORD03327,P0019,1,748.0,0.0,748.0
OI008855,ORD03327,P0373,1,11673.0,0.0,11673.0
OI008856,ORD03327,P0020,2,228.0,0.0,456.0
OI008857,ORD03328,P0016,1,2751.0,0.0,2751.0
OI008858,ORD03328,P0395,3,1710.0,256.5,4873.5
OI008859,ORD03328,P0318,3,57978.0,0.0,173934.0
OI008860,ORD03329,P0349,2,2082.5,0.0,4165.0
OI008861,ORD03329,P0154,3,10780.0,0.0,32340.0
OI008862,ORD03330,P0018,2,730.0,0.0,1460.0
OI008863,ORD03330,P0111,3,6165.0,0.0,18495.0
OI008864,ORD03331,P0156,1,5500.5,0.0,5500.5
OI008865,ORD03331,P0234,2,4290.0,0.0,8580.0
OI008866,ORD03331,P0238,1,29932.5,0.0,29932.5
OI008867,ORD03331,P0131,1,20205.0,1010.25,19194.75
OI008868,ORD03331,P0289,2,12807.0,0.0,25614.0
OI008869,ORD03332,P0202,3,801.0,0.0,2403.0
OI008870,ORD03332,P0157,1,65240.0,0.0,65240.0
OI008871,ORD03333,P0126,1,7938.0,158.76,7779.24
OI008872,ORD03333,P0211,1,1030.0,0.0,1030.0
OI008873,ORD03333,P0049,3,37323.0,2239.38,109729.62
OI008874,ORD03333,P0082,3,61.0,0.0,183.0
OI008875,ORD03334,P0194,3,50310.0,3018.6,147911.4
OI008876,ORD03334,P0011,1,13991.0,279.82,13711.18
OI008877,ORD03334,P0309,3,4870.0,0.0,14610.0
OI008878,ORD03334,P0039,2,25483.0,0.0,50966.0
OI008879,ORD03334,P0243,2,1389.0,0.0,2778.0
OI008880,ORD03335,P0098,3,739.8,0.0,2219.4
OI008881,ORD03336,P0099,3,2871.0,0.0,8613.0
OI008882,ORD03336,P0224,2,44082.0,0.0,88164.0
OI008883,ORD03337,P0093,3,423.0,63.45,1205.55
OI008884,ORD03337,P0299,2,776.15,0.0,1552.3
OI008885,ORD03337,P0247,2,6405.0,256.2,12553.8
OI008886,ORD03338,P0263,2,1287.0,0.0,2574.0
OI008887,ORD03338,P0399,3,295.0,44.25,840.75
OI008888,ORD03338,P0083,3,6600.0,396.0,19404.0
OI008889,ORD03339,P0297,3,3416.0,0.0,10248.0
OI008890,ORD03339,P0198,2,385.0,0.0,770.0
OI008891,ORD03339,P0049,2,37323.0,0.0,74646.0
OI008892,ORD03339,P0236,2,6860.0,0.0,13720.0
OI008893,ORD03339,P0321,1,170.4,0.0,170.4
OI008894,ORD03340,P0341,2,5664.0,0.0,11328.0
OI008895,ORD03340,P0360,1,370.4,0.0,370.4
OI008896,ORD03341,P0042,3,485.45,72.82,1383.53
OI008897,ORD03341,P0348,2,12978.0,0.0,25956.0
OI008898,ORD03341,P0227,3,307.8,0.0,923.4
OI008899,ORD03341,P0156,3,5500.5,825.08,15676.42
OI008900,ORD03341,P0372,3,6732.0,0.0,20196.0
OI008901,ORD03342,P0398,2,24984.0,999.36,48968.64
OI008902,ORD03343,P0321,2,170.4,6.82,333.98
OI008903,ORD03344,P0062,1,12901.0,0.0,12901.0
OI008904,ORD03344,P0399,2,295.0,0.0,590.0
OI008905,ORD03344,P0230,2,112208.0,11220.8,213195.2
OI008906,ORD03345,P0217,2,197.1,0.0,394.2
OI008907,ORD03345,P0041,2,19983.5,799.34,39167.66
OI008908,ORD03346,P0250,3,290.4,0.0,871.2
OI008909,ORD03346,P0383,2,39427.5,0.0,78855.0
OI008910,ORD03346,P0082,1,61.0,0.0,61.0
OI008911,ORD03347,P0299,3,776.15,0.0,2328.45
OI008912,ORD03347,P0271,1,2827.5,0.0,2827.5
OI008913,ORD03348,P0265,1,40815.0,0.0,40815.0
OI008914,ORD03348,P0182,3,491.0,0.0,1473.0
OI008915,ORD03348,P0284,3,169.0,10.14,496.86
OI008916,ORD03349,P0042,3,485.45,72.82,1383.53
OI008917,ORD03349,P0331,2,5200.0,520.0,9880.0
OI008918,ORD03349,P0149,2,3784.0,151.36,7416.64
OI008919,ORD03350,P0095,3,28323.0,0.0,84969.0
OI008920,ORD03350,P0377,3,1716.0,0.0,5148.0
OI008921,ORD03351,P0270,1,2265.0,0.0,2265.0
OI008922,ORD03351,P0279,2,256.5,0.0,513.0
OI008923,ORD03351,P0223,1,950.0,0.0,950.0
OI008924,ORD03352,P0307,2,1269.0,50.76,2487.24
OI008925,ORD03352,P0268,2,12320.0,492.8,24147.2
OI008926,ORD03352,P0298,3,312.2,0.0,936.6
OI008927,ORD03353,P0192,1,129.5,0.0,129.5
OI008928,ORD03353,P0241,2,117.6,4.7,230.5
OI008929,ORD03353,P0343,2,279.2,11.17,547.23
OI008930,ORD03353,P0147,2,23805.0,0.0,47610.0
OI008931,ORD03354,P0047,1,3654.0,0.0,3654.0
OI008932,ORD03354,P0216,1,2160.0,0.0,2160.0
OI008933,ORD03355,P0395,1,1710.0,34.2,1675.8
OI008934,ORD03355,P0181,3,177.0,0.0,531.0
OI008935,ORD03355,P0139,3,2590.0,0.0,7770.0
OI008936,ORD03356,P0119,1,1730.0,0.0,1730.0
OI008937,ORD03356,P0267,2,69400.0,2776.0,136024.0
OI008938,ORD03356,P0044,1,11970.0,0.0,11970.0
OI008939,ORD03356,P0373,1,11673.0,0.0,11673.0
OI008940,ORD03357,P0384,3,8334.0,0.0,25002.0
OI008941,ORD03357,P0299,2,776.15,0.0,1552.3
OI008942,ORD03358,P0323,1,3876.0,193.8,3682.2
OI008943,ORD03358,P0319,2,3672.0,0.0,7344.0
OI008944,ORD03358,P0099,3,2871.0,0.0,8613.0
OI008945,ORD03358,P0040,2,90189.0,0.0,180378.0
OI008946,ORD03358,P0192,3,129.5,7.77,380.73
OI008947,ORD03359,P0078,3,765.0,0.0,2295.0
OI008948,ORD03359,P0391,3,2916.0,174.96,8573.04
OI008949,ORD03359,P0136,3,362.0,0.0,1086.0
OI008950,ORD03359,P0073,3,43839.0,0.0,131517.0
OI008951,ORD03359,P0146,3,235.2,35.28,670.32
OI008952,ORD03360,P0266,2,30160.0,1206.4,59113.6
OI008953,ORD03360,P0348,1,12978.0,0.0,12978.0
OI008954,ORD03360,P0287,3,9270.0,0.0,27810.0
OI008955,ORD03361,P0362,3,9486.0,0.0,28458.0
OI008956,ORD03361,P0391,1,2916.0,0.0,2916.0
OI008957,ORD03361,P0112,3,1026.0,153.9,2924.1
OI008958,ORD03362,P0292,1,204.0,4.08,199.92
OI008959,ORD03362,P0106,3,1952.0,0.0,5856.0
OI008960,ORD03363,P0319,1,3672.0,0.0,3672.0
OI008961,ORD03363,P0020,1,228.0,4.56,223.44
OI008962,ORD03364,P0022,2,338.2,13.53,662.87
OI008963,ORD03364,P0248,2,16444.5,0.0,32889.0
OI008964,ORD03365,P0391,1,2916.0,145.8,2770.2
OI008965,ORD03365,P0167,3,1932.0,115.92,5680.08
OI008966,ORD03365,P0289,3,12807.0,1921.05,36499.95
OI008967,ORD03365,P0215,1,12010.5,0.0,12010.5
OI008968,ORD03366,P0149,3,3784.0,567.6,10784.4
OI008969,ORD03366,P0339,2,1422.4,56.9,2787.9
OI008970,ORD03366,P0041,1,19983.5,0.0,19983.5
OI008971,ORD03366,P0157,1,65240.0,0.0,65240.0
OI008972,ORD03366,P0282,3,7600.0,1140.0,21660.0
OI008973,ORD03367,P0169,2,6279.0,0.0,12558.0
OI008974,ORD03367,P0154,3,10780.0,646.8,31693.2
OI008975,ORD03368,P0221,1,7038.0,351.9,6686.1
OI008976,ORD03368,P0323,3,3876.0,0.0,11628.0
OI008977,ORD03369,P0062,3,12901.0,0.0,38703.0
OI008978,ORD03369,P0283,3,28775.5,0.0,86326.5
OI008979,ORD03369,P0356,2,7398.0,0.0,14796.0
OI008980,ORD03370,P0394,3,1550.0,0.0,4650.0
OI008981,ORD03371,P0335,1,323.2,0.0,323.2
OI008982,ORD03371,P0176,1,55928.0,0.0,55928.0
OI008983,ORD03371,P0156,3,5500.5,825.08,15676.42
OI008984,ORD03371,P0052,3,596.7,89.51,1700.59
OI008985,ORD03372,P0094,2,25500.0,2550.0,48450.0
OI008986,ORD03372,P0285,3,870.0,0.0,2610.0
OI008987,ORD03372,P0139,1,2590.0,0.0,2590.0
OI008988,ORD03372,P0321,1,170.4,0.0,170.4
OI008989,ORD03373,P0387,1,7968.0,0.0,7968.0
OI008990,ORD03373,P0032,1,873.0,0.0,873.0
OI008991,ORD03374,P0301,1,187.15,9.36,177.79
OI008992,ORD03374,P0068,2,446.4,0.0,892.8
OI008993,ORD03374,P0211,1,1030.0,0.0,1030.0
OI008994,ORD03374,P0259,3,950.0,57.0,2793.0
OI008995,ORD03375,P0029,1,102.6,2.05,100.55
OI008996,ORD03375,P0241,2,117.6,4.7,230.5
OI008997,ORD03375,P0354,3,253.8,15.23,746.17
OI008998,ORD03375,P0118,3,5880.0,0.0,17640.0
OI008999,ORD03376,P0378,3,1246.95,0.0,3740.85
OI009000,ORD03377,P0277,2,204.0,0.0,408.0
OI009001,ORD03377,P0205,3,1770.0,106.2,5203.8
OI009002,ORD03378,P0287,3,9270.0,0.0,27810.0
OI009003,ORD03378,P0029,2,102.6,0.0,205.2
OI009004,ORD03379,P0263,1,1287.0,0.0,1287.0
OI009005,ORD03379,P0233,3,400.5,24.03,1177.47
OI009006,ORD03379,P0146,3,235.2,0.0,705.6
OI009007,ORD03379,P0318,3,57978.0,0.0,173934.0
OI009008,ORD03380,P0291,1,2282.0,0.0,2282.0
OI009009,ORD03380,P0113,2,498.0,0.0,996.0
OI009010,ORD03380,P0042,3,485.45,29.13,1427.22
OI009011,ORD03381,P0155,2,42337.5,0.0,84675.0
OI009012,ORD03382,P0297,2,3416.0,136.64,6695.36
OI009013,ORD03382,P0251,3,25200.0,1512.0,74088.0
OI009014,ORD03382,P0138,1,794.0,0.0,794.0
OI009015,ORD03382,P0342,2,194.65,0.0,389.3
OI009016,ORD03382,P0033,2,30405.0,0.0,60810.0
OI009017,ORD03383,P0005,3,493.5,29.61,1450.89
OI009018,ORD03383,P0080,3,36824.0,0.0,110472.0
OI009019,ORD03384,P0054,1,1603.0,80.15,1522.85
OI009020,ORD03384,P0386,3,981.75,58.91,2886.34
OI009021,ORD03385,P0142,3,2380.0,0.0,7140.0
OI009022,ORD03385,P0085,2,2812.0,281.2,5342.8
OI009023,ORD03386,P0341,1,5664.0,283.2,5380.8
OI009024,ORD03386,P0058,3,4869.0,0.0,14607.0
OI009025,ORD03386,P0384,2,8334.0,0.0,16668.0
OI009026,ORD03386,P0055,3,7923.0,475.38,23293.62
OI009027,ORD03386,P0315,1,582.3,11.65,570.65
OI009028,ORD03387,P0175,1,37540.0,0.0,37540.0
OI009029,ORD03387,P0168,2,8036.0,0.0,16072.0
OI009030,ORD03387,P0293,3,1341.0,0.0,4023.0
OI009031,ORD03387,P0179,3,3315.0,0.0,9945.0
OI009032,ORD03388,P0216,3,2160.0,0.0,6480.0
OI009033,ORD03388,P0140,1,391.0,0.0,391.0
OI009034,ORD03388,P0146,3,235.2,0.0,705.6
OI009035,ORD03389,P0150,2,201.0,0.0,402.0
OI009036,ORD03390,P0229,2,5392.5,539.25,10245.75
OI009037,ORD03390,P0077,1,794.0,39.7,754.3
OI009038,ORD03390,P0221,3,7038.0,1055.7,20058.3
OI009039,ORD03390,P0189,1,2637.0,0.0,2637.0
OI009040,ORD03390,P0325,2,3390.0,0.0,6780.0
OI009041,ORD03391,P0042,1,485.45,0.0,485.45
OI009042,ORD03391,P0316,2,6298.5,251.94,12345.06
OI009043,ORD03392,P0089,1,2712.0,0.0,2712.0
OI009044,ORD03392,P0243,3,1389.0,0.0,4167.0
OI009045,ORD03392,P0380,2,23597.0,2359.7,44834.3
OI009046,ORD03393,P0106,2,1952.0,0.0,3904.0
OI009047,ORD03394,P0028,2,29984.0,2998.4,56969.6
OI009048,ORD03394,P0318,3,57978.0,0.0,173934.0
OI009049,ORD03394,P0093,3,423.0,25.38,1243.62
OI009050,ORD03395,P0069,1,380.0,0.0,380.0
OI009051,ORD03396,P0306,3,1472.0,88.32,4327.68
OI009052,ORD03396,P0276,1,36247.5,0.0,36247.5
OI009053,ORD03396,P0341,1,5664.0,283.2,5380.8
OI009054,ORD03396,P0165,1,2259.0,0.0,2259.0
OI009055,ORD03397,P0380,2,23597.0,0.0,47194.0
OI009056,ORD03397,P0196,1,2934.0,0.0,2934.0
OI009057,ORD03397,P0339,3,1422.4,213.36,4053.84
OI009058,ORD03397,P0371,3,2180.0,0.0,6540.0
OI009059,ORD03398,P0077,3,794.0,0.0,2382.0
OI009060,ORD03398,P0269,1,496.0,0.0,496.0
OI009061,ORD03398,P0352,3,98775.0,14816.25,281508.75
OI009062,ORD03399,P0260,1,352.0,7.04,344.96
OI009063,ORD03400,P0242,3,689.0,103.35,1963.65
OI009064,ORD03401,P0071,1,11925.0,596.25,11328.75
OI009065,ORD03401,P0070,2,1650.0,66.0,3234.0
OI009066,ORD03401,P0232,3,25740.0,0.0,77220.0
OI009067,ORD03401,P0226,3,10590.0,0.0,31770.0
OI009068,ORD03402,P0126,3,7938.0,476.28,23337.72
OI009069,ORD03402,P0306,3,1472.0,220.8,4195.2
OI009070,ORD03402,P0112,1,1026.0,0.0,1026.0
OI009071,ORD03403,P0250,2,290.4,0.0,580.8
OI009072,ORD03403,P0284,2,169.0,6.76,331.24
OI009073,ORD03403,P0273,2,1872.0,0.0,3744.0
OI009074,ORD03403,P0037,2,2619.0,261.9,4976.1
OI009075,ORD03404,P0086,2,7780.0,778.0,14782.0
OI009076,ORD03404,P0084,3,5925.0,888.75,16886.25
OI009077,ORD03405,P0046,3,900.0,54.0,2646.0
OI009078,ORD03406,P0240,2,7990.0,319.6,15660.4
OI009079,ORD03406,P0350,3,18711.0,0.0,56133.0
OI009080,ORD03406,P0189,2,2637.0,263.7,5010.3
OI009081,ORD03407,P0026,2,7047.0,0.0,14094.0
OI009082,ORD03408,P0308,2,6842.5,273.7,13411.3
OI009083,ORD03408,P0032,2,873.0,87.3,1658.7
OI009084,ORD03409,P0273,1,1872.0,0.0,1872.0
OI009085,ORD03409,P0252,3,1359.45,0.0,4078.35
OI009086,ORD03409,P0115,3,479.25,0.0,1437.75
OI009087,ORD03410,P0330,3,544.0,32.64,1599.36
OI009088,ORD03410,P0101,1,461.3,0.0,461.3
OI009089,ORD03411,P0099,3,2871.0,430.65,8182.35
OI009090,ORD03411,P0391,1,2916.0,145.8,2770.2
OI009091,ORD03411,P0197,3,472.0,28.32,1387.68
OI009092,ORD03412,P0067,1,270.0,0.0,270.0
OI009093,ORD03412,P0347,1,757.5,15.15,742.35
OI009094,ORD03412,P0255,3,56373.0,3382.38,165736.62
OI009095,ORD03413,P0311,2,43728.0,0.0,87456.0
OI009096,ORD03414,P0070,3,1650.0,0.0,4950.0
OI009097,ORD03414,P0389,2,3884.5,388.45,7380.55
OI009098,ORD03414,P0379,3,154.7,0.0,464.1
OI009099,ORD03414,P0082,2,61.0,6.1,115.9
OI009100,ORD03415,P0148,1,855.95,17.12,838.83
OI009101,ORD03415,P0237,1,35595.0,1779.75,33815.25
OI009102,ORD03415,P0284,3,169.0,25.35,481.65
OI009103,ORD03415,P0215,2,12010.5,480.42,23540.58
OI009104,ORD03416,P0343,1,279.2,0.0,279.2
OI009105,ORD03416,P0246,1,1377.5,68.88,1308.62
OI009106,ORD03416,P0207,1,6867.0,0.0,6867.0
OI009107,ORD03417,P0226,1,10590.0,0.0,10590.0
OI009108,ORD03417,P0375,2,2466.0,98.64,4833.36
OI009109,ORD03417,P0326,1,908.0,0.0,908.0
OI009110,ORD03417,P0223,2,950.0,38.0,1862.0
OI009111,ORD03417,P0035,3,34218.0,0.0,102654.0
OI009112,ORD03418,P0044,3,11970.0,0.0,35910.0
OI009113,ORD03418,P0055,3,7923.0,0.0,23769.0
OI009114,ORD03419,P0101,3,461.3,0.0,1383.9
OI009115,ORD03420,P0394,2,1550.0,62.0,3038.0
OI009116,ORD03420,P0128,3,504.0,0.0,1512.0
OI009117,ORD03421,P0261,2,6880.0,688.0,13072.0
OI009118,ORD03421,P0206,3,774.0,46.44,2275.56
OI009119,ORD03422,P0176,2,55928.0,0.0,111856.0
OI009120,ORD03422,P0318,3,57978.0,8696.7,165237.3
OI009121,ORD03422,P0093,2,423.0,16.92,829.08
OI009122,ORD03422,P0390,3,2235.5,335.33,6371.17
OI009123,ORD03422,P0157,3,65240.0,9786.0,185934.0
OI009124,ORD03423,P0375,1,2466.0,0.0,2466.0
OI009125,ORD03423,P0113,2,498.0,0.0,996.0
OI009126,ORD03424,P0178,1,85950.0,4297.5,81652.5
OI009127,ORD03425,P0088,1,52820.0,0.0,52820.0
OI009128,ORD03426,P0131,2,20205.0,0.0,40410.0
OI009129,ORD03426,P0201,1,554.8,27.74,527.06
OI009130,ORD03427,P0206,3,774.0,0.0,2322.0
OI009131,ORD03427,P0232,1,25740.0,514.8,25225.2
OI009132,ORD03427,P0140,1,391.0,7.82,383.18
OI009133,ORD03427,P0231,3,2061.5,0.0,6184.5
OI009134,ORD03428,P0290,2,214.2,0.0,428.4
OI009135,ORD03428,P0234,2,4290.0,0.0,8580.0
OI009136,ORD03428,P0060,3,1035.0,0.0,3105.0
OI009137,ORD03428,P0274,3,2320.0,0.0,6960.0
OI009138,ORD03428,P0217,3,197.1,11.83,579.47
OI009139,ORD03429,P0332,2,32277.0,0.0,64554.0
OI009140,ORD03429,P0086,3,7780.0,466.8,22873.2
OI009141,ORD03429,P0091,3,184.0,0.0,552.0
OI009142,ORD03429,P0324,2,319.2,0.0,638.4
OI009143,ORD03430,P0154,3,10780.0,646.8,31693.2
OI009144,ORD03430,P0168,3,8036.0,0.0,24108.0
OI009145,ORD03430,P0391,2,2916.0,0.0,5832.0
OI009146,ORD03431,P0320,2,39358.5,0.0,78717.0
OI009147,ORD03431,P0174,1,312.8,0.0,312.8
OI009148,ORD03431,P0136,2,362.0,36.2,687.8
OI009149,ORD03431,P0178,1,85950.0,1719.0,84231.0
OI009150,ORD03431,P0155,1,42337.5,846.75,41490.75
OI009151,ORD03432,P0304,2,28441.0,0.0,56882.0
OI009152,ORD03432,P0316,3,6298.5,0.0,18895.5
OI009153,ORD03433,P0381,2,639.0,63.9,1214.1
OI009154,ORD03434,P0396,2,50100.0,2004.0,98196.0
OI009155,ORD03434,P0093,1,423.0,21.15,401.85
OI009156,ORD03434,P0094,1,25500.0,0.0,25500.0
OI009157,ORD03435,P0399,3,295.0,0.0,885.0
OI009158,ORD03436,P0277,3,204.0,0.0,612.0
OI009159,ORD03436,P0117,1,196.2,3.92,192.28
OI009160,ORD03436,P0100,1,1320.0,0.0,1320.0
OI009161,ORD03437,P0326,2,908.0,90.8,1725.2
OI009162,ORD03438,P0073,1,43839.0,2191.95,41647.05
OI009163,ORD03438,P0398,1,24984.0,0.0,24984.0
OI009164,ORD03439,P0014,1,348.3,0.0,348.3
OI009165,ORD03440,P0121,3,1665.0,99.9,4895.1
OI009166,ORD03440,P0110,3,116.0,0.0,348.0
OI009167,ORD03441,P0098,2,739.8,0.0,1479.6
OI009168,ORD03441,P0272,3,635.0,0.0,1905.0
OI009169,ORD03442,P0301,2,187.15,7.49,366.81
OI009170,ORD03442,P0284,1,169.0,3.38,165.62
OI009171,ORD03443,P0368,1,338.4,0.0,338.4
OI009172,ORD03443,P0138,1,794.0,0.0,794.0
OI009173,ORD03443,P0204,3,8512.0,1276.8,24259.2
OI009174,ORD03443,P0073,2,43839.0,0.0,87678.0
OI009175,ORD03443,P0007,3,889.5,53.37,2615.13
OI009176,ORD03444,P0227,2,307.8,0.0,615.6
OI009177,ORD03444,P0167,3,1932.0,0.0,5796.0
OI009178,ORD03444,P0221,2,7038.0,0.0,14076.0
OI009179,ORD03444,P0037,2,2619.0,0.0,5238.0
OI009180,ORD03445,P0237,3,35595.0,0.0,106785.0
OI009181,ORD03446,P0219,1,12090.0,604.5,11485.5
OI009182,ORD03446,P0325,3,3390.0,0.0,10170.0
OI009183,ORD03446,P0064,3,6170.0,0.0,18510.0
OI009184,ORD03446,P0271,3,2827.5,169.65,8312.85
OI009185,ORD03447,P0179,1,3315.0,0.0,3315.0
OI009186,ORD03448,P0184,1,16507.0,825.35,15681.65
OI009187,ORD03448,P0258,1,132.0,2.64,129.36
OI009188,ORD03448,P0380,3,23597.0,0.0,70791.0
OI009189,ORD03448,P0009,3,14017.5,0.0,42052.5
OI009190,ORD03448,P0054,1,1603.0,0.0,1603.0
OI009191,ORD03449,P0336,1,2520.0,126.0,2394.0
OI009192,ORD03449,P0259,1,950.0,0.0,950.0
OI009193,ORD03449,P0231,1,2061.5,0.0,2061.5
OI009194,ORD03449,P0377,1,1716.0,85.8,1630.2
OI009195,ORD03450,P0231,2,2061.5,82.46,4040.54
OI009196,ORD03450,P0215,2,12010.5,0.0,24021.0
OI009197,ORD03451,P0195,3,1255.0,0.0,3765.0
OI009198,ORD03452,P0387,1,7968.0,0.0,7968.0
OI009199,ORD03453,P0394,3,1550.0,232.5,4417.5
OI009200,ORD03453,P0265,1,40815.0,0.0,40815.0
OI009201,ORD03453,P0041,3,19983.5,0.0,59950.5
OI009202,ORD03453,P0381,2,639.0,0.0,1278.0
OI009203,ORD03454,P0010,3,11568.0,0.0,34704.0
OI009204,ORD03454,P0096,2,26621.0,1064.84,52177.16
OI009205,ORD03455,P0095,3,28323.0,1699.38,83269.62
OI009206,ORD03455,P0306,1,1472.0,0.0,1472.0
OI009207,ORD03455,P0394,1,1550.0,0.0,1550.0
OI009208,ORD03455,P0167,3,1932.0,0.0,5796.0
OI009209,ORD03456,P0034,3,2646.0,0.0,7938.0
OI009210,ORD03456,P0316,2,6298.5,629.85,11967.15
OI009211,ORD03456,P0006,2,5196.5,519.65,9873.35
OI009212,ORD03457,P0229,3,5392.5,323.55,15853.95
OI009213,ORD03457,P0213,1,414.9,20.75,394.15
OI009214,ORD03457,P0387,2,7968.0,0.0,15936.0
OI009215,ORD03457,P0118,2,5880.0,0.0,11760.0
OI009216,ORD03458,P0008,1,427.0,21.35,405.65
OI009217,ORD03458,P0131,1,20205.0,404.1,19800.9
OI009218,ORD03458,P0142,3,2380.0,357.0,6783.0
OI009219,ORD03458,P0117,1,196.2,0.0,196.2
OI009220,ORD03459,P0199,1,7791.0,389.55,7401.45
OI009221,ORD03459,P0380,2,23597.0,2359.7,44834.3
OI009222,ORD03460,P0320,3,39358.5,5903.78,112171.72
OI009223,ORD03460,P0127,1,2488.0,0.0,2488.0
OI009224,ORD03460,P0273,2,1872.0,0.0,3744.0
OI009225,ORD03460,P0368,3,338.4,0.0,1015.2
OI009226,ORD03460,P0084,2,5925.0,0.0,11850.0
OI009227,ORD03461,P0242,1,689.0,0.0,689.0
OI009228,ORD03462,P0259,3,950.0,57.0,2793.0
OI009229,ORD03462,P0192,2,129.5,0.0,259.0
OI009230,ORD03462,P0341,2,5664.0,0.0,11328.0
OI009231,ORD03462,P0169,2,6279.0,627.9,11930.1
OI009232,ORD03463,P0064,1,6170.0,0.0,6170.0
OI009233,ORD03463,P0260,3,352.0,52.8,1003.2
OI009234,ORD03463,P0049,3,37323.0,0.0,111969.0
OI009235,ORD03464,P0080,2,36824.0,3682.4,69965.6
OI009236,ORD03464,P0139,2,2590.0,0.0,5180.0
OI009237,ORD03464,P0348,3,12978.0,0.0,38934.0
OI009238,ORD03465,P0159,1,11007.5,220.15,10787.35
OI009239,ORD03465,P0153,1,792.4,0.0,792.4
OI009240,ORD03465,P0146,1,235.2,0.0,235.2
OI009241,ORD03465,P0028,1,29984.0,1499.2,28484.8
OI009242,ORD03466,P0362,1,9486.0,0.0,9486.0
OI009243,ORD03467,P0141,1,74679.5,1493.59,73185.91
OI009244,ORD03467,P0219,3,12090.0,0.0,36270.0
OI009245,ORD03468,P0054,3,1603.0,0.0,4809.0
OI009246,ORD03468,P0300,3,1547.1,0.0,4641.3
OI009247,ORD03469,P0182,1,491.0,0.0,491.0
OI009248,ORD03469,P0301,3,187.15,11.23,550.22
OI009249,ORD03469,P0349,1,2082.5,104.12,1978.38
OI009250,ORD03469,P0321,1,170.4,0.0,170.4
OI009251,ORD03469,P0316,1,6298.5,0.0,6298.5
OI009252,ORD03470,P0220,3,840.0,50.4,2469.6
OI009253,ORD03470,P0128,2,504.0,50.4,957.6
OI009254,ORD03470,P0015,2,31560.0,1262.4,61857.6
OI009255,ORD03470,P0389,2,3884.5,0.0,7769.0
OI009256,ORD03470,P0318,1,57978.0,1159.56,56818.44
OI009257,ORD03471,P0398,1,24984.0,1249.2,23734.8
OI009258,ORD03471,P0135,3,10960.0,0.0,32880.0
OI009259,ORD03472,P0230,2,112208.0,0.0,224416.0
OI009260,ORD03472,P0338,2,4674.0,0.0,9348.0
OI009261,ORD03473,P0008,1,427.0,0.0,427.0
OI009262,ORD03473,P0143,3,2061.0,0.0,6183.0
OI009263,ORD03473,P0259,3,950.0,0.0,2850.0
OI009264,ORD03474,P0146,3,235.2,14.11,691.49
OI009265,ORD03474,P0009,1,14017.5,0.0,14017.5
OI009266,ORD03474,P0233,3,400.5,0.0,1201.5
OI009267,ORD03474,P0347,1,757.5,15.15,742.35
OI009268,ORD03474,P0132,2,876.35,87.64,1665.06
OI009269,ORD03475,P0130,3,4100.0,246.0,12054.0
OI009270,ORD03475,P0082,1,61.0,0.0,61.0
OI009271,ORD03476,P0179,2,3315.0,0.0,6630.0
OI009272,ORD03477,P0087,3,927.0,0.0,2781.0
OI009273,ORD03477,P0130,1,4100.0,0.0,4100.0
OI009274,ORD03478,P0236,1,6860.0,0.0,6860.0
OI009275,ORD03478,P0001,3,261.0,0.0,783.0
OI009276,ORD03478,P0317,1,720.0,36.0,684.0
OI009277,ORD03478,P0103,1,24800.0,0.0,24800.0
OI009278,ORD03479,P0346,1,927.0,0.0,927.0
OI009279,ORD03480,P0066,1,21582.0,0.0,21582.0
OI009280,ORD03480,P0338,1,4674.0,0.0,4674.0
OI009281,ORD03480,P0139,2,2590.0,0.0,5180.0
OI009282,ORD03480,P0285,2,870.0,0.0,1740.0
OI009283,ORD03481,P0209,1,8016.0,0.0,8016.0
OI009284,ORD03481,P0242,2,689.0,27.56,1350.44
OI009285,ORD03482,P0253,2,1485.0,148.5,2821.5
OI009286,ORD03482,P0250,2,290.4,0.0,580.8
OI009287,ORD03482,P0297,3,3416.0,204.96,10043.04
OI009288,ORD03482,P0236,2,6860.0,0.0,13720.0
OI009289,ORD03482,P0090,3,11600.0,0.0,34800.0
OI009290,ORD03483,P0321,1,170.4,3.41,166.99
OI009291,ORD03483,P0385,3,813.0,0.0,2439.0
OI009292,ORD03483,P0167,2,1932.0,0.0,3864.0
OI009293,ORD03484,P0225,3,2412.0,361.8,6874.2
OI009294,ORD03484,P0396,3,50100.0,0.0,150300.0
OI009295,ORD03484,P0398,1,24984.0,0.0,24984.0
OI009296,ORD03485,P0351,2,922.5,0.0,1845.0
OI009297,ORD03485,P0331,3,5200.0,312.0,15288.0
OI009298,ORD03485,P0214,2,13761.5,0.0,27523.0
OI009299,ORD03486,P0236,2,6860.0,686.0,13034.0
OI009300,ORD03486,P0100,2,1320.0,52.8,2587.2
OI009301,ORD03486,P0055,2,7923.0,0.0,15846.0
OI009302,ORD03486,P0220,1,840.0,0.0,840.0
OI009303,ORD03487,P0320,2,39358.5,0.0,78717.0
OI009304,ORD03487,P0174,2,312.8,0.0,625.6
OI009305,ORD03487,P0236,3,6860.0,1029.0,19551.0
OI009306,ORD03488,P0387,3,7968.0,0.0,23904.0
OI009307,ORD03488,P0269,2,496.0,19.84,972.16
OI009308,ORD03488,P0383,1,39427.5,788.55,38638.95
OI009309,ORD03489,P0094,1,25500.0,1275.0,24225.0
OI009310,ORD03489,P0160,2,329.4,0.0,658.8
OI009311,ORD03490,P0297,3,3416.0,0.0,10248.0
OI009312,ORD03490,P0180,1,10370.0,0.0,10370.0
OI009313,ORD03490,P0271,1,2827.5,56.55,2770.95
OI009314,ORD03490,P0168,2,8036.0,0.0,16072.0
OI009315,ORD03491,P0350,3,18711.0,0.0,56133.0
OI009316,ORD03491,P0136,2,362.0,36.2,687.8
OI009317,ORD03492,P0152,2,726.75,0.0,1453.5
OI009318,ORD03492,P0173,2,437.0,17.48,856.52
OI009319,ORD03492,P0049,2,37323.0,0.0,74646.0
OI009320,ORD03493,P0259,3,950.0,0.0,2850.0
OI009321,ORD03493,P0319,3,3672.0,0.0,11016.0
OI009322,ORD03493,P0264,2,3980.0,0.0,7960.0
OI009323,ORD03494,P0362,2,9486.0,0.0,18972.0
OI009324,ORD03494,P0290,3,214.2,0.0,642.6
OI009325,ORD03494,P0111,3,6165.0,369.9,18125.1
OI009326,ORD03495,P0037,2,2619.0,0.0,5238.0
OI009327,ORD03495,P0057,2,1809.0,180.9,3437.1
OI009328,ORD03495,P0076,1,13450.0,0.0,13450.0
OI009329,ORD03495,P0353,2,782.0,0.0,1564.0
OI009330,ORD03496,P0376,1,43677.0,2183.85,41493.15
OI009331,ORD03496,P0088,3,52820.0,0.0,158460.0
OI009332,ORD03497,P0083,2,6600.0,0.0,13200.0
OI009333,ORD03497,P0278,1,396.1,7.92,388.18
OI009334,ORD03498,P0291,3,2282.0,0.0,6846.0
OI009335,ORD03498,P0122,1,550.0,0.0,550.0
OI009336,ORD03498,P0054,3,1603.0,96.18,4712.82
OI009337,ORD03499,P0135,3,10960.0,0.0,32880.0
OI009338,ORD03499,P0258,1,132.0,0.0,132.0
OI009339,ORD03499,P0005,2,493.5,0.0,987.0
OI009340,ORD03500,P0272,2,635.0,0.0,1270.0
