order_id,user_id,order_date,total_amount,payment_method,payment_status,delivery_status,shipping_address,delivery_date
ORD00001,U0167,2025-04-08,91544.38,Debit Card,Failed,Cancelled,"261, Sector 15, Mumbai, Maharashtra - 751323",
ORD00002,U0480,2026-06-10,14636.64,UPI,Paid,Delivered,"726, Koramangala, Nagpur, Maharashtra - 399414",2026-06-16
ORD00003,U0386,2026-04-04,89656.43,Credit Card,Paid,Delivered,"146, Koramangala, Ghaziabad, Uttar Pradesh - 374526",2026-04-07
ORD00004,U0293,2026-06-20,18093.48,Debit Card,Paid,Delivered,"26, Station Road, Bhubaneswar, Odisha - 103764",2026-06-28
ORD00005,U0408,2026-06-20,1237.6,Credit Card,Paid,Delivered,"861, Lake View, Nagpur, Maharashtra - 101825",2026-06-23
ORD00006,U0267,2026-05-16,23976.95,UPI,Paid,Delivered,"288, Gandhi Nagar, Guwahati, Assam - 154124",2026-05-18
ORD00007,U0230,2026-08-06,260867.25,Net Banking,Paid,Delivered,"936, Indiranagar, Bengaluru, Karnataka - 675907",2026-08-07
ORD00008,U0164,2024-12-31,26795.25,UPI,Paid,Shipped,"175, Salt Lake, Nashik, Maharashtra - 535019",2025-01-02
ORD00009,U0282,2026-02-18,92886.3,UPI,Paid,Shipped,"564, Model Town, Kochi, Kerala - 574990",2026-02-22
ORD00010,U0273,2026-05-28,146656.0,Credit Card,Paid,Delivered,"265, Banjara Hills, Indore, Madhya Pradesh - 311961",2026-06-04
ORD00011,U0022,2026-05-01,5180.0,Credit Card,Paid,Shipped,"285, Banjara Hills, Agra, Uttar Pradesh - 477639",2026-05-05
ORD00012,U0102,2026-05-12,10485.02,Credit Card,Paid,Shipped,"992, Banjara Hills, Chennai, Tamil Nadu - 613618",2026-05-16
ORD00013,U0001,2025-04-29,50728.29,Credit Card,Failed,Cancelled,"584, Park Street, Bhopal, Madhya Pradesh - 776861",
ORD00014,U0248,2025-07-21,10321.2,Debit Card,Paid,Delivered,"398, Civil Lines, Amritsar, Punjab - 334443",2025-07-26
ORD00015,U0001,2025-03-28,92371.54,Credit Card,Failed,Cancelled,"907, Jubilee Hills, Bhopal, Madhya Pradesh - 185031",
ORD00016,U0209,2026-03-16,21729.64,Debit Card,Refunded,Cancelled,"203, MG Road, Nashik, Maharashtra - 935782",
ORD00017,U0234,2026-07-30,25458.8,COD,Paid,Delivered,"779, Sector 15, Vadodara, Gujarat - 214303",2026-08-05
ORD00018,U0412,2025-08-29,70284.92,COD,Paid,Delivered,"920, Lake View, Surat, Gujarat - 868316",2025-09-07
ORD00019,U0094,2026-05-25,1458.24,Net Banking,Paid,Delivered,"320, Rajaji Nagar, Mysuru, Karnataka - 979888",2026-05-27
ORD00020,U0303,2026-08-01,951.48,Credit Card,Paid,Delivered,"575, Ring Road, Amritsar, Punjab - 498594",2026-08-04
ORD00021,U0291,2026-07-19,32117.4,COD,Pending,Processing,"942, Anna Nagar, Patna, Bihar - 302402",
ORD00022,U0266,2026-01-30,6260.8,Debit Card,Paid,Delivered,"264, Ring Road, Nashik, Maharashtra - 883587",2026-02-01
ORD00023,U0058,2026-04-18,157510.75,UPI,Paid,Delivered,"487, Anna Nagar, Chandigarh, Chandigarh - 914068",2026-04-21
ORD00024,U0314,2026-02-04,56373.0,Net Banking,Paid,Shipped,"843, Nehru Colony, Bengaluru, Karnataka - 736752",2026-02-07
ORD00025,U0195,2025-08-11,24781.93,COD,Paid,Delivered,"334, Station Road, Chennai, Tamil Nadu - 547274",2025-08-21
ORD00026,U0087,2026-07-06,29926.26,UPI,Paid,Delivered,"240, Nehru Colony, Faridabad, Haryana - 537089",2026-07-10
ORD00027,U0384,2026-03-06,53485.5,Debit Card,Paid,Processing,"756, Civil Lines, Dehradun, Uttarakhand - 308865",
ORD00028,U0360,2025-08-16,12551.0,UPI,Paid,Delivered,"520, Koramangala, Rajkot, Gujarat - 342620",2025-08-21
ORD00029,U0083,2026-08-06,3460.0,Credit Card,Paid,Delivered,"898, Sector 15, Hyderabad, Telangana - 344205",2026-08-07
ORD00030,U0098,2026-06-04,233843.91,UPI,Refunded,Cancelled,"349, Nehru Colony, Bhopal, Madhya Pradesh - 146311",
ORD00031,U0165,2025-08-04,48360.98,UPI,Paid,Shipped,"104, Rajaji Nagar, Bengaluru, Karnataka - 796282",2025-08-08
ORD00032,U0463,2025-07-16,14077.7,Debit Card,Paid,Delivered,"684, Sector 15, Ludhiana, Punjab - 538142",2025-07-22
ORD00033,U0049,2025-09-28,24061.12,Debit Card,Paid,Processing,"209, MG Road, Ludhiana, Punjab - 555254",
ORD00034,U0128,2026-04-25,159295.0,UPI,Paid,Delivered,"92, Banjara Hills, Patna, Bihar - 752418",2026-05-03
ORD00035,U0300,2026-08-06,172927.2,Credit Card,Paid,Delivered,"309, Nehru Colony, Kochi, Kerala - 977964",2026-08-07
ORD00036,U0043,2026-07-21,332869.32,UPI,Paid,Delivered,"850, Salt Lake, Chennai, Tamil Nadu - 291853",2026-07-26
ORD00037,U0479,2025-08-15,6924.3,UPI,Refunded,Cancelled,"863, Park Street, Surat, Gujarat - 800340",
ORD00038,U0267,2025-06-26,91559.7,Credit Card,Paid,Delivered,"184, MG Road, Guwahati, Assam - 103678",2025-07-05
ORD00039,U0405,2026-04-06,7066.2,UPI,Paid,Shipped,"42, Nehru Colony, Bengaluru, Karnataka - 186235",2026-04-07
ORD00040,U0256,2026-06-14,6544.5,UPI,Paid,Shipped,"163, Lake View, Bhubaneswar, Odisha - 743334",2026-06-17
ORD00041,U0221,2026-07-24,83214.5,UPI,Paid,Delivered,"917, Rajaji Nagar, Mumbai, Maharashtra - 276938",2026-07-31
ORD00042,U0213,2025-04-01,293157.0,COD,Paid,Delivered,"385, Green Park, Chandigarh, Chandigarh - 705406",2025-04-07
ORD00043,U0122,2025-11-01,8215.5,UPI,Paid,Delivered,"655, Banjara Hills, Mumbai, Maharashtra - 795938",2025-11-07
ORD00044,U0256,2025-09-26,1205.76,Debit Card,Paid,Delivered,"501, Model Town, Bhubaneswar, Odisha - 742273",2025-09-30
ORD00045,U0044,2026-04-06,38943.6,UPI,Paid,Delivered,"604, Nehru Colony, Ghaziabad, Uttar Pradesh - 314102",2026-04-12
ORD00046,U0296,2026-08-06,1824.0,COD,Paid,Delivered,"99, Church Street, Nashik, Maharashtra - 769211",2026-08-07
ORD00047,U0121,2025-08-06,15600.0,Credit Card,Paid,Delivered,"617, Koramangala, Ludhiana, Punjab - 869153",2025-08-15
ORD00048,U0408,2026-03-01,1291.5,UPI,Paid,Delivered,"164, Park Street, Nagpur, Maharashtra - 916706",2026-03-06
ORD00049,U0087,2026-07-02,403.56,Debit Card,Paid,Delivered,"664, Jubilee Hills, Faridabad, Haryana - 952891",2026-07-12
ORD00050,U0142,2026-05-11,4142.0,UPI,Paid,Delivered,"385, Jubilee Hills, Kolkata, West Bengal - 881385",2026-05-13
ORD00051,U0387,2025-07-10,13903.0,Debit Card,Paid,Delivered,"729, Park Street, Meerut, Uttar Pradesh - 378908",2025-07-16
ORD00052,U0465,2026-05-23,17662.51,Debit Card,Paid,Processing,"337, Vasant Kunj, Guwahati, Assam - 350785",
ORD00053,U0310,2026-08-03,129271.25,Debit Card,Paid,Delivered,"809, Ring Road, Rajkot, Gujarat - 510583",2026-08-07
ORD00054,U0495,2024-11-21,4625.55,Debit Card,Paid,Delivered,"354, Nehru Colony, Kochi, Kerala - 834778",2024-11-25
ORD00055,U0031,2025-09-24,111021.1,UPI,Paid,Delivered,"901, Rajaji Nagar, Varanasi, Uttar Pradesh - 212319",2025-09-27
ORD00056,U0200,2026-03-30,15690.65,UPI,Paid,Delivered,"434, Civil Lines, Varanasi, Uttar Pradesh - 121934",2026-04-06
ORD00057,U0287,2026-07-05,19158.8,Net Banking,Paid,Delivered,"356, Salt Lake, Bhubaneswar, Odisha - 838889",2026-07-08
ORD00058,U0045,2026-07-30,143560.79,Debit Card,Paid,Delivered,"504, Station Road, Coimbatore, Tamil Nadu - 618606",2026-08-02
ORD00059,U0286,2026-07-05,348.0,Credit Card,Paid,Delivered,"170, Gandhi Nagar, Hyderabad, Telangana - 767451",2026-07-14
ORD00060,U0070,2026-05-27,117555.9,COD,Paid,Delivered,"270, Jubilee Hills, Faridabad, Haryana - 671407",2026-06-02
ORD00061,U0419,2025-09-19,37962.0,Credit Card,Paid,Processing,"662, Park Street, Ghaziabad, Uttar Pradesh - 465413",
ORD00062,U0491,2026-01-10,46588.12,Credit Card,Paid,Processing,"706, Civil Lines, Vadodara, Gujarat - 707303",
ORD00063,U0190,2025-02-09,7912.3,UPI,Paid,Delivered,"357, Station Road, Kolkata, West Bengal - 347687",2025-02-19
ORD00064,U0270,2025-05-07,3771.0,UPI,Refunded,Cancelled,"394, Nehru Colony, Ahmedabad, Gujarat - 255523",
ORD00065,U0246,2026-07-06,21283.5,Credit Card,Paid,Delivered,"513, Sector 15, Chandigarh, Chandigarh - 585783",2026-07-11
ORD00066,U0024,2025-09-04,1155.2,UPI,Paid,Shipped,"867, Model Town, Nashik, Maharashtra - 800339",2025-09-08
ORD00067,U0493,2026-06-04,882.0,UPI,Paid,Delivered,"917, Jubilee Hills, Agra, Uttar Pradesh - 354170",2026-06-07
ORD00068,U0324,2026-01-06,14167.8,UPI,Paid,Delivered,"399, Salt Lake, Vadodara, Gujarat - 211547",2026-01-08
ORD00069,U0041,2025-09-22,174928.2,Credit Card,Paid,Delivered,"535, Lake View, Mysuru, Karnataka - 530281",2025-09-29
ORD00070,U0380,2025-11-18,9703.31,Net Banking,Paid,Delivered,"14, Church Street, Surat, Gujarat - 538915",2025-11-20
ORD00071,U0342,2026-03-25,5288.52,Debit Card,Paid,Delivered,"133, Church Street, Meerut, Uttar Pradesh - 948898",2026-03-29
ORD00072,U0159,2025-11-15,6738.37,Debit Card,Paid,Shipped,"274, Rajaji Nagar, Delhi, Delhi - 820845",2025-11-17
ORD00073,U0206,2025-12-15,58852.92,Debit Card,Paid,Delivered,"157, Sector 15, Nagpur, Maharashtra - 995951",2025-12-22
ORD00074,U0314,2025-10-28,2298.83,UPI,Paid,Delivered,"975, Church Street, Bengaluru, Karnataka - 787820",2025-11-02
ORD00075,U0235,2026-07-25,343501.1,Debit Card,Paid,Delivered,"685, Indiranagar, Vadodara, Gujarat - 926355",2026-07-28
ORD00076,U0242,2026-04-20,7236.0,Credit Card,Paid,Delivered,"122, Civil Lines, Visakhapatnam, Andhra Pradesh - 539393",2026-04-30
ORD00077,U0192,2026-05-20,7830.2,UPI,Paid,Delivered,"511, Station Road, Nashik, Maharashtra - 665751",2026-05-25
ORD00078,U0007,2026-04-29,12836.54,COD,Paid,Delivered,"22, Vasant Kunj, Amritsar, Punjab - 148098",2026-05-01
ORD00079,U0271,2025-01-05,2862.13,Credit Card,Paid,Delivered,"351, Jubilee Hills, Jaipur, Rajasthan - 363792",2025-01-13
ORD00080,U0465,2025-04-25,87146.6,COD,Paid,Delivered,"131, Banjara Hills, Guwahati, Assam - 765657",2025-05-01
ORD00081,U0074,2026-05-06,7678.8,Credit Card,Paid,Delivered,"195, Salt Lake, Lucknow, Uttar Pradesh - 738253",2026-05-08
ORD00082,U0054,2026-06-04,11908.94,Net Banking,Paid,Delivered,"641, Station Road, Pune, Maharashtra - 206285",2026-06-13
ORD00083,U0151,2026-03-15,38398.8,Credit Card,Paid,Delivered,"510, Banjara Hills, Bengaluru, Karnataka - 647518",2026-03-17
ORD00084,U0041,2026-07-13,125999.82,UPI,Paid,Shipped,"789, Jubilee Hills, Mysuru, Karnataka - 675464",2026-07-17
ORD00085,U0084,2025-03-11,854.0,Debit Card,Paid,Delivered,"701, Gandhi Nagar, Rajkot, Gujarat - 192420",2025-03-13
ORD00086,U0179,2026-06-21,1016.0,UPI,Paid,Delivered,"748, Church Street, Delhi, Delhi - 407383",2026-06-25
ORD00087,U0469,2026-05-09,33648.19,Credit Card,Failed,Cancelled,"624, Park Street, Nashik, Maharashtra - 431643",
ORD00088,U0297,2026-07-24,2070.0,Debit Card,Paid,Delivered,"489, Rajaji Nagar, Faridabad, Haryana - 915889",2026-08-01
ORD00089,U0374,2025-06-14,9464.85,COD,Paid,Delivered,"852, Nehru Colony, Bhubaneswar, Odisha - 730338",2025-06-16
ORD00090,U0252,2026-04-28,8955.5,Credit Card,Paid,Processing,"706, MG Road, Meerut, Uttar Pradesh - 437144",
ORD00091,U0212,2025-10-18,87422.74,Credit Card,Paid,Delivered,"497, Rajaji Nagar, Kanpur, Uttar Pradesh - 310166",2025-10-28
ORD00092,U0192,2025-08-28,45457.8,Debit Card,Paid,Delivered,"90, Indiranagar, Nashik, Maharashtra - 945755",2025-09-07
ORD00093,U0290,2026-08-06,59663.0,UPI,Paid,Delivered,"95, Station Road, Delhi, Delhi - 945010",2026-08-07
ORD00094,U0234,2026-07-18,14155.98,Debit Card,Paid,Delivered,"354, Civil Lines, Vadodara, Gujarat - 644689",2026-07-20
ORD00095,U0022,2025-11-19,13122.11,UPI,Failed,Cancelled,"987, Nehru Colony, Agra, Uttar Pradesh - 366333",
ORD00096,U0041,2025-11-06,14962.5,UPI,Paid,Delivered,"892, Anna Nagar, Mysuru, Karnataka - 610483",2025-11-13
ORD00097,U0058,2026-04-14,28011.15,Debit Card,Refunded,Cancelled,"403, Station Road, Chandigarh, Chandigarh - 570122",
ORD00098,U0130,2026-04-11,1752.7,Net Banking,Refunded,Cancelled,"925, Indiranagar, Thane, Maharashtra - 129135",
ORD00099,U0045,2026-07-21,18337.2,COD,Paid,Delivered,"777, Gandhi Nagar, Coimbatore, Tamil Nadu - 593591",2026-07-30
ORD00100,U0267,2025-11-03,32697.0,UPI,Paid,Delivered,"735, Ring Road, Guwahati, Assam - 937654",2025-11-12
ORD00101,U0040,2025-10-13,21587.31,Net Banking,Paid,Delivered,"147, Lake View, Bhubaneswar, Odisha - 332417",2025-10-20
ORD00102,U0053,2026-07-27,1556.24,Debit Card,Paid,Delivered,"253, Nehru Colony, Nagpur, Maharashtra - 126654",2026-08-04
ORD00103,U0218,2026-06-14,1359.45,COD,Paid,Delivered,"925, Salt Lake, Bengaluru, Karnataka - 219714",2026-06-23
ORD00104,U0127,2026-07-15,23366.34,UPI,Paid,Processing,"268, Model Town, Ahmedabad, Gujarat - 349716",
ORD00105,U0082,2026-04-14,13464.0,UPI,Paid,Processing,"656, MG Road, Kolkata, West Bengal - 563585",
ORD00106,U0424,2026-08-04,104549.9,Credit Card,Paid,Delivered,"535, Model Town, Meerut, Uttar Pradesh - 846185",2026-08-07
ORD00107,U0144,2025-11-19,235398.38,Debit Card,Paid,Processing,"208, MG Road, Ludhiana, Punjab - 168886",
ORD00108,U0433,2026-03-21,255068.96,COD,Pending,Processing,"137, Civil Lines, Meerut, Uttar Pradesh - 360403",
ORD00109,U0155,2026-03-15,291065.0,UPI,Paid,Delivered,"798, Rajaji Nagar, Indore, Madhya Pradesh - 704306",2026-03-22
ORD00110,U0055,2025-07-07,1679.9,COD,Failed,Cancelled,"991, Church Street, Dehradun, Uttarakhand - 334565",
ORD00111,U0152,2026-02-17,222910.9,UPI,Paid,Delivered,"720, Anna Nagar, Rajkot, Gujarat - 207861",2026-02-22
ORD00112,U0287,2026-06-25,4232.25,Debit Card,Paid,Delivered,"113, Gandhi Nagar, Bhubaneswar, Odisha - 227447",2026-07-01
ORD00113,U0329,2025-07-21,863.13,Credit Card,Paid,Delivered,"711, Jubilee Hills, Bengaluru, Karnataka - 726042",2025-07-29
ORD00114,U0440,2025-08-01,144427.95,Credit Card,Failed,Cancelled,"835, Rajaji Nagar, Hyderabad, Telangana - 988805",
ORD00115,U0475,2025-01-05,2130.3,UPI,Paid,Delivered,"333, Jubilee Hills, Coimbatore, Tamil Nadu - 310538",2025-01-08
ORD00116,U0421,2026-08-05,31741.06,UPI,Paid,Delivered,"533, MG Road, Visakhapatnam, Andhra Pradesh - 554758",2026-08-07
ORD00117,U0195,2024-10-20,72157.35,UPI,Paid,Delivered,"451, Gandhi Nagar, Chennai, Tamil Nadu - 636485",2024-10-24
ORD00118,U0106,2025-11-20,10551.08,Net Banking,Paid,Delivered,"666, Rajaji Nagar, Surat, Gujarat - 310964",2025-11-25
ORD00119,U0462,2026-04-23,1350.6,Credit Card,Paid,Processing,"227, Ring Road, Kanpur, Uttar Pradesh - 637342",
ORD00120,U0459,2026-02-01,26185.8,Net Banking,Paid,Delivered,"451, Park Street, Rajkot, Gujarat - 642109",2026-02-08
ORD00121,U0315,2026-02-03,38803.1,Credit Card,Paid,Shipped,"841, Koramangala, Meerut, Uttar Pradesh - 199668",2026-02-06
ORD00122,U0397,2026-02-03,146174.2,COD,Paid,Delivered,"389, Anna Nagar, Ahmedabad, Gujarat - 826289",2026-02-06
ORD00123,U0381,2025-09-24,12879.66,Debit Card,Paid,Delivered,"455, Sector 15, Coimbatore, Tamil Nadu - 293159",2025-10-02
ORD00124,U0450,2026-07-05,6160.0,COD,Paid,Delivered,"210, Jubilee Hills, Coimbatore, Tamil Nadu - 111211",2026-07-12
ORD00125,U0028,2025-01-11,81867.83,UPI,Paid,Processing,"530, Koramangala, Mumbai, Maharashtra - 862435",
ORD00126,U0350,2026-04-06,31164.5,Credit Card,Paid,Delivered,"411, Indiranagar, Chandigarh, Chandigarh - 701940",2026-04-16
ORD00127,U0127,2025-08-16,75342.6,Net Banking,Paid,Delivered,"372, Lake View, Ahmedabad, Gujarat - 484468",2025-08-20
ORD00128,U0067,2026-04-17,115476.31,Credit Card,Paid,Delivered,"362, Banjara Hills, Mysuru, Karnataka - 761985",2026-04-20
ORD00129,U0043,2026-07-03,255609.5,UPI,Paid,Delivered,"180, Salt Lake, Chennai, Tamil Nadu - 906319",2026-07-08
ORD00130,U0464,2026-05-16,8627.45,UPI,Paid,Delivered,"110, MG Road, Varanasi, Uttar Pradesh - 204966",2026-05-26
ORD00131,U0068,2026-08-06,41174.71,UPI,Paid,Delivered,"34, Civil Lines, Kochi, Kerala - 759237",2026-08-07
ORD00132,U0083,2026-07-28,56440.32,UPI,Paid,Delivered,"256, Model Town, Hyderabad, Telangana - 146115",2026-08-02
ORD00133,U0130,2026-07-31,61009.01,COD,Paid,Delivered,"23, Model Town, Thane, Maharashtra - 191714",2026-08-07
ORD00134,U0141,2025-07-30,70983.68,Credit Card,Paid,Delivered,"397, Ring Road, Bengaluru, Karnataka - 589699",2025-08-04
ORD00135,U0226,2026-03-21,240914.75,UPI,Paid,Delivered,"569, Anna Nagar, Chennai, Tamil Nadu - 589740",2026-03-25
ORD00136,U0197,2025-12-03,4469.18,Credit Card,Paid,Delivered,"233, Anna Nagar, Hyderabad, Telangana - 808105",2025-12-08
ORD00137,U0106,2026-06-19,9196.26,Net Banking,Paid,Delivered,"129, Gandhi Nagar, Surat, Gujarat - 810782",2026-06-24
ORD00138,U0428,2025-12-12,72832.2,Credit Card,Paid,Delivered,"329, Ring Road, Chandigarh, Chandigarh - 794942",2025-12-17
ORD00139,U0092,2025-05-14,10540.2,Debit Card,Paid,Delivered,"290, Green Park, Nashik, Maharashtra - 522972",2025-05-22
ORD00140,U0386,2026-06-22,31139.72,Debit Card,Paid,Delivered,"928, Gandhi Nagar, Ghaziabad, Uttar Pradesh - 290481",2026-06-29
ORD00141,U0234,2026-07-10,742.35,UPI,Paid,Delivered,"624, Station Road, Vadodara, Gujarat - 551624",2026-07-12
ORD00142,U0161,2026-08-05,13807.06,UPI,Paid,Shipped,"948, Jubilee Hills, Nashik, Maharashtra - 802686",
ORD00143,U0487,2025-11-02,33250.3,Net Banking,Paid,Delivered,"428, Rajaji Nagar, Mysuru, Karnataka - 883875",2025-11-05
ORD00144,U0182,2025-11-14,115361.34,Credit Card,Paid,Delivered,"45, Indiranagar, Chandigarh, Chandigarh - 373885",2025-11-19
ORD00145,U0142,2026-05-20,13308.0,UPI,Paid,Shipped,"95, Ring Road, Kolkata, West Bengal - 767424",2026-05-24
ORD00146,U0255,2026-06-17,76553.84,UPI,Paid,Delivered,"137, Nehru Colony, Lucknow, Uttar Pradesh - 716094",2026-06-23
ORD00147,U0477,2025-11-20,10946.88,UPI,Paid,Shipped,"707, Sector 15, Pune, Maharashtra - 112972",2025-11-21
ORD00148,U0293,2026-07-13,5001.9,UPI,Paid,Delivered,"333, Anna Nagar, Bhubaneswar, Odisha - 591425",2026-07-17
ORD00149,U0481,2025-09-25,15980.0,UPI,Paid,Delivered,"757, Banjara Hills, Chandigarh, Chandigarh - 377275",2025-10-02
ORD00150,U0091,2026-06-17,68666.47,Net Banking,Paid,Delivered,"142, MG Road, Bhopal, Madhya Pradesh - 126521",2026-06-20
ORD00151,U0321,2025-02-21,63204.55,UPI,Paid,Delivered,"663, Green Park, Indore, Madhya Pradesh - 435707",2025-02-25
ORD00152,U0190,2025-10-15,5723.23,UPI,Paid,Processing,"512, Station Road, Kolkata, West Bengal - 414124",
ORD00153,U0491,2026-06-12,904.93,UPI,Paid,Delivered,"41, Anna Nagar, Vadodara, Gujarat - 602688",2026-06-15
ORD00154,U0159,2025-07-09,7804.23,Debit Card,Paid,Delivered,"926, Station Road, Delhi, Delhi - 497224",2025-07-13
ORD00155,U0239,2026-05-02,661.67,Credit Card,Paid,Delivered,"439, Indiranagar, Indore, Madhya Pradesh - 756118",2026-05-11
ORD00156,U0127,2026-03-22,19104.0,Net Banking,Paid,Delivered,"887, Lake View, Ahmedabad, Gujarat - 656168",2026-03-28
ORD00157,U0031,2025-12-14,36227.26,UPI,Paid,Shipped,"579, Anna Nagar, Varanasi, Uttar Pradesh - 515595",2025-12-16
ORD00158,U0212,2025-07-31,31019.55,UPI,Refunded,Cancelled,"727, Salt Lake, Kanpur, Uttar Pradesh - 338016",
ORD00159,U0465,2026-06-15,3667.95,UPI,Paid,Delivered,"872, Jubilee Hills, Guwahati, Assam - 812500",2026-06-18
ORD00160,U0066,2026-02-20,27952.44,UPI,Paid,Delivered,"176, Ring Road, Kanpur, Uttar Pradesh - 690383",2026-03-02
ORD00161,U0397,2026-06-13,17285.69,UPI,Paid,Delivered,"124, Nehru Colony, Ahmedabad, Gujarat - 546667",2026-06-19
ORD00162,U0074,2026-07-19,23346.0,Net Banking,Paid,Delivered,"764, Lake View, Lucknow, Uttar Pradesh - 943170",2026-07-26
ORD00163,U0013,2025-11-05,51873.8,UPI,Paid,Delivered,"823, Vasant Kunj, Nagpur, Maharashtra - 218456",2025-11-12
ORD00164,U0039,2026-06-10,25205.4,UPI,Paid,Delivered,"154, Indiranagar, Varanasi, Uttar Pradesh - 404123",2026-06-14
ORD00165,U0310,2026-08-02,3521.22,UPI,Paid,Processing,"514, Salt Lake, Rajkot, Gujarat - 133177",
ORD00166,U0040,2025-09-01,49990.96,UPI,Paid,Shipped,"370, Lake View, Bhubaneswar, Odisha - 653920",2025-09-02
ORD00167,U0178,2025-06-29,1816.92,COD,Paid,Delivered,"591, Anna Nagar, Chandigarh, Chandigarh - 506723",2025-07-06
ORD00168,U0288,2025-10-17,27086.9,UPI,Paid,Delivered,"280, Rajaji Nagar, Indore, Madhya Pradesh - 386615",2025-10-21
ORD00169,U0058,2026-02-23,4456.34,Net Banking,Paid,Delivered,"372, Sector 15, Chandigarh, Chandigarh - 931564",2026-02-26
ORD00170,U0195,2025-02-01,175532.47,Debit Card,Paid,Delivered,"905, Salt Lake, Chennai, Tamil Nadu - 628202",2025-02-08
ORD00171,U0297,2026-02-04,12921.3,COD,Refunded,Cancelled,"415, Anna Nagar, Faridabad, Haryana - 515313",
ORD00172,U0480,2026-07-01,21546.0,Net Banking,Paid,Delivered,"675, Lake View, Nagpur, Maharashtra - 177070",2026-07-11
ORD00173,U0158,2026-07-16,24316.92,Net Banking,Paid,Delivered,"327, Station Road, Coimbatore, Tamil Nadu - 389272",2026-07-25
ORD00174,U0210,2026-04-23,31685.36,UPI,Paid,Delivered,"915, Vasant Kunj, Mysuru, Karnataka - 396364",2026-04-28
ORD00175,U0419,2026-05-21,810.0,UPI,Paid,Delivered,"76, Banjara Hills, Ghaziabad, Uttar Pradesh - 457732",2026-05-24
ORD00176,U0113,2024-10-03,104043.5,UPI,Paid,Delivered,"179, Park Street, Thane, Maharashtra - 534395",2024-10-10
ORD00177,U0044,2026-04-23,4257.24,Debit Card,Paid,Delivered,"578, Lake View, Ghaziabad, Uttar Pradesh - 158738",2026-04-30
ORD00178,U0334,2026-07-14,11568.0,Debit Card,Paid,Processing,"147, Koramangala, Pune, Maharashtra - 904455",
ORD00179,U0078,2026-04-26,8597.32,COD,Paid,Delivered,"833, Salt Lake, Rajkot, Gujarat - 900387",2026-05-02
ORD00180,U0035,2026-07-27,38653.42,Debit Card,Paid,Delivered,"10, Indiranagar, Lucknow, Uttar Pradesh - 598874",2026-08-02
ORD00181,U0083,2026-08-06,62505.6,COD,Refunded,Cancelled,"963, Vasant Kunj, Hyderabad, Telangana - 483369",
ORD00182,U0124,2026-04-04,81288.3,COD,Pending,Processing,"218, Lake View, Hyderabad, Telangana - 928183",
ORD00183,U0028,2025-03-14,24372.22,Debit Card,Paid,Delivered,"269, Jubilee Hills, Mumbai, Maharashtra - 353576",2025-03-16
ORD00184,U0190,2025-09-30,28900.2,UPI,Paid,Shipped,"91, Lake View, Kolkata, West Bengal - 104123",2025-10-03
ORD00185,U0402,2026-07-08,31928.82,COD,Paid,Delivered,"446, Nehru Colony, Kochi, Kerala - 412059",2026-07-12
ORD00186,U0027,2026-05-11,40220.62,UPI,Refunded,Cancelled,"754, Green Park, Ghaziabad, Uttar Pradesh - 202286",
ORD00187,U0137,2026-08-04,11499.71,Debit Card,Paid,Delivered,"207, MG Road, Chennai, Tamil Nadu - 139713",2026-08-07
ORD00188,U0111,2026-02-13,38323.1,Debit Card,Paid,Delivered,"439, MG Road, Bengaluru, Karnataka - 287675",2026-02-23
ORD00189,U0185,2026-05-16,11499.0,UPI,Paid,Shipped,"721, Station Road, Jaipur, Rajasthan - 115945",2026-05-19
ORD00190,U0213,2025-09-06,176665.77,UPI,Paid,Delivered,"289, Indiranagar, Chandigarh, Chandigarh - 446819",2025-09-16
ORD00191,U0330,2025-06-03,9290.4,Credit Card,Paid,Delivered,"623, Koramangala, Guwahati, Assam - 367035",2025-06-08
ORD00192,U0308,2026-01-01,57978.0,COD,Paid,Delivered,"711, Indiranagar, Thane, Maharashtra - 440129",2026-01-09
ORD00193,U0365,2026-07-04,172445.73,Debit Card,Paid,Delivered,"845, Rajaji Nagar, Kochi, Kerala - 472457",2026-07-09
ORD00194,U0058,2025-12-30,31347.9,Net Banking,Paid,Delivered,"535, Banjara Hills, Chandigarh, Chandigarh - 599770",2026-01-06
ORD00195,U0483,2025-08-23,7026.5,Net Banking,Paid,Delivered,"391, Green Park, Thane, Maharashtra - 972541",2025-08-30
ORD00196,U0349,2025-09-24,9216.75,Credit Card,Paid,Delivered,"679, Church Street, Bengaluru, Karnataka - 388372",2025-10-03
ORD00197,U0321,2025-07-20,3051.67,Net Banking,Paid,Delivered,"376, Salt Lake, Indore, Madhya Pradesh - 645986",2025-07-24
ORD00198,U0195,2026-06-09,14178.0,Credit Card,Paid,Delivered,"605, Station Road, Chennai, Tamil Nadu - 421430",2026-06-11
ORD00199,U0458,2026-05-18,10745.28,Net Banking,Paid,Delivered,"434, Sector 15, Ghaziabad, Uttar Pradesh - 747874",2026-05-22
ORD00200,U0301,2026-05-23,1924.23,Debit Card,Paid,Delivered,"664, Vasant Kunj, Mumbai, Maharashtra - 950213",2026-05-31
ORD00201,U0209,2026-05-19,684.0,UPI,Paid,Processing,"382, Church Street, Nashik, Maharashtra - 797933",
ORD00202,U0164,2025-09-12,8364.96,COD,Paid,Delivered,"608, Banjara Hills, Nashik, Maharashtra - 585009",2025-09-15
ORD00203,U0385,2026-05-18,15246.66,COD,Paid,Delivered,"687, Model Town, Mumbai, Maharashtra - 876416",2026-05-20
ORD00204,U0162,2026-06-26,12515.5,Credit Card,Failed,Cancelled,"838, MG Road, Vadodara, Gujarat - 206646",
ORD00205,U0414,2025-03-08,55847.5,COD,Paid,Delivered,"708, Jubilee Hills, Guwahati, Assam - 984596",2025-03-18
ORD00206,U0493,2025-06-04,11896.35,Net Banking,Paid,Shipped,"393, Civil Lines, Agra, Uttar Pradesh - 796206",2025-06-07
ORD00207,U0242,2026-07-21,22140.0,Credit Card,Paid,Processing,"135, Park Street, Visakhapatnam, Andhra Pradesh - 317586",
ORD00208,U0450,2026-07-14,200786.07,Net Banking,Paid,Delivered,"9, Indiranagar, Coimbatore, Tamil Nadu - 170927",2026-07-21
ORD00209,U0330,2026-04-02,4824.0,COD,Paid,Delivered,"822, Banjara Hills, Guwahati, Assam - 740393",2026-04-07
ORD00210,U0377,2026-07-22,4473.7,Net Banking,Paid,Delivered,"755, Station Road, Faridabad, Haryana - 622418",2026-08-01
ORD00211,U0182,2026-06-04,11732.0,Debit Card,Paid,Shipped,"425, Model Town, Chandigarh, Chandigarh - 790886",2026-06-05
ORD00212,U0210,2026-01-07,7182.5,Debit Card,Paid,Delivered,"857, Anna Nagar, Mysuru, Karnataka - 407898",2026-01-11
ORD00213,U0191,2026-07-17,47646.5,COD,Paid,Delivered,"390, Nehru Colony, Surat, Gujarat - 771909",2026-07-24
ORD00214,U0234,2026-07-14,2382.0,Debit Card,Paid,Delivered,"342, Rajaji Nagar, Vadodara, Gujarat - 219928",2026-07-22
ORD00215,U0041,2026-07-15,7182.0,Credit Card,Paid,Delivered,"298, Salt Lake, Mysuru, Karnataka - 464850",2026-07-18
ORD00216,U0019,2026-07-01,3664.15,COD,Pending,Processing,"598, Indiranagar, Pune, Maharashtra - 892980",
ORD00217,U0076,2026-02-01,19129.55,UPI,Paid,Delivered,"359, Anna Nagar, Kochi, Kerala - 604407",2026-02-08
ORD00218,U0201,2025-12-28,32711.5,Debit Card,Paid,Delivered,"37, Park Street, Kanpur, Uttar Pradesh - 141535",2026-01-06
ORD00219,U0428,2025-12-15,180732.0,Credit Card,Paid,Delivered,"340, MG Road, Chandigarh, Chandigarh - 983211",2025-12-18
ORD00220,U0399,2026-02-23,118670.2,UPI,Paid,Delivered,"44, Koramangala, Rajkot, Gujarat - 368673",2026-03-05
ORD00221,U0297,2026-01-12,56146.09,UPI,Paid,Delivered,"862, Civil Lines, Faridabad, Haryana - 132422",2026-01-16
ORD00222,U0346,2026-07-01,73131.0,Debit Card,Paid,Delivered,"842, Model Town, Dehradun, Uttarakhand - 176601",2026-07-03
ORD00223,U0279,2025-11-06,89840.15,UPI,Paid,Delivered,"34, Church Street, Delhi, Delhi - 926920",2025-11-14
ORD00224,U0199,2026-01-14,618.8,Debit Card,Paid,Delivered,"948, Model Town, Visakhapatnam, Andhra Pradesh - 819361",2026-01-19
ORD00225,U0271,2024-12-08,119541.0,Net Banking,Paid,Shipped,"888, Park Street, Jaipur, Rajasthan - 986807",2024-12-10
ORD00226,U0296,2026-07-24,18904.5,UPI,Paid,Delivered,"927, Park Street, Nashik, Maharashtra - 881149",2026-07-30
ORD00227,U0388,2025-07-24,81087.45,Credit Card,Paid,Processing,"469, Indiranagar, Varanasi, Uttar Pradesh - 348137",
ORD00228,U0408,2026-05-24,17704.2,Net Banking,Paid,Delivered,"680, Vasant Kunj, Nagpur, Maharashtra - 976921",2026-05-31
ORD00229,U0348,2026-06-07,3545.64,UPI,Paid,Delivered,"620, Sector 15, Jaipur, Rajasthan - 579706",2026-06-15
ORD00230,U0121,2025-10-12,116237.6,Credit Card,Paid,Delivered,"192, Anna Nagar, Ludhiana, Punjab - 527236",2025-10-18
ORD00231,U0452,2026-06-16,37040.0,UPI,Paid,Delivered,"912, Vasant Kunj, Faridabad, Haryana - 513511",2026-06-23
ORD00232,U0252,2026-04-06,141022.62,UPI,Paid,Processing,"829, Civil Lines, Meerut, Uttar Pradesh - 872366",
ORD00233,U0287,2026-08-01,20567.72,UPI,Paid,Delivered,"371, Sector 15, Bhubaneswar, Odisha - 793280",2026-08-07
ORD00234,U0306,2026-08-04,9295.32,COD,Paid,Delivered,"319, Koramangala, Ghaziabad, Uttar Pradesh - 259688",2026-08-07
ORD00235,U0382,2025-02-06,2590.0,Net Banking,Paid,Delivered,"48, Rajaji Nagar, Kochi, Kerala - 282014",2025-02-16
ORD00236,U0224,2026-07-13,32178.72,COD,Paid,Delivered,"332, Station Road, Kanpur, Uttar Pradesh - 973985",2026-07-19
ORD00237,U0486,2026-07-18,27427.1,COD,Pending,Shipped,"698, Sector 15, Mysuru, Karnataka - 156094",2026-07-20
ORD00238,U0242,2026-06-07,70132.15,COD,Paid,Delivered,"371, Rajaji Nagar, Visakhapatnam, Andhra Pradesh - 435152",2026-06-13
ORD00239,U0314,2026-05-28,8392.64,UPI,Paid,Delivered,"282, Rajaji Nagar, Bengaluru, Karnataka - 480361",2026-05-31
ORD00240,U0321,2026-03-22,2061.5,COD,Pending,Processing,"545, Banjara Hills, Indore, Madhya Pradesh - 420430",
ORD00241,U0288,2025-12-03,3123.6,UPI,Paid,Delivered,"855, Gandhi Nagar, Indore, Madhya Pradesh - 421857",2025-12-11
ORD00242,U0133,2026-05-24,23436.75,UPI,Paid,Shipped,"545, Koramangala, Indore, Madhya Pradesh - 533732",2026-05-26
ORD00243,U0232,2025-08-16,37497.07,UPI,Paid,Delivered,"228, Model Town, Guwahati, Assam - 624886",2025-08-20
ORD00244,U0102,2025-09-28,46393.29,COD,Pending,Shipped,"623, Ring Road, Chennai, Tamil Nadu - 334741",2025-10-01
ORD00245,U0252,2025-12-24,100361.0,Credit Card,Paid,Delivered,"282, Koramangala, Meerut, Uttar Pradesh - 161971",2026-01-02
ORD00246,U0367,2026-05-17,7830.2,Debit Card,Paid,Shipped,"302, Lake View, Chandigarh, Chandigarh - 447116",2026-05-19
ORD00247,U0444,2026-05-27,155987.4,UPI,Paid,Delivered,"978, Civil Lines, Delhi, Delhi - 859726",2026-05-30
ORD00248,U0077,2026-04-14,2699.17,Credit Card,Paid,Delivered,"442, Anna Nagar, Amritsar, Punjab - 815829",2026-04-18
ORD00249,U0377,2026-07-09,11791.72,UPI,Paid,Delivered,"450, Ring Road, Faridabad, Haryana - 928624",2026-07-11
ORD00250,U0161,2026-08-05,125245.85,UPI,Paid,Shipped,"856, Indiranagar, Nashik, Maharashtra - 376605",2026-08-06
ORD00251,U0469,2026-02-24,196211.0,Debit Card,Paid,Delivered,"432, MG Road, Nashik, Maharashtra - 943563",2026-03-03
ORD00252,U0377,2026-07-03,2155.08,UPI,Paid,Processing,"919, Nehru Colony, Faridabad, Haryana - 991256",
ORD00253,U0091,2026-07-07,1044.0,Debit Card,Paid,Delivered,"728, Civil Lines, Bhopal, Madhya Pradesh - 954556",2026-07-12
ORD00254,U0433,2026-03-28,44082.0,COD,Pending,Shipped,"114, Ring Road, Meerut, Uttar Pradesh - 863240",2026-03-29
ORD00255,U0495,2026-03-01,128973.6,Credit Card,Paid,Delivered,"497, Ring Road, Kochi, Kerala - 107693",2026-03-10
ORD00256,U0199,2026-02-12,369.75,Net Banking,Paid,Delivered,"468, Banjara Hills, Visakhapatnam, Andhra Pradesh - 713980",2026-02-21
ORD00257,U0361,2025-04-09,13426.88,Debit Card,Paid,Delivered,"931, Salt Lake, Mumbai, Maharashtra - 728172",2025-04-12
ORD00258,U0311,2026-07-10,81718.75,Debit Card,Paid,Shipped,"412, Model Town, Dehradun, Uttarakhand - 330256",2026-07-11
ORD00259,U0044,2026-07-15,9162.0,UPI,Paid,Delivered,"147, Koramangala, Ghaziabad, Uttar Pradesh - 270726",2026-07-19
ORD00260,U0428,2026-04-10,27888.0,UPI,Paid,Shipped,"723, Park Street, Chandigarh, Chandigarh - 793576",2026-04-11
ORD00261,U0459,2026-05-30,1387.5,UPI,Paid,Delivered,"850, Koramangala, Rajkot, Gujarat - 950972",2026-06-03
ORD00262,U0381,2025-08-14,798.0,UPI,Paid,Delivered,"560, Koramangala, Coimbatore, Tamil Nadu - 469652",2025-08-17
ORD00263,U0080,2025-12-14,232042.2,Debit Card,Paid,Processing,"788, Ring Road, Surat, Gujarat - 107281",
ORD00264,U0069,2025-01-31,213865.4,UPI,Paid,Delivered,"687, Nehru Colony, Amritsar, Punjab - 991266",2025-02-02
ORD00265,U0350,2025-10-17,4860.0,UPI,Failed,Cancelled,"392, Gandhi Nagar, Chandigarh, Chandigarh - 270010",
ORD00266,U0365,2026-05-15,54770.58,Net Banking,Paid,Delivered,"2, Model Town, Kochi, Kerala - 459266",2026-05-22
ORD00267,U0069,2026-05-14,56956.83,UPI,Paid,Delivered,"251, Jubilee Hills, Amritsar, Punjab - 644031",2026-05-24
ORD00268,U0077,2026-05-10,71738.25,UPI,Paid,Shipped,"255, Lake View, Amritsar, Punjab - 369619",2026-05-14
ORD00269,U0030,2025-08-15,7726.0,Debit Card,Paid,Delivered,"712, Rajaji Nagar, Agra, Uttar Pradesh - 418662",2025-08-18
ORD00270,U0069,2025-01-20,24208.85,Debit Card,Paid,Delivered,"740, Salt Lake, Amritsar, Punjab - 779896",2025-01-23
ORD00271,U0427,2026-06-10,1193.4,COD,Failed,Cancelled,"405, Jubilee Hills, Bhubaneswar, Odisha - 830617",
ORD00272,U0141,2026-05-07,70576.8,Net Banking,Paid,Processing,"285, Vasant Kunj, Bengaluru, Karnataka - 110281",
ORD00273,U0158,2026-05-12,3548.5,Net Banking,Paid,Delivered,"393, Civil Lines, Coimbatore, Tamil Nadu - 783910",2026-05-14
ORD00274,U0077,2026-05-13,1986.0,UPI,Paid,Delivered,"379, Civil Lines, Amritsar, Punjab - 488478",2026-05-17
ORD00275,U0296,2026-07-08,29429.0,Credit Card,Paid,Delivered,"781, Rajaji Nagar, Nashik, Maharashtra - 994578",2026-07-13
ORD00276,U0296,2026-07-13,137230.8,Debit Card,Paid,Delivered,"471, Indiranagar, Nashik, Maharashtra - 846085",2026-07-16
ORD00277,U0408,2026-01-20,54721.4,Credit Card,Paid,Delivered,"522, Model Town, Nagpur, Maharashtra - 607475",2026-01-23
ORD00278,U0178,2026-03-14,1323.0,Debit Card,Failed,Cancelled,"246, Koramangala, Chandigarh, Chandigarh - 278938",
ORD00279,U0427,2025-12-01,11792.0,UPI,Paid,Delivered,"211, Civil Lines, Bhubaneswar, Odisha - 795137",2025-12-04
ORD00280,U0293,2026-06-16,24700.57,UPI,Failed,Cancelled,"704, Park Street, Bhubaneswar, Odisha - 663218",
ORD00281,U0192,2026-04-22,28800.0,Credit Card,Paid,Delivered,"613, Anna Nagar, Nashik, Maharashtra - 858931",2026-04-24
ORD00282,U0070,2026-04-15,10364.4,UPI,Paid,Delivered,"412, MG Road, Faridabad, Haryana - 812109",2026-04-18
ORD00283,U0133,2025-12-13,380.73,Credit Card,Paid,Delivered,"637, Ring Road, Indore, Madhya Pradesh - 301749",2025-12-18
ORD00284,U0394,2026-01-20,10067.64,UPI,Paid,Shipped,"685, MG Road, Hyderabad, Telangana - 696206",2026-01-24
ORD00285,U0303,2026-07-27,31634.4,UPI,Paid,Processing,"487, Indiranagar, Amritsar, Punjab - 674475",
ORD00286,U0314,2025-12-08,13827.72,UPI,Paid,Delivered,"908, Park Street, Bengaluru, Karnataka - 275896",2025-12-15
ORD00287,U0192,2025-10-25,7251.8,UPI,Paid,Delivered,"98, Park Street, Nashik, Maharashtra - 556738",2025-11-02
ORD00288,U0087,2026-07-03,65667.8,Net Banking,Paid,Delivered,"674, Koramangala, Faridabad, Haryana - 714772",2026-07-12
ORD00289,U0299,2026-04-30,12054.0,Net Banking,Paid,Delivered,"881, Civil Lines, Chandigarh, Chandigarh - 774733",2026-05-04
ORD00290,U0195,2025-11-05,74494.29,Credit Card,Paid,Delivered,"456, Salt Lake, Chennai, Tamil Nadu - 456547",2025-11-07
ORD00291,U0151,2026-07-03,8450.1,Net Banking,Paid,Shipped,"922, Model Town, Bengaluru, Karnataka - 488818",2026-07-05
ORD00292,U0293,2026-07-06,12987.0,Debit Card,Paid,Shipped,"116, Park Street, Bhubaneswar, Odisha - 634652",2026-07-09
ORD00293,U0112,2026-04-23,135881.42,Debit Card,Paid,Delivered,"323, Station Road, Guwahati, Assam - 950781",2026-05-01
ORD00294,U0400,2026-05-30,13594.5,Debit Card,Paid,Shipped,"722, Banjara Hills, Patna, Bihar - 906309",2026-06-01
ORD00295,U0161,2026-08-05,11869.9,COD,Paid,Delivered,"610, Indiranagar, Nashik, Maharashtra - 532283",2026-08-07
ORD00296,U0474,2025-06-09,100254.5,UPI,Paid,Shipped,"85, Church Street, Pune, Maharashtra - 307974",2025-06-10
ORD00297,U0123,2026-05-06,106378.0,UPI,Paid,Delivered,"271, Station Road, Mysuru, Karnataka - 378456",2026-05-09
ORD00298,U0078,2026-02-10,16348.5,Debit Card,Paid,Delivered,"620, Indiranagar, Rajkot, Gujarat - 944270",2026-02-15
ORD00299,U0049,2026-05-11,14075.55,UPI,Paid,Delivered,"68, Banjara Hills, Ludhiana, Punjab - 259645",2026-05-14
ORD00300,U0159,2026-04-30,36484.5,Debit Card,Paid,Shipped,"861, Anna Nagar, Delhi, Delhi - 352625",2026-05-01
ORD00301,U0210,2026-03-08,22527.4,Credit Card,Paid,Delivered,"924, Station Road, Mysuru, Karnataka - 314578",2026-03-13
ORD00302,U0255,2026-07-03,9464.4,UPI,Paid,Delivered,"739, Sector 15, Lucknow, Uttar Pradesh - 158360",2026-07-13
ORD00303,U0257,2025-06-18,15244.0,UPI,Paid,Delivered,"123, Koramangala, Guwahati, Assam - 853258",2025-06-25
ORD00304,U0435,2026-05-25,99742.62,Debit Card,Paid,Delivered,"496, Church Street, Hyderabad, Telangana - 364871",2026-06-02
ORD00305,U0428,2026-02-17,41589.03,Credit Card,Paid,Processing,"879, Indiranagar, Chandigarh, Chandigarh - 235216",
ORD00306,U0058,2026-02-05,7536.48,Debit Card,Paid,Delivered,"734, Park Street, Chandigarh, Chandigarh - 133436",2026-02-08
ORD00307,U0232,2026-07-07,390018.36,Debit Card,Paid,Delivered,"725, Lake View, Guwahati, Assam - 480034",2026-07-15
ORD00308,U0100,2026-03-16,69375.18,Credit Card,Paid,Delivered,"232, Station Road, Chennai, Tamil Nadu - 733393",2026-03-25
ORD00309,U0232,2026-07-02,26862.0,Credit Card,Paid,Delivered,"526, Salt Lake, Guwahati, Assam - 953693",2026-07-08
ORD00310,U0123,2025-12-04,53595.48,UPI,Paid,Shipped,"921, Park Street, Mysuru, Karnataka - 442948",2025-12-05
ORD00311,U0188,2025-07-28,1693.82,COD,Paid,Delivered,"966, Model Town, Thane, Maharashtra - 113202",2025-07-31
ORD00312,U0330,2026-06-14,184951.2,COD,Paid,Delivered,"553, Lake View, Guwahati, Assam - 803461",2026-06-19
ORD00313,U0052,2026-01-13,3963.04,COD,Paid,Delivered,"467, Lake View, Varanasi, Uttar Pradesh - 593059",2026-01-23
ORD00314,U0385,2026-06-29,33243.0,Debit Card,Paid,Processing,"379, Church Street, Mumbai, Maharashtra - 744936",
ORD00315,U0062,2026-01-23,2142.9,Debit Card,Paid,Delivered,"327, Green Park, Mysuru, Karnataka - 869377",2026-02-01
ORD00316,U0255,2026-07-15,76152.1,Debit Card,Paid,Delivered,"556, Green Park, Lucknow, Uttar Pradesh - 790793",2026-07-22
ORD00317,U0102,2026-07-18,1100.88,UPI,Paid,Delivered,"841, Koramangala, Chennai, Tamil Nadu - 927189",2026-07-24
ORD00318,U0291,2026-04-24,51446.94,UPI,Paid,Shipped,"528, Station Road, Patna, Bihar - 615136",2026-04-27
ORD00319,U0460,2026-06-17,150930.0,Credit Card,Paid,Delivered,"18, Indiranagar, Nagpur, Maharashtra - 896420",2026-06-21
ORD00320,U0094,2026-07-26,181715.4,Credit Card,Refunded,Cancelled,"148, Nehru Colony, Mysuru, Karnataka - 761726",
ORD00321,U0358,2025-12-05,32992.82,Credit Card,Paid,Delivered,"95, MG Road, Kolkata, West Bengal - 941676",2025-12-07
ORD00322,U0280,2026-07-08,77258.5,UPI,Paid,Shipped,"730, Vasant Kunj, Nashik, Maharashtra - 845092",2026-07-12
ORD00323,U0178,2025-05-21,26275.14,COD,Paid,Delivered,"176, Ring Road, Chandigarh, Chandigarh - 669397",2025-05-30
ORD00324,U0277,2026-07-06,13200.0,COD,Paid,Delivered,"311, Sector 15, Varanasi, Uttar Pradesh - 269793",2026-07-14
ORD00325,U0180,2025-12-20,2355.43,UPI,Paid,Delivered,"485, Civil Lines, Kolkata, West Bengal - 594327",2025-12-29
ORD00326,U0432,2025-12-18,29598.71,Credit Card,Paid,Delivered,"344, Green Park, Lucknow, Uttar Pradesh - 839205",2025-12-26
ORD00327,U0319,2026-08-06,43485.88,Debit Card,Paid,Delivered,"669, MG Road, Kanpur, Uttar Pradesh - 819840",2026-08-07
ORD00328,U0121,2026-08-06,7072.35,Credit Card,Paid,Processing,"140, MG Road, Ludhiana, Punjab - 746327",
ORD00329,U0265,2026-05-25,60199.55,Credit Card,Paid,Delivered,"341, Civil Lines, Faridabad, Haryana - 505924",2026-05-28
ORD00330,U0479,2025-09-27,25582.5,UPI,Paid,Shipped,"913, Lake View, Surat, Gujarat - 401926",2025-09-30
ORD00331,U0410,2025-02-06,41676.5,Net Banking,Paid,Delivered,"319, Model Town, Kanpur, Uttar Pradesh - 329925",2025-02-10
ORD00332,U0053,2026-08-04,54853.38,UPI,Paid,Shipped,"880, Rajaji Nagar, Nagpur, Maharashtra - 542734",
ORD00333,U0079,2025-05-22,6600.0,Debit Card,Refunded,Cancelled,"23, Lake View, Bhopal, Madhya Pradesh - 842692",
ORD00334,U0137,2026-08-01,49521.0,Credit Card,Paid,Delivered,"124, Jubilee Hills, Chennai, Tamil Nadu - 441094",2026-08-07
ORD00335,U0318,2025-12-31,61151.3,UPI,Paid,Delivered,"463, Anna Nagar, Ahmedabad, Gujarat - 124131",2026-01-02
ORD00336,U0279,2026-04-07,10563.0,Credit Card,Paid,Delivered,"180, Rajaji Nagar, Delhi, Delhi - 264232",2026-04-16
ORD00337,U0005,2026-07-25,398883.58,COD,Pending,Shipped,"983, Salt Lake, Thane, Maharashtra - 708244",2026-07-28
ORD00338,U0132,2025-12-19,186210.57,COD,Paid,Delivered,"975, Civil Lines, Indore, Madhya Pradesh - 187000",2025-12-28
ORD00339,U0408,2026-07-28,9525.5,COD,Paid,Delivered,"284, Gandhi Nagar, Nagpur, Maharashtra - 735591",2026-08-05
ORD00340,U0356,2026-06-20,336624.0,COD,Pending,Shipped,"37, Salt Lake, Visakhapatnam, Andhra Pradesh - 974853",2026-06-21
ORD00341,U0243,2026-05-22,29846.5,UPI,Paid,Delivered,"48, Nehru Colony, Chennai, Tamil Nadu - 950717",2026-05-25
ORD00342,U0238,2025-04-16,1391.54,Debit Card,Paid,Processing,"490, MG Road, Bhubaneswar, Odisha - 191108",
ORD00343,U0070,2025-02-14,182587.35,UPI,Paid,Delivered,"169, Station Road, Faridabad, Haryana - 333964",2025-02-21
ORD00344,U0395,2026-05-19,122229.59,UPI,Paid,Processing,"876, Anna Nagar, Patna, Bihar - 322551",
ORD00345,U0083,2026-07-07,6706.05,Net Banking,Paid,Shipped,"534, Gandhi Nagar, Hyderabad, Telangana - 681032",2026-07-09
ORD00346,U0260,2026-08-06,35303.74,COD,Pending,Processing,"983, Gandhi Nagar, Mumbai, Maharashtra - 247155",
ORD00347,U0415,2026-01-06,2940.21,UPI,Paid,Delivered,"645, Green Park, Kanpur, Uttar Pradesh - 690371",2026-01-15
ORD00348,U0295,2026-02-15,35365.6,Net Banking,Paid,Delivered,"727, Banjara Hills, Chennai, Tamil Nadu - 167505",2026-02-20
ORD00349,U0342,2025-10-01,16043.75,UPI,Paid,Delivered,"273, Park Street, Meerut, Uttar Pradesh - 547266",2025-10-03
ORD00350,U0074,2026-06-05,788.31,UPI,Paid,Delivered,"845, Station Road, Lucknow, Uttar Pradesh - 113703",2026-06-15
ORD00351,U0484,2026-02-28,85700.45,Net Banking,Paid,Processing,"980, Lake View, Ghaziabad, Uttar Pradesh - 807602",
ORD00352,U0313,2026-07-23,8782.2,Net Banking,Paid,Delivered,"977, MG Road, Thane, Maharashtra - 157093",2026-07-25
ORD00353,U0348,2026-07-17,73412.0,Credit Card,Paid,Delivered,"146, Station Road, Jaipur, Rajasthan - 265848",2026-07-27
ORD00354,U0126,2025-03-08,31371.38,UPI,Paid,Shipped,"574, Salt Lake, Dehradun, Uttarakhand - 532745",2025-03-09
ORD00355,U0385,2026-02-27,1975.7,COD,Pending,Shipped,"855, Salt Lake, Mumbai, Maharashtra - 717585",2026-02-28
ORD00356,U0314,2026-05-06,27662.0,UPI,Paid,Shipped,"203, Church Street, Bengaluru, Karnataka - 372420",2026-05-08
ORD00357,U0070,2025-12-15,15936.0,COD,Paid,Delivered,"798, Anna Nagar, Faridabad, Haryana - 356254",2025-12-25
ORD00358,U0127,2025-07-31,18633.23,UPI,Paid,Delivered,"105, Koramangala, Ahmedabad, Gujarat - 878564",2025-08-02
ORD00359,U0159,2025-12-06,31634.4,Credit Card,Paid,Delivered,"246, Anna Nagar, Delhi, Delhi - 103742",2025-12-09
ORD00360,U0184,2026-01-20,8223.95,UPI,Paid,Delivered,"427, Jubilee Hills, Jaipur, Rajasthan - 172462",2026-01-28
ORD00361,U0128,2025-05-13,30830.74,UPI,Paid,Delivered,"130, Nehru Colony, Patna, Bihar - 170372",2025-05-22
ORD00362,U0401,2026-02-06,21608.7,UPI,Paid,Delivered,"597, Civil Lines, Delhi, Delhi - 464877",2026-02-11
ORD00363,U0138,2026-05-06,24388.88,COD,Paid,Delivered,"118, Rajaji Nagar, Bhubaneswar, Odisha - 196425",2026-05-09
ORD00364,U0182,2025-06-25,195720.0,UPI,Paid,Processing,"868, Indiranagar, Chandigarh, Chandigarh - 716800",
ORD00365,U0364,2026-06-08,23346.0,Credit Card,Paid,Delivered,"364, Koramangala, Kanpur, Uttar Pradesh - 686256",2026-06-15
ORD00366,U0183,2026-08-06,20058.3,Debit Card,Paid,Delivered,"45, Indiranagar, Kolkata, West Bengal - 407396",2026-08-07
ORD00367,U0221,2026-07-02,171633.45,COD,Paid,Delivered,"495, Lake View, Mumbai, Maharashtra - 866627",2026-07-08
ORD00368,U0173,2026-04-30,13584.64,COD,Paid,Delivered,"651, Green Park, Ludhiana, Punjab - 827187",2026-05-06
ORD00369,U0017,2025-08-25,134082.0,Credit Card,Paid,Delivered,"484, Gandhi Nagar, Ludhiana, Punjab - 854606",2025-09-01
ORD00370,U0155,2026-07-17,120551.2,UPI,Paid,Delivered,"288, Park Street, Indore, Madhya Pradesh - 807440",2026-07-24
ORD00371,U0200,2026-05-01,610.4,UPI,Paid,Delivered,"522, Gandhi Nagar, Varanasi, Uttar Pradesh - 216775",2026-05-08
ORD00372,U0218,2026-04-08,76789.9,Credit Card,Failed,Cancelled,"212, MG Road, Bengaluru, Karnataka - 707554",
ORD00373,U0484,2026-03-15,156630.88,UPI,Paid,Delivered,"523, Anna Nagar, Ghaziabad, Uttar Pradesh - 228284",2026-03-18
ORD00374,U0195,2025-04-15,196.2,Credit Card,Failed,Cancelled,"410, Model Town, Chennai, Tamil Nadu - 785642",
ORD00375,U0345,2026-08-01,169369.0,UPI,Paid,Delivered,"680, Rajaji Nagar, Mysuru, Karnataka - 584384",2026-08-03
ORD00376,U0188,2026-05-12,19166.48,Debit Card,Paid,Shipped,"96, Church Street, Thane, Maharashtra - 292750",2026-05-13
ORD00377,U0299,2025-08-08,11056.2,Credit Card,Paid,Delivered,"523, Koramangala, Chandigarh, Chandigarh - 617696",2025-08-11
ORD00378,U0095,2025-12-02,61847.85,UPI,Paid,Delivered,"291, Church Street, Nagpur, Maharashtra - 748164",2025-12-08
ORD00379,U0299,2025-10-03,927.0,Credit Card,Failed,Cancelled,"166, Jubilee Hills, Chandigarh, Chandigarh - 123765",
ORD00380,U0293,2026-06-26,20130.09,Credit Card,Paid,Delivered,"852, Green Park, Bhubaneswar, Odisha - 954662",2026-06-30
ORD00381,U0054,2026-02-03,3483.9,Credit Card,Paid,Processing,"821, Ring Road, Pune, Maharashtra - 667882",
ORD00382,U0141,2025-04-16,5442.69,Debit Card,Paid,Delivered,"298, Indiranagar, Bengaluru, Karnataka - 660153",2025-04-23
ORD00383,U0109,2026-04-20,77207.92,Debit Card,Paid,Delivered,"688, Anna Nagar, Visakhapatnam, Andhra Pradesh - 879074",2026-04-25
ORD00384,U0261,2026-07-31,10271.4,UPI,Paid,Processing,"640, Park Street, Amritsar, Punjab - 720689",
ORD00385,U0428,2026-01-10,69400.0,UPI,Paid,Processing,"634, Model Town, Chandigarh, Chandigarh - 561402",
ORD00386,U0074,2026-07-28,1948.8,Credit Card,Paid,Delivered,"135, Lake View, Lucknow, Uttar Pradesh - 490825",2026-07-30
ORD00387,U0060,2025-07-11,740.8,UPI,Paid,Delivered,"943, Church Street, Kolkata, West Bengal - 314850",2025-07-17
ORD00388,U0361,2025-11-13,23805.0,Debit Card,Paid,Delivered,"972, Indiranagar, Mumbai, Maharashtra - 607526",2025-11-16
ORD00389,U0119,2026-03-31,13963.3,Debit Card,Paid,Delivered,"98, Ring Road, Bengaluru, Karnataka - 561161",2026-04-05
ORD00390,U0298,2026-06-07,2945.25,Credit Card,Paid,Delivered,"215, Station Road, Vadodara, Gujarat - 464311",2026-06-15
ORD00391,U0413,2026-07-18,85658.0,UPI,Paid,Shipped,"585, Gandhi Nagar, Kanpur, Uttar Pradesh - 376494",2026-07-21
ORD00392,U0222,2025-11-25,7721.36,Debit Card,Paid,Delivered,"813, Nehru Colony, Bengaluru, Karnataka - 678965",2025-12-01
ORD00393,U0464,2026-06-20,56313.54,Debit Card,Paid,Processing,"194, Gandhi Nagar, Varanasi, Uttar Pradesh - 263716",
ORD00394,U0332,2025-08-23,9691.0,Credit Card,Paid,Delivered,"166, Salt Lake, Nagpur, Maharashtra - 714870",2025-08-28
ORD00395,U0451,2026-04-13,291278.08,Credit Card,Paid,Delivered,"963, Banjara Hills, Guwahati, Assam - 280307",2026-04-18
ORD00396,U0285,2025-08-30,9317.56,UPI,Paid,Shipped,"854, Church Street, Coimbatore, Tamil Nadu - 375660",2025-09-02
ORD00397,U0405,2025-06-20,3023.95,UPI,Paid,Delivered,"118, Lake View, Bengaluru, Karnataka - 886100",2025-06-22
ORD00398,U0090,2026-06-28,122713.56,Debit Card,Paid,Shipped,"694, Jubilee Hills, Mysuru, Karnataka - 713286",2026-07-02
ORD00399,U0444,2026-04-09,52193.52,UPI,Paid,Processing,"921, Jubilee Hills, Delhi, Delhi - 109328",
ORD00400,U0014,2026-02-06,35980.27,Debit Card,Paid,Delivered,"392, Anna Nagar, Lucknow, Uttar Pradesh - 855154",2026-02-08
ORD00401,U0267,2026-01-18,10850.0,Debit Card,Paid,Delivered,"810, Sector 15, Guwahati, Assam - 420568",2026-01-20
ORD00402,U0459,2026-07-07,136892.51,COD,Paid,Delivered,"758, Jubilee Hills, Rajkot, Gujarat - 228296",2026-07-17
ORD00403,U0098,2026-08-03,8714.54,Credit Card,Paid,Delivered,"662, Rajaji Nagar, Bhopal, Madhya Pradesh - 512284",2026-08-07
ORD00404,U0433,2026-06-18,253216.28,Debit Card,Paid,Processing,"371, Nehru Colony, Meerut, Uttar Pradesh - 732599",
ORD00405,U0433,2026-01-19,28035.0,Credit Card,Refunded,Cancelled,"35, Vasant Kunj, Meerut, Uttar Pradesh - 565927",
ORD00406,U0247,2026-05-17,105202.71,Debit Card,Paid,Delivered,"654, Church Street, Chennai, Tamil Nadu - 954703",2026-05-22
ORD00407,U0078,2026-06-15,27523.0,UPI,Paid,Delivered,"321, Park Street, Rajkot, Gujarat - 690646",2026-06-20
ORD00408,U0082,2026-05-24,8935.65,Net Banking,Paid,Delivered,"297, Station Road, Kolkata, West Bengal - 702333",2026-06-02
ORD00409,U0357,2024-11-07,213002.32,UPI,Paid,Delivered,"508, Lake View, Rajkot, Gujarat - 339991",2024-11-17
ORD00410,U0299,2025-10-03,2703.75,UPI,Paid,Processing,"610, Vasant Kunj, Chandigarh, Chandigarh - 352739",
ORD00411,U0354,2026-01-10,13038.0,UPI,Paid,Shipped,"370, Civil Lines, Chandigarh, Chandigarh - 823357",2026-01-12
ORD00412,U0160,2026-05-26,1422.4,Credit Card,Paid,Delivered,"658, Koramangala, Faridabad, Haryana - 820714",2026-06-04
ORD00413,U0341,2025-01-28,2543.66,COD,Failed,Cancelled,"413, Banjara Hills, Rajkot, Gujarat - 519242",
ORD00414,U0430,2026-03-14,135243.35,UPI,Failed,Cancelled,"320, Vasant Kunj, Rajkot, Gujarat - 486348",
ORD00415,U0154,2026-04-16,6846.0,Debit Card,Paid,Delivered,"345, Gandhi Nagar, Lucknow, Uttar Pradesh - 650099",2026-04-25
ORD00416,U0127,2025-07-01,105751.0,Debit Card,Paid,Delivered,"452, Rajaji Nagar, Ahmedabad, Gujarat - 924557",2025-07-03
ORD00417,U0001,2025-05-10,84249.37,Net Banking,Paid,Delivered,"93, Model Town, Bhopal, Madhya Pradesh - 570188",2025-05-20
ORD00418,U0232,2025-09-26,74892.69,Net Banking,Paid,Delivered,"355, Rajaji Nagar, Guwahati, Assam - 268549",2025-10-02
ORD00419,U0159,2025-05-05,14427.05,Debit Card,Paid,Delivered,"40, Lake View, Delhi, Delhi - 366542",2025-05-08
ORD00420,U0210,2025-07-18,114375.5,Net Banking,Paid,Shipped,"829, Gandhi Nagar, Mysuru, Karnataka - 360285",2025-07-20
ORD00421,U0104,2025-08-31,143718.2,UPI,Paid,Delivered,"179, Anna Nagar, Surat, Gujarat - 179700",2025-09-02
ORD00422,U0062,2025-12-08,13256.32,UPI,Paid,Processing,"426, Rajaji Nagar, Mysuru, Karnataka - 160051",
ORD00423,U0422,2024-12-15,15219.86,UPI,Paid,Delivered,"13, Rajaji Nagar, Kochi, Kerala - 758576",2024-12-22
ORD00424,U0212,2025-12-29,10505.64,Debit Card,Paid,Delivered,"613, MG Road, Kanpur, Uttar Pradesh - 221420",2026-01-08
ORD00425,U0392,2025-10-11,11891.76,UPI,Paid,Processing,"106, Sector 15, Chennai, Tamil Nadu - 759186",
ORD00426,U0051,2026-05-10,101306.37,UPI,Paid,Delivered,"650, Indiranagar, Ahmedabad, Gujarat - 147320",2026-05-16
ORD00427,U0233,2026-03-08,27174.24,UPI,Paid,Delivered,"764, Koramangala, Nashik, Maharashtra - 735027",2026-03-13
ORD00428,U0267,2026-03-07,82400.0,Debit Card,Refunded,Cancelled,"865, Indiranagar, Guwahati, Assam - 911657",
ORD00429,U0232,2025-12-15,20015.28,UPI,Paid,Delivered,"338, Church Street, Guwahati, Assam - 263360",2025-12-22
ORD00430,U0310,2026-06-18,4343.4,Net Banking,Paid,Delivered,"499, Gandhi Nagar, Rajkot, Gujarat - 327296",2026-06-22
ORD00431,U0127,2025-12-16,228806.0,UPI,Paid,Delivered,"870, Banjara Hills, Ahmedabad, Gujarat - 569775",2025-12-20
ORD00432,U0221,2026-07-11,5368.25,Debit Card,Paid,Delivered,"314, Lake View, Mumbai, Maharashtra - 202935",2026-07-13
ORD00433,U0225,2026-08-05,7923.0,Credit Card,Paid,Shipped,"901, Station Road, Thane, Maharashtra - 269727",
ORD00434,U0169,2025-02-24,20964.6,Net Banking,Paid,Delivered,"732, Green Park, Jaipur, Rajasthan - 922486",2025-03-04
ORD00435,U0375,2026-05-15,93615.36,Credit Card,Paid,Processing,"885, Salt Lake, Bengaluru, Karnataka - 418436",
ORD00436,U0310,2026-07-19,227335.0,Net Banking,Failed,Cancelled,"507, Civil Lines, Rajkot, Gujarat - 514250",
ORD00437,U0087,2026-07-16,441.0,Credit Card,Paid,Shipped,"902, Rajaji Nagar, Faridabad, Haryana - 976428",2026-07-20
ORD00438,U0282,2026-03-14,17698.12,Debit Card,Paid,Delivered,"457, Anna Nagar, Kochi, Kerala - 401715",2026-03-21
ORD00439,U0397,2026-05-02,197080.9,Net Banking,Paid,Delivered,"715, Church Street, Ahmedabad, Gujarat - 193325",2026-05-07
ORD00440,U0183,2026-08-06,201741.0,Credit Card,Paid,Delivered,"532, Gandhi Nagar, Kolkata, West Bengal - 711552",2026-08-07
ORD00441,U0368,2026-01-24,1756.35,Debit Card,Paid,Delivered,"506, Anna Nagar, Thane, Maharashtra - 138974",2026-01-31
ORD00442,U0416,2026-06-02,211476.81,Credit Card,Paid,Delivered,"44, Church Street, Mysuru, Karnataka - 281202",2026-06-05
ORD00443,U0169,2025-03-15,363963.27,Credit Card,Paid,Processing,"499, Lake View, Jaipur, Rajasthan - 135842",
ORD00444,U0327,2026-05-14,58855.55,Debit Card,Paid,Delivered,"689, Civil Lines, Mysuru, Karnataka - 658338",2026-05-21
ORD00445,U0195,2026-06-26,59411.74,COD,Paid,Delivered,"309, Salt Lake, Chennai, Tamil Nadu - 343586",2026-07-03
ORD00446,U0484,2026-03-09,8519.01,UPI,Paid,Shipped,"887, MG Road, Ghaziabad, Uttar Pradesh - 703263",2026-03-10
ORD00447,U0033,2026-05-23,545015.0,Credit Card,Paid,Delivered,"484, MG Road, Kanpur, Uttar Pradesh - 828939",2026-05-30
ORD00448,U0210,2025-08-06,158690.85,Debit Card,Paid,Shipped,"747, Ring Road, Mysuru, Karnataka - 425834",2025-08-08
ORD00449,U0323,2025-11-25,52819.62,UPI,Paid,Delivered,"277, Anna Nagar, Jaipur, Rajasthan - 397137",2025-12-03
ORD00450,U0475,2025-10-29,10280.4,UPI,Refunded,Cancelled,"25, Sector 15, Coimbatore, Tamil Nadu - 395620",
ORD00451,U0014,2026-06-16,3105.0,COD,Paid,Delivered,"123, Koramangala, Lucknow, Uttar Pradesh - 288424",2026-06-23
ORD00452,U0348,2026-05-31,86792.4,UPI,Failed,Cancelled,"941, Vasant Kunj, Jaipur, Rajasthan - 929706",
ORD00453,U0212,2026-03-17,31091.84,UPI,Paid,Delivered,"882, Salt Lake, Kanpur, Uttar Pradesh - 491609",2026-03-24
ORD00454,U0054,2026-03-17,76313.9,Debit Card,Paid,Delivered,"498, Nehru Colony, Pune, Maharashtra - 638048",2026-03-20
ORD00455,U0442,2026-07-15,3598.56,UPI,Paid,Shipped,"311, Ring Road, Nagpur, Maharashtra - 710966",2026-07-17
ORD00456,U0275,2026-01-31,68944.98,UPI,Paid,Delivered,"616, Gandhi Nagar, Lucknow, Uttar Pradesh - 453387",2026-02-05
ORD00457,U0125,2025-11-27,150026.16,UPI,Paid,Delivered,"483, Civil Lines, Guwahati, Assam - 951814",2025-12-06
ORD00458,U0282,2026-02-23,184.0,COD,Pending,Processing,"880, Green Park, Kochi, Kerala - 810205",
ORD00459,U0491,2026-03-01,265.24,UPI,Paid,Shipped,"621, Nehru Colony, Vadodara, Gujarat - 116560",2026-03-02
ORD00460,U0441,2026-01-07,174674.65,Credit Card,Paid,Delivered,"151, MG Road, Bhubaneswar, Odisha - 766765",2026-01-12
ORD00461,U0492,2025-08-05,51049.79,UPI,Paid,Delivered,"149, Koramangala, Agra, Uttar Pradesh - 523586",2025-08-09
ORD00462,U0106,2026-03-07,3589.8,COD,Paid,Delivered,"548, Koramangala, Surat, Gujarat - 292024",2026-03-17
ORD00463,U0432,2025-12-27,6362.28,UPI,Paid,Delivered,"943, Salt Lake, Lucknow, Uttar Pradesh - 607886",2025-12-30
ORD00464,U0172,2026-07-03,2479.5,UPI,Paid,Shipped,"795, Salt Lake, Vadodara, Gujarat - 275910",2026-07-07
ORD00465,U0043,2026-06-16,4812.12,Debit Card,Paid,Delivered,"664, Koramangala, Chennai, Tamil Nadu - 917395",2026-06-23
ORD00466,U0431,2025-08-09,20342.73,Net Banking,Paid,Delivered,"644, Jubilee Hills, Jaipur, Rajasthan - 170192",2025-08-17
ORD00467,U0351,2026-07-14,61080.0,Debit Card,Paid,Delivered,"18, Lake View, Bhubaneswar, Odisha - 856536",2026-07-23
ORD00468,U0095,2025-12-14,710.6,Credit Card,Paid,Delivered,"155, Park Street, Nagpur, Maharashtra - 844235",2025-12-16
ORD00469,U0231,2026-04-06,185997.83,Debit Card,Paid,Processing,"608, Anna Nagar, Kanpur, Uttar Pradesh - 252162",
ORD00470,U0054,2026-05-15,23738.62,Debit Card,Paid,Delivered,"951, Gandhi Nagar, Pune, Maharashtra - 716079",2026-05-25
ORD00471,U0189,2026-04-26,13259.9,UPI,Paid,Delivered,"893, Vasant Kunj, Nashik, Maharashtra - 119845",2026-05-03
ORD00472,U0093,2025-12-30,170326.0,Credit Card,Paid,Delivered,"634, Nehru Colony, Meerut, Uttar Pradesh - 640299",2026-01-09
ORD00473,U0216,2025-08-03,121726.56,Net Banking,Paid,Delivered,"930, Vasant Kunj, Bhopal, Madhya Pradesh - 273450",2025-08-08
ORD00474,U0159,2025-11-02,8779.82,UPI,Paid,Delivered,"793, Green Park, Delhi, Delhi - 150772",2025-11-06
ORD00475,U0347,2026-05-10,6838.0,UPI,Paid,Processing,"716, Anna Nagar, Ghaziabad, Uttar Pradesh - 637752",
ORD00476,U0441,2026-04-29,7923.3,UPI,Paid,Delivered,"71, Civil Lines, Bhubaneswar, Odisha - 195864",2026-05-03
ORD00477,U0172,2026-05-25,1611.0,COD,Paid,Delivered,"587, Park Street, Vadodara, Gujarat - 123958",2026-05-28
ORD00478,U0133,2026-05-03,115889.97,UPI,Paid,Delivered,"669, Green Park, Indore, Madhya Pradesh - 920371",2026-05-11
ORD00479,U0464,2025-08-13,142550.4,Debit Card,Paid,Shipped,"589, Station Road, Varanasi, Uttar Pradesh - 786057",2025-08-16
ORD00480,U0356,2026-04-28,11046.6,Net Banking,Paid,Delivered,"303, Station Road, Visakhapatnam, Andhra Pradesh - 705373",2026-05-08
ORD00481,U0093,2026-06-03,75853.42,UPI,Paid,Delivered,"851, Church Street, Meerut, Uttar Pradesh - 119359",2026-06-10
ORD00482,U0260,2026-08-04,11001.0,UPI,Paid,Delivered,"703, Station Road, Mumbai, Maharashtra - 932611",2026-08-07
ORD00483,U0330,2026-06-27,224788.4,UPI,Paid,Delivered,"311, Rajaji Nagar, Guwahati, Assam - 242102",2026-07-01
ORD00484,U0464,2025-09-09,73271.13,Debit Card,Paid,Delivered,"625, Gandhi Nagar, Varanasi, Uttar Pradesh - 259332",2025-09-15
ORD00485,U0270,2025-09-20,1243.62,COD,Paid,Delivered,"325, Park Street, Ahmedabad, Gujarat - 252517",2025-09-26
ORD00486,U0220,2026-06-24,18931.12,UPI,Paid,Delivered,"764, Lake View, Pune, Maharashtra - 158303",2026-06-27
ORD00487,U0288,2026-05-27,170430.75,Credit Card,Paid,Processing,"673, Jubilee Hills, Indore, Madhya Pradesh - 141113",
ORD00488,U0042,2026-07-31,40162.5,Debit Card,Paid,Delivered,"977, Anna Nagar, Vadodara, Gujarat - 771940",2026-08-04
ORD00489,U0001,2026-07-12,16898.96,UPI,Paid,Delivered,"992, Salt Lake, Bhopal, Madhya Pradesh - 948180",2026-07-20
ORD00490,U0223,2024-12-05,31512.9,Net Banking,Paid,Shipped,"133, Banjara Hills, Kanpur, Uttar Pradesh - 728643",2024-12-09
ORD00491,U0442,2026-02-22,168722.01,Net Banking,Paid,Delivered,"938, Gandhi Nagar, Nagpur, Maharashtra - 591796",2026-02-24
ORD00492,U0068,2026-08-06,220755.2,UPI,Paid,Delivered,"955, Anna Nagar, Kochi, Kerala - 708228",2026-08-07
ORD00493,U0252,2026-04-14,110706.87,Debit Card,Paid,Delivered,"228, Lake View, Meerut, Uttar Pradesh - 124534",2026-04-19
ORD00494,U0325,2025-05-15,13248.84,UPI,Paid,Delivered,"483, Anna Nagar, Nagpur, Maharashtra - 586406",2025-05-19
ORD00495,U0231,2026-01-30,27700.58,UPI,Paid,Delivered,"337, MG Road, Kanpur, Uttar Pradesh - 710253",2026-02-02
ORD00496,U0288,2025-11-22,85324.03,Credit Card,Paid,Shipped,"3, Green Park, Indore, Madhya Pradesh - 326158",2025-11-23
ORD00497,U0330,2026-03-02,79930.45,UPI,Paid,Delivered,"957, Rajaji Nagar, Guwahati, Assam - 703638",2026-03-12
ORD00498,U0209,2025-11-29,15953.62,UPI,Paid,Delivered,"726, Koramangala, Nashik, Maharashtra - 784197",2025-12-09
ORD00499,U0382,2025-04-09,37023.1,Debit Card,Paid,Delivered,"949, Indiranagar, Kochi, Kerala - 948282",2025-04-13
ORD00500,U0221,2026-07-28,22417.15,UPI,Paid,Shipped,"87, MG Road, Mumbai, Maharashtra - 668929",2026-07-30
ORD00501,U0450,2026-06-04,5211.8,UPI,Failed,Cancelled,"3, Church Street, Coimbatore, Tamil Nadu - 964275",
ORD00502,U0458,2026-04-11,62305.71,UPI,Paid,Delivered,"62, Jubilee Hills, Ghaziabad, Uttar Pradesh - 376269",2026-04-13
ORD00503,U0195,2025-05-15,42425.36,Debit Card,Refunded,Cancelled,"483, Station Road, Chennai, Tamil Nadu - 439763",
ORD00504,U0310,2026-07-30,169223.0,Credit Card,Paid,Delivered,"86, Vasant Kunj, Rajkot, Gujarat - 808962",2026-08-03
ORD00505,U0332,2026-01-23,394.2,Net Banking,Paid,Delivered,"295, Indiranagar, Nagpur, Maharashtra - 199864",2026-02-01
ORD00506,U0469,2025-11-16,6647.41,UPI,Paid,Delivered,"209, Model Town, Nashik, Maharashtra - 462307",2025-11-20
ORD00507,U0271,2024-12-06,104649.3,UPI,Paid,Delivered,"413, Church Street, Jaipur, Rajasthan - 707806",2024-12-08
ORD00508,U0040,2026-04-17,15637.15,Credit Card,Paid,Delivered,"555, Civil Lines, Bhubaneswar, Odisha - 311665",2026-04-22
ORD00509,U0004,2026-01-05,34558.02,Net Banking,Paid,Shipped,"365, MG Road, Pune, Maharashtra - 765668",2026-01-09
ORD00510,U0371,2025-07-30,84387.14,Debit Card,Paid,Delivered,"70, Church Street, Chandigarh, Chandigarh - 563264",2025-08-01
ORD00511,U0004,2026-05-26,18099.77,Credit Card,Paid,Delivered,"406, Model Town, Pune, Maharashtra - 226212",2026-05-31
ORD00512,U0267,2026-03-04,9970.2,UPI,Failed,Cancelled,"179, Lake View, Guwahati, Assam - 458120",
ORD00513,U0318,2025-01-08,108343.68,UPI,Paid,Delivered,"763, Anna Nagar, Ahmedabad, Gujarat - 836776",2025-01-13
ORD00514,U0190,2025-08-15,25303.2,UPI,Paid,Delivered,"109, Sector 15, Kolkata, West Bengal - 667687",2025-08-18
ORD00515,U0100,2026-07-18,11984.01,UPI,Paid,Delivered,"405, Model Town, Chennai, Tamil Nadu - 382040",2026-07-26
ORD00516,U0284,2026-06-09,229568.8,Debit Card,Paid,Delivered,"224, Indiranagar, Ahmedabad, Gujarat - 338475",2026-06-15
ORD00517,U0400,2026-07-05,134234.48,Net Banking,Paid,Delivered,"115, Model Town, Patna, Bihar - 870211",2026-07-08
ORD00518,U0106,2025-07-03,41494.0,UPI,Paid,Delivered,"270, Green Park, Surat, Gujarat - 442632",2025-07-11
ORD00519,U0267,2025-07-11,18913.4,UPI,Paid,Processing,"853, Salt Lake, Guwahati, Assam - 242352",
ORD00520,U0099,2025-12-31,3288.88,Credit Card,Refunded,Cancelled,"636, Rajaji Nagar, Patna, Bihar - 656236",
ORD00521,U0062,2026-07-06,55285.05,UPI,Paid,Processing,"959, Ring Road, Mysuru, Karnataka - 372710",
ORD00522,U0329,2026-03-01,2553.7,UPI,Paid,Delivered,"885, Civil Lines, Bengaluru, Karnataka - 257351",2026-03-05
ORD00523,U0117,2026-07-17,158262.5,COD,Paid,Delivered,"66, Banjara Hills, Patna, Bihar - 655477",2026-07-22
ORD00524,U0019,2026-03-02,168292.64,Debit Card,Paid,Delivered,"554, Station Road, Pune, Maharashtra - 906944",2026-03-12
ORD00525,U0453,2026-08-04,27115.42,COD,Refunded,Cancelled,"423, Civil Lines, Vadodara, Gujarat - 860042",
ORD00526,U0246,2026-07-23,22932.25,COD,Paid,Delivered,"546, Sector 15, Chandigarh, Chandigarh - 413227",2026-07-27
ORD00527,U0087,2026-08-02,222788.3,Credit Card,Paid,Delivered,"284, Koramangala, Faridabad, Haryana - 454773",2026-08-07
ORD00528,U0316,2026-04-13,34643.56,UPI,Paid,Delivered,"153, Nehru Colony, Nagpur, Maharashtra - 316165",2026-04-15
ORD00529,U0299,2025-11-29,110031.6,Credit Card,Paid,Delivered,"922, Sector 15, Chandigarh, Chandigarh - 491911",2025-12-02
ORD00530,U0336,2026-07-22,84010.0,UPI,Paid,Processing,"183, Salt Lake, Ludhiana, Punjab - 878794",
ORD00531,U0462,2025-06-23,52502.25,Net Banking,Paid,Delivered,"913, Salt Lake, Kanpur, Uttar Pradesh - 486377",2025-06-26
ORD00532,U0210,2025-03-14,61403.94,Net Banking,Paid,Delivered,"270, Model Town, Mysuru, Karnataka - 633689",2025-03-22
ORD00533,U0228,2025-10-07,908.0,Net Banking,Paid,Delivered,"631, Koramangala, Agra, Uttar Pradesh - 710866",2025-10-11
ORD00534,U0383,2025-08-25,84715.35,Credit Card,Paid,Delivered,"261, Anna Nagar, Ahmedabad, Gujarat - 263728",2025-09-02
ORD00535,U0209,2026-01-17,26428.57,UPI,Paid,Delivered,"98, Church Street, Nashik, Maharashtra - 886996",2026-01-26
ORD00536,U0071,2026-03-08,7944.2,Net Banking,Paid,Delivered,"840, Koramangala, Varanasi, Uttar Pradesh - 231109",2026-03-10
ORD00537,U0453,2026-07-22,18241.23,UPI,Paid,Delivered,"346, Park Street, Vadodara, Gujarat - 346795",2026-07-25
ORD00538,U0212,2026-04-03,13285.3,Debit Card,Failed,Cancelled,"5, Vasant Kunj, Kanpur, Uttar Pradesh - 240635",
ORD00539,U0012,2025-04-17,134552.65,UPI,Paid,Delivered,"629, Jubilee Hills, Mysuru, Karnataka - 908465",2025-04-22
ORD00540,U0424,2026-08-06,7047.0,UPI,Paid,Delivered,"257, Rajaji Nagar, Meerut, Uttar Pradesh - 673037",2026-08-07
ORD00541,U0323,2025-12-09,55027.28,Credit Card,Paid,Delivered,"597, Salt Lake, Jaipur, Rajasthan - 113158",2025-12-16
ORD00542,U0126,2024-10-27,21851.2,COD,Paid,Delivered,"546, Model Town, Dehradun, Uttarakhand - 503804",2024-10-29
ORD00543,U0416,2025-12-18,50181.59,Credit Card,Paid,Delivered,"632, Anna Nagar, Mysuru, Karnataka - 375965",2025-12-25
ORD00544,U0242,2026-04-11,20580.0,Credit Card,Paid,Delivered,"223, Koramangala, Visakhapatnam, Andhra Pradesh - 369009",2026-04-14
ORD00545,U0035,2026-05-27,17366.3,Debit Card,Paid,Delivered,"984, Ring Road, Lucknow, Uttar Pradesh - 190569",2026-06-03
ORD00546,U0021,2026-03-05,18860.48,Credit Card,Paid,Delivered,"669, Vasant Kunj, Bengaluru, Karnataka - 624719",2026-03-08
ORD00547,U0043,2026-03-29,13450.0,Credit Card,Paid,Delivered,"695, Church Street, Chennai, Tamil Nadu - 671411",2026-04-01
ORD00548,U0133,2026-01-28,38753.0,Debit Card,Refunded,Cancelled,"722, Green Park, Indore, Madhya Pradesh - 107830",
ORD00549,U0098,2026-06-06,39060.5,Net Banking,Paid,Processing,"927, Nehru Colony, Bhopal, Madhya Pradesh - 905398",
ORD00550,U0087,2026-07-06,5908.35,COD,Paid,Delivered,"748, Nehru Colony, Faridabad, Haryana - 616488",2026-07-16
ORD00551,U0453,2026-07-10,32397.0,UPI,Paid,Delivered,"165, Station Road, Vadodara, Gujarat - 410794",2026-07-15
ORD00552,U0401,2025-11-23,7612.5,Debit Card,Paid,Delivered,"498, Nehru Colony, Delhi, Delhi - 914925",2025-11-26
ORD00553,U0261,2026-03-20,17861.9,Net Banking,Failed,Cancelled,"713, Salt Lake, Amritsar, Punjab - 235158",
ORD00554,U0253,2026-04-02,88217.6,COD,Paid,Delivered,"41, Civil Lines, Chennai, Tamil Nadu - 633564",2026-04-10
ORD00555,U0064,2026-03-05,11337.3,Credit Card,Paid,Delivered,"855, Indiranagar, Coimbatore, Tamil Nadu - 974573",2026-03-11
ORD00556,U0184,2025-08-26,295043.8,UPI,Paid,Delivered,"55, Green Park, Jaipur, Rajasthan - 175951",2025-08-29
ORD00557,U0122,2026-01-29,151569.2,UPI,Paid,Delivered,"298, Church Street, Mumbai, Maharashtra - 666644",2026-02-05
ORD00558,U0419,2025-08-25,22533.0,Net Banking,Paid,Shipped,"399, Jubilee Hills, Ghaziabad, Uttar Pradesh - 425446",2025-08-27
ORD00559,U0300,2026-07-30,5934.28,COD,Paid,Delivered,"513, Salt Lake, Kochi, Kerala - 114802",2026-08-06
ORD00560,U0160,2026-07-10,32414.7,Debit Card,Paid,Delivered,"479, Indiranagar, Faridabad, Haryana - 287064",2026-07-20
ORD00561,U0279,2025-10-22,128576.5,UPI,Paid,Processing,"368, Rajaji Nagar, Delhi, Delhi - 483119",
ORD00562,U0062,2026-02-28,3183.9,UPI,Paid,Processing,"519, Church Street, Mysuru, Karnataka - 937481",
ORD00563,U0329,2025-12-19,58328.02,UPI,Paid,Delivered,"875, Civil Lines, Bengaluru, Karnataka - 164195",2025-12-29
ORD00564,U0428,2026-02-01,92990.56,Debit Card,Paid,Shipped,"422, Lake View, Chandigarh, Chandigarh - 405668",2026-02-05
ORD00565,U0185,2026-02-19,29940.0,Debit Card,Paid,Delivered,"908, Lake View, Jaipur, Rajasthan - 345181",2026-02-23
ORD00566,U0192,2026-05-06,53326.35,UPI,Paid,Delivered,"86, Church Street, Nashik, Maharashtra - 808455",2026-05-12
ORD00567,U0409,2026-03-25,6055.7,COD,Pending,Shipped,"885, Green Park, Bhubaneswar, Odisha - 426110",2026-03-26
ORD00568,U0301,2026-07-22,109415.66,Net Banking,Paid,Delivered,"631, Civil Lines, Mumbai, Maharashtra - 749714",2026-07-28
ORD00569,U0256,2026-05-07,146678.45,UPI,Paid,Delivered,"43, Church Street, Bhubaneswar, Odisha - 319160",2026-05-13
ORD00570,U0128,2026-01-15,49850.95,UPI,Paid,Delivered,"726, Indiranagar, Patna, Bihar - 621033",2026-01-18
ORD00571,U0291,2026-04-26,21912.05,Credit Card,Paid,Delivered,"953, Vasant Kunj, Patna, Bihar - 156609",2026-05-04
ORD00572,U0464,2025-05-06,21868.58,Credit Card,Paid,Delivered,"181, MG Road, Varanasi, Uttar Pradesh - 529543",2025-05-16
ORD00573,U0405,2025-01-28,7733.0,UPI,Refunded,Cancelled,"595, Anna Nagar, Bengaluru, Karnataka - 329700",
ORD00574,U0043,2026-07-14,144055.0,UPI,Paid,Delivered,"846, Banjara Hills, Chennai, Tamil Nadu - 900728",2026-07-24
ORD00575,U0466,2026-07-19,46014.23,UPI,Paid,Processing,"33, MG Road, Visakhapatnam, Andhra Pradesh - 352423",
ORD00576,U0386,2026-05-09,369.75,UPI,Paid,Processing,"138, Green Park, Ghaziabad, Uttar Pradesh - 890365",
ORD00577,U0330,2026-05-04,45310.5,UPI,Paid,Delivered,"951, Church Street, Guwahati, Assam - 669370",2026-05-13
ORD00578,U0401,2025-11-12,16078.97,Credit Card,Paid,Delivered,"879, Salt Lake, Delhi, Delhi - 295778",2025-11-16
ORD00579,U0168,2026-07-06,195166.08,Debit Card,Refunded,Cancelled,"229, Salt Lake, Jaipur, Rajasthan - 556245",
ORD00580,U0394,2026-03-02,18667.95,COD,Pending,Shipped,"530, Nehru Colony, Hyderabad, Telangana - 144029",2026-03-03
ORD00581,U0218,2026-05-14,341002.5,UPI,Paid,Delivered,"116, Koramangala, Bengaluru, Karnataka - 110709",2026-05-17
ORD00582,U0076,2026-07-28,98317.6,Credit Card,Paid,Delivered,"574, MG Road, Kochi, Kerala - 902018",2026-08-07
ORD00583,U0442,2026-02-09,77071.3,UPI,Paid,Shipped,"12, Lake View, Nagpur, Maharashtra - 864640",2026-02-11
ORD00584,U0297,2026-07-16,7182.5,UPI,Refunded,Cancelled,"199, Civil Lines, Faridabad, Haryana - 107362",
ORD00585,U0101,2025-07-23,473818.25,Credit Card,Paid,Delivered,"176, Salt Lake, Jaipur, Rajasthan - 168041",2025-07-26
ORD00586,U0194,2026-03-09,6170.0,Debit Card,Paid,Delivered,"629, MG Road, Pune, Maharashtra - 440221",2026-03-16
ORD00587,U0062,2025-09-13,71415.0,Debit Card,Paid,Processing,"648, Model Town, Mysuru, Karnataka - 829857",
ORD00588,U0329,2026-03-11,10780.0,Debit Card,Paid,Delivered,"274, Church Street, Bengaluru, Karnataka - 444939",2026-03-21
ORD00589,U0007,2026-06-09,90555.8,Credit Card,Paid,Delivered,"766, MG Road, Amritsar, Punjab - 871113",2026-06-16
ORD00590,U0217,2025-12-01,61813.27,Debit Card,Paid,Delivered,"271, Gandhi Nagar, Bhubaneswar, Odisha - 518520",2025-12-07
ORD00591,U0022,2025-11-07,612.0,COD,Paid,Delivered,"404, Lake View, Agra, Uttar Pradesh - 701095",2025-11-16
ORD00592,U0136,2026-06-13,31681.35,Debit Card,Paid,Delivered,"683, Koramangala, Kochi, Kerala - 107686",2026-06-17
ORD00593,U0366,2025-07-30,200575.44,Net Banking,Paid,Delivered,"818, Vasant Kunj, Patna, Bihar - 936747",2025-08-05
ORD00594,U0332,2025-07-31,103198.5,UPI,Failed,Cancelled,"424, Gandhi Nagar, Nagpur, Maharashtra - 181875",
ORD00595,U0204,2026-04-28,253830.0,Net Banking,Paid,Delivered,"924, Church Street, Hyderabad, Telangana - 861578",2026-05-08
ORD00596,U0043,2026-04-10,69247.08,Debit Card,Paid,Delivered,"95, Model Town, Chennai, Tamil Nadu - 598111",2026-04-14
ORD00597,U0069,2024-11-30,52999.8,Debit Card,Paid,Delivered,"397, Koramangala, Amritsar, Punjab - 731709",2024-12-10
ORD00598,U0210,2025-08-06,390448.17,Net Banking,Paid,Delivered,"985, Gandhi Nagar, Mysuru, Karnataka - 402336",2025-08-16
ORD00599,U0299,2026-02-04,2953.52,Debit Card,Paid,Delivered,"551, Banjara Hills, Chandigarh, Chandigarh - 817834",2026-02-08
ORD00600,U0367,2025-07-05,126471.0,UPI,Paid,Processing,"311, Salt Lake, Chandigarh, Chandigarh - 169745",
ORD00601,U0204,2026-01-30,16333.65,Credit Card,Paid,Delivered,"946, Church Street, Hyderabad, Telangana - 243938",2026-02-06
ORD00602,U0099,2026-04-11,7977.87,UPI,Paid,Shipped,"978, Green Park, Patna, Bihar - 332075",2026-04-12
ORD00603,U0103,2026-07-24,8831.22,Debit Card,Paid,Delivered,"410, Salt Lake, Lucknow, Uttar Pradesh - 322263",2026-07-29
ORD00604,U0314,2025-12-26,17876.0,UPI,Paid,Processing,"469, MG Road, Bengaluru, Karnataka - 510412",
ORD00605,U0434,2026-06-14,19608.0,COD,Paid,Delivered,"472, Koramangala, Surat, Gujarat - 821718",2026-06-16
ORD00606,U0380,2025-08-06,39121.8,Credit Card,Paid,Shipped,"475, Model Town, Surat, Gujarat - 869737",2025-08-09
ORD00607,U0255,2026-07-17,14979.6,Credit Card,Paid,Delivered,"712, Nehru Colony, Lucknow, Uttar Pradesh - 596749",2026-07-24
ORD00608,U0334,2026-04-15,1845.6,Credit Card,Paid,Delivered,"325, Lake View, Pune, Maharashtra - 285856",2026-04-20
ORD00609,U0397,2026-04-02,9026.0,UPI,Paid,Delivered,"852, Ring Road, Ahmedabad, Gujarat - 890723",2026-04-04
ORD00610,U0235,2026-07-25,307.04,UPI,Paid,Delivered,"53, Church Street, Vadodara, Gujarat - 397042",2026-07-30
ORD00611,U0346,2026-04-29,49641.0,Debit Card,Paid,Delivered,"193, Station Road, Dehradun, Uttarakhand - 139927",2026-05-04
ORD00612,U0074,2026-06-06,15907.3,UPI,Paid,Delivered,"39, Gandhi Nagar, Lucknow, Uttar Pradesh - 676814",2026-06-08
ORD00613,U0103,2026-03-19,5797.4,Debit Card,Failed,Cancelled,"744, Park Street, Lucknow, Uttar Pradesh - 720249",
ORD00614,U0388,2025-10-27,12715.31,UPI,Paid,Delivered,"948, Koramangala, Varanasi, Uttar Pradesh - 579966",2025-11-04
ORD00615,U0406,2026-07-13,801.0,UPI,Paid,Delivered,"818, Ring Road, Kolkata, West Bengal - 811684",2026-07-19
ORD00616,U0379,2026-05-18,28631.7,COD,Paid,Delivered,"865, Gandhi Nagar, Varanasi, Uttar Pradesh - 131845",2026-05-25
ORD00617,U0483,2025-08-03,52065.7,Credit Card,Paid,Processing,"612, Nehru Colony, Thane, Maharashtra - 298897",
ORD00618,U0078,2026-04-02,41442.2,Debit Card,Paid,Shipped,"547, Church Street, Rajkot, Gujarat - 395679",2026-04-05
ORD00619,U0340,2025-12-25,13797.0,COD,Paid,Delivered,"895, Jubilee Hills, Surat, Gujarat - 249785",2025-12-30
ORD00620,U0287,2026-07-24,32255.0,UPI,Paid,Delivered,"589, Koramangala, Bhubaneswar, Odisha - 439494",2026-07-30
ORD00621,U0439,2025-09-07,26772.42,UPI,Paid,Delivered,"81, Church Street, Chandigarh, Chandigarh - 718041",2025-09-11
ORD00622,U0464,2026-04-30,612.0,Net Banking,Paid,Shipped,"724, MG Road, Varanasi, Uttar Pradesh - 733479",2026-05-03
ORD00623,U0390,2025-06-14,14429.45,Debit Card,Paid,Delivered,"832, Rajaji Nagar, Nashik, Maharashtra - 872182",2025-06-20
ORD00624,U0013,2026-03-14,19207.5,UPI,Paid,Shipped,"952, Gandhi Nagar, Nagpur, Maharashtra - 121843",2026-03-17
ORD00625,U0078,2026-02-19,424615.88,Net Banking,Refunded,Cancelled,"537, Jubilee Hills, Rajkot, Gujarat - 287808",
ORD00626,U0480,2026-07-07,37360.42,Net Banking,Paid,Delivered,"371, Indiranagar, Nagpur, Maharashtra - 607342",2026-07-16
ORD00627,U0477,2026-07-18,110163.44,COD,Pending,Processing,"652, Lake View, Pune, Maharashtra - 374583",
ORD00628,U0341,2026-06-23,44178.92,UPI,Paid,Processing,"781, Jubilee Hills, Rajkot, Gujarat - 753827",
ORD00629,U0279,2025-10-05,11817.54,Credit Card,Paid,Delivered,"371, Park Street, Delhi, Delhi - 960129",2025-10-13
ORD00630,U0210,2025-06-01,9524.92,Debit Card,Paid,Delivered,"341, MG Road, Mysuru, Karnataka - 832678",2025-06-09
ORD00631,U0287,2026-07-15,84858.22,Credit Card,Paid,Delivered,"570, Salt Lake, Bhubaneswar, Odisha - 175509",2026-07-23
ORD00632,U0087,2026-07-24,51243.3,Credit Card,Paid,Delivered,"20, Model Town, Faridabad, Haryana - 192182",2026-07-31
ORD00633,U0253,2026-07-10,12432.06,COD,Paid,Delivered,"430, Banjara Hills, Chennai, Tamil Nadu - 711518",2026-07-15
ORD00634,U0106,2025-08-10,119333.36,UPI,Paid,Delivered,"323, MG Road, Surat, Gujarat - 152300",2025-08-12
ORD00635,U0402,2025-12-24,2955.72,UPI,Paid,Shipped,"998, Lake View, Kochi, Kerala - 462357",2025-12-28
ORD00636,U0087,2026-07-19,160096.35,Net Banking,Paid,Delivered,"481, Gandhi Nagar, Faridabad, Haryana - 109745",2026-07-28
ORD00637,U0471,2026-06-20,37357.42,UPI,Paid,Delivered,"798, Park Street, Nagpur, Maharashtra - 506249",2026-06-27
ORD00638,U0242,2026-04-25,92485.0,UPI,Paid,Delivered,"502, Nehru Colony, Visakhapatnam, Andhra Pradesh - 555474",2026-04-29
ORD00639,U0220,2026-06-13,30391.5,Credit Card,Paid,Delivered,"145, Nehru Colony, Pune, Maharashtra - 119210",2026-06-15
ORD00640,U0204,2026-04-26,15925.4,UPI,Paid,Delivered,"120, Nehru Colony, Hyderabad, Telangana - 962250",2026-05-04
ORD00641,U0098,2026-07-08,51277.28,UPI,Paid,Delivered,"391, Sector 15, Bhopal, Madhya Pradesh - 814757",2026-07-15
ORD00642,U0016,2026-07-22,8272.6,UPI,Paid,Delivered,"159, Lake View, Chennai, Tamil Nadu - 341620",2026-07-31
ORD00643,U0420,2025-07-09,1097.25,Debit Card,Paid,Delivered,"299, Ring Road, Ludhiana, Punjab - 715589",2025-07-12
ORD00644,U0382,2025-11-22,38380.0,UPI,Paid,Delivered,"941, Banjara Hills, Kochi, Kerala - 438087",2025-11-28
ORD00645,U0261,2026-07-18,52510.01,UPI,Paid,Delivered,"504, Vasant Kunj, Amritsar, Punjab - 105778",2026-07-23
ORD00646,U0412,2025-08-06,6232.32,Credit Card,Paid,Delivered,"56, Sector 15, Surat, Gujarat - 383611",2025-08-13
ORD00647,U0318,2026-08-05,6902.5,UPI,Paid,Delivered,"456, Sector 15, Ahmedabad, Gujarat - 712944",2026-08-07
ORD00648,U0442,2026-07-14,86400.72,Net Banking,Paid,Delivered,"146, Jubilee Hills, Nagpur, Maharashtra - 342765",2026-07-18
ORD00649,U0295,2026-02-06,1480.0,Debit Card,Refunded,Cancelled,"907, Sector 15, Chennai, Tamil Nadu - 246937",
ORD00650,U0134,2026-01-04,36848.85,Net Banking,Paid,Delivered,"718, Vasant Kunj, Meerut, Uttar Pradesh - 409761",2026-01-07
ORD00651,U0296,2026-08-04,28671.6,UPI,Paid,Shipped,"433, Green Park, Nashik, Maharashtra - 891815",2026-08-07
ORD00652,U0303,2026-07-26,167784.0,Net Banking,Failed,Cancelled,"364, MG Road, Amritsar, Punjab - 263080",
ORD00653,U0040,2025-12-29,3249.55,Credit Card,Paid,Delivered,"165, Jubilee Hills, Bhubaneswar, Odisha - 618404",2026-01-08
ORD00654,U0256,2026-05-27,179256.2,Debit Card,Paid,Delivered,"291, Koramangala, Bhubaneswar, Odisha - 167289",2026-06-06
ORD00655,U0484,2026-03-06,111702.85,Net Banking,Paid,Shipped,"474, Koramangala, Ghaziabad, Uttar Pradesh - 481718",2026-03-10
ORD00656,U0405,2026-03-29,11122.6,Credit Card,Paid,Delivered,"308, Vasant Kunj, Bengaluru, Karnataka - 810827",2026-04-05
ORD00657,U0160,2026-05-18,9630.5,COD,Pending,Processing,"662, Model Town, Faridabad, Haryana - 970838",
ORD00658,U0314,2026-06-05,147988.0,Net Banking,Paid,Delivered,"188, Church Street, Bengaluru, Karnataka - 929000",2026-06-07
ORD00659,U0472,2026-01-11,36944.25,Debit Card,Paid,Delivered,"190, Park Street, Chandigarh, Chandigarh - 668102",2026-01-17
ORD00660,U0050,2025-10-20,36740.26,Debit Card,Paid,Delivered,"540, Jubilee Hills, Indore, Madhya Pradesh - 746246",2025-10-22
ORD00661,U0484,2026-06-13,35737.65,Credit Card,Paid,Delivered,"492, Ring Road, Ghaziabad, Uttar Pradesh - 425669",2026-06-17
ORD00662,U0160,2026-04-18,7998.0,UPI,Paid,Shipped,"382, Church Street, Faridabad, Haryana - 771116",2026-04-19
ORD00663,U0257,2025-11-01,4636.8,COD,Paid,Delivered,"685, Lake View, Guwahati, Assam - 168706",2025-11-08
ORD00664,U0220,2026-02-06,8695.92,Debit Card,Paid,Delivered,"524, Koramangala, Pune, Maharashtra - 787805",2026-02-13
ORD00665,U0414,2026-01-19,44975.99,Net Banking,Paid,Shipped,"593, Vasant Kunj, Guwahati, Assam - 910838",2026-01-20
ORD00666,U0199,2025-12-29,15651.3,Debit Card,Paid,Delivered,"952, Lake View, Visakhapatnam, Andhra Pradesh - 987412",2026-01-04
ORD00667,U0224,2026-06-13,36266.52,Net Banking,Paid,Shipped,"194, Koramangala, Kanpur, Uttar Pradesh - 517451",2026-06-14
ORD00668,U0415,2026-03-30,19242.0,COD,Paid,Delivered,"971, Indiranagar, Kanpur, Uttar Pradesh - 910621",2026-04-02
ORD00669,U0066,2025-03-27,16474.85,Debit Card,Failed,Cancelled,"839, Civil Lines, Kanpur, Uttar Pradesh - 569629",
ORD00670,U0421,2026-07-26,5719.0,Credit Card,Paid,Delivered,"876, Gandhi Nagar, Visakhapatnam, Andhra Pradesh - 683493",2026-07-29
ORD00671,U0095,2026-06-08,148215.02,UPI,Paid,Delivered,"554, Lake View, Nagpur, Maharashtra - 577465",2026-06-12
ORD00672,U0281,2025-11-19,246408.9,Credit Card,Paid,Processing,"897, Lake View, Dehradun, Uttarakhand - 753218",
ORD00673,U0064,2026-07-22,27307.28,Net Banking,Paid,Delivered,"34, Koramangala, Coimbatore, Tamil Nadu - 613105",2026-07-30
ORD00674,U0107,2025-10-20,4855.7,UPI,Paid,Delivered,"708, Church Street, Pune, Maharashtra - 554994",2025-10-25
ORD00675,U0432,2025-10-31,21450.0,Debit Card,Paid,Delivered,"373, Jubilee Hills, Lucknow, Uttar Pradesh - 223846",2025-11-06
ORD00676,U0263,2026-07-27,128038.71,UPI,Paid,Delivered,"861, Gandhi Nagar, Kolkata, West Bengal - 429961",2026-08-06
ORD00677,U0310,2026-07-06,261747.0,UPI,Paid,Shipped,"663, Nehru Colony, Rajkot, Gujarat - 755863",2026-07-07
ORD00678,U0223,2025-04-08,261063.34,Credit Card,Paid,Delivered,"312, Salt Lake, Kanpur, Uttar Pradesh - 696741",2025-04-10
ORD00679,U0242,2026-04-21,488.04,Debit Card,Paid,Delivered,"155, Green Park, Visakhapatnam, Andhra Pradesh - 266670",2026-04-24
ORD00680,U0314,2025-10-05,61739.12,COD,Pending,Processing,"202, Anna Nagar, Bengaluru, Karnataka - 819872",
ORD00681,U0093,2025-11-16,128920.2,UPI,Failed,Cancelled,"419, Nehru Colony, Meerut, Uttar Pradesh - 483666",
ORD00682,U0068,2026-08-06,4167.0,UPI,Paid,Delivered,"745, Park Street, Kochi, Kerala - 323393",2026-08-07
ORD00683,U0356,2025-12-30,8310.6,UPI,Paid,Delivered,"401, Vasant Kunj, Visakhapatnam, Andhra Pradesh - 897570",2026-01-09
ORD00684,U0155,2026-07-06,70006.87,Credit Card,Paid,Processing,"953, Gandhi Nagar, Indore, Madhya Pradesh - 749606",
ORD00685,U0377,2026-07-15,24793.0,Credit Card,Paid,Delivered,"266, Lake View, Faridabad, Haryana - 464437",2026-07-18
ORD00686,U0435,2026-07-06,12953.74,Credit Card,Paid,Processing,"569, Koramangala, Hyderabad, Telangana - 725125",
ORD00687,U0248,2025-07-16,66961.0,UPI,Paid,Delivered,"179, Nehru Colony, Amritsar, Punjab - 465851",2025-07-22
ORD00688,U0028,2025-12-05,158172.46,Debit Card,Paid,Delivered,"764, Vasant Kunj, Mumbai, Maharashtra - 153151",2025-12-09
ORD00689,U0199,2026-01-15,12616.88,COD,Paid,Delivered,"433, Koramangala, Visakhapatnam, Andhra Pradesh - 999733",2026-01-20
ORD00690,U0121,2025-04-26,169442.7,UPI,Paid,Delivered,"871, Green Park, Ludhiana, Punjab - 242095",2025-05-06
ORD00691,U0090,2026-01-23,53809.88,Credit Card,Paid,Delivered,"259, Vasant Kunj, Mysuru, Karnataka - 802977",2026-01-26
ORD00692,U0091,2025-10-15,324313.88,Credit Card,Paid,Delivered,"974, MG Road, Bhopal, Madhya Pradesh - 453142",2025-10-18
ORD00693,U0247,2025-09-07,871.71,UPI,Paid,Delivered,"615, Park Street, Chennai, Tamil Nadu - 257906",2025-09-12
ORD00694,U0013,2025-12-08,84141.3,UPI,Paid,Processing,"779, Jubilee Hills, Nagpur, Maharashtra - 375868",
ORD00695,U0421,2026-07-28,20889.6,UPI,Paid,Delivered,"273, Model Town, Visakhapatnam, Andhra Pradesh - 199612",2026-07-31
ORD00696,U0465,2025-09-17,305894.12,Credit Card,Paid,Delivered,"936, Sector 15, Guwahati, Assam - 268473",2025-09-22
ORD00697,U0323,2025-11-25,5402.64,Debit Card,Paid,Shipped,"431, Civil Lines, Jaipur, Rajasthan - 650510",2025-11-27
ORD00698,U0324,2026-06-20,360.64,Net Banking,Paid,Delivered,"454, Anna Nagar, Vadodara, Gujarat - 132214",2026-06-29
ORD00699,U0187,2025-05-01,29162.7,Debit Card,Paid,Delivered,"107, Banjara Hills, Bhubaneswar, Odisha - 384257",2025-05-05
ORD00700,U0432,2026-03-22,31960.76,Debit Card,Paid,Processing,"109, Model Town, Lucknow, Uttar Pradesh - 110743",
ORD00701,U0225,2026-06-23,91630.39,Credit Card,Paid,Delivered,"215, Green Park, Thane, Maharashtra - 329896",2026-06-26
ORD00702,U0225,2026-07-20,32277.0,COD,Pending,Shipped,"428, Lake View, Thane, Maharashtra - 375059",2026-07-22
ORD00703,U0043,2026-08-02,4324.42,UPI,Paid,Delivered,"173, Anna Nagar, Chennai, Tamil Nadu - 627877",2026-08-07
ORD00704,U0296,2026-07-31,2340.29,COD,Paid,Delivered,"350, Ring Road, Nashik, Maharashtra - 677782",2026-08-07
ORD00705,U0074,2026-07-28,2096.37,UPI,Paid,Delivered,"540, Lake View, Lucknow, Uttar Pradesh - 486989",2026-08-02
ORD00706,U0421,2026-08-05,6153.42,UPI,Paid,Shipped,"613, Koramangala, Visakhapatnam, Andhra Pradesh - 413190",
ORD00707,U0044,2026-07-04,1392.17,COD,Pending,Processing,"633, Green Park, Ghaziabad, Uttar Pradesh - 410945",
ORD00708,U0328,2026-03-02,17792.51,UPI,Paid,Delivered,"734, MG Road, Agra, Uttar Pradesh - 602891",2026-03-05
ORD00709,U0045,2026-07-28,20336.0,UPI,Paid,Delivered,"297, Model Town, Coimbatore, Tamil Nadu - 323582",2026-08-05
ORD00710,U0034,2026-07-18,40572.36,COD,Paid,Delivered,"78, Green Park, Chennai, Tamil Nadu - 442366",2026-07-28
ORD00711,U0412,2026-06-16,23970.0,Debit Card,Paid,Processing,"11, Station Road, Surat, Gujarat - 524700",
ORD00712,U0332,2026-06-23,5480.0,Credit Card,Paid,Processing,"171, Vasant Kunj, Nagpur, Maharashtra - 144525",
ORD00713,U0438,2025-08-27,197394.45,Debit Card,Paid,Delivered,"733, Nehru Colony, Ghaziabad, Uttar Pradesh - 867441",2025-08-30
ORD00714,U0295,2025-12-01,5193.75,Debit Card,Paid,Delivered,"717, Church Street, Chennai, Tamil Nadu - 240806",2025-12-06
ORD00715,U0182,2025-07-18,12855.15,UPI,Paid,Delivered,"838, Rajaji Nagar, Chandigarh, Chandigarh - 787095",2025-07-20
ORD00716,U0424,2026-08-03,17564.77,UPI,Paid,Delivered,"144, Sector 15, Meerut, Uttar Pradesh - 671882",2026-08-05
ORD00717,U0356,2026-07-28,39075.36,UPI,Paid,Delivered,"431, Model Town, Visakhapatnam, Andhra Pradesh - 423513",2026-08-03
ORD00718,U0220,2026-05-08,3207.5,Credit Card,Paid,Delivered,"537, Indiranagar, Pune, Maharashtra - 948842",2026-05-17
ORD00719,U0442,2026-01-31,6894.0,Debit Card,Paid,Delivered,"480, Gandhi Nagar, Nagpur, Maharashtra - 734141",2026-02-10
ORD00720,U0351,2026-07-15,118138.5,UPI,Paid,Shipped,"535, Indiranagar, Bhubaneswar, Odisha - 136192",2026-07-18
ORD00721,U0275,2025-02-20,31766.11,Debit Card,Paid,Delivered,"334, MG Road, Lucknow, Uttar Pradesh - 581144",2025-03-01
ORD00722,U0385,2026-02-17,160.55,Net Banking,Paid,Delivered,"42, Anna Nagar, Mumbai, Maharashtra - 632737",2026-02-27
ORD00723,U0350,2026-02-28,7015.75,COD,Paid,Delivered,"767, Green Park, Chandigarh, Chandigarh - 638504",2026-03-02
ORD00724,U0291,2026-07-15,10086.15,Credit Card,Refunded,Cancelled,"693, Model Town, Patna, Bihar - 898797",
ORD00725,U0192,2025-07-31,1080.31,Debit Card,Paid,Processing,"614, Model Town, Nashik, Maharashtra - 425281",
ORD00726,U0251,2026-02-07,5190.0,Debit Card,Paid,Delivered,"91, Sector 15, Jaipur, Rajasthan - 862419",2026-02-15
ORD00727,U0297,2026-07-31,32890.0,UPI,Paid,Delivered,"561, Station Road, Faridabad, Haryana - 625936",2026-08-07
ORD00728,U0400,2026-06-24,11540.5,UPI,Paid,Delivered,"504, Ring Road, Patna, Bihar - 657126",2026-07-01
ORD00729,U0199,2026-01-31,53176.68,Credit Card,Paid,Delivered,"728, Rajaji Nagar, Visakhapatnam, Andhra Pradesh - 371341",2026-02-08
ORD00730,U0324,2026-06-19,4140.0,Credit Card,Paid,Delivered,"379, Rajaji Nagar, Vadodara, Gujarat - 667354",2026-06-27
ORD00731,U0183,2026-08-05,91728.0,UPI,Paid,Shipped,"233, MG Road, Kolkata, West Bengal - 330621",
ORD00732,U0449,2026-07-22,109463.08,Credit Card,Paid,Delivered,"328, Anna Nagar, Bengaluru, Karnataka - 488803",2026-07-26
ORD00733,U0033,2026-04-26,34033.96,UPI,Paid,Processing,"32, Nehru Colony, Kanpur, Uttar Pradesh - 462508",
ORD00734,U0189,2025-10-09,60997.0,UPI,Paid,Delivered,"292, Civil Lines, Nashik, Maharashtra - 162865",2025-10-14
ORD00735,U0115,2026-03-08,41382.43,UPI,Paid,Shipped,"217, Jubilee Hills, Dehradun, Uttarakhand - 371602",2026-03-09
ORD00736,U0206,2025-03-30,76410.0,UPI,Paid,Delivered,"727, Indiranagar, Nagpur, Maharashtra - 515276",2025-04-02
ORD00737,U0218,2026-04-19,21041.39,UPI,Paid,Shipped,"389, Jubilee Hills, Bengaluru, Karnataka - 990419",2026-04-20
ORD00738,U0123,2026-07-23,5884.2,Credit Card,Paid,Processing,"953, Vasant Kunj, Mysuru, Karnataka - 720066",
ORD00739,U0320,2025-05-07,6276.9,Debit Card,Paid,Delivered,"997, Green Park, Dehradun, Uttarakhand - 490080",2025-05-17
ORD00740,U0020,2026-07-20,37293.8,Credit Card,Paid,Delivered,"553, Model Town, Agra, Uttar Pradesh - 532773",2026-07-30
ORD00741,U0053,2026-08-04,17895.41,UPI,Paid,Delivered,"964, Green Park, Nagpur, Maharashtra - 399132",2026-08-07
ORD00742,U0490,2026-07-31,67321.55,Debit Card,Paid,Delivered,"672, MG Road, Pune, Maharashtra - 218479",2026-08-02
ORD00743,U0044,2026-06-26,1409.0,COD,Pending,Processing,"487, Church Street, Ghaziabad, Uttar Pradesh - 423982",
ORD00744,U0390,2024-12-27,348189.82,Net Banking,Paid,Delivered,"940, Jubilee Hills, Nashik, Maharashtra - 457261",2025-01-03
ORD00745,U0369,2025-11-08,52039.21,UPI,Paid,Delivered,"986, MG Road, Chandigarh, Chandigarh - 393795",2025-11-14
ORD00746,U0491,2026-03-09,54870.0,Credit Card,Paid,Delivered,"188, Gandhi Nagar, Vadodara, Gujarat - 376083",2026-03-16
ORD00747,U0159,2026-07-21,7911.0,Debit Card,Paid,Delivered,"629, Indiranagar, Delhi, Delhi - 131125",2026-07-23
ORD00748,U0153,2026-05-05,1253.84,Credit Card,Paid,Delivered,"834, Park Street, Bhubaneswar, Odisha - 593439",2026-05-09
ORD00749,U0297,2025-11-14,24359.9,Credit Card,Paid,Delivered,"218, Vasant Kunj, Faridabad, Haryana - 979848",2025-11-24
ORD00750,U0216,2025-09-09,428.4,Credit Card,Paid,Delivered,"748, Green Park, Bhopal, Madhya Pradesh - 813277",2025-09-16
ORD00751,U0348,2026-07-24,18613.35,UPI,Paid,Delivered,"175, Lake View, Jaipur, Rajasthan - 395834",2026-07-26
ORD00752,U0223,2025-10-01,85177.05,UPI,Paid,Delivered,"98, Station Road, Kanpur, Uttar Pradesh - 829452",2025-10-08
ORD00753,U0173,2025-11-17,394.15,UPI,Paid,Delivered,"248, Koramangala, Ludhiana, Punjab - 573695",2025-11-20
ORD00754,U0234,2026-07-26,85436.72,UPI,Failed,Cancelled,"374, Park Street, Vadodara, Gujarat - 796697",
ORD00755,U0369,2025-06-06,18561.5,COD,Paid,Delivered,"327, Church Street, Chandigarh, Chandigarh - 336562",2025-06-15
ORD00756,U0177,2025-10-25,11475.44,UPI,Paid,Delivered,"170, Park Street, Ludhiana, Punjab - 858415",2025-10-28
ORD00757,U0179,2026-05-23,81486.2,Debit Card,Paid,Delivered,"445, Ring Road, Delhi, Delhi - 454472",2026-06-01
ORD00758,U0078,2026-07-04,14815.2,UPI,Paid,Delivered,"905, Sector 15, Rajkot, Gujarat - 476470",2026-07-09
ORD00759,U0409,2026-05-21,18812.17,Net Banking,Paid,Shipped,"810, Salt Lake, Bhubaneswar, Odisha - 688888",2026-05-24
ORD00760,U0484,2026-01-01,2847.5,UPI,Paid,Delivered,"22, Banjara Hills, Ghaziabad, Uttar Pradesh - 174909",2026-01-09
ORD00761,U0044,2026-05-06,56209.85,UPI,Paid,Delivered,"790, MG Road, Ghaziabad, Uttar Pradesh - 519749",2026-05-14
ORD00762,U0196,2026-08-02,7587.0,UPI,Paid,Delivered,"413, Sector 15, Amritsar, Punjab - 955498",2026-08-05
ORD00763,U0320,2025-12-17,6188.0,UPI,Paid,Delivered,"229, Banjara Hills, Dehradun, Uttarakhand - 781643",2025-12-19
ORD00764,U0449,2026-07-16,4856.18,Debit Card,Paid,Delivered,"164, Lake View, Bengaluru, Karnataka - 799482",2026-07-19
ORD00765,U0243,2026-06-01,3876.0,Credit Card,Paid,Processing,"738, Gandhi Nagar, Chennai, Tamil Nadu - 427629",
ORD00766,U0313,2026-07-27,222484.2,UPI,Paid,Delivered,"263, Ring Road, Thane, Maharashtra - 172691",2026-08-01
ORD00767,U0089,2026-06-18,101966.89,Net Banking,Failed,Cancelled,"248, Green Park, Rajkot, Gujarat - 239171",
ORD00768,U0291,2026-08-02,3356.34,Debit Card,Paid,Delivered,"879, Gandhi Nagar, Patna, Bihar - 945499",2026-08-07
ORD00769,U0058,2025-10-06,116092.0,Net Banking,Paid,Shipped,"760, Jubilee Hills, Chandigarh, Chandigarh - 910089",2025-10-07
ORD00770,U0245,2026-01-23,1104.28,Credit Card,Paid,Delivered,"879, Banjara Hills, Kolkata, West Bengal - 193487",2026-01-26
ORD00771,U0271,2025-09-12,58504.69,UPI,Paid,Delivered,"712, Koramangala, Jaipur, Rajasthan - 586408",2025-09-21
ORD00772,U0363,2026-07-30,351213.6,UPI,Paid,Shipped,"766, Civil Lines, Lucknow, Uttar Pradesh - 502423",2026-07-31
ORD00773,U0224,2026-04-29,488.25,Net Banking,Paid,Delivered,"958, MG Road, Kanpur, Uttar Pradesh - 390729",2026-05-08
ORD00774,U0080,2026-04-09,4602.82,COD,Paid,Delivered,"640, Church Street, Surat, Gujarat - 457959",2026-04-12
ORD00775,U0099,2026-03-17,70876.44,Credit Card,Paid,Delivered,"216, Sector 15, Patna, Bihar - 823982",2026-03-26
ORD00776,U0149,2026-07-25,18412.8,UPI,Paid,Delivered,"900, Rajaji Nagar, Kanpur, Uttar Pradesh - 333299",2026-08-03
ORD00777,U0186,2026-04-29,79809.9,UPI,Paid,Delivered,"802, Vasant Kunj, Patna, Bihar - 524188",2026-05-02
ORD00778,U0270,2025-11-21,233655.69,Debit Card,Paid,Delivered,"626, Jubilee Hills, Ahmedabad, Gujarat - 524155",2025-11-30
ORD00779,U0477,2026-03-05,80924.49,UPI,Paid,Delivered,"686, Vasant Kunj, Pune, Maharashtra - 542108",2026-03-14
ORD00780,U0175,2026-03-23,9468.0,UPI,Paid,Delivered,"286, Rajaji Nagar, Patna, Bihar - 691976",2026-03-25
ORD00781,U0356,2026-06-29,54010.8,UPI,Paid,Delivered,"180, Rajaji Nagar, Visakhapatnam, Andhra Pradesh - 839396",2026-07-09
ORD00782,U0242,2026-03-14,120839.52,Credit Card,Paid,Delivered,"395, Church Street, Visakhapatnam, Andhra Pradesh - 586457",2026-03-17
ORD00783,U0434,2026-03-17,21281.04,COD,Paid,Delivered,"831, Vasant Kunj, Surat, Gujarat - 264178",2026-03-19
ORD00784,U0434,2026-06-03,48102.8,COD,Paid,Delivered,"896, Nehru Colony, Surat, Gujarat - 192134",2026-06-05
ORD00785,U0102,2026-05-08,37372.95,Net Banking,Paid,Delivered,"462, Vasant Kunj, Chennai, Tamil Nadu - 793588",2026-05-14
ORD00786,U0370,2026-04-24,22902.85,UPI,Paid,Delivered,"57, Station Road, Chandigarh, Chandigarh - 189837",2026-04-30
ORD00787,U0199,2025-12-10,58962.0,COD,Paid,Delivered,"112, Vasant Kunj, Visakhapatnam, Andhra Pradesh - 100262",2025-12-18
ORD00788,U0169,2026-01-08,2676.2,Debit Card,Paid,Delivered,"844, Indiranagar, Jaipur, Rajasthan - 553065",2026-01-17
ORD00789,U0287,2026-07-21,217620.57,UPI,Paid,Delivered,"874, Gandhi Nagar, Bhubaneswar, Odisha - 190318",2026-07-23
ORD00790,U0195,2024-12-03,10773.0,COD,Refunded,Cancelled,"986, Jubilee Hills, Chennai, Tamil Nadu - 736925",
ORD00791,U0348,2026-07-15,12162.94,UPI,Paid,Processing,"935, Banjara Hills, Jaipur, Rajasthan - 202346",
ORD00792,U0216,2025-09-20,211983.9,UPI,Failed,Cancelled,"167, Banjara Hills, Bhopal, Madhya Pradesh - 856013",
ORD00793,U0350,2026-03-29,2521.8,UPI,Paid,Delivered,"883, Green Park, Chandigarh, Chandigarh - 125589",2026-04-02
ORD00794,U0122,2025-07-21,1760.0,UPI,Paid,Delivered,"241, Nehru Colony, Mumbai, Maharashtra - 547818",2025-07-29
ORD00795,U0199,2026-02-18,5315.17,Credit Card,Paid,Delivered,"302, Salt Lake, Visakhapatnam, Andhra Pradesh - 294393",2026-02-24
ORD00796,U0010,2026-02-28,4851.0,Debit Card,Paid,Delivered,"989, MG Road, Visakhapatnam, Andhra Pradesh - 485059",2026-03-04
ORD00797,U0300,2026-08-05,2559.24,Debit Card,Refunded,Cancelled,"501, Indiranagar, Kochi, Kerala - 896395",
ORD00798,U0469,2026-05-02,2369.2,Credit Card,Paid,Processing,"868, Gandhi Nagar, Nashik, Maharashtra - 452264",
ORD00799,U0385,2026-01-15,23499.0,COD,Paid,Delivered,"244, Rajaji Nagar, Mumbai, Maharashtra - 504740",2026-01-24
ORD00800,U0181,2025-08-10,15925.38,UPI,Paid,Delivered,"635, Nehru Colony, Bhopal, Madhya Pradesh - 480578",2025-08-17
ORD00801,U0138,2025-12-25,2010.96,UPI,Paid,Delivered,"518, Gandhi Nagar, Bhubaneswar, Odisha - 766092",2025-12-29
ORD00802,U0438,2025-04-24,1399.35,UPI,Paid,Delivered,"87, MG Road, Ghaziabad, Uttar Pradesh - 625836",2025-04-29
ORD00803,U0306,2026-05-22,95262.75,Debit Card,Paid,Delivered,"972, Ring Road, Ghaziabad, Uttar Pradesh - 252253",2026-05-25
ORD00804,U0179,2026-03-13,204756.0,UPI,Paid,Processing,"90, Nehru Colony, Delhi, Delhi - 604363",
ORD00805,U0262,2026-08-01,96988.92,Debit Card,Paid,Delivered,"654, Ring Road, Nashik, Maharashtra - 216741",2026-08-05
ORD00806,U0411,2026-05-28,2624.54,Debit Card,Paid,Delivered,"554, Salt Lake, Surat, Gujarat - 630949",2026-05-31
ORD00807,U0221,2026-07-20,12861.0,COD,Refunded,Cancelled,"765, Gandhi Nagar, Mumbai, Maharashtra - 141892",
ORD00808,U0027,2025-05-10,62856.5,Debit Card,Paid,Processing,"85, Ring Road, Ghaziabad, Uttar Pradesh - 775220",
ORD00809,U0169,2026-03-09,12205.14,Debit Card,Paid,Delivered,"388, Anna Nagar, Jaipur, Rajasthan - 140280",2026-03-12
ORD00810,U0183,2026-08-06,117714.7,Credit Card,Paid,Processing,"401, Koramangala, Kolkata, West Bengal - 704794",
ORD00811,U0282,2026-08-02,19053.55,UPI,Paid,Processing,"809, Ring Road, Kochi, Kerala - 898621",
ORD00812,U0432,2026-02-23,3094.1,Net Banking,Refunded,Cancelled,"201, Lake View, Lucknow, Uttar Pradesh - 899064",
ORD00813,U0277,2026-05-31,72052.2,Debit Card,Paid,Processing,"686, MG Road, Varanasi, Uttar Pradesh - 345959",
ORD00814,U0479,2025-10-18,1252.44,Net Banking,Paid,Shipped,"29, MG Road, Surat, Gujarat - 466113",2025-10-20
ORD00815,U0154,2025-08-16,7840.42,COD,Paid,Delivered,"620, Green Park, Lucknow, Uttar Pradesh - 246686",2025-08-25
ORD00816,U0444,2026-05-27,2629.05,Credit Card,Paid,Delivered,"574, Civil Lines, Delhi, Delhi - 650859",2026-06-03
ORD00817,U0039,2026-06-23,5808.26,COD,Pending,Shipped,"657, Park Street, Varanasi, Uttar Pradesh - 152253",2026-06-24
ORD00818,U0463,2025-07-31,227.36,UPI,Refunded,Cancelled,"15, Ring Road, Ludhiana, Punjab - 786766",
ORD00819,U0062,2025-01-11,26405.2,Debit Card,Paid,Delivered,"22, Nehru Colony, Mysuru, Karnataka - 397187",2025-01-17
ORD00820,U0344,2026-07-10,2576.4,Debit Card,Paid,Processing,"786, Vasant Kunj, Coimbatore, Tamil Nadu - 806689",
ORD00821,U0493,2026-03-27,253123.14,COD,Paid,Delivered,"631, Banjara Hills, Agra, Uttar Pradesh - 519756",2026-04-01
ORD00822,U0046,2026-06-10,38068.25,UPI,Paid,Delivered,"572, Gandhi Nagar, Surat, Gujarat - 688568",2026-06-13
ORD00823,U0319,2026-08-06,10503.7,Debit Card,Failed,Cancelled,"668, MG Road, Kanpur, Uttar Pradesh - 621125",
ORD00824,U0028,2026-07-12,5580.4,COD,Pending,Processing,"338, Park Street, Mumbai, Maharashtra - 257391",
ORD00825,U0254,2026-06-10,23714.76,Net Banking,Paid,Delivered,"831, Nehru Colony, Guwahati, Assam - 673867",2026-06-14
ORD00826,U0451,2026-07-09,1139.2,COD,Paid,Delivered,"543, Lake View, Guwahati, Assam - 749858",2026-07-18
ORD00827,U0463,2026-07-05,32216.4,Credit Card,Paid,Processing,"717, Rajaji Nagar, Ludhiana, Punjab - 682162",
ORD00828,U0248,2026-06-29,20299.8,Credit Card,Refunded,Cancelled,"493, Jubilee Hills, Amritsar, Punjab - 703474",
ORD00829,U0441,2025-11-04,832.53,COD,Paid,Delivered,"232, Sector 15, Bhubaneswar, Odisha - 228884",2025-11-11
ORD00830,U0095,2026-06-29,11020.0,UPI,Paid,Delivered,"854, Lake View, Nagpur, Maharashtra - 922381",2026-07-01
ORD00831,U0138,2025-12-31,4018.0,UPI,Paid,Processing,"867, Civil Lines, Bhubaneswar, Odisha - 359915",
ORD00832,U0024,2025-11-10,37671.65,UPI,Paid,Delivered,"59, Green Park, Nashik, Maharashtra - 408688",2025-11-14
ORD00833,U0199,2026-02-14,39445.8,COD,Paid,Delivered,"733, Model Town, Visakhapatnam, Andhra Pradesh - 591401",2026-02-20
ORD00834,U0106,2025-09-23,16347.0,Credit Card,Paid,Delivered,"526, Gandhi Nagar, Surat, Gujarat - 306090",2025-10-03
ORD00835,U0102,2026-06-11,7673.4,Net Banking,Paid,Delivered,"128, Vasant Kunj, Chennai, Tamil Nadu - 103989",2026-06-13
ORD00836,U0218,2025-08-30,3617.0,UPI,Paid,Delivered,"925, Koramangala, Bengaluru, Karnataka - 513938",2025-09-07
ORD00837,U0209,2026-01-27,196560.0,COD,Paid,Delivered,"905, Lake View, Nashik, Maharashtra - 974404",2026-02-05
ORD00838,U0073,2026-01-05,26866.56,UPI,Paid,Shipped,"326, Koramangala, Rajkot, Gujarat - 224685",2026-01-08
ORD00839,U0052,2026-03-04,8147.75,Credit Card,Paid,Processing,"289, Nehru Colony, Varanasi, Uttar Pradesh - 574275",
ORD00840,U0453,2026-07-06,166536.14,Credit Card,Paid,Delivered,"909, Civil Lines, Vadodara, Gujarat - 562509",2026-07-13
ORD00841,U0375,2025-09-21,2686.12,COD,Paid,Delivered,"98, Anna Nagar, Bengaluru, Karnataka - 100718",2025-09-29
ORD00842,U0113,2026-04-07,110367.6,UPI,Paid,Delivered,"120, Nehru Colony, Thane, Maharashtra - 930819",2026-04-09
ORD00843,U0444,2026-07-14,2715.0,COD,Paid,Delivered,"988, Station Road, Delhi, Delhi - 825193",2026-07-19
ORD00844,U0444,2025-11-21,16054.27,Net Banking,Paid,Delivered,"442, Jubilee Hills, Delhi, Delhi - 329114",2025-11-27
ORD00845,U0138,2025-11-09,1854.0,UPI,Paid,Delivered,"492, Ring Road, Bhubaneswar, Odisha - 894745",2025-11-15
ORD00846,U0250,2026-04-05,83167.58,Credit Card,Paid,Delivered,"631, Station Road, Faridabad, Haryana - 309373",2026-04-08
ORD00847,U0078,2026-06-04,14761.7,Credit Card,Paid,Shipped,"377, Sector 15, Rajkot, Gujarat - 372482",2026-06-07
ORD00848,U0072,2025-08-28,10928.2,UPI,Paid,Processing,"908, Model Town, Ahmedabad, Gujarat - 135571",
ORD00849,U0387,2025-10-16,1590.3,Credit Card,Failed,Cancelled,"628, Nehru Colony, Meerut, Uttar Pradesh - 934524",
ORD00850,U0195,2026-08-01,391.0,Net Banking,Paid,Delivered,"451, Station Road, Chennai, Tamil Nadu - 943088",2026-08-07
ORD00851,U0401,2026-05-26,11971.14,Credit Card,Paid,Delivered,"813, Green Park, Delhi, Delhi - 946854",2026-06-02
ORD00852,U0246,2026-07-24,141593.0,Debit Card,Paid,Delivered,"926, Model Town, Chandigarh, Chandigarh - 506684",2026-08-03
ORD00853,U0388,2026-02-26,32575.25,UPI,Paid,Shipped,"600, Rajaji Nagar, Varanasi, Uttar Pradesh - 744252",2026-03-02
ORD00854,U0066,2026-02-10,9845.32,Credit Card,Paid,Processing,"563, Model Town, Kanpur, Uttar Pradesh - 409841",
ORD00855,U0224,2026-07-18,20315.96,UPI,Paid,Delivered,"386, Nehru Colony, Kanpur, Uttar Pradesh - 393130",2026-07-22
ORD00856,U0040,2026-05-15,64904.5,COD,Failed,Cancelled,"670, Sector 15, Bhubaneswar, Odisha - 766189",
ORD00857,U0183,2026-08-05,591.3,Debit Card,Paid,Shipped,"919, Rajaji Nagar, Kolkata, West Bengal - 802161",
ORD00858,U0390,2025-11-04,90094.5,Debit Card,Paid,Delivered,"350, Ring Road, Nashik, Maharashtra - 421419",2025-11-14
ORD00859,U0237,2024-09-05,29386.0,UPI,Refunded,Cancelled,"500, Vasant Kunj, Visakhapatnam, Andhra Pradesh - 490317",
ORD00860,U0134,2026-02-21,20527.5,UPI,Paid,Delivered,"200, Nehru Colony, Meerut, Uttar Pradesh - 283139",2026-03-02
ORD00861,U0060,2026-07-27,248760.0,UPI,Paid,Delivered,"192, Vasant Kunj, Kolkata, West Bengal - 790620",2026-08-06
ORD00862,U0397,2026-01-09,16203.2,Debit Card,Paid,Delivered,"306, Green Park, Ahmedabad, Gujarat - 175545",2026-01-11
ORD00863,U0382,2026-07-21,32997.2,UPI,Paid,Delivered,"756, Gandhi Nagar, Kochi, Kerala - 460685",2026-07-24
ORD00864,U0162,2026-03-25,438.23,Debit Card,Paid,Processing,"863, Ring Road, Vadodara, Gujarat - 434449",
ORD00865,U0424,2026-08-02,2069.24,Net Banking,Paid,Delivered,"572, Ring Road, Meerut, Uttar Pradesh - 833226",2026-08-07
ORD00866,U0274,2025-07-22,14398.7,UPI,Paid,Processing,"327, Jubilee Hills, Surat, Gujarat - 601262",
ORD00867,U0160,2026-06-02,182950.0,UPI,Paid,Delivered,"569, Banjara Hills, Faridabad, Haryana - 809527",2026-06-07
ORD00868,U0328,2026-02-15,26823.25,Credit Card,Paid,Delivered,"382, Model Town, Agra, Uttar Pradesh - 735317",2026-02-24
ORD00869,U0112,2026-05-17,7278.46,Credit Card,Paid,Delivered,"671, Sector 15, Guwahati, Assam - 142012",2026-05-26
ORD00870,U0052,2026-01-02,21582.0,UPI,Paid,Processing,"545, Civil Lines, Varanasi, Uttar Pradesh - 844272",
ORD00871,U0069,2024-11-30,19425.16,COD,Paid,Delivered,"49, MG Road, Amritsar, Punjab - 764598",2024-12-09
ORD00872,U0040,2025-09-09,26491.92,Net Banking,Paid,Delivered,"253, Banjara Hills, Bhubaneswar, Odisha - 844931",2025-09-12
ORD00873,U0316,2026-03-21,42926.22,COD,Paid,Delivered,"966, Banjara Hills, Nagpur, Maharashtra - 578862",2026-03-28
ORD00874,U0484,2026-03-22,296308.72,Debit Card,Paid,Delivered,"255, MG Road, Ghaziabad, Uttar Pradesh - 481338",2026-03-25
ORD00875,U0383,2025-12-18,7214.11,UPI,Refunded,Cancelled,"633, MG Road, Ahmedabad, Gujarat - 376129",
ORD00876,U0419,2025-09-10,939.33,Credit Card,Paid,Delivered,"146, Church Street, Ghaziabad, Uttar Pradesh - 316285",2025-09-17
ORD00877,U0437,2026-07-17,3700.0,UPI,Paid,Delivered,"485, Park Street, Visakhapatnam, Andhra Pradesh - 892012",2026-07-22
ORD00878,U0320,2025-07-01,21037.31,COD,Paid,Delivered,"337, Indiranagar, Dehradun, Uttarakhand - 934324",2025-07-05
ORD00879,U0330,2025-06-28,319558.8,COD,Paid,Delivered,"157, Anna Nagar, Guwahati, Assam - 175197",2025-07-02
ORD00880,U0369,2026-02-25,1320.0,Debit Card,Paid,Delivered,"206, Ring Road, Chandigarh, Chandigarh - 606084",2026-03-07
ORD00881,U0475,2025-11-01,3163.5,Net Banking,Failed,Cancelled,"999, Green Park, Coimbatore, Tamil Nadu - 699995",
ORD00882,U0058,2026-05-10,23740.2,UPI,Paid,Delivered,"234, Koramangala, Chandigarh, Chandigarh - 759488",2026-05-18
ORD00883,U0410,2025-12-29,6770.9,UPI,Refunded,Cancelled,"331, Rajaji Nagar, Kanpur, Uttar Pradesh - 222601",
ORD00884,U0126,2025-10-08,331.5,COD,Paid,Delivered,"950, Park Street, Dehradun, Uttarakhand - 761568",2025-10-16
ORD00885,U0212,2025-10-26,36702.9,Debit Card,Paid,Shipped,"618, Sector 15, Kanpur, Uttar Pradesh - 865859",2025-10-28
ORD00886,U0089,2026-05-25,170709.2,Credit Card,Paid,Delivered,"318, Gandhi Nagar, Rajkot, Gujarat - 217238",2026-05-27
ORD00887,U0439,2026-05-25,113667.5,UPI,Paid,Delivered,"850, MG Road, Chandigarh, Chandigarh - 659445",2026-05-31
ORD00888,U0194,2024-09-17,46216.73,UPI,Refunded,Cancelled,"746, Civil Lines, Pune, Maharashtra - 584448",
ORD00889,U0130,2025-11-12,635.0,Credit Card,Refunded,Cancelled,"789, Sector 15, Thane, Maharashtra - 430029",
ORD00890,U0023,2025-09-24,1344.25,Debit Card,Paid,Delivered,"290, Green Park, Rajkot, Gujarat - 173339",2025-09-29
ORD00891,U0028,2024-12-31,110957.4,UPI,Paid,Delivered,"46, Vasant Kunj, Mumbai, Maharashtra - 538415",2025-01-03
ORD00892,U0104,2025-11-07,139152.75,Credit Card,Paid,Processing,"274, Station Road, Surat, Gujarat - 652665",
ORD00893,U0078,2026-07-26,178774.74,UPI,Paid,Shipped,"745, Jubilee Hills, Rajkot, Gujarat - 786382",2026-07-27
ORD00894,U0287,2026-06-24,13722.0,Credit Card,Paid,Delivered,"495, Banjara Hills, Bhubaneswar, Odisha - 112138",2026-06-29
ORD00895,U0361,2025-11-08,16340.79,UPI,Paid,Delivered,"68, Vasant Kunj, Mumbai, Maharashtra - 547020",2025-11-14
ORD00896,U0157,2026-04-26,182748.8,Debit Card,Refunded,Cancelled,"770, Banjara Hills, Guwahati, Assam - 732190",
ORD00897,U0313,2026-07-22,164210.5,UPI,Paid,Delivered,"384, Koramangala, Thane, Maharashtra - 519512",2026-08-01
ORD00898,U0012,2026-03-16,10005.6,Credit Card,Paid,Delivered,"10, Anna Nagar, Mysuru, Karnataka - 618086",2026-03-25
ORD00899,U0210,2026-04-19,24660.5,Credit Card,Paid,Processing,"866, Model Town, Mysuru, Karnataka - 484152",
ORD00900,U0206,2025-02-20,10713.27,Credit Card,Paid,Delivered,"9, Banjara Hills, Nagpur, Maharashtra - 866150",2025-03-01
ORD00901,U0195,2026-03-19,235974.2,COD,Paid,Delivered,"26, Sector 15, Chennai, Tamil Nadu - 147558",2026-03-22
ORD00902,U0258,2025-02-11,24309.5,UPI,Paid,Shipped,"578, Nehru Colony, Pune, Maharashtra - 845650",2025-02-13
ORD00903,U0256,2026-07-03,3356.11,Net Banking,Paid,Delivered,"470, Station Road, Bhubaneswar, Odisha - 636957",2026-07-10
ORD00904,U0154,2026-07-26,107376.3,Credit Card,Paid,Delivered,"348, Civil Lines, Lucknow, Uttar Pradesh - 808619",2026-08-01
ORD00905,U0016,2026-07-04,4641.3,UPI,Paid,Delivered,"329, Station Road, Chennai, Tamil Nadu - 265411",2026-07-09
ORD00906,U0016,2026-07-28,4416.0,COD,Paid,Delivered,"861, Sector 15, Chennai, Tamil Nadu - 804545",2026-08-02
ORD00907,U0121,2025-10-05,8526.0,Credit Card,Paid,Shipped,"94, Station Road, Ludhiana, Punjab - 762260",2025-10-09
ORD00908,U0070,2025-09-05,197653.92,Credit Card,Paid,Delivered,"77, Green Park, Faridabad, Haryana - 333474",2025-09-13
ORD00909,U0416,2026-07-05,55059.22,COD,Pending,Shipped,"320, Koramangala, Mysuru, Karnataka - 936271",2026-07-09
ORD00910,U0484,2025-12-03,12034.0,Net Banking,Paid,Delivered,"327, Salt Lake, Ghaziabad, Uttar Pradesh - 139243",2025-12-13
ORD00911,U0276,2026-07-13,48956.12,UPI,Paid,Delivered,"954, Nehru Colony, Nashik, Maharashtra - 315717",2026-07-18
ORD00912,U0200,2026-06-04,82154.5,UPI,Paid,Delivered,"148, Gandhi Nagar, Varanasi, Uttar Pradesh - 496240",2026-06-08
ORD00913,U0161,2026-08-04,9601.1,COD,Paid,Delivered,"729, Jubilee Hills, Nashik, Maharashtra - 259720",2026-08-07
ORD00914,U0052,2026-02-26,13351.16,Net Banking,Paid,Delivered,"646, Gandhi Nagar, Varanasi, Uttar Pradesh - 874264",2026-03-03
ORD00915,U0464,2025-08-09,459.37,UPI,Paid,Delivered,"151, MG Road, Varanasi, Uttar Pradesh - 619775",2025-08-18
ORD00916,U0051,2026-05-29,113530.39,Debit Card,Paid,Delivered,"351, Salt Lake, Ahmedabad, Gujarat - 687405",2026-06-03
ORD00917,U0276,2026-07-23,31929.0,COD,Pending,Shipped,"225, Lake View, Nashik, Maharashtra - 901362",2026-07-26
ORD00918,U0287,2026-08-02,102446.55,Credit Card,Paid,Delivered,"563, Koramangala, Bhubaneswar, Odisha - 276514",2026-08-07
ORD00919,U0126,2025-09-06,28232.82,COD,Pending,Shipped,"437, Model Town, Dehradun, Uttarakhand - 489427",2025-09-07
ORD00920,U0396,2025-04-19,111118.72,UPI,Paid,Delivered,"655, Gandhi Nagar, Mumbai, Maharashtra - 140653",2025-04-28
ORD00921,U0467,2026-05-28,77252.2,Credit Card,Paid,Delivered,"648, Ring Road, Patna, Bihar - 845555",2026-05-30
ORD00922,U0092,2025-05-18,28702.35,UPI,Paid,Delivered,"967, Salt Lake, Nashik, Maharashtra - 469794",2025-05-25
ORD00923,U0356,2026-03-22,1980.4,UPI,Paid,Delivered,"132, Indiranagar, Visakhapatnam, Andhra Pradesh - 369018",2026-03-28
ORD00924,U0218,2026-04-22,77223.1,UPI,Paid,Delivered,"595, Rajaji Nagar, Bengaluru, Karnataka - 750101",2026-04-30
ORD00925,U0221,2026-07-03,41500.35,UPI,Paid,Delivered,"128, Indiranagar, Mumbai, Maharashtra - 766255",2026-07-09
ORD00926,U0374,2025-07-18,123634.0,Credit Card,Paid,Shipped,"252, Gandhi Nagar, Bhubaneswar, Odisha - 410741",2025-07-22
ORD00927,U0220,2026-04-17,1809.0,Credit Card,Paid,Delivered,"816, Vasant Kunj, Pune, Maharashtra - 923417",2026-04-22
ORD00928,U0074,2026-06-16,902.25,UPI,Refunded,Cancelled,"796, Koramangala, Lucknow, Uttar Pradesh - 850072",
ORD00929,U0043,2026-06-02,974.8,Net Banking,Paid,Shipped,"793, Koramangala, Chennai, Tamil Nadu - 516848",2026-06-03
ORD00930,U0156,2026-03-07,12486.15,UPI,Paid,Delivered,"254, Church Street, Ahmedabad, Gujarat - 357373",2026-03-12
ORD00931,U0094,2026-05-21,75511.88,UPI,Paid,Delivered,"81, Park Street, Mysuru, Karnataka - 966792",2026-05-25
ORD00932,U0329,2025-06-07,108687.9,UPI,Paid,Delivered,"677, MG Road, Bengaluru, Karnataka - 899308",2025-06-11
ORD00933,U0462,2026-04-10,6184.35,UPI,Paid,Delivered,"393, Banjara Hills, Kanpur, Uttar Pradesh - 724971",2026-04-12
ORD00934,U0409,2026-03-13,4016.1,UPI,Paid,Delivered,"177, Banjara Hills, Bhubaneswar, Odisha - 173440",2026-03-17
ORD00935,U0225,2026-07-30,1624.5,Debit Card,Paid,Delivered,"192, Jubilee Hills, Thane, Maharashtra - 626646",2026-08-04
ORD00936,U0161,2026-08-06,17379.04,Debit Card,Paid,Delivered,"985, Indiranagar, Nashik, Maharashtra - 297036",2026-08-07
ORD00937,U0170,2025-03-30,9730.2,Debit Card,Paid,Delivered,"207, Ring Road, Ghaziabad, Uttar Pradesh - 620833",2025-04-01
ORD00938,U0156,2026-06-20,66837.33,Credit Card,Paid,Delivered,"599, Model Town, Ahmedabad, Gujarat - 537849",2026-06-24
ORD00939,U0054,2026-04-14,3768.94,UPI,Paid,Delivered,"998, Rajaji Nagar, Pune, Maharashtra - 703127",2026-04-21
ORD00940,U0351,2026-07-17,17894.0,Credit Card,Paid,Processing,"831, Station Road, Bhubaneswar, Odisha - 413291",
ORD00941,U0288,2025-12-06,729.37,Credit Card,Paid,Delivered,"879, Anna Nagar, Indore, Madhya Pradesh - 609521",2025-12-15
ORD00942,U0210,2026-01-29,32507.1,Debit Card,Paid,Processing,"822, Jubilee Hills, Mysuru, Karnataka - 652642",
ORD00943,U0296,2026-07-01,11250.4,COD,Paid,Delivered,"438, Civil Lines, Nashik, Maharashtra - 775692",2026-07-10
ORD00944,U0447,2025-07-21,5380.8,Debit Card,Failed,Cancelled,"711, Park Street, Mumbai, Maharashtra - 379357",
ORD00945,U0132,2026-03-18,246.05,UPI,Paid,Delivered,"773, Church Street, Indore, Madhya Pradesh - 384322",2026-03-23
ORD00946,U0409,2026-01-23,13178.9,Debit Card,Paid,Delivered,"530, Ring Road, Bhubaneswar, Odisha - 920954",2026-02-02
ORD00947,U0320,2024-09-06,19940.8,Net Banking,Paid,Delivered,"308, Park Street, Dehradun, Uttarakhand - 263654",2024-09-15
ORD00948,U0401,2025-03-01,90519.4,UPI,Paid,Delivered,"2, Civil Lines, Delhi, Delhi - 265947",2025-03-11
ORD00949,U0188,2025-01-02,295.0,Net Banking,Paid,Delivered,"329, MG Road, Thane, Maharashtra - 803294",2025-01-05
ORD00950,U0198,2025-09-02,6724.8,Net Banking,Paid,Delivered,"321, Rajaji Nagar, Vadodara, Gujarat - 333444",2025-09-06
ORD00951,U0244,2025-02-11,113377.51,UPI,Paid,Delivered,"774, MG Road, Thane, Maharashtra - 713749",2025-02-20
ORD00952,U0009,2025-04-13,12412.0,Debit Card,Paid,Delivered,"596, Ring Road, Kochi, Kerala - 890565",2025-04-15
ORD00953,U0466,2026-07-30,27123.25,UPI,Paid,Delivered,"749, Green Park, Visakhapatnam, Andhra Pradesh - 697285",2026-08-07
ORD00954,U0151,2026-05-18,1151.74,UPI,Paid,Delivered,"337, Ring Road, Bengaluru, Karnataka - 660226",2026-05-27
ORD00955,U0481,2026-01-03,11734.76,UPI,Paid,Delivered,"769, Indiranagar, Chandigarh, Chandigarh - 170268",2026-01-06
ORD00956,U0179,2026-05-25,12299.75,Debit Card,Refunded,Cancelled,"832, Rajaji Nagar, Delhi, Delhi - 910084",
ORD00957,U0042,2026-08-01,4735.8,COD,Paid,Delivered,"816, Ring Road, Vadodara, Gujarat - 545607",2026-08-07
ORD00958,U0068,2026-08-06,1665.0,COD,Paid,Delivered,"465, Nehru Colony, Kochi, Kerala - 279686",2026-08-07
ORD00959,U0261,2026-03-20,60589.88,COD,Failed,Cancelled,"376, MG Road, Amritsar, Punjab - 610421",
ORD00960,U0118,2026-03-22,12067.98,UPI,Failed,Cancelled,"61, Green Park, Mumbai, Maharashtra - 345250",
ORD00961,U0325,2026-03-10,16829.52,Debit Card,Paid,Delivered,"610, Gandhi Nagar, Nagpur, Maharashtra - 824594",2026-03-20
ORD00962,U0035,2026-04-25,4104.0,Credit Card,Paid,Delivered,"717, Station Road, Lucknow, Uttar Pradesh - 886665",2026-05-03
ORD00963,U0078,2026-07-06,20804.7,UPI,Paid,Delivered,"419, Civil Lines, Rajkot, Gujarat - 437892",2026-07-12
ORD00964,U0303,2026-07-24,139170.08,Debit Card,Paid,Delivered,"845, Jubilee Hills, Amritsar, Punjab - 653263",2026-07-31
ORD00965,U0417,2025-07-15,49792.34,Debit Card,Paid,Delivered,"234, Station Road, Rajkot, Gujarat - 876456",2025-07-24
ORD00966,U0159,2025-12-15,85313.36,UPI,Paid,Delivered,"299, Ring Road, Delhi, Delhi - 729410",2025-12-21
ORD00967,U0409,2026-05-08,2219.4,UPI,Paid,Delivered,"16, Gandhi Nagar, Bhubaneswar, Odisha - 662599",2026-05-15
ORD00968,U0054,2026-03-16,1424.43,Credit Card,Paid,Delivered,"266, Model Town, Pune, Maharashtra - 497810",2026-03-20
ORD00969,U0261,2026-03-23,6705.65,Debit Card,Paid,Delivered,"383, Vasant Kunj, Amritsar, Punjab - 602044",2026-04-01
ORD00970,U0028,2025-02-13,1164.6,UPI,Paid,Delivered,"231, Banjara Hills, Mumbai, Maharashtra - 836531",2025-02-19
ORD00971,U0160,2026-06-08,317536.0,Credit Card,Paid,Delivered,"229, Station Road, Faridabad, Haryana - 719178",2026-06-12
ORD00972,U0020,2025-06-27,81956.63,UPI,Paid,Delivered,"841, Model Town, Agra, Uttar Pradesh - 453755",2025-07-03
ORD00973,U0267,2026-06-05,350966.5,Debit Card,Paid,Processing,"199, Vasant Kunj, Guwahati, Assam - 391065",
ORD00974,U0462,2025-06-04,84970.21,Debit Card,Refunded,Cancelled,"134, Green Park, Kanpur, Uttar Pradesh - 479698",
ORD00975,U0181,2026-01-17,13219.22,UPI,Paid,Delivered,"896, Nehru Colony, Bhopal, Madhya Pradesh - 143434",2026-01-24
ORD00976,U0251,2026-05-10,22015.0,Debit Card,Paid,Delivered,"160, Anna Nagar, Jaipur, Rajasthan - 934171",2026-05-12
ORD00977,U0078,2026-04-14,47516.75,Debit Card,Paid,Delivered,"912, Banjara Hills, Rajkot, Gujarat - 556696",2026-04-22
ORD00978,U0028,2026-02-18,8585.25,Credit Card,Failed,Cancelled,"991, Banjara Hills, Mumbai, Maharashtra - 934801",
ORD00979,U0402,2026-01-23,6828.1,UPI,Paid,Shipped,"249, Park Street, Kochi, Kerala - 106123",2026-01-24
ORD00980,U0348,2026-04-30,133719.44,COD,Paid,Delivered,"178, Nehru Colony, Jaipur, Rajasthan - 624725",2026-05-08
ORD00981,U0182,2026-04-24,309.58,Net Banking,Paid,Processing,"377, MG Road, Chandigarh, Chandigarh - 363533",
ORD00982,U0150,2026-07-03,17032.5,Debit Card,Paid,Delivered,"379, Lake View, Coimbatore, Tamil Nadu - 947541",2026-07-12
ORD00983,U0261,2026-04-12,48601.25,Debit Card,Failed,Cancelled,"161, Sector 15, Amritsar, Punjab - 854076",
ORD00984,U0044,2026-04-12,4448.05,UPI,Paid,Delivered,"366, Lake View, Ghaziabad, Uttar Pradesh - 816630",2026-04-17
ORD00985,U0286,2025-07-17,572.27,Debit Card,Paid,Delivered,"213, Lake View, Hyderabad, Telangana - 721457",2025-07-25
ORD00986,U0234,2026-07-22,22800.0,Credit Card,Paid,Delivered,"402, Station Road, Vadodara, Gujarat - 396911",2026-07-28
ORD00987,U0485,2026-05-04,7150.4,UPI,Paid,Delivered,"746, Church Street, Ludhiana, Punjab - 148752",2026-05-11
ORD00988,U0104,2026-05-20,48382.3,Net Banking,Paid,Delivered,"444, Nehru Colony, Surat, Gujarat - 171035",2026-05-29
ORD00989,U0469,2026-03-16,40968.5,Debit Card,Paid,Shipped,"178, Salt Lake, Nashik, Maharashtra - 620357",2026-03-17
ORD00990,U0329,2026-02-20,7754.46,Debit Card,Paid,Delivered,"791, Nehru Colony, Bengaluru, Karnataka - 340669",2026-02-24
ORD00991,U0044,2026-04-11,136676.25,COD,Paid,Delivered,"567, Indiranagar, Ghaziabad, Uttar Pradesh - 800061",2026-04-19
ORD00992,U0190,2025-11-02,77234.5,UPI,Paid,Delivered,"546, Sector 15, Kolkata, West Bengal - 391388",2025-11-04
ORD00993,U0480,2026-08-01,45151.6,Debit Card,Paid,Delivered,"567, Jubilee Hills, Nagpur, Maharashtra - 447672",2026-08-07
ORD00994,U0078,2026-04-11,54648.43,UPI,Paid,Delivered,"716, Indiranagar, Rajkot, Gujarat - 778545",2026-04-16
ORD00995,U0363,2026-07-21,12482.46,Debit Card,Paid,Delivered,"213, Koramangala, Lucknow, Uttar Pradesh - 425956",2026-07-29
ORD00996,U0074,2026-05-26,20270.16,Net Banking,Paid,Delivered,"589, Civil Lines, Lucknow, Uttar Pradesh - 371207",2026-06-02
ORD00997,U0162,2026-04-07,19962.57,Net Banking,Failed,Cancelled,"994, Park Street, Vadodara, Gujarat - 571611",
ORD00998,U0261,2026-03-12,32674.6,UPI,Paid,Delivered,"53, Church Street, Amritsar, Punjab - 845659",2026-03-14
ORD00999,U0264,2025-03-07,8041.0,UPI,Paid,Delivered,"290, Rajaji Nagar, Hyderabad, Telangana - 673227",2025-03-11
ORD01000,U0247,2025-06-27,23155.8,Credit Card,Paid,Delivered,"984, Model Town, Chennai, Tamil Nadu - 434285",2025-06-29
ORD01001,U0169,2026-05-31,186718.79,Credit Card,Paid,Processing,"914, Banjara Hills, Jaipur, Rajasthan - 227012",
ORD01002,U0174,2024-12-14,21275.0,UPI,Paid,Delivered,"864, Station Road, Ahmedabad, Gujarat - 260847",2024-12-17
ORD01003,U0271,2025-10-25,41923.8,UPI,Failed,Cancelled,"729, Gandhi Nagar, Jaipur, Rajasthan - 796682",
ORD01004,U0127,2025-09-25,4799.1,UPI,Paid,Delivered,"454, Church Street, Ahmedabad, Gujarat - 239930",2025-09-28
ORD01005,U0387,2026-03-01,24610.0,Debit Card,Paid,Delivered,"832, Salt Lake, Meerut, Uttar Pradesh - 142656",2026-03-05
ORD01006,U0370,2026-01-22,55103.6,Credit Card,Paid,Delivered,"316, Rajaji Nagar, Chandigarh, Chandigarh - 709088",2026-01-28
ORD01007,U0102,2025-07-08,18426.95,COD,Paid,Delivered,"957, Jubilee Hills, Chennai, Tamil Nadu - 134327",2025-07-10
ORD01008,U0210,2025-10-18,6337.51,Credit Card,Paid,Delivered,"710, Koramangala, Mysuru, Karnataka - 563106",2025-10-24
ORD01009,U0331,2026-07-22,370.4,Credit Card,Paid,Delivered,"234, Lake View, Bhubaneswar, Odisha - 253047",2026-07-24
ORD01010,U0066,2025-01-16,203218.4,COD,Paid,Delivered,"291, Rajaji Nagar, Kanpur, Uttar Pradesh - 514562",2025-01-23
ORD01011,U0098,2026-06-06,23963.9,COD,Refunded,Cancelled,"472, Indiranagar, Bhopal, Madhya Pradesh - 495398",
ORD01012,U0069,2026-01-03,92476.48,Debit Card,Failed,Cancelled,"500, MG Road, Amritsar, Punjab - 959483",
ORD01013,U0155,2026-06-07,24182.25,UPI,Paid,Delivered,"849, Koramangala, Indore, Madhya Pradesh - 805417",2026-06-15
ORD01014,U0316,2025-07-20,7938.0,COD,Paid,Delivered,"830, Model Town, Nagpur, Maharashtra - 168853",2025-07-26
ORD01015,U0341,2026-06-01,61.0,COD,Refunded,Cancelled,"319, Lake View, Rajkot, Gujarat - 474876",
ORD01016,U0203,2025-10-17,14252.35,Net Banking,Paid,Delivered,"353, Vasant Kunj, Nashik, Maharashtra - 743537",2025-10-22
ORD01017,U0248,2025-11-30,6644.4,UPI,Paid,Processing,"746, Salt Lake, Amritsar, Punjab - 108463",
ORD01018,U0191,2025-01-27,8382.6,UPI,Paid,Shipped,"916, Banjara Hills, Surat, Gujarat - 955591",2025-01-29
ORD01019,U0358,2026-08-05,10992.0,Debit Card,Paid,Delivered,"513, Ring Road, Kolkata, West Bengal - 207117",2026-08-07
ORD01020,U0283,2025-10-20,617.9,Credit Card,Paid,Delivered,"303, Nehru Colony, Meerut, Uttar Pradesh - 574418",2025-10-25
ORD01021,U0074,2026-06-24,7900.92,COD,Pending,Shipped,"662, Anna Nagar, Lucknow, Uttar Pradesh - 487413",2026-06-25
ORD01022,U0070,2025-06-19,3758.67,UPI,Paid,Delivered,"2, Park Street, Faridabad, Haryana - 220844",2025-06-26
ORD01023,U0020,2026-06-20,9569.4,UPI,Paid,Shipped,"497, Green Park, Agra, Uttar Pradesh - 916357",2026-06-22
ORD01024,U0357,2026-01-03,64903.89,UPI,Paid,Delivered,"186, Model Town, Rajkot, Gujarat - 787395",2026-01-13
ORD01025,U0400,2026-08-05,116122.84,Net Banking,Paid,Delivered,"284, Anna Nagar, Patna, Bihar - 258579",2026-08-07
ORD01026,U0343,2026-07-23,3950.1,Credit Card,Paid,Delivered,"412, Ring Road, Chennai, Tamil Nadu - 735827",2026-07-29
ORD01027,U0196,2026-08-05,224038.5,UPI,Paid,Delivered,"488, Salt Lake, Amritsar, Punjab - 403517",2026-08-07
ORD01028,U0207,2025-05-08,16175.4,COD,Paid,Delivered,"390, Station Road, Coimbatore, Tamil Nadu - 540914",2025-05-11
ORD01029,U0206,2025-04-06,107490.25,UPI,Paid,Delivered,"616, MG Road, Nagpur, Maharashtra - 179540",2025-04-13
ORD01030,U0291,2026-07-20,5500.5,UPI,Paid,Delivered,"61, Park Street, Patna, Bihar - 970082",2026-07-24
ORD01031,U0400,2026-06-03,174994.27,Net Banking,Paid,Delivered,"326, Civil Lines, Patna, Bihar - 842205",2026-06-10
ORD01032,U0431,2026-07-01,155164.78,Debit Card,Paid,Delivered,"73, Banjara Hills, Jaipur, Rajasthan - 626038",2026-07-06
ORD01033,U0330,2025-07-03,18950.3,UPI,Paid,Delivered,"376, Nehru Colony, Guwahati, Assam - 455570",2025-07-10
ORD01034,U0276,2026-07-18,10413.9,Debit Card,Paid,Delivered,"999, Civil Lines, Nashik, Maharashtra - 186037",2026-07-23
ORD01035,U0195,2025-04-22,11610.67,UPI,Paid,Shipped,"960, Civil Lines, Chennai, Tamil Nadu - 248316",2025-04-26
ORD01036,U0221,2026-06-25,8782.2,Credit Card,Paid,Delivered,"795, Jubilee Hills, Mumbai, Maharashtra - 959001",2026-07-01
ORD01037,U0390,2024-12-27,35663.67,Credit Card,Paid,Delivered,"745, Church Street, Nashik, Maharashtra - 944115",2025-01-02
ORD01038,U0052,2026-06-17,5489.74,UPI,Paid,Delivered,"104, MG Road, Varanasi, Uttar Pradesh - 932302",2026-06-26
ORD01039,U0367,2025-11-21,123951.91,Credit Card,Paid,Delivered,"25, Rajaji Nagar, Chandigarh, Chandigarh - 468326",2025-11-29
ORD01040,U0095,2026-02-24,196042.54,COD,Paid,Delivered,"563, Green Park, Nagpur, Maharashtra - 964379",2026-03-05
ORD01041,U0035,2026-06-27,60489.2,UPI,Paid,Delivered,"986, Vasant Kunj, Lucknow, Uttar Pradesh - 660559",2026-07-07
ORD01042,U0210,2025-12-23,12713.85,UPI,Paid,Processing,"588, Park Street, Mysuru, Karnataka - 243367",
ORD01043,U0445,2026-05-01,15224.4,UPI,Failed,Cancelled,"29, Koramangala, Nashik, Maharashtra - 997144",
ORD01044,U0043,2026-05-21,13551.75,COD,Paid,Delivered,"732, Lake View, Chennai, Tamil Nadu - 928826",2026-05-25
ORD01045,U0283,2026-06-24,72912.0,UPI,Paid,Shipped,"291, Lake View, Meerut, Uttar Pradesh - 422405",2026-06-28
ORD01046,U0487,2026-01-28,1346.4,UPI,Failed,Cancelled,"16, Ring Road, Mysuru, Karnataka - 727924",
ORD01047,U0324,2026-07-04,32944.96,COD,Paid,Delivered,"191, Civil Lines, Vadodara, Gujarat - 350763",2026-07-14
ORD01048,U0054,2026-03-02,202947.25,Debit Card,Failed,Cancelled,"298, Park Street, Pune, Maharashtra - 386339",
ORD01049,U0356,2026-05-05,24449.88,UPI,Paid,Delivered,"534, Lake View, Visakhapatnam, Andhra Pradesh - 766633",2026-05-07
ORD01050,U0159,2026-06-03,24984.0,COD,Paid,Delivered,"363, Indiranagar, Delhi, Delhi - 667415",2026-06-11
ORD01051,U0370,2025-10-12,20468.7,Credit Card,Paid,Processing,"86, Anna Nagar, Chandigarh, Chandigarh - 114555",
ORD01052,U0105,2026-07-02,24780.15,Credit Card,Paid,Delivered,"619, Indiranagar, Vadodara, Gujarat - 806667",2026-07-05
ORD01053,U0105,2026-07-13,20058.3,COD,Paid,Delivered,"370, Vasant Kunj, Vadodara, Gujarat - 426435",2026-07-15
ORD01054,U0324,2025-11-18,149895.8,Net Banking,Paid,Delivered,"484, Koramangala, Vadodara, Gujarat - 934321",2025-11-22
ORD01055,U0151,2026-03-06,3370.3,UPI,Paid,Delivered,"639, Anna Nagar, Bengaluru, Karnataka - 359481",2026-03-10
ORD01056,U0184,2026-01-06,4236.7,Debit Card,Paid,Delivered,"659, Nehru Colony, Jaipur, Rajasthan - 270472",2026-01-10
ORD01057,U0193,2026-06-10,33549.7,Credit Card,Paid,Delivered,"241, Indiranagar, Pune, Maharashtra - 333903",2026-06-19
ORD01058,U0173,2025-10-17,4890.6,UPI,Paid,Delivered,"985, Banjara Hills, Ludhiana, Punjab - 393186",2025-10-19
ORD01059,U0151,2026-05-02,131209.46,UPI,Paid,Shipped,"958, Banjara Hills, Bengaluru, Karnataka - 778208",2026-05-03
ORD01060,U0256,2026-06-22,29888.65,UPI,Paid,Delivered,"408, Vasant Kunj, Bhubaneswar, Odisha - 497863",2026-07-01
ORD01061,U0070,2025-03-12,7309.35,Debit Card,Paid,Delivered,"331, Model Town, Faridabad, Haryana - 723640",2025-03-15
ORD01062,U0054,2026-04-12,13961.7,UPI,Failed,Cancelled,"89, Model Town, Pune, Maharashtra - 769338",
ORD01063,U0372,2025-12-08,46879.65,UPI,Paid,Processing,"169, Indiranagar, Bengaluru, Karnataka - 911272",
ORD01064,U0040,2025-10-07,26954.0,Debit Card,Paid,Processing,"845, Ring Road, Bhubaneswar, Odisha - 617854",
ORD01065,U0016,2026-07-15,3598.56,UPI,Paid,Delivered,"231, Anna Nagar, Chennai, Tamil Nadu - 333701",2026-07-17
ORD01066,U0173,2025-11-22,8176.14,Credit Card,Paid,Delivered,"927, Ring Road, Ludhiana, Punjab - 288261",2025-11-27
ORD01067,U0051,2026-07-09,1030.0,Debit Card,Paid,Processing,"948, Rajaji Nagar, Ahmedabad, Gujarat - 594106",
ORD01068,U0206,2025-02-07,14633.8,Debit Card,Paid,Shipped,"336, Ring Road, Nagpur, Maharashtra - 902729",2025-02-11
ORD01069,U0261,2026-08-02,139246.5,UPI,Paid,Delivered,"911, Ring Road, Amritsar, Punjab - 760219",2026-08-07
ORD01070,U0465,2026-03-01,28602.35,Net Banking,Paid,Delivered,"996, Civil Lines, Guwahati, Assam - 739292",2026-03-03
ORD01071,U0162,2026-04-21,3639.45,Debit Card,Paid,Delivered,"903, Ring Road, Vadodara, Gujarat - 435810",2026-04-30
ORD01072,U0419,2026-07-17,56084.85,Net Banking,Paid,Delivered,"368, Vasant Kunj, Ghaziabad, Uttar Pradesh - 111373",2026-07-20
ORD01073,U0181,2026-04-04,4760.0,COD,Refunded,Cancelled,"762, Rajaji Nagar, Bhopal, Madhya Pradesh - 716168",
ORD01074,U0400,2026-07-28,1244.7,Credit Card,Paid,Delivered,"293, Station Road, Patna, Bihar - 328910",2026-08-03
ORD01075,U0031,2025-09-19,7087.5,Credit Card,Paid,Delivered,"906, Koramangala, Varanasi, Uttar Pradesh - 365004",2025-09-29
ORD01076,U0407,2026-01-20,10904.93,Debit Card,Paid,Delivered,"273, Church Street, Delhi, Delhi - 458287",2026-01-28
ORD01077,U0484,2026-01-24,8837.91,UPI,Paid,Delivered,"191, Model Town, Ghaziabad, Uttar Pradesh - 630967",2026-02-03
ORD01078,U0024,2026-06-03,15839.64,Credit Card,Paid,Delivered,"43, Nehru Colony, Nashik, Maharashtra - 672606",2026-06-05
ORD01079,U0195,2025-03-28,38559.82,Debit Card,Paid,Shipped,"237, Nehru Colony, Chennai, Tamil Nadu - 612916",2025-04-01
ORD01080,U0141,2025-12-06,196719.0,Credit Card,Paid,Processing,"447, Banjara Hills, Bengaluru, Karnataka - 689883",
ORD01081,U0271,2025-07-18,11480.0,UPI,Paid,Delivered,"192, Park Street, Jaipur, Rajasthan - 745747",2025-07-26
ORD01082,U0192,2025-10-08,173162.02,Debit Card,Paid,Delivered,"333, Gandhi Nagar, Nashik, Maharashtra - 790732",2025-10-18
ORD01083,U0102,2026-03-09,41468.1,UPI,Paid,Delivered,"398, Salt Lake, Chennai, Tamil Nadu - 621033",2026-03-13
ORD01084,U0224,2026-05-21,840.0,UPI,Paid,Delivered,"98, Nehru Colony, Kanpur, Uttar Pradesh - 461456",2026-05-25
ORD01085,U0428,2025-11-18,103659.25,Credit Card,Paid,Delivered,"78, Koramangala, Chandigarh, Chandigarh - 383983",2025-11-28
ORD01086,U0481,2025-06-09,18864.7,UPI,Paid,Shipped,"513, Koramangala, Chandigarh, Chandigarh - 529314",2025-06-11
ORD01087,U0330,2025-11-03,2346.12,UPI,Paid,Delivered,"17, Model Town, Guwahati, Assam - 555785",2025-11-07
ORD01088,U0104,2026-06-26,14818.19,UPI,Paid,Delivered,"655, Rajaji Nagar, Surat, Gujarat - 143253",2026-07-06
ORD01089,U0367,2024-12-19,16921.07,COD,Paid,Delivered,"196, MG Road, Chandigarh, Chandigarh - 910000",2024-12-28
ORD01090,U0025,2026-07-29,23472.5,Debit Card,Paid,Delivered,"32, Gandhi Nagar, Ludhiana, Punjab - 581317",2026-08-03
ORD01091,U0293,2026-07-21,53730.5,UPI,Paid,Delivered,"845, Anna Nagar, Bhubaneswar, Odisha - 562924",2026-07-25
ORD01092,U0328,2025-10-14,279.2,UPI,Refunded,Cancelled,"368, Station Road, Agra, Uttar Pradesh - 342631",
ORD01093,U0313,2026-07-23,103859.25,Credit Card,Paid,Processing,"688, Park Street, Thane, Maharashtra - 489395",
ORD01094,U0126,2026-03-13,181909.3,COD,Paid,Delivered,"745, Lake View, Dehradun, Uttarakhand - 720085",2026-03-15
ORD01095,U0295,2026-03-01,127122.89,Net Banking,Paid,Processing,"68, Nehru Colony, Chennai, Tamil Nadu - 596589",
ORD01096,U0350,2026-02-20,82922.64,Debit Card,Paid,Delivered,"409, Rajaji Nagar, Chandigarh, Chandigarh - 875107",2026-02-22
ORD01097,U0296,2026-07-15,39684.0,COD,Paid,Delivered,"783, Indiranagar, Nashik, Maharashtra - 844057",2026-07-24
ORD01098,U0477,2026-02-16,4510.6,Credit Card,Paid,Shipped,"994, Koramangala, Pune, Maharashtra - 745598",2026-02-20
ORD01099,U0442,2026-04-17,147611.0,Credit Card,Paid,Delivered,"830, Lake View, Nagpur, Maharashtra - 633626",2026-04-27
ORD01100,U0491,2025-08-31,50983.81,Credit Card,Paid,Delivered,"47, Indiranagar, Vadodara, Gujarat - 451605",2025-09-06
ORD01101,U0397,2026-04-24,11058.1,Credit Card,Paid,Delivered,"199, Gandhi Nagar, Ahmedabad, Gujarat - 440684",2026-04-30
ORD01102,U0433,2025-12-19,16449.0,Debit Card,Paid,Delivered,"713, Vasant Kunj, Meerut, Uttar Pradesh - 471607",2025-12-21
ORD01103,U0127,2025-08-02,7445.7,Debit Card,Paid,Delivered,"372, Civil Lines, Ahmedabad, Gujarat - 912879",2025-08-09
ORD01104,U0254,2026-07-30,12831.8,Credit Card,Paid,Delivered,"690, Green Park, Guwahati, Assam - 825431",2026-08-04
ORD01105,U0128,2025-08-04,2110.9,UPI,Paid,Shipped,"856, Salt Lake, Patna, Bihar - 247914",2025-08-07
ORD01106,U0319,2026-08-06,11484.0,Credit Card,Paid,Delivered,"49, Sector 15, Kanpur, Uttar Pradesh - 857428",2026-08-07
ORD01107,U0173,2026-05-02,1889.93,Credit Card,Paid,Delivered,"903, Gandhi Nagar, Ludhiana, Punjab - 882706",2026-05-11
ORD01108,U0251,2026-01-07,2466.0,UPI,Paid,Delivered,"835, Sector 15, Jaipur, Rajasthan - 630933",2026-01-12
ORD01109,U0216,2026-06-24,74829.6,UPI,Paid,Delivered,"373, Green Park, Bhopal, Madhya Pradesh - 835820",2026-07-02
ORD01110,U0067,2026-06-10,6724.53,UPI,Failed,Cancelled,"712, Nehru Colony, Mysuru, Karnataka - 193113",
ORD01111,U0080,2025-11-28,20146.14,Debit Card,Paid,Delivered,"266, Green Park, Surat, Gujarat - 617527",2025-12-03
ORD01112,U0173,2026-03-30,79997.4,UPI,Paid,Delivered,"207, Koramangala, Ludhiana, Punjab - 387070",2026-04-02
ORD01113,U0338,2026-08-06,40442.85,Net Banking,Paid,Delivered,"903, Salt Lake, Indore, Madhya Pradesh - 479065",2026-08-07
ORD01114,U0077,2026-07-22,15903.92,Debit Card,Paid,Delivered,"353, Banjara Hills, Amritsar, Punjab - 902512",2026-07-24
ORD01115,U0267,2025-05-19,4615.32,UPI,Paid,Delivered,"568, Vasant Kunj, Guwahati, Assam - 245144",2025-05-24
ORD01116,U0369,2026-05-29,3279.28,UPI,Paid,Delivered,"47, Model Town, Chandigarh, Chandigarh - 660893",2026-06-08
ORD01117,U0127,2025-05-26,327.2,Debit Card,Paid,Delivered,"918, Station Road, Ahmedabad, Gujarat - 385407",2025-06-04
ORD01118,U0257,2025-10-27,1206.5,COD,Pending,Shipped,"953, Nehru Colony, Guwahati, Assam - 480936",2025-10-30
ORD01119,U0310,2026-07-21,118075.5,COD,Paid,Delivered,"208, Model Town, Rajkot, Gujarat - 514400",2026-07-27
ORD01120,U0123,2025-12-20,96790.81,COD,Paid,Delivered,"557, Gandhi Nagar, Mysuru, Karnataka - 681472",2025-12-25
ORD01121,U0441,2024-09-02,4617.24,UPI,Paid,Delivered,"694, Anna Nagar, Bhubaneswar, Odisha - 334745",2024-09-06
ORD01122,U0282,2026-05-24,248858.0,UPI,Paid,Delivered,"688, Lake View, Kochi, Kerala - 474297",2026-05-27
ORD01123,U0216,2025-06-25,38446.9,Debit Card,Paid,Delivered,"725, Anna Nagar, Bhopal, Madhya Pradesh - 536732",2025-07-04
ORD01124,U0350,2025-11-09,3677.7,UPI,Paid,Delivered,"185, Lake View, Chandigarh, Chandigarh - 546716",2025-11-16
ORD01125,U0179,2026-02-20,12968.81,UPI,Paid,Delivered,"773, MG Road, Delhi, Delhi - 876708",2026-02-22
ORD01126,U0263,2025-08-08,45203.85,COD,Paid,Delivered,"202, Station Road, Kolkata, West Bengal - 706558",2025-08-12
ORD01127,U0126,2024-12-23,74371.21,UPI,Paid,Delivered,"48, Sector 15, Dehradun, Uttarakhand - 681638",2024-12-30
ORD01128,U0096,2026-05-23,13851.9,COD,Pending,Shipped,"555, Banjara Hills, Kolkata, West Bengal - 658151",2026-05-27
ORD01129,U0473,2026-04-21,100608.1,UPI,Paid,Delivered,"248, Nehru Colony, Dehradun, Uttarakhand - 966096",2026-04-23
ORD01130,U0225,2026-06-25,29700.36,Credit Card,Paid,Delivered,"586, Jubilee Hills, Thane, Maharashtra - 138312",2026-07-05
ORD01131,U0105,2026-07-04,31954.92,Credit Card,Paid,Processing,"864, Koramangala, Vadodara, Gujarat - 419861",
ORD01132,U0319,2026-08-06,138763.0,Credit Card,Paid,Delivered,"533, Indiranagar, Kanpur, Uttar Pradesh - 912765",2026-08-07
ORD01133,U0153,2026-04-25,51948.78,UPI,Paid,Delivered,"861, MG Road, Bhubaneswar, Odisha - 268251",2026-05-01
ORD01134,U0308,2025-09-24,150961.0,COD,Paid,Delivered,"401, Nehru Colony, Thane, Maharashtra - 873379",2025-09-29
ORD01135,U0414,2025-06-21,74542.3,UPI,Paid,Delivered,"644, Banjara Hills, Guwahati, Assam - 507144",2025-06-23
ORD01136,U0493,2026-07-28,40324.79,Debit Card,Paid,Shipped,"759, Ring Road, Agra, Uttar Pradesh - 550939",2026-07-31
ORD01137,U0042,2026-07-31,65421.52,Net Banking,Paid,Delivered,"599, Jubilee Hills, Vadodara, Gujarat - 895184",2026-08-07
ORD01138,U0188,2025-07-12,58329.5,Debit Card,Paid,Delivered,"4, Banjara Hills, Thane, Maharashtra - 922015",2025-07-16
ORD01139,U0185,2025-05-24,111948.5,Net Banking,Paid,Delivered,"791, Salt Lake, Jaipur, Rajasthan - 120621",2025-05-28
ORD01140,U0322,2026-07-08,107114.0,UPI,Paid,Delivered,"58, Church Street, Lucknow, Uttar Pradesh - 527795",2026-07-12
ORD01141,U0267,2026-07-25,1508.08,Net Banking,Paid,Delivered,"28, Station Road, Guwahati, Assam - 357417",2026-08-03
ORD01142,U0115,2026-03-14,14802.9,COD,Paid,Delivered,"111, Indiranagar, Dehradun, Uttarakhand - 477896",2026-03-24
ORD01143,U0313,2026-07-11,107108.7,Debit Card,Paid,Shipped,"86, Church Street, Thane, Maharashtra - 621551",2026-07-15
ORD01144,U0106,2026-01-28,14785.94,UPI,Paid,Delivered,"979, Nehru Colony, Surat, Gujarat - 282781",2026-01-30
ORD01145,U0271,2025-08-02,403156.5,Debit Card,Paid,Delivered,"820, MG Road, Jaipur, Rajasthan - 695216",2025-08-05
ORD01146,U0358,2026-03-30,10879.88,UPI,Paid,Delivered,"213, Green Park, Kolkata, West Bengal - 649681",2026-04-09
ORD01147,U0401,2025-10-05,1080.0,Credit Card,Paid,Processing,"408, Lake View, Delhi, Delhi - 765161",
ORD01148,U0097,2026-06-16,49420.0,COD,Paid,Delivered,"999, Koramangala, Nashik, Maharashtra - 593580",2026-06-23
ORD01149,U0206,2025-09-21,3995.3,UPI,Paid,Delivered,"35, Vasant Kunj, Nagpur, Maharashtra - 458536",2025-09-26
ORD01150,U0133,2026-02-20,2289.6,Credit Card,Refunded,Cancelled,"795, Vasant Kunj, Indore, Madhya Pradesh - 826244",
ORD01151,U0312,2026-04-14,78084.7,COD,Paid,Delivered,"51, Station Road, Delhi, Delhi - 718671",2026-04-24
ORD01152,U0354,2026-04-29,207278.6,UPI,Paid,Delivered,"968, Koramangala, Chandigarh, Chandigarh - 678837",2026-05-03
ORD01153,U0126,2026-04-30,49340.9,Credit Card,Paid,Delivered,"423, Ring Road, Dehradun, Uttarakhand - 941921",2026-05-08
ORD01154,U0330,2025-07-15,290021.2,Debit Card,Paid,Delivered,"517, Civil Lines, Guwahati, Assam - 619747",2025-07-21
ORD01155,U0450,2026-06-08,60546.95,UPI,Paid,Delivered,"560, Green Park, Coimbatore, Tamil Nadu - 342702",2026-06-15
ORD01156,U0212,2026-04-30,8630.67,Net Banking,Paid,Shipped,"433, Salt Lake, Kanpur, Uttar Pradesh - 829192",2026-05-04
ORD01157,U0169,2025-05-06,173469.84,Credit Card,Paid,Delivered,"201, Station Road, Jaipur, Rajasthan - 981692",2025-05-10
ORD01158,U0463,2026-03-06,16841.06,UPI,Paid,Delivered,"367, Sector 15, Ludhiana, Punjab - 621728",2026-03-14
ORD01159,U0128,2026-05-22,16501.5,UPI,Paid,Shipped,"551, Gandhi Nagar, Patna, Bihar - 331597",2026-05-26
ORD01160,U0232,2025-09-13,14472.0,COD,Pending,Shipped,"632, Anna Nagar, Guwahati, Assam - 599132",2025-09-14
ORD01161,U0234,2026-07-08,15317.6,Credit Card,Paid,Delivered,"227, Model Town, Vadodara, Gujarat - 138571",2026-07-13
ORD01162,U0407,2026-02-04,16572.23,COD,Paid,Delivered,"651, MG Road, Delhi, Delhi - 982751",2026-02-07
ORD01163,U0162,2026-03-16,13752.68,Debit Card,Paid,Delivered,"750, Gandhi Nagar, Vadodara, Gujarat - 586150",2026-03-21
ORD01164,U0484,2026-01-11,5215.0,Credit Card,Paid,Delivered,"497, Sector 15, Ghaziabad, Uttar Pradesh - 497701",2026-01-18
ORD01165,U0356,2026-04-14,243392.0,UPI,Paid,Processing,"815, MG Road, Visakhapatnam, Andhra Pradesh - 325943",
ORD01166,U0337,2026-04-03,102500.0,COD,Paid,Delivered,"44, Station Road, Ludhiana, Punjab - 124704",2026-04-07
ORD01167,U0382,2025-10-26,3573.56,Credit Card,Paid,Delivered,"427, Koramangala, Kochi, Kerala - 918760",2025-11-05
ORD01168,U0127,2026-06-04,8517.18,Credit Card,Paid,Processing,"514, Koramangala, Ahmedabad, Gujarat - 198521",
ORD01169,U0087,2026-08-04,29307.69,UPI,Paid,Delivered,"188, Model Town, Faridabad, Haryana - 719575",2026-08-07
ORD01170,U0216,2026-06-30,507439.35,Credit Card,Paid,Delivered,"27, Church Street, Bhopal, Madhya Pradesh - 872936",2026-07-10
ORD01171,U0180,2025-01-06,3086.72,Credit Card,Paid,Delivered,"921, Indiranagar, Kolkata, West Bengal - 227478",2025-01-10
ORD01172,U0358,2026-05-23,166902.35,Net Banking,Paid,Delivered,"661, Gandhi Nagar, Kolkata, West Bengal - 923687",2026-05-31
ORD01173,U0159,2026-05-19,42905.1,Net Banking,Paid,Delivered,"777, Green Park, Delhi, Delhi - 228194",2026-05-23
ORD01174,U0287,2026-06-25,755.97,UPI,Paid,Delivered,"627, Park Street, Bhubaneswar, Odisha - 441154",2026-06-28
ORD01175,U0356,2025-11-13,133254.0,COD,Paid,Delivered,"709, Church Street, Visakhapatnam, Andhra Pradesh - 763627",2025-11-22
ORD01176,U0429,2026-07-30,27102.25,Debit Card,Paid,Delivered,"751, MG Road, Lucknow, Uttar Pradesh - 850952",2026-08-04
ORD01177,U0195,2025-04-01,31967.8,Credit Card,Refunded,Cancelled,"445, Nehru Colony, Chennai, Tamil Nadu - 343724",
ORD01178,U0223,2025-10-23,11506.93,UPI,Paid,Delivered,"370, Indiranagar, Kanpur, Uttar Pradesh - 469842",2025-10-26
ORD01179,U0460,2026-02-11,144427.5,COD,Paid,Delivered,"188, Civil Lines, Nagpur, Maharashtra - 349513",2026-02-14
ORD01180,U0068,2026-08-06,2994.79,COD,Paid,Delivered,"143, Jubilee Hills, Kochi, Kerala - 796460",2026-08-07
ORD01181,U0242,2026-05-24,307847.54,Net Banking,Paid,Delivered,"178, Nehru Colony, Visakhapatnam, Andhra Pradesh - 916479",2026-05-28
ORD01182,U0330,2025-07-29,55224.45,UPI,Paid,Delivered,"625, Vasant Kunj, Guwahati, Assam - 890192",2025-08-05
ORD01183,U0387,2025-06-16,44616.66,Debit Card,Paid,Delivered,"475, Anna Nagar, Meerut, Uttar Pradesh - 275233",2025-06-25
ORD01184,U0226,2026-05-18,35110.42,UPI,Paid,Delivered,"602, Model Town, Chennai, Tamil Nadu - 183695",2026-05-22
ORD01185,U0444,2025-08-25,11685.0,Debit Card,Paid,Delivered,"626, Lake View, Delhi, Delhi - 286426",2025-09-02
ORD01186,U0448,2026-07-21,6507.69,COD,Paid,Delivered,"482, Jubilee Hills, Varanasi, Uttar Pradesh - 313819",2026-07-23
ORD01187,U0085,2026-04-30,11599.19,Credit Card,Paid,Processing,"45, Church Street, Agra, Uttar Pradesh - 751845",
ORD01188,U0006,2025-04-21,1463.26,UPI,Paid,Delivered,"912, Salt Lake, Jaipur, Rajasthan - 910233",2025-04-30
ORD01189,U0133,2026-06-07,34775.28,UPI,Paid,Delivered,"154, MG Road, Indore, Madhya Pradesh - 162955",2026-06-16
ORD01190,U0234,2026-08-04,34820.35,Debit Card,Paid,Delivered,"899, Model Town, Vadodara, Gujarat - 232035",2026-08-07
ORD01191,U0424,2026-08-05,50328.49,Credit Card,Paid,Delivered,"869, Green Park, Meerut, Uttar Pradesh - 575471",2026-08-07
ORD01192,U0128,2025-04-29,20560.2,Net Banking,Paid,Delivered,"237, Jubilee Hills, Patna, Bihar - 837070",2025-05-05
ORD01193,U0216,2025-05-03,148066.21,Credit Card,Paid,Delivered,"431, Rajaji Nagar, Bhopal, Madhya Pradesh - 146908",2025-05-10
ORD01194,U0314,2026-04-27,89259.95,UPI,Paid,Processing,"367, Lake View, Bengaluru, Karnataka - 432273",
ORD01195,U0151,2026-07-12,11402.64,COD,Paid,Delivered,"14, Sector 15, Bengaluru, Karnataka - 935640",2026-07-16
ORD01196,U0268,2026-05-19,6823.34,Debit Card,Failed,Cancelled,"877, Green Park, Meerut, Uttar Pradesh - 370545",
ORD01197,U0468,2026-05-01,21394.5,COD,Paid,Delivered,"308, Gandhi Nagar, Mumbai, Maharashtra - 995208",2026-05-03
ORD01198,U0115,2025-08-28,127419.6,UPI,Paid,Delivered,"234, Park Street, Dehradun, Uttarakhand - 188276",2025-09-06
ORD01199,U0424,2026-08-05,12111.17,Credit Card,Paid,Delivered,"292, Indiranagar, Meerut, Uttar Pradesh - 310751",2026-08-07
ORD01200,U0190,2026-07-05,30867.8,Debit Card,Paid,Delivered,"540, Rajaji Nagar, Kolkata, West Bengal - 345486",2026-07-12
ORD01201,U0296,2026-07-04,118954.4,UPI,Paid,Processing,"807, Banjara Hills, Nashik, Maharashtra - 814457",
ORD01202,U0445,2026-07-16,71415.0,UPI,Paid,Processing,"391, Indiranagar, Nashik, Maharashtra - 978775",
ORD01203,U0467,2026-02-26,55702.75,Net Banking,Paid,Delivered,"695, Model Town, Patna, Bihar - 406197",2026-03-04
ORD01204,U0173,2025-09-28,45739.16,Credit Card,Paid,Delivered,"735, Green Park, Ludhiana, Punjab - 519711",2025-10-05
ORD01205,U0351,2026-08-01,1812.51,Debit Card,Paid,Delivered,"218, Church Street, Bhubaneswar, Odisha - 450707",2026-08-05
ORD01206,U0304,2026-07-29,26954.65,Credit Card,Paid,Delivered,"57, Koramangala, Ludhiana, Punjab - 126859",2026-08-05
ORD01207,U0163,2026-07-09,1584.8,COD,Pending,Shipped,"836, Indiranagar, Patna, Bihar - 371080",2026-07-11
ORD01208,U0276,2026-07-27,2945.0,Credit Card,Paid,Delivered,"728, Koramangala, Nashik, Maharashtra - 785547",2026-08-04
ORD01209,U0434,2026-06-17,90155.16,UPI,Paid,Delivered,"425, Sector 15, Surat, Gujarat - 160025",2026-06-21
ORD01210,U0364,2025-08-21,121080.0,UPI,Paid,Delivered,"332, Koramangala, Kanpur, Uttar Pradesh - 819489",2025-08-26
ORD01211,U0295,2026-05-08,1365.86,Net Banking,Paid,Delivered,"752, Civil Lines, Chennai, Tamil Nadu - 613333",2026-05-10
ORD01212,U0015,2026-03-12,2159.08,COD,Paid,Delivered,"680, Model Town, Vadodara, Gujarat - 241632",2026-03-21
ORD01213,U0458,2026-04-09,111856.0,UPI,Paid,Processing,"825, Vasant Kunj, Ghaziabad, Uttar Pradesh - 395698",
ORD01214,U0186,2026-02-10,112508.36,Credit Card,Refunded,Cancelled,"370, Green Park, Patna, Bihar - 266008",
ORD01215,U0040,2025-11-03,40496.11,Credit Card,Refunded,Cancelled,"412, Model Town, Bhubaneswar, Odisha - 544467",
ORD01216,U0043,2026-06-05,3262.61,Net Banking,Paid,Delivered,"101, Park Street, Chennai, Tamil Nadu - 651236",2026-06-15
ORD01217,U0373,2026-02-22,3145.5,COD,Paid,Delivered,"509, Indiranagar, Delhi, Delhi - 851682",2026-02-28
ORD01218,U0296,2026-07-21,150914.2,UPI,Paid,Delivered,"50, Koramangala, Nashik, Maharashtra - 520544",2026-07-23
ORD01219,U0324,2025-12-21,77472.05,Credit Card,Paid,Delivered,"659, Church Street, Vadodara, Gujarat - 826463",2025-12-31
ORD01220,U0306,2026-03-07,152886.0,UPI,Paid,Delivered,"17, Model Town, Ghaziabad, Uttar Pradesh - 102352",2026-03-16
ORD01221,U0282,2026-08-03,67273.2,Debit Card,Paid,Delivered,"431, Anna Nagar, Kochi, Kerala - 593624",2026-08-05
ORD01222,U0069,2025-01-09,29775.93,UPI,Paid,Delivered,"332, MG Road, Amritsar, Punjab - 894822",2025-01-19
ORD01223,U0395,2026-05-23,89797.5,UPI,Paid,Delivered,"846, Civil Lines, Patna, Bihar - 156587",2026-06-02
ORD01224,U0210,2025-10-06,3199.6,UPI,Paid,Delivered,"889, Ring Road, Mysuru, Karnataka - 273504",2025-10-16
ORD01225,U0286,2025-05-20,16305.63,Credit Card,Paid,Delivered,"773, Indiranagar, Hyderabad, Telangana - 814741",2025-05-27
ORD01226,U0400,2026-08-02,26790.07,Debit Card,Paid,Delivered,"160, Ring Road, Patna, Bihar - 675097",2026-08-05
ORD01227,U0475,2025-04-02,7874.55,Credit Card,Paid,Delivered,"922, Gandhi Nagar, Coimbatore, Tamil Nadu - 239201",2025-04-04
ORD01228,U0054,2026-03-15,760.95,UPI,Paid,Delivered,"739, Model Town, Pune, Maharashtra - 622883",2026-03-22
ORD01229,U0311,2026-08-06,4995.0,Debit Card,Paid,Delivered,"406, Station Road, Dehradun, Uttarakhand - 193709",2026-08-07
ORD01230,U0104,2025-11-03,39617.75,UPI,Paid,Delivered,"207, Park Street, Surat, Gujarat - 470906",2025-11-09
ORD01231,U0382,2026-06-03,8280.51,UPI,Paid,Delivered,"187, Ring Road, Kochi, Kerala - 814112",2026-06-13
ORD01232,U0012,2025-07-29,37130.0,Credit Card,Paid,Delivered,"550, Green Park, Mysuru, Karnataka - 188898",2025-08-05
ORD01233,U0213,2025-02-05,45257.3,UPI,Paid,Processing,"246, Jubilee Hills, Chandigarh, Chandigarh - 685336",
ORD01234,U0484,2026-08-05,142576.6,UPI,Paid,Delivered,"591, Park Street, Ghaziabad, Uttar Pradesh - 671808",2026-08-07
ORD01235,U0272,2026-05-31,13720.0,Net Banking,Paid,Delivered,"636, Sector 15, Meerut, Uttar Pradesh - 394505",2026-06-06
ORD01236,U0383,2026-05-28,102638.96,UPI,Paid,Delivered,"740, Salt Lake, Ahmedabad, Gujarat - 117478",2026-05-31
ORD01237,U0329,2025-12-07,47692.8,UPI,Paid,Processing,"701, Model Town, Bengaluru, Karnataka - 540648",
ORD01238,U0107,2025-05-12,1669.34,UPI,Paid,Delivered,"53, Ring Road, Pune, Maharashtra - 145669",2025-05-20
ORD01239,U0329,2026-02-14,3497.25,Credit Card,Paid,Delivered,"725, Indiranagar, Bengaluru, Karnataka - 874540",2026-02-22
ORD01240,U0158,2026-05-24,2695.98,Credit Card,Paid,Shipped,"555, Green Park, Coimbatore, Tamil Nadu - 664412",2026-05-26
ORD01241,U0298,2026-08-04,9387.45,COD,Paid,Delivered,"414, Church Street, Vadodara, Gujarat - 797158",2026-08-07
ORD01242,U0408,2026-06-11,19747.8,Debit Card,Paid,Shipped,"877, Lake View, Nagpur, Maharashtra - 573557",2026-06-15
ORD01243,U0256,2026-05-21,13920.0,UPI,Paid,Delivered,"950, Civil Lines, Bhubaneswar, Odisha - 957381",2026-05-29
ORD01244,U0134,2026-01-13,118305.74,UPI,Paid,Delivered,"11, Banjara Hills, Meerut, Uttar Pradesh - 414774",2026-01-23
ORD01245,U0147,2026-07-02,47127.98,COD,Pending,Shipped,"781, Green Park, Nagpur, Maharashtra - 121820",2026-07-03
ORD01246,U0062,2026-06-15,2567.85,Debit Card,Paid,Delivered,"435, Station Road, Mysuru, Karnataka - 672089",2026-06-20
ORD01247,U0058,2025-10-27,140667.97,UPI,Paid,Delivered,"707, Gandhi Nagar, Chandigarh, Chandigarh - 584186",2025-11-04
ORD01248,U0213,2026-06-13,7304.45,COD,Paid,Delivered,"409, Anna Nagar, Chandigarh, Chandigarh - 242068",2026-06-20
ORD01249,U0324,2026-02-13,43452.5,Credit Card,Paid,Delivered,"825, Civil Lines, Vadodara, Gujarat - 712288",2026-02-21
ORD01250,U0350,2026-01-18,35843.6,UPI,Paid,Shipped,"442, Green Park, Chandigarh, Chandigarh - 375303",2026-01-19
ORD01251,U0383,2026-02-04,16152.4,Debit Card,Paid,Delivered,"387, Green Park, Ahmedabad, Gujarat - 181896",2026-02-09
ORD01252,U0490,2025-10-03,20503.2,UPI,Paid,Delivered,"348, Lake View, Pune, Maharashtra - 398437",2025-10-06
ORD01253,U0017,2026-01-10,585.67,Credit Card,Paid,Processing,"891, Gandhi Nagar, Ludhiana, Punjab - 642345",
ORD01254,U0190,2025-01-05,74679.5,UPI,Paid,Delivered,"524, Anna Nagar, Kolkata, West Bengal - 327430",2025-01-15
ORD01255,U0270,2026-05-25,13524.36,Credit Card,Paid,Shipped,"953, Model Town, Ahmedabad, Gujarat - 924359",2026-05-28
ORD01256,U0183,2026-08-06,15279.84,COD,Failed,Cancelled,"920, Indiranagar, Kolkata, West Bengal - 518134",
ORD01257,U0364,2025-11-12,271182.15,UPI,Paid,Delivered,"824, Vasant Kunj, Kanpur, Uttar Pradesh - 883889",2025-11-16
ORD01258,U0436,2025-04-09,39427.5,UPI,Paid,Processing,"123, Station Road, Kanpur, Uttar Pradesh - 980649",
ORD01259,U0138,2025-12-20,3274.36,Debit Card,Paid,Shipped,"198, Nehru Colony, Bhubaneswar, Odisha - 495987",2025-12-23
ORD01260,U0356,2026-05-26,13541.0,UPI,Paid,Delivered,"424, Lake View, Visakhapatnam, Andhra Pradesh - 919606",2026-06-04
ORD01261,U0098,2026-07-07,10413.45,Debit Card,Paid,Processing,"678, Station Road, Bhopal, Madhya Pradesh - 946199",
ORD01262,U0063,2026-03-15,1568.0,UPI,Paid,Delivered,"172, Indiranagar, Bhopal, Madhya Pradesh - 240544",2026-03-23
ORD01263,U0066,2026-05-09,135145.0,UPI,Paid,Shipped,"826, Indiranagar, Kanpur, Uttar Pradesh - 129902",2026-05-10
ORD01264,U0234,2026-07-29,34076.31,COD,Paid,Delivered,"289, Station Road, Vadodara, Gujarat - 274599",2026-08-03
ORD01265,U0070,2025-07-25,50760.0,Net Banking,Paid,Delivered,"647, Civil Lines, Faridabad, Haryana - 573733",2025-07-31
ORD01266,U0319,2026-08-06,2776.4,Credit Card,Paid,Delivered,"482, Sector 15, Kanpur, Uttar Pradesh - 370375",2026-08-07
ORD01267,U0078,2026-04-27,22728.8,COD,Paid,Delivered,"748, Rajaji Nagar, Rajkot, Gujarat - 700101",2026-05-03
ORD01268,U0160,2026-04-03,90959.25,Credit Card,Paid,Delivered,"660, MG Road, Faridabad, Haryana - 911875",2026-04-08
ORD01269,U0493,2025-04-16,11316.82,Debit Card,Paid,Processing,"699, Banjara Hills, Agra, Uttar Pradesh - 539214",
ORD01270,U0431,2026-03-29,195694.77,COD,Paid,Delivered,"873, Model Town, Jaipur, Rajasthan - 714525",2026-04-04
ORD01271,U0462,2025-06-03,28062.7,Credit Card,Paid,Processing,"291, MG Road, Kanpur, Uttar Pradesh - 555810",
ORD01272,U0169,2025-11-26,17211.52,Debit Card,Paid,Delivered,"202, Gandhi Nagar, Jaipur, Rajasthan - 376597",2025-11-29
ORD01273,U0248,2026-01-23,98196.0,UPI,Paid,Delivered,"863, Park Street, Amritsar, Punjab - 744802",2026-01-28
ORD01274,U0491,2026-04-23,13447.75,Debit Card,Refunded,Cancelled,"834, Civil Lines, Vadodara, Gujarat - 124137",
ORD01275,U0444,2026-04-03,36719.3,COD,Paid,Delivered,"289, Sector 15, Delhi, Delhi - 251411",2026-04-10
ORD01276,U0142,2026-02-13,1327.95,Debit Card,Paid,Delivered,"463, Gandhi Nagar, Kolkata, West Bengal - 328900",2026-02-21
ORD01277,U0083,2026-08-04,49140.8,Credit Card,Paid,Delivered,"233, Koramangala, Hyderabad, Telangana - 432849",2026-08-07
ORD01278,U0260,2026-08-04,34341.48,UPI,Paid,Delivered,"548, Model Town, Mumbai, Maharashtra - 509411",2026-08-07
ORD01279,U0472,2025-04-30,1073.15,Debit Card,Paid,Delivered,"24, Park Street, Chandigarh, Chandigarh - 524378",2025-05-10
ORD01280,U0023,2026-07-22,3970.8,Debit Card,Paid,Delivered,"819, Station Road, Rajkot, Gujarat - 466029",2026-07-28
ORD01281,U0063,2026-07-14,394.2,Credit Card,Paid,Delivered,"985, Koramangala, Bhopal, Madhya Pradesh - 457753",2026-07-19
ORD01282,U0271,2026-05-20,856.74,COD,Paid,Delivered,"144, Anna Nagar, Jaipur, Rajasthan - 879828",2026-05-28
ORD01283,U0144,2026-02-24,13482.87,COD,Paid,Delivered,"353, Gandhi Nagar, Ludhiana, Punjab - 351633",2026-03-04
ORD01284,U0350,2026-01-30,49750.0,Net Banking,Paid,Delivered,"391, Lake View, Chandigarh, Chandigarh - 127746",2026-02-09
ORD01285,U0348,2026-05-12,992.25,UPI,Paid,Delivered,"823, Salt Lake, Jaipur, Rajasthan - 492659",2026-05-21
ORD01286,U0333,2026-04-08,10053.6,UPI,Paid,Delivered,"907, Salt Lake, Nashik, Maharashtra - 983630",2026-04-10
ORD01287,U0471,2026-07-22,15873.5,Credit Card,Failed,Cancelled,"192, Banjara Hills, Nagpur, Maharashtra - 157051",
ORD01288,U0385,2025-05-25,63120.0,Credit Card,Paid,Delivered,"900, Lake View, Mumbai, Maharashtra - 508399",2025-06-04
ORD01289,U0054,2026-04-03,120832.54,COD,Failed,Cancelled,"335, Vasant Kunj, Pune, Maharashtra - 152201",
ORD01290,U0093,2026-06-30,96831.0,Debit Card,Paid,Shipped,"959, Station Road, Meerut, Uttar Pradesh - 844931",2026-07-04
ORD01291,U0206,2025-03-21,5865.3,COD,Failed,Cancelled,"400, Banjara Hills, Nagpur, Maharashtra - 140698",
ORD01292,U0214,2025-03-19,3343.35,Credit Card,Paid,Delivered,"656, Civil Lines, Chandigarh, Chandigarh - 216231",2025-03-21
ORD01293,U0409,2025-12-06,16694.0,Debit Card,Paid,Delivered,"738, Ring Road, Bhubaneswar, Odisha - 366647",2025-12-10
ORD01294,U0044,2026-05-03,16758.0,Net Banking,Paid,Delivered,"482, Vasant Kunj, Ghaziabad, Uttar Pradesh - 577783",2026-05-08
ORD01295,U0390,2025-01-27,9215.0,Debit Card,Paid,Delivered,"950, Koramangala, Nashik, Maharashtra - 604957",2025-01-30
ORD01296,U0195,2026-03-30,969.6,Credit Card,Paid,Delivered,"484, Indiranagar, Chennai, Tamil Nadu - 403359",2026-04-05
ORD01297,U0160,2026-02-19,2135.0,Net Banking,Paid,Shipped,"923, Koramangala, Faridabad, Haryana - 735419",2026-02-22
ORD01298,U0417,2025-07-02,9234.0,UPI,Paid,Delivered,"141, Banjara Hills, Rajkot, Gujarat - 177129",2025-07-10
ORD01299,U0282,2026-02-15,3288.0,Net Banking,Paid,Delivered,"452, Anna Nagar, Kochi, Kerala - 720975",2026-02-23
ORD01300,U0330,2025-02-13,199.92,Credit Card,Paid,Delivered,"701, Lake View, Guwahati, Assam - 916696",2025-02-23
ORD01301,U0053,2026-07-23,132.0,UPI,Paid,Delivered,"66, Indiranagar, Nagpur, Maharashtra - 442353",2026-07-30
ORD01302,U0354,2025-08-06,44484.6,UPI,Paid,Delivered,"102, Rajaji Nagar, Chandigarh, Chandigarh - 995795",2025-08-16
ORD01303,U0442,2026-06-28,59624.32,UPI,Paid,Delivered,"644, Lake View, Nagpur, Maharashtra - 104918",2026-07-05
ORD01304,U0292,2026-06-27,4972.72,COD,Failed,Cancelled,"316, Ring Road, Faridabad, Haryana - 773476",
ORD01305,U0206,2026-07-26,518.57,Credit Card,Paid,Shipped,"59, Vasant Kunj, Nagpur, Maharashtra - 839101",2026-07-28
ORD01306,U0409,2026-03-20,24706.28,COD,Pending,Processing,"447, Lake View, Bhubaneswar, Odisha - 218091",
ORD01307,U0444,2026-03-25,41102.7,UPI,Paid,Delivered,"719, Church Street, Delhi, Delhi - 867144",2026-04-01
ORD01308,U0283,2026-03-06,16645.17,Credit Card,Paid,Delivered,"152, Civil Lines, Meerut, Uttar Pradesh - 767153",2026-03-14
ORD01309,U0444,2026-04-14,66774.75,COD,Pending,Processing,"268, Salt Lake, Delhi, Delhi - 875054",
ORD01310,U0074,2026-06-06,5805.51,Debit Card,Paid,Delivered,"266, MG Road, Lucknow, Uttar Pradesh - 690056",2026-06-12
ORD01311,U0094,2026-06-11,96028.0,Credit Card,Paid,Shipped,"103, Rajaji Nagar, Mysuru, Karnataka - 583171",2026-06-14
ORD01312,U0385,2025-12-17,1856.4,Credit Card,Paid,Delivered,"70, Green Park, Mumbai, Maharashtra - 926707",2025-12-27
ORD01313,U0341,2025-03-14,21326.73,Debit Card,Paid,Delivered,"689, Salt Lake, Rajkot, Gujarat - 904337",2025-03-18
ORD01314,U0078,2026-05-12,119404.55,Net Banking,Paid,Shipped,"827, Vasant Kunj, Rajkot, Gujarat - 949084",2026-05-16
ORD01315,U0279,2025-11-15,2850.0,UPI,Paid,Delivered,"743, Koramangala, Delhi, Delhi - 810319",2025-11-20
ORD01316,U0375,2026-01-08,114909.95,COD,Paid,Delivered,"318, Station Road, Bengaluru, Karnataka - 512332",2026-01-17
ORD01317,U0487,2025-09-17,3132.0,COD,Paid,Delivered,"856, Park Street, Mysuru, Karnataka - 419875",2025-09-26
ORD01318,U0191,2026-03-14,31560.0,Debit Card,Paid,Delivered,"200, Ring Road, Surat, Gujarat - 974509",2026-03-18
ORD01319,U0100,2025-12-19,14239.48,UPI,Paid,Delivered,"418, Banjara Hills, Chennai, Tamil Nadu - 188131",2025-12-29
ORD01320,U0052,2026-04-23,111190.9,UPI,Paid,Delivered,"758, Jubilee Hills, Varanasi, Uttar Pradesh - 759978",2026-04-26
ORD01321,U0099,2025-06-04,10568.7,Credit Card,Paid,Delivered,"980, Anna Nagar, Patna, Bihar - 420971",2025-06-09
ORD01322,U0429,2026-01-19,28044.95,UPI,Paid,Processing,"491, Rajaji Nagar, Lucknow, Uttar Pradesh - 836711",
ORD01323,U0321,2026-01-04,20146.15,Debit Card,Paid,Delivered,"579, Vasant Kunj, Indore, Madhya Pradesh - 701317",2026-01-14
ORD01324,U0386,2026-04-06,10724.07,UPI,Paid,Delivered,"316, Vasant Kunj, Ghaziabad, Uttar Pradesh - 206612",2026-04-08
ORD01325,U0341,2026-05-04,22459.87,UPI,Paid,Delivered,"477, Station Road, Rajkot, Gujarat - 290652",2026-05-13
ORD01326,U0472,2025-11-29,1270.0,Credit Card,Paid,Processing,"125, Nehru Colony, Chandigarh, Chandigarh - 242051",
ORD01327,U0472,2025-02-08,77694.35,Credit Card,Paid,Delivered,"489, Jubilee Hills, Chandigarh, Chandigarh - 424271",2025-02-11
ORD01328,U0247,2025-12-13,64746.0,UPI,Paid,Delivered,"409, Sector 15, Chennai, Tamil Nadu - 408880",2025-12-17
ORD01329,U0203,2026-02-08,1246.95,COD,Pending,Processing,"719, Sector 15, Nashik, Maharashtra - 855094",
ORD01330,U0106,2025-06-30,85514.1,Debit Card,Paid,Delivered,"845, Anna Nagar, Surat, Gujarat - 179865",2025-07-07
ORD01331,U0370,2026-04-20,119768.22,UPI,Paid,Delivered,"589, Jubilee Hills, Chandigarh, Chandigarh - 286298",2026-04-27
ORD01332,U0028,2025-09-08,6565.5,Debit Card,Paid,Delivered,"808, Anna Nagar, Mumbai, Maharashtra - 570511",2025-09-12
ORD01333,U0424,2026-08-04,34489.0,UPI,Refunded,Cancelled,"93, Civil Lines, Meerut, Uttar Pradesh - 908309",
ORD01334,U0367,2025-11-17,320.62,Debit Card,Failed,Cancelled,"381, Park Street, Chandigarh, Chandigarh - 504077",
ORD01335,U0437,2026-07-04,28748.25,Debit Card,Paid,Delivered,"170, Nehru Colony, Visakhapatnam, Andhra Pradesh - 908228",2026-07-10
ORD01336,U0235,2026-07-23,47311.5,UPI,Paid,Processing,"440, Church Street, Vadodara, Gujarat - 194626",
ORD01337,U0141,2025-06-04,32641.45,UPI,Paid,Delivered,"290, Indiranagar, Bengaluru, Karnataka - 856700",2025-06-11
ORD01338,U0063,2026-07-02,6729.66,Credit Card,Failed,Cancelled,"757, Ring Road, Bhopal, Madhya Pradesh - 844530",
ORD01339,U0246,2026-07-30,69766.2,UPI,Paid,Shipped,"35, Park Street, Chandigarh, Chandigarh - 417173",2026-08-01
ORD01340,U0484,2026-05-05,13245.3,Credit Card,Paid,Shipped,"856, Sector 15, Ghaziabad, Uttar Pradesh - 915068",2026-05-09
ORD01341,U0399,2026-05-23,19947.98,Credit Card,Paid,Delivered,"568, Rajaji Nagar, Rajkot, Gujarat - 884772",2026-05-27
ORD01342,U0279,2025-11-25,4749.91,UPI,Paid,Delivered,"587, Rajaji Nagar, Delhi, Delhi - 597634",2025-12-02
ORD01343,U0287,2026-07-24,20856.0,Net Banking,Paid,Delivered,"749, Station Road, Bhubaneswar, Odisha - 321839",2026-07-26
ORD01344,U0310,2026-06-23,10684.1,Net Banking,Paid,Delivered,"716, Green Park, Rajkot, Gujarat - 450924",2026-06-27
ORD01345,U0030,2025-09-07,118075.5,Credit Card,Paid,Delivered,"953, Park Street, Agra, Uttar Pradesh - 225240",2025-09-15
ORD01346,U0369,2025-05-24,7878.74,UPI,Paid,Delivered,"779, Salt Lake, Chandigarh, Chandigarh - 478875",2025-05-27
ORD01347,U0469,2025-10-03,758.52,Net Banking,Paid,Shipped,"717, Anna Nagar, Nashik, Maharashtra - 358346",2025-10-07
ORD01348,U0319,2026-08-06,154032.86,UPI,Paid,Delivered,"545, Salt Lake, Kanpur, Uttar Pradesh - 413475",2026-08-07
ORD01349,U0147,2026-04-23,130751.5,COD,Failed,Cancelled,"112, Model Town, Nagpur, Maharashtra - 899295",
ORD01350,U0384,2026-05-08,4522.0,Net Banking,Paid,Delivered,"217, Jubilee Hills, Dehradun, Uttarakhand - 648338",2026-05-16
ORD01351,U0133,2026-06-24,1123.2,Debit Card,Paid,Delivered,"340, Sector 15, Indore, Madhya Pradesh - 813320",2026-06-28
ORD01352,U0491,2025-10-09,1393.95,Debit Card,Paid,Delivered,"432, Indiranagar, Vadodara, Gujarat - 356113",2025-10-13
ORD01353,U0384,2026-05-23,355329.61,COD,Pending,Processing,"345, Koramangala, Dehradun, Uttarakhand - 280817",
ORD01354,U0261,2026-03-13,20175.61,UPI,Paid,Delivered,"355, MG Road, Amritsar, Punjab - 901345",2026-03-23
ORD01355,U0003,2025-10-12,159622.95,Debit Card,Paid,Delivered,"673, Church Street, Visakhapatnam, Andhra Pradesh - 595604",2025-10-16
ORD01356,U0233,2026-03-21,74451.55,Credit Card,Paid,Delivered,"974, Lake View, Nashik, Maharashtra - 346616",2026-03-24
ORD01357,U0043,2026-07-19,75694.7,Debit Card,Paid,Delivered,"841, Station Road, Chennai, Tamil Nadu - 178182",2026-07-22
ORD01358,U0098,2026-07-12,30354.9,UPI,Paid,Delivered,"826, Sector 15, Bhopal, Madhya Pradesh - 222346",2026-07-16
ORD01359,U0060,2025-09-07,227988.05,UPI,Paid,Processing,"931, Park Street, Kolkata, West Bengal - 514403",
ORD01360,U0283,2025-04-26,60810.0,Credit Card,Failed,Cancelled,"149, Anna Nagar, Meerut, Uttar Pradesh - 218991",
ORD01361,U0250,2026-03-17,703.76,Credit Card,Refunded,Cancelled,"565, Park Street, Faridabad, Haryana - 894603",
ORD01362,U0374,2026-07-20,39301.12,Debit Card,Refunded,Cancelled,"391, MG Road, Bhubaneswar, Odisha - 957241",
ORD01363,U0464,2024-12-07,31931.46,UPI,Paid,Delivered,"763, Church Street, Varanasi, Uttar Pradesh - 825557",2024-12-15
ORD01364,U0185,2026-07-08,18261.0,COD,Pending,Shipped,"277, Indiranagar, Jaipur, Rajasthan - 250179",2026-07-12
ORD01365,U0003,2025-02-25,19792.08,UPI,Paid,Delivered,"530, Gandhi Nagar, Visakhapatnam, Andhra Pradesh - 807050",2025-03-04
ORD01366,U0155,2026-06-08,9270.0,UPI,Paid,Processing,"285, Church Street, Indore, Madhya Pradesh - 865562",
ORD01367,U0041,2026-03-23,36100.92,Debit Card,Paid,Delivered,"286, Indiranagar, Mysuru, Karnataka - 102566",2026-04-01
ORD01368,U0040,2025-11-12,11673.0,COD,Pending,Processing,"797, Lake View, Bhubaneswar, Odisha - 523288",
ORD01369,U0232,2026-03-31,46093.82,UPI,Paid,Delivered,"471, Ring Road, Guwahati, Assam - 747393",2026-04-04
ORD01370,U0364,2026-03-25,2180.0,Net Banking,Failed,Cancelled,"407, Sector 15, Kanpur, Uttar Pradesh - 925631",
ORD01371,U0313,2026-08-06,16865.36,Credit Card,Paid,Delivered,"435, Koramangala, Thane, Maharashtra - 163523",2026-08-07
ORD01372,U0070,2025-07-04,876.35,UPI,Paid,Delivered,"344, Ring Road, Faridabad, Haryana - 975910",2025-07-12
ORD01373,U0485,2026-07-21,40427.92,COD,Paid,Delivered,"509, Park Street, Ludhiana, Punjab - 715517",2026-07-25
ORD01374,U0408,2026-05-22,26949.3,UPI,Paid,Delivered,"966, Salt Lake, Nagpur, Maharashtra - 694710",2026-05-25
ORD01375,U0403,2025-12-03,62611.27,UPI,Paid,Delivered,"690, MG Road, Coimbatore, Tamil Nadu - 626249",2025-12-05
ORD01376,U0040,2025-11-17,66851.0,Credit Card,Paid,Delivered,"191, MG Road, Bhubaneswar, Odisha - 562185",2025-11-19
ORD01377,U0270,2025-07-26,160549.73,UPI,Paid,Processing,"885, Model Town, Ahmedabad, Gujarat - 608461",
ORD01378,U0018,2025-10-05,19654.72,COD,Paid,Delivered,"780, Banjara Hills, Jaipur, Rajasthan - 395075",2025-10-12
ORD01379,U0145,2025-09-05,6660.9,COD,Paid,Delivered,"964, Civil Lines, Kolkata, West Bengal - 566314",2025-09-07
ORD01380,U0407,2025-12-19,4877.7,UPI,Paid,Delivered,"18, Rajaji Nagar, Delhi, Delhi - 561122",2025-12-27
ORD01381,U0118,2026-03-26,79590.0,Debit Card,Paid,Delivered,"703, Lake View, Mumbai, Maharashtra - 433951",2026-04-05
ORD01382,U0489,2026-02-03,84372.0,Credit Card,Paid,Delivered,"941, Jubilee Hills, Faridabad, Haryana - 885522",2026-02-11
ORD01383,U0127,2025-03-17,4069.49,Credit Card,Paid,Delivered,"132, Station Road, Ahmedabad, Gujarat - 790713",2025-03-19
ORD01384,U0250,2026-05-12,96940.0,UPI,Paid,Shipped,"417, Koramangala, Faridabad, Haryana - 461742",2026-05-15
ORD01385,U0050,2025-11-29,21220.61,COD,Paid,Delivered,"866, MG Road, Indore, Madhya Pradesh - 389073",2025-12-01
ORD01386,U0284,2026-06-01,13005.0,Credit Card,Paid,Delivered,"577, Ring Road, Ahmedabad, Gujarat - 397695",2026-06-08
ORD01387,U0290,2026-07-28,4486.44,Credit Card,Paid,Delivered,"811, Jubilee Hills, Delhi, Delhi - 306987",2026-07-30
ORD01388,U0325,2024-09-13,175605.0,Debit Card,Paid,Shipped,"489, MG Road, Nagpur, Maharashtra - 803020",2024-09-17
ORD01389,U0080,2026-03-25,46685.44,UPI,Paid,Delivered,"500, Ring Road, Surat, Gujarat - 476314",2026-04-03
ORD01390,U0178,2025-09-12,2928.94,UPI,Paid,Delivered,"348, Church Street, Chandigarh, Chandigarh - 651124",2025-09-15
ORD01391,U0074,2026-07-28,3319.4,Credit Card,Paid,Delivered,"455, Nehru Colony, Lucknow, Uttar Pradesh - 457461",2026-08-07
ORD01392,U0106,2025-09-06,31880.01,Credit Card,Paid,Shipped,"297, Ring Road, Surat, Gujarat - 145839",2025-09-07
ORD01393,U0195,2025-09-21,74144.2,UPI,Paid,Delivered,"101, Model Town, Chennai, Tamil Nadu - 687934",2025-10-01
ORD01394,U0241,2026-07-08,90614.34,UPI,Paid,Processing,"626, Gandhi Nagar, Indore, Madhya Pradesh - 456615",
ORD01395,U0494,2025-10-10,27598.38,UPI,Paid,Delivered,"80, Green Park, Rajkot, Gujarat - 162427",2025-10-15
ORD01396,U0455,2026-07-29,2733.3,UPI,Paid,Shipped,"692, Sector 15, Coimbatore, Tamil Nadu - 222873",2026-08-02
ORD01397,U0267,2026-07-03,164650.85,Net Banking,Paid,Shipped,"192, Indiranagar, Guwahati, Assam - 116575",2026-07-06
ORD01398,U0154,2026-07-26,1389.0,COD,Refunded,Cancelled,"733, Banjara Hills, Lucknow, Uttar Pradesh - 287714",
ORD01399,U0087,2026-07-04,123009.15,UPI,Paid,Delivered,"647, Lake View, Faridabad, Haryana - 571212",2026-07-09
ORD01400,U0260,2026-08-03,10113.0,Credit Card,Paid,Delivered,"678, Gandhi Nagar, Mumbai, Maharashtra - 882861",2026-08-07
ORD01401,U0188,2026-04-14,6598.2,COD,Paid,Delivered,"246, Sector 15, Thane, Maharashtra - 468116",2026-04-20
ORD01402,U0083,2026-05-26,162485.96,UPI,Paid,Processing,"460, Lake View, Hyderabad, Telangana - 219603",
ORD01403,U0385,2025-06-13,14314.86,Net Banking,Paid,Delivered,"762, Gandhi Nagar, Mumbai, Maharashtra - 671531",2025-06-19
ORD01404,U0220,2026-07-01,87456.0,Credit Card,Paid,Delivered,"40, Nehru Colony, Pune, Maharashtra - 469965",2026-07-09
ORD01405,U0459,2025-12-24,2783.02,UPI,Paid,Shipped,"238, Park Street, Rajkot, Gujarat - 284918",2025-12-28
ORD01406,U0087,2026-07-17,30662.81,Credit Card,Paid,Delivered,"721, Model Town, Faridabad, Haryana - 816888",2026-07-23
ORD01407,U0233,2026-06-19,10960.0,Credit Card,Paid,Shipped,"600, Jubilee Hills, Nashik, Maharashtra - 113623",2026-06-21
ORD01408,U0268,2026-06-25,2634.35,Credit Card,Paid,Delivered,"395, Ring Road, Meerut, Uttar Pradesh - 180054",2026-07-03
ORD01409,U0181,2025-10-29,45246.11,Net Banking,Paid,Delivered,"544, Rajaji Nagar, Bhopal, Madhya Pradesh - 847463",2025-11-03
ORD01410,U0462,2026-01-17,1134.75,UPI,Paid,Delivered,"403, Park Street, Kanpur, Uttar Pradesh - 697983",2026-01-25
ORD01411,U0201,2025-04-02,1164.6,UPI,Paid,Delivered,"808, Sector 15, Kanpur, Uttar Pradesh - 558449",2025-04-09
ORD01412,U0095,2026-05-24,520.38,UPI,Paid,Delivered,"428, Jubilee Hills, Nagpur, Maharashtra - 717066",2026-05-31
ORD01413,U0449,2026-08-02,28444.98,COD,Paid,Delivered,"653, Salt Lake, Bengaluru, Karnataka - 212757",2026-08-07
ORD01414,U0310,2026-07-02,46153.65,Net Banking,Paid,Delivered,"400, Indiranagar, Rajkot, Gujarat - 129240",2026-07-04
ORD01415,U0060,2026-04-01,2193.0,UPI,Paid,Delivered,"706, Lake View, Kolkata, West Bengal - 641033",2026-04-03
ORD01416,U0388,2026-03-01,18129.8,Credit Card,Paid,Processing,"410, Vasant Kunj, Varanasi, Uttar Pradesh - 964230",
ORD01417,U0130,2026-07-23,34144.5,UPI,Paid,Delivered,"847, Koramangala, Thane, Maharashtra - 296617",2026-07-28
ORD01418,U0297,2026-07-07,22800.0,Net Banking,Paid,Delivered,"126, Nehru Colony, Faridabad, Haryana - 826569",2026-07-17
ORD01419,U0049,2025-08-31,757.5,Debit Card,Paid,Delivered,"288, Lake View, Ludhiana, Punjab - 127646",2025-09-05
ORD01420,U0348,2026-07-01,19889.4,COD,Paid,Delivered,"435, Green Park, Jaipur, Rajasthan - 805180",2026-07-07
ORD01421,U0434,2026-07-07,4943.4,UPI,Paid,Delivered,"677, Gandhi Nagar, Surat, Gujarat - 537472",2026-07-14
ORD01422,U0256,2025-12-04,79825.92,UPI,Paid,Delivered,"887, Nehru Colony, Bhubaneswar, Odisha - 715947",2025-12-07
ORD01423,U0103,2025-08-16,1787.52,Credit Card,Paid,Delivered,"329, Anna Nagar, Lucknow, Uttar Pradesh - 152840",2025-08-20
ORD01424,U0189,2026-07-03,2052.81,Debit Card,Paid,Delivered,"34, Banjara Hills, Nashik, Maharashtra - 571751",2026-07-12
ORD01425,U0216,2025-11-22,163305.0,UPI,Paid,Delivered,"492, Model Town, Bhopal, Madhya Pradesh - 888650",2025-11-30
ORD01426,U0048,2026-06-05,275.88,Net Banking,Paid,Delivered,"207, Park Street, Amritsar, Punjab - 636130",2026-06-15
ORD01427,U0455,2026-07-28,2513.7,UPI,Paid,Delivered,"966, Green Park, Coimbatore, Tamil Nadu - 606079",2026-08-05
ORD01428,U0224,2026-06-06,111856.0,UPI,Paid,Delivered,"32, Model Town, Kanpur, Uttar Pradesh - 944538",2026-06-12
ORD01429,U0462,2026-04-02,19127.35,UPI,Paid,Delivered,"730, Rajaji Nagar, Kanpur, Uttar Pradesh - 606543",2026-04-10
ORD01430,U0242,2026-03-05,51066.95,UPI,Paid,Shipped,"99, Rajaji Nagar, Visakhapatnam, Andhra Pradesh - 623630",2026-03-08
ORD01431,U0078,2026-03-28,296001.9,UPI,Paid,Delivered,"562, Jubilee Hills, Rajkot, Gujarat - 505922",2026-03-31
ORD01432,U0052,2025-09-09,4703.12,Debit Card,Paid,Delivered,"900, Vasant Kunj, Varanasi, Uttar Pradesh - 576352",2025-09-17
ORD01433,U0152,2025-12-15,34099.46,UPI,Paid,Shipped,"294, Koramangala, Rajkot, Gujarat - 603065",2025-12-16
ORD01434,U0066,2024-12-22,1007.9,Debit Card,Paid,Delivered,"543, Banjara Hills, Kanpur, Uttar Pradesh - 163392",2024-12-31
ORD01435,U0027,2025-11-24,92199.0,Credit Card,Paid,Processing,"46, Gandhi Nagar, Ghaziabad, Uttar Pradesh - 757164",
ORD01436,U0097,2026-03-31,164831.4,UPI,Failed,Cancelled,"298, Anna Nagar, Nashik, Maharashtra - 813650",
ORD01437,U0352,2025-12-22,75705.3,Net Banking,Paid,Delivered,"784, Green Park, Kanpur, Uttar Pradesh - 112020",2025-12-26
ORD01438,U0147,2026-01-16,32159.92,Net Banking,Paid,Shipped,"368, Station Road, Nagpur, Maharashtra - 884021",2026-01-18
ORD01439,U0051,2026-06-16,80115.0,COD,Pending,Processing,"610, MG Road, Ahmedabad, Gujarat - 608955",
ORD01440,U0163,2026-05-20,2267.22,UPI,Paid,Processing,"413, Lake View, Patna, Bihar - 550892",
ORD01441,U0115,2026-08-05,4703.12,Net Banking,Refunded,Cancelled,"602, Lake View, Dehradun, Uttarakhand - 357573",
ORD01442,U0480,2026-06-11,7334.2,UPI,Paid,Delivered,"72, Sector 15, Nagpur, Maharashtra - 552967",2026-06-16
ORD01443,U0140,2025-09-08,15237.03,Debit Card,Paid,Shipped,"919, Rajaji Nagar, Lucknow, Uttar Pradesh - 830294",2025-09-10
ORD01444,U0428,2025-12-25,93350.59,UPI,Paid,Delivered,"1, Rajaji Nagar, Chandigarh, Chandigarh - 237515",2026-01-03
ORD01445,U0267,2026-07-15,26740.15,Credit Card,Paid,Delivered,"589, Lake View, Guwahati, Assam - 124886",2026-07-18
ORD01446,U0218,2026-07-15,39923.7,Credit Card,Paid,Shipped,"987, Ring Road, Bengaluru, Karnataka - 381706",2026-07-17
ORD01447,U0357,2025-03-30,30681.0,UPI,Paid,Shipped,"217, Green Park, Rajkot, Gujarat - 683357",2025-04-01
ORD01448,U0320,2026-04-12,86637.0,Debit Card,Paid,Delivered,"829, Salt Lake, Dehradun, Uttarakhand - 827194",2026-04-21
ORD01449,U0195,2025-08-18,138774.19,UPI,Paid,Delivered,"602, Park Street, Chennai, Tamil Nadu - 343217",2025-08-28
ORD01450,U0384,2026-04-10,9782.5,Debit Card,Paid,Delivered,"922, Ring Road, Dehradun, Uttarakhand - 606459",2026-04-20
ORD01451,U0252,2026-03-02,1680.0,UPI,Paid,Delivered,"122, MG Road, Meerut, Uttar Pradesh - 599372",2026-03-11
ORD01452,U0199,2025-12-05,2001.24,UPI,Paid,Delivered,"70, Sector 15, Visakhapatnam, Andhra Pradesh - 518220",2025-12-09
ORD01453,U0479,2025-05-22,44292.0,Debit Card,Paid,Processing,"67, Ring Road, Surat, Gujarat - 564034",
ORD01454,U0406,2026-07-16,7368.38,UPI,Paid,Delivered,"112, Station Road, Kolkata, West Bengal - 895512",2026-07-25
ORD01455,U0099,2025-09-27,98775.0,Debit Card,Paid,Delivered,"823, Church Street, Patna, Bihar - 634639",2025-10-03
ORD01456,U0466,2026-08-02,13186.2,UPI,Refunded,Cancelled,"574, Rajaji Nagar, Visakhapatnam, Andhra Pradesh - 541693",
ORD01457,U0169,2026-06-02,72380.02,Net Banking,Paid,Delivered,"459, Model Town, Jaipur, Rajasthan - 281255",2026-06-09
ORD01458,U0178,2025-05-14,32013.95,COD,Pending,Shipped,"910, Gandhi Nagar, Chandigarh, Chandigarh - 150156",2025-05-15
ORD01459,U0196,2026-07-30,5502.0,Debit Card,Paid,Delivered,"450, Koramangala, Amritsar, Punjab - 803126",2026-08-07
ORD01460,U0164,2025-08-09,47800.28,UPI,Paid,Delivered,"989, Sector 15, Nashik, Maharashtra - 396736",2025-08-17
ORD01461,U0169,2026-04-01,182985.0,UPI,Paid,Delivered,"474, Nehru Colony, Jaipur, Rajasthan - 699638",2026-04-10
ORD01462,U0083,2026-06-29,19226.8,COD,Paid,Delivered,"408, Green Park, Hyderabad, Telangana - 761728",2026-07-02
ORD01463,U0040,2025-10-29,936.6,Debit Card,Paid,Delivered,"10, Anna Nagar, Bhubaneswar, Odisha - 978387",2025-10-31
ORD01464,U0415,2025-07-01,47491.98,COD,Paid,Delivered,"972, Rajaji Nagar, Kanpur, Uttar Pradesh - 912582",2025-07-07
ORD01465,U0369,2025-02-22,5245.96,Credit Card,Paid,Delivered,"289, Lake View, Chandigarh, Chandigarh - 946972",2025-03-03
ORD01466,U0063,2026-05-08,309084.75,UPI,Paid,Shipped,"862, Koramangala, Bhopal, Madhya Pradesh - 283683",2026-05-11
ORD01467,U0166,2025-01-07,65274.0,Credit Card,Paid,Delivered,"365, Ring Road, Visakhapatnam, Andhra Pradesh - 216272",2025-01-09
ORD01468,U0319,2026-08-06,72279.0,Debit Card,Paid,Delivered,"698, MG Road, Kanpur, Uttar Pradesh - 973993",2026-08-07
ORD01469,U0173,2026-06-04,7626.9,UPI,Paid,Delivered,"448, Rajaji Nagar, Ludhiana, Punjab - 225813",2026-06-11
ORD01470,U0190,2025-06-19,23663.85,UPI,Paid,Delivered,"314, Green Park, Kolkata, West Bengal - 912936",2025-06-26
ORD01471,U0388,2025-12-30,24637.23,COD,Pending,Shipped,"665, Model Town, Varanasi, Uttar Pradesh - 791320",2025-12-31
ORD01472,U0043,2026-06-18,4870.0,Credit Card,Paid,Delivered,"910, Lake View, Chennai, Tamil Nadu - 970534",2026-06-28
ORD01473,U0270,2025-10-22,22965.38,Debit Card,Paid,Processing,"203, Ring Road, Ahmedabad, Gujarat - 526990",
ORD01474,U0225,2026-07-09,14941.63,UPI,Paid,Shipped,"180, Lake View, Thane, Maharashtra - 714793",2026-07-10
ORD01475,U0151,2026-05-17,38059.6,Credit Card,Paid,Delivered,"38, Gandhi Nagar, Bengaluru, Karnataka - 531054",2026-05-24
ORD01476,U0121,2025-02-26,1849.5,COD,Paid,Delivered,"276, Green Park, Ludhiana, Punjab - 503790",2025-03-06
ORD01477,U0332,2025-05-30,39851.7,Debit Card,Paid,Delivered,"232, Anna Nagar, Nagpur, Maharashtra - 627932",2025-06-04
ORD01478,U0317,2025-12-30,122092.65,Debit Card,Paid,Delivered,"842, Nehru Colony, Ahmedabad, Gujarat - 826966",2026-01-02
ORD01479,U0315,2025-09-24,10618.85,COD,Paid,Delivered,"74, Green Park, Meerut, Uttar Pradesh - 688964",2025-09-30
ORD01480,U0399,2026-01-17,90480.0,Debit Card,Paid,Delivered,"821, Rajaji Nagar, Rajkot, Gujarat - 191293",2026-01-20
ORD01481,U0354,2025-10-26,1348.21,UPI,Paid,Delivered,"150, Nehru Colony, Chandigarh, Chandigarh - 636082",2025-10-30
ORD01482,U0385,2026-02-15,28148.2,UPI,Paid,Delivered,"81, Sector 15, Mumbai, Maharashtra - 440671",2026-02-21
ORD01483,U0332,2026-06-10,42853.44,Credit Card,Paid,Delivered,"746, Church Street, Nagpur, Maharashtra - 731389",2026-06-12
ORD01484,U0294,2026-05-15,99938.05,UPI,Paid,Delivered,"42, Sector 15, Thane, Maharashtra - 845939",2026-05-24
ORD01485,U0002,2026-07-04,2744.96,COD,Paid,Delivered,"632, Banjara Hills, Varanasi, Uttar Pradesh - 327365",2026-07-10
ORD01486,U0494,2026-06-18,18819.94,Debit Card,Paid,Delivered,"673, Anna Nagar, Rajkot, Gujarat - 315389",2026-06-28
ORD01487,U0044,2026-07-05,112620.0,Credit Card,Paid,Processing,"224, Banjara Hills, Ghaziabad, Uttar Pradesh - 334680",
ORD01488,U0277,2026-05-20,529.2,Net Banking,Paid,Delivered,"171, Nehru Colony, Varanasi, Uttar Pradesh - 678780",2026-05-22
ORD01489,U0308,2025-10-17,101961.0,Debit Card,Paid,Delivered,"420, Anna Nagar, Thane, Maharashtra - 655801",2025-10-20
ORD01490,U0337,2026-04-22,826.0,UPI,Paid,Delivered,"623, Jubilee Hills, Ludhiana, Punjab - 503996",2026-04-27
ORD01491,U0492,2025-11-30,5935.12,UPI,Paid,Processing,"566, Model Town, Agra, Uttar Pradesh - 191840",
ORD01492,U0173,2025-11-21,8109.59,UPI,Paid,Processing,"527, Civil Lines, Ludhiana, Punjab - 537178",
ORD01493,U0314,2026-04-09,1341.0,Credit Card,Paid,Delivered,"219, Koramangala, Bengaluru, Karnataka - 469008",2026-04-19
ORD01494,U0253,2026-07-06,20747.3,UPI,Paid,Delivered,"505, Gandhi Nagar, Chennai, Tamil Nadu - 448330",2026-07-08
ORD01495,U0159,2025-08-11,582.3,UPI,Paid,Delivered,"186, Anna Nagar, Delhi, Delhi - 105265",2025-08-16
ORD01496,U0304,2026-07-12,33598.71,Credit Card,Paid,Delivered,"261, Anna Nagar, Ludhiana, Punjab - 318987",2026-07-14
ORD01497,U0415,2025-12-20,60114.64,UPI,Failed,Cancelled,"15, Indiranagar, Kanpur, Uttar Pradesh - 137521",
ORD01498,U0112,2026-02-15,3667.95,UPI,Paid,Delivered,"24, Indiranagar, Guwahati, Assam - 789048",2026-02-17
ORD01499,U0196,2026-07-27,169885.51,Debit Card,Failed,Cancelled,"481, Koramangala, Amritsar, Punjab - 114581",
ORD01500,U0282,2025-12-14,31031.98,Credit Card,Paid,Delivered,"178, Anna Nagar, Kochi, Kerala - 750004",2025-12-20
ORD01501,U0052,2025-09-07,61289.45,Debit Card,Paid,Shipped,"948, Banjara Hills, Varanasi, Uttar Pradesh - 312359",2025-09-08
ORD01502,U0475,2025-06-28,7134.9,UPI,Paid,Delivered,"259, Gandhi Nagar, Coimbatore, Tamil Nadu - 136709",2025-07-04
ORD01503,U0373,2026-05-03,99395.48,UPI,Paid,Processing,"717, Koramangala, Delhi, Delhi - 235531",
ORD01504,U0199,2026-01-25,49600.0,UPI,Paid,Processing,"396, Salt Lake, Visakhapatnam, Andhra Pradesh - 177285",
ORD01505,U0401,2025-03-19,36767.85,Net Banking,Paid,Delivered,"482, Rajaji Nagar, Delhi, Delhi - 840326",2025-03-22
ORD01506,U0206,2026-02-18,4996.85,Credit Card,Paid,Delivered,"542, Gandhi Nagar, Nagpur, Maharashtra - 285922",2026-02-26
ORD01507,U0018,2026-03-06,94741.42,UPI,Paid,Delivered,"704, Church Street, Jaipur, Rajasthan - 269941",2026-03-13
ORD01508,U0093,2025-10-02,155290.8,UPI,Paid,Delivered,"379, Anna Nagar, Meerut, Uttar Pradesh - 317105",2025-10-09
ORD01509,U0080,2026-02-26,11073.0,UPI,Paid,Delivered,"8, Vasant Kunj, Surat, Gujarat - 244950",2026-03-02
ORD01510,U0242,2026-04-27,23924.54,Credit Card,Paid,Delivered,"628, MG Road, Visakhapatnam, Andhra Pradesh - 837559",2026-05-07
ORD01511,U0450,2026-07-22,5961.25,UPI,Paid,Processing,"492, Park Street, Coimbatore, Tamil Nadu - 293357",
ORD01512,U0243,2026-07-22,1626.3,Debit Card,Paid,Delivered,"981, Ring Road, Chennai, Tamil Nadu - 566963",2026-07-29
ORD01513,U0042,2026-07-24,2812.0,Debit Card,Paid,Delivered,"982, Anna Nagar, Vadodara, Gujarat - 858656",2026-07-31
ORD01514,U0492,2024-11-20,43266.81,COD,Paid,Delivered,"774, Station Road, Agra, Uttar Pradesh - 115658",2024-11-23
ORD01515,U0017,2025-12-30,34382.75,UPI,Paid,Delivered,"423, MG Road, Ludhiana, Punjab - 789258",2026-01-06
ORD01516,U0176,2026-05-03,190584.55,Net Banking,Paid,Delivered,"937, Koramangala, Thane, Maharashtra - 739393",2026-05-07
ORD01517,U0096,2026-06-17,4918.9,Credit Card,Paid,Processing,"572, Vasant Kunj, Kolkata, West Bengal - 712303",
ORD01518,U0328,2025-09-22,93767.07,Credit Card,Paid,Delivered,"73, Vasant Kunj, Agra, Uttar Pradesh - 620193",2025-09-30
ORD01519,U0238,2025-12-22,12473.79,UPI,Paid,Delivered,"495, Station Road, Bhubaneswar, Odisha - 540216",2025-12-26
ORD01520,U0250,2026-03-05,11442.76,Debit Card,Paid,Delivered,"489, Park Street, Faridabad, Haryana - 498402",2026-03-09
ORD01521,U0016,2026-07-24,221886.57,COD,Refunded,Cancelled,"252, Jubilee Hills, Chennai, Tamil Nadu - 397708",
ORD01522,U0310,2026-08-01,4643.88,UPI,Paid,Delivered,"126, MG Road, Rajkot, Gujarat - 728109",2026-08-07
ORD01523,U0353,2025-07-03,24640.0,Debit Card,Paid,Delivered,"562, Model Town, Kolkata, West Bengal - 588339",2025-07-09
ORD01524,U0470,2025-07-10,33761.04,UPI,Paid,Delivered,"664, MG Road, Ghaziabad, Uttar Pradesh - 777468",2025-07-16
ORD01525,U0130,2026-03-12,7542.0,UPI,Paid,Delivered,"673, Church Street, Thane, Maharashtra - 349309",2026-03-14
ORD01526,U0162,2026-07-20,76731.97,UPI,Paid,Delivered,"710, Civil Lines, Vadodara, Gujarat - 965997",2026-07-23
ORD01527,U0263,2026-02-10,74125.79,UPI,Paid,Processing,"562, Koramangala, Kolkata, West Bengal - 479343",
ORD01528,U0350,2026-01-23,2953.86,Net Banking,Paid,Delivered,"529, Anna Nagar, Chandigarh, Chandigarh - 271423",2026-01-25
ORD01529,U0279,2025-10-25,236437.65,COD,Pending,Shipped,"764, Nehru Colony, Delhi, Delhi - 917602",2025-10-28
ORD01530,U0427,2026-02-21,35110.66,Debit Card,Paid,Delivered,"967, Station Road, Bhubaneswar, Odisha - 464719",2026-02-26
ORD01531,U0296,2026-07-06,1912.9,UPI,Paid,Delivered,"602, MG Road, Nashik, Maharashtra - 372247",2026-07-13
ORD01532,U0184,2025-12-13,3884.5,UPI,Paid,Delivered,"609, Banjara Hills, Jaipur, Rajasthan - 962587",2025-12-21
ORD01533,U0001,2025-04-23,2963.5,Credit Card,Paid,Delivered,"783, MG Road, Bhopal, Madhya Pradesh - 670247",2025-04-25
ORD01534,U0251,2026-07-25,98103.0,COD,Paid,Delivered,"625, Anna Nagar, Jaipur, Rajasthan - 467351",2026-08-03
ORD01535,U0160,2026-07-19,10874.2,COD,Paid,Delivered,"398, Gandhi Nagar, Faridabad, Haryana - 912170",2026-07-23
ORD01536,U0355,2026-05-16,125362.96,Net Banking,Paid,Delivered,"628, Salt Lake, Nagpur, Maharashtra - 968598",2026-05-26
ORD01537,U0285,2026-03-11,90799.56,Debit Card,Paid,Processing,"243, Church Street, Coimbatore, Tamil Nadu - 133352",
ORD01538,U0071,2026-01-31,1872.0,Net Banking,Paid,Delivered,"461, Ring Road, Varanasi, Uttar Pradesh - 858224",2026-02-07
ORD01539,U0087,2026-07-07,75630.0,UPI,Paid,Delivered,"298, Salt Lake, Faridabad, Haryana - 580401",2026-07-12
ORD01540,U0243,2026-06-25,102535.12,Credit Card,Paid,Processing,"762, Gandhi Nagar, Chennai, Tamil Nadu - 117232",
ORD01541,U0195,2024-11-09,117848.92,UPI,Failed,Cancelled,"922, Station Road, Chennai, Tamil Nadu - 568047",
ORD01542,U0054,2026-01-29,53629.56,COD,Paid,Delivered,"139, MG Road, Pune, Maharashtra - 394537",2026-02-04
ORD01543,U0041,2026-05-01,3137.76,Debit Card,Paid,Delivered,"808, MG Road, Mysuru, Karnataka - 636033",2026-05-06
ORD01544,U0095,2026-01-29,63162.6,UPI,Paid,Delivered,"464, Ring Road, Nagpur, Maharashtra - 844941",2026-02-01
ORD01545,U0066,2025-04-17,12597.0,UPI,Paid,Delivered,"8, Indiranagar, Kanpur, Uttar Pradesh - 986730",2025-04-20
ORD01546,U0040,2026-03-28,9607.2,Credit Card,Paid,Shipped,"161, Ring Road, Bhubaneswar, Odisha - 891971",2026-04-01
ORD01547,U0472,2024-09-18,45936.27,Credit Card,Paid,Delivered,"295, Sector 15, Chandigarh, Chandigarh - 192006",2024-09-26
ORD01548,U0099,2026-03-20,160777.2,COD,Pending,Processing,"251, Sector 15, Patna, Bihar - 340305",
ORD01549,U0313,2026-07-30,19476.32,UPI,Paid,Shipped,"73, Ring Road, Thane, Maharashtra - 556342",2026-08-01
ORD01550,U0385,2026-03-16,136923.61,Credit Card,Paid,Delivered,"156, Station Road, Mumbai, Maharashtra - 968576",2026-03-23
ORD01551,U0160,2026-05-26,42255.24,COD,Pending,Processing,"478, Anna Nagar, Faridabad, Haryana - 649833",
ORD01552,U0206,2025-01-09,12179.7,UPI,Refunded,Cancelled,"549, Sector 15, Nagpur, Maharashtra - 797061",
ORD01553,U0003,2026-03-11,104461.72,UPI,Paid,Delivered,"152, Koramangala, Visakhapatnam, Andhra Pradesh - 718423",2026-03-16
ORD01554,U0486,2026-06-29,95302.49,UPI,Paid,Delivered,"67, Church Street, Mysuru, Karnataka - 433687",2026-07-01
ORD01555,U0267,2026-04-27,9893.2,UPI,Paid,Delivered,"760, Rajaji Nagar, Guwahati, Assam - 839092",2026-05-05
ORD01556,U0022,2026-07-08,61697.8,UPI,Paid,Delivered,"656, Koramangala, Agra, Uttar Pradesh - 448309",2026-07-15
ORD01557,U0231,2025-10-26,8715.47,Credit Card,Paid,Shipped,"210, Green Park, Kanpur, Uttar Pradesh - 686754",2025-10-27
ORD01558,U0147,2026-06-24,35191.8,Debit Card,Refunded,Cancelled,"343, Lake View, Nagpur, Maharashtra - 418631",
ORD01559,U0199,2026-03-27,14365.0,Credit Card,Refunded,Cancelled,"982, Green Park, Visakhapatnam, Andhra Pradesh - 194812",
ORD01560,U0316,2025-07-21,54409.44,Credit Card,Paid,Processing,"865, MG Road, Nagpur, Maharashtra - 951583",
ORD01561,U0350,2026-02-21,6016.0,Net Banking,Paid,Shipped,"574, Ring Road, Chandigarh, Chandigarh - 834870",2026-02-22
ORD01562,U0163,2026-07-24,6782.1,Credit Card,Paid,Delivered,"229, Indiranagar, Patna, Bihar - 740580",2026-07-31
ORD01563,U0424,2026-08-04,205859.4,Debit Card,Paid,Delivered,"848, Ring Road, Meerut, Uttar Pradesh - 807623",2026-08-07
ORD01564,U0008,2025-08-04,12248.81,COD,Paid,Delivered,"290, Anna Nagar, Chandigarh, Chandigarh - 650422",2025-08-12
ORD01565,U0224,2026-07-14,13826.3,Net Banking,Paid,Delivered,"469, Civil Lines, Kanpur, Uttar Pradesh - 481716",2026-07-17
ORD01566,U0484,2026-06-26,32261.48,COD,Refunded,Cancelled,"283, Park Street, Ghaziabad, Uttar Pradesh - 917408",
ORD01567,U0160,2026-04-07,189036.0,UPI,Paid,Delivered,"463, Sector 15, Faridabad, Haryana - 693355",2026-04-11
ORD01568,U0078,2026-01-29,1929.5,COD,Paid,Delivered,"53, Green Park, Rajkot, Gujarat - 117629",2026-02-02
ORD01569,U0397,2026-08-04,27018.95,Debit Card,Paid,Delivered,"44, Salt Lake, Ahmedabad, Gujarat - 531330",2026-08-07
ORD01570,U0201,2026-03-03,91398.19,UPI,Paid,Delivered,"82, Sector 15, Kanpur, Uttar Pradesh - 575269",2026-03-06
ORD01571,U0212,2025-11-10,2415.0,Debit Card,Paid,Delivered,"973, Sector 15, Kanpur, Uttar Pradesh - 149893",2025-11-20
ORD01572,U0232,2026-05-06,11767.95,Credit Card,Paid,Delivered,"938, Sector 15, Guwahati, Assam - 658741",2026-05-12
ORD01573,U0099,2025-11-29,265890.0,UPI,Paid,Delivered,"719, Green Park, Patna, Bihar - 751067",2025-12-06
ORD01574,U0311,2026-07-09,2554.4,UPI,Failed,Cancelled,"614, Lake View, Dehradun, Uttarakhand - 636743",
ORD01575,U0308,2025-11-26,73881.98,Debit Card,Paid,Delivered,"116, Vasant Kunj, Thane, Maharashtra - 946130",2025-12-05
ORD01576,U0376,2026-07-09,34657.75,Credit Card,Paid,Shipped,"900, Model Town, Guwahati, Assam - 174998",2026-07-11
ORD01577,U0243,2026-05-31,63324.15,Credit Card,Paid,Delivered,"603, Salt Lake, Chennai, Tamil Nadu - 750630",2026-06-07
ORD01578,U0455,2026-07-16,25457.7,Debit Card,Failed,Cancelled,"618, Nehru Colony, Coimbatore, Tamil Nadu - 208585",
ORD01579,U0365,2026-06-30,2878.55,UPI,Paid,Delivered,"434, MG Road, Kochi, Kerala - 452758",2026-07-09
ORD01580,U0462,2026-03-29,131887.5,UPI,Paid,Delivered,"844, Gandhi Nagar, Kanpur, Uttar Pradesh - 769956",2026-04-05
ORD01581,U0310,2026-06-12,2382.0,COD,Pending,Processing,"140, Koramangala, Rajkot, Gujarat - 622984",
ORD01582,U0130,2026-07-03,8567.52,Credit Card,Paid,Delivered,"768, Rajaji Nagar, Thane, Maharashtra - 452698",2026-07-13
ORD01583,U0396,2026-03-11,75822.9,Credit Card,Paid,Delivered,"273, Gandhi Nagar, Mumbai, Maharashtra - 592438",2026-03-21
ORD01584,U0043,2026-05-25,49876.75,COD,Paid,Delivered,"98, Indiranagar, Chennai, Tamil Nadu - 109319",2026-06-01
ORD01585,U0205,2026-04-15,33924.9,Net Banking,Paid,Shipped,"220, MG Road, Kolkata, West Bengal - 480343",2026-04-16
ORD01586,U0178,2024-08-15,343.43,COD,Paid,Delivered,"129, Gandhi Nagar, Chandigarh, Chandigarh - 943356",2024-08-18
ORD01587,U0314,2026-06-07,67177.0,Credit Card,Paid,Delivered,"284, Vasant Kunj, Bengaluru, Karnataka - 550839",2026-06-15
ORD01588,U0109,2026-07-28,472240.0,UPI,Paid,Delivered,"142, Gandhi Nagar, Visakhapatnam, Andhra Pradesh - 315755",2026-08-06
ORD01589,U0087,2026-07-21,74264.79,Net Banking,Paid,Delivered,"756, Civil Lines, Faridabad, Haryana - 858191",2026-07-27
ORD01590,U0118,2026-06-15,43512.89,UPI,Failed,Cancelled,"224, Church Street, Mumbai, Maharashtra - 681460",
ORD01591,U0431,2025-08-15,513.95,Credit Card,Paid,Delivered,"694, Sector 15, Jaipur, Rajasthan - 679793",2025-08-25
ORD01592,U0480,2026-06-20,13979.7,Debit Card,Paid,Processing,"174, Church Street, Nagpur, Maharashtra - 921562",
ORD01593,U0295,2025-10-10,32882.0,Net Banking,Paid,Processing,"16, Salt Lake, Chennai, Tamil Nadu - 778631",
ORD01594,U0223,2025-05-02,7177.26,COD,Paid,Delivered,"700, Rajaji Nagar, Kanpur, Uttar Pradesh - 957149",2025-05-04
ORD01595,U0381,2025-10-22,1734.6,Net Banking,Paid,Delivered,"267, Sector 15, Coimbatore, Tamil Nadu - 248027",2025-10-29
ORD01596,U0324,2026-03-07,2985.25,Credit Card,Paid,Delivered,"856, Jubilee Hills, Vadodara, Gujarat - 172178",2026-03-17
ORD01597,U0259,2025-12-25,24444.0,UPI,Paid,Shipped,"99, Park Street, Amritsar, Punjab - 435643",2025-12-27
ORD01598,U0195,2026-01-22,689.92,Credit Card,Failed,Cancelled,"631, Koramangala, Chennai, Tamil Nadu - 101388",
ORD01599,U0422,2026-03-17,43438.66,UPI,Paid,Shipped,"314, Nehru Colony, Kochi, Kerala - 426730",2026-03-18
ORD01600,U0176,2026-04-17,13454.55,Net Banking,Paid,Delivered,"133, Lake View, Thane, Maharashtra - 312492",2026-04-19
ORD01601,U0046,2026-05-05,80489.7,Credit Card,Paid,Processing,"492, Jubilee Hills, Surat, Gujarat - 202243",
ORD01602,U0196,2026-06-26,5708.89,Debit Card,Paid,Delivered,"541, Nehru Colony, Amritsar, Punjab - 382853",2026-06-29
ORD01603,U0054,2026-03-09,119322.63,Debit Card,Paid,Shipped,"440, Ring Road, Pune, Maharashtra - 481121",2026-03-11
ORD01604,U0424,2026-08-04,17641.95,COD,Refunded,Cancelled,"894, Civil Lines, Meerut, Uttar Pradesh - 731655",
ORD01605,U0424,2026-08-06,220.4,Debit Card,Paid,Delivered,"3, Model Town, Meerut, Uttar Pradesh - 956857",2026-08-07
ORD01606,U0314,2026-01-17,54321.05,UPI,Paid,Delivered,"871, Jubilee Hills, Bengaluru, Karnataka - 270370",2026-01-26
ORD01607,U0319,2026-08-06,8573.3,Net Banking,Paid,Delivered,"47, Salt Lake, Kanpur, Uttar Pradesh - 800983",2026-08-07
ORD01608,U0070,2025-05-13,133827.2,Credit Card,Paid,Delivered,"594, Banjara Hills, Faridabad, Haryana - 997298",2025-05-20
ORD01609,U0464,2026-01-24,23850.0,Net Banking,Paid,Delivered,"959, Salt Lake, Varanasi, Uttar Pradesh - 706300",2026-01-29
ORD01610,U0012,2025-12-16,133894.8,UPI,Paid,Delivered,"288, Jubilee Hills, Mysuru, Karnataka - 961037",2025-12-19
ORD01611,U0337,2026-06-02,56398.59,UPI,Paid,Delivered,"562, Green Park, Ludhiana, Punjab - 632555",2026-06-12
ORD01612,U0416,2025-08-30,285803.75,Net Banking,Paid,Delivered,"206, Banjara Hills, Mysuru, Karnataka - 167285",2025-09-05
ORD01613,U0301,2026-05-30,62536.31,Net Banking,Paid,Processing,"793, Civil Lines, Mumbai, Maharashtra - 480180",
ORD01614,U0314,2026-06-19,162073.5,Credit Card,Paid,Delivered,"366, Civil Lines, Bengaluru, Karnataka - 787560",2026-06-24
ORD01615,U0293,2026-06-19,185422.9,UPI,Paid,Delivered,"878, Salt Lake, Bhubaneswar, Odisha - 439056",2026-06-25
ORD01616,U0070,2025-03-16,53680.19,Credit Card,Paid,Delivered,"637, Indiranagar, Faridabad, Haryana - 257733",2025-03-26
ORD01617,U0160,2026-07-05,51777.9,COD,Pending,Shipped,"154, Church Street, Faridabad, Haryana - 644894",2026-07-09
ORD01618,U0252,2025-12-07,362.99,UPI,Paid,Delivered,"246, Sector 15, Meerut, Uttar Pradesh - 847923",2025-12-12
ORD01619,U0210,2025-11-04,83927.41,UPI,Paid,Delivered,"497, Salt Lake, Mysuru, Karnataka - 500751",2025-11-07
ORD01620,U0397,2026-02-10,19289.7,UPI,Paid,Processing,"449, Indiranagar, Ahmedabad, Gujarat - 678280",
ORD01621,U0156,2025-10-12,11745.0,UPI,Paid,Delivered,"719, Lake View, Ahmedabad, Gujarat - 430560",2025-10-21
ORD01622,U0420,2026-03-22,77558.37,UPI,Failed,Cancelled,"897, Civil Lines, Ludhiana, Punjab - 830434",
ORD01623,U0154,2026-06-16,51333.5,Credit Card,Failed,Cancelled,"783, Banjara Hills, Lucknow, Uttar Pradesh - 871985",
ORD01624,U0199,2026-01-06,9015.97,UPI,Paid,Delivered,"510, Green Park, Visakhapatnam, Andhra Pradesh - 309282",2026-01-14
ORD01625,U0393,2026-08-05,2522.52,UPI,Paid,Delivered,"186, Ring Road, Surat, Gujarat - 126184",2026-08-07
ORD01626,U0190,2026-03-13,82422.2,COD,Paid,Delivered,"310, Lake View, Kolkata, West Bengal - 247596",2026-03-21
ORD01627,U0042,2026-08-04,29732.0,UPI,Paid,Shipped,"133, Anna Nagar, Vadodara, Gujarat - 571161",
ORD01628,U0206,2025-02-21,34719.1,COD,Paid,Delivered,"671, Indiranagar, Nagpur, Maharashtra - 664700",2025-02-26
ORD01629,U0178,2025-09-17,11541.0,Credit Card,Paid,Delivered,"864, Anna Nagar, Chandigarh, Chandigarh - 839496",2025-09-22
ORD01630,U0470,2025-07-18,22317.0,UPI,Paid,Processing,"210, Sector 15, Ghaziabad, Uttar Pradesh - 273997",
ORD01631,U0093,2025-11-26,26331.28,Credit Card,Paid,Delivered,"828, Green Park, Meerut, Uttar Pradesh - 459635",2025-12-04
ORD01632,U0093,2026-07-16,3278.52,Net Banking,Paid,Delivered,"439, Nehru Colony, Meerut, Uttar Pradesh - 695926",2026-07-25
ORD01633,U0223,2025-02-26,8490.8,COD,Pending,Processing,"722, Banjara Hills, Kanpur, Uttar Pradesh - 278487",
ORD01634,U0329,2026-02-27,138994.52,Debit Card,Paid,Shipped,"644, Park Street, Bengaluru, Karnataka - 875382",2026-02-28
ORD01635,U0261,2026-08-01,35264.0,Credit Card,Refunded,Cancelled,"977, Civil Lines, Amritsar, Punjab - 468857",
ORD01636,U0462,2026-01-10,55744.36,Debit Card,Paid,Delivered,"407, Civil Lines, Kanpur, Uttar Pradesh - 613911",2026-01-19
ORD01637,U0220,2026-05-08,17323.1,UPI,Refunded,Cancelled,"690, Green Park, Pune, Maharashtra - 556610",
ORD01638,U0210,2025-12-06,3741.3,Credit Card,Paid,Delivered,"431, Jubilee Hills, Mysuru, Karnataka - 797352",2025-12-12
ORD01639,U0224,2026-05-25,27430.5,Credit Card,Paid,Shipped,"284, Jubilee Hills, Kanpur, Uttar Pradesh - 767586",2026-05-28
ORD01640,U0242,2026-03-24,2131.7,Debit Card,Refunded,Cancelled,"785, Gandhi Nagar, Visakhapatnam, Andhra Pradesh - 136603",
ORD01641,U0267,2026-03-14,15200.0,UPI,Paid,Delivered,"705, Vasant Kunj, Guwahati, Assam - 687233",2026-03-18
ORD01642,U0461,2026-05-08,3084.65,COD,Paid,Delivered,"969, Banjara Hills, Bengaluru, Karnataka - 359005",2026-05-17
ORD01643,U0041,2026-04-10,5998.49,Net Banking,Paid,Delivered,"69, Indiranagar, Mysuru, Karnataka - 209950",2026-04-18
ORD01644,U0400,2026-05-29,2702.24,UPI,Paid,Shipped,"362, Indiranagar, Patna, Bihar - 250930",2026-06-02
ORD01645,U0129,2026-07-13,1387.0,Credit Card,Paid,Delivered,"70, Lake View, Rajkot, Gujarat - 848715",2026-07-19
ORD01646,U0100,2026-06-30,98017.34,UPI,Paid,Processing,"139, Salt Lake, Chennai, Tamil Nadu - 137190",
ORD01647,U0097,2026-01-17,7826.59,UPI,Paid,Delivered,"207, MG Road, Nashik, Maharashtra - 813671",2026-01-20
ORD01648,U0278,2026-05-17,10080.45,UPI,Paid,Shipped,"167, Koramangala, Bhubaneswar, Odisha - 944339",2026-05-20
ORD01649,U0062,2024-12-01,15735.85,Credit Card,Paid,Delivered,"248, Civil Lines, Mysuru, Karnataka - 368813",2024-12-06
ORD01650,U0257,2025-07-10,181223.8,Debit Card,Paid,Delivered,"895, Sector 15, Guwahati, Assam - 710859",2025-07-15
ORD01651,U0132,2025-12-01,32828.57,Net Banking,Failed,Cancelled,"252, Banjara Hills, Indore, Madhya Pradesh - 410449",
ORD01652,U0324,2025-12-14,976.5,UPI,Paid,Delivered,"241, Civil Lines, Vadodara, Gujarat - 330403",2025-12-16
ORD01653,U0041,2026-07-29,4788.0,Debit Card,Paid,Delivered,"621, MG Road, Mysuru, Karnataka - 819786",2026-08-07
ORD01654,U0346,2026-04-19,7793.73,UPI,Paid,Delivered,"501, Koramangala, Dehradun, Uttarakhand - 463455",2026-04-26
ORD01655,U0316,2026-07-05,48724.5,Debit Card,Paid,Delivered,"722, Nehru Colony, Nagpur, Maharashtra - 297946",2026-07-10
ORD01656,U0171,2026-01-15,24108.0,UPI,Paid,Delivered,"326, Jubilee Hills, Jaipur, Rajasthan - 260767",2026-01-24
ORD01657,U0099,2025-10-29,16053.0,Credit Card,Paid,Delivered,"731, Green Park, Patna, Bihar - 450560",2025-11-01
ORD01658,U0455,2026-07-31,213066.0,Credit Card,Paid,Delivered,"499, Model Town, Coimbatore, Tamil Nadu - 198014",2026-08-07
ORD01659,U0161,2026-08-04,56969.6,Debit Card,Paid,Delivered,"50, Banjara Hills, Nashik, Maharashtra - 236222",2026-08-07
ORD01660,U0293,2026-06-17,14708.49,COD,Paid,Delivered,"467, Vasant Kunj, Bhubaneswar, Odisha - 835722",2026-06-24
ORD01661,U0190,2025-07-26,8658.0,Credit Card,Paid,Delivered,"98, Banjara Hills, Kolkata, West Bengal - 966084",2025-08-04
ORD01662,U0066,2025-12-04,118142.4,Net Banking,Paid,Delivered,"112, Koramangala, Kanpur, Uttar Pradesh - 556762",2025-12-08
ORD01663,U0083,2026-07-19,186007.02,Debit Card,Paid,Processing,"459, MG Road, Hyderabad, Telangana - 804724",
ORD01664,U0210,2026-06-05,18726.4,Credit Card,Paid,Delivered,"926, Nehru Colony, Mysuru, Karnataka - 232401",2026-06-09
ORD01665,U0161,2026-08-06,2147.0,Credit Card,Paid,Processing,"435, Nehru Colony, Nashik, Maharashtra - 350060",
ORD01666,U0338,2026-07-28,2018.8,Debit Card,Paid,Delivered,"837, Banjara Hills, Indore, Madhya Pradesh - 926995",2026-07-31
ORD01667,U0064,2025-11-11,248360.4,Credit Card,Paid,Delivered,"398, Green Park, Coimbatore, Tamil Nadu - 432505",2025-11-16
ORD01668,U0408,2026-06-08,139607.75,Net Banking,Paid,Delivered,"406, Jubilee Hills, Nagpur, Maharashtra - 418223",2026-06-18
ORD01669,U0197,2026-08-01,28722.0,Credit Card,Paid,Delivered,"316, Gandhi Nagar, Hyderabad, Telangana - 460174",2026-08-07
ORD01670,U0353,2026-05-02,876.35,UPI,Paid,Processing,"156, Station Road, Kolkata, West Bengal - 836428",
ORD01671,U0025,2026-06-27,7801.05,Credit Card,Paid,Delivered,"634, Church Street, Ludhiana, Punjab - 374914",2026-07-06
ORD01672,U0155,2025-03-08,76449.0,COD,Paid,Delivered,"505, Green Park, Indore, Madhya Pradesh - 461847",2025-03-16
ORD01673,U0484,2026-07-12,211154.77,UPI,Paid,Delivered,"158, Sector 15, Ghaziabad, Uttar Pradesh - 265675",2026-07-20
ORD01674,U0485,2026-05-26,24318.0,UPI,Paid,Delivered,"612, MG Road, Ludhiana, Punjab - 940261",2026-06-04
ORD01675,U0210,2026-04-28,6811.54,COD,Paid,Delivered,"239, Anna Nagar, Mysuru, Karnataka - 980615",2026-05-06
ORD01676,U0265,2026-06-26,2067.0,UPI,Paid,Delivered,"383, Jubilee Hills, Faridabad, Haryana - 712006",2026-07-05
ORD01677,U0220,2026-06-05,50430.69,Credit Card,Paid,Processing,"401, MG Road, Pune, Maharashtra - 326058",
ORD01678,U0464,2024-12-11,4997.85,UPI,Paid,Delivered,"330, Church Street, Varanasi, Uttar Pradesh - 984510",2024-12-14
ORD01679,U0206,2026-04-17,40693.95,Credit Card,Paid,Delivered,"623, Ring Road, Nagpur, Maharashtra - 483507",2026-04-26
ORD01680,U0380,2026-04-25,1341.0,UPI,Paid,Processing,"949, Lake View, Surat, Gujarat - 933825",
ORD01681,U0200,2026-03-28,164974.88,Net Banking,Paid,Shipped,"629, Vasant Kunj, Varanasi, Uttar Pradesh - 951848",2026-04-01
ORD01682,U0415,2025-06-26,953.65,Credit Card,Paid,Delivered,"229, Park Street, Kanpur, Uttar Pradesh - 688843",2025-07-05
ORD01683,U0052,2026-07-26,126037.98,Debit Card,Paid,Delivered,"332, Jubilee Hills, Varanasi, Uttar Pradesh - 894636",2026-07-28
ORD01684,U0232,2026-02-27,45496.0,Debit Card,Failed,Cancelled,"111, Sector 15, Guwahati, Assam - 555139",
ORD01685,U0113,2025-03-08,95185.6,UPI,Refunded,Cancelled,"216, Civil Lines, Thane, Maharashtra - 630603",
ORD01686,U0478,2025-08-17,34730.24,Credit Card,Paid,Delivered,"225, Banjara Hills, Visakhapatnam, Andhra Pradesh - 389434",2025-08-19
ORD01687,U0411,2025-08-14,30935.58,UPI,Paid,Delivered,"325, Koramangala, Surat, Gujarat - 412029",2025-08-23
ORD01688,U0128,2025-03-13,7534.4,COD,Paid,Delivered,"428, Station Road, Patna, Bihar - 489929",2025-03-20
ORD01689,U0091,2026-02-01,2288.32,UPI,Paid,Delivered,"270, Koramangala, Bhopal, Madhya Pradesh - 629174",2026-02-07
ORD01690,U0023,2026-01-20,27718.8,UPI,Paid,Processing,"71, Koramangala, Rajkot, Gujarat - 195551",
ORD01691,U0271,2025-10-01,64001.5,UPI,Paid,Delivered,"140, Rajaji Nagar, Jaipur, Rajasthan - 151248",2025-10-08
ORD01692,U0476,2026-05-06,5715.36,COD,Paid,Delivered,"790, Salt Lake, Hyderabad, Telangana - 157617",2026-05-08
ORD01693,U0024,2026-08-03,448.4,UPI,Paid,Delivered,"580, Anna Nagar, Nashik, Maharashtra - 151938",2026-08-07
ORD01694,U0467,2026-05-06,4582.8,Net Banking,Paid,Delivered,"8, Rajaji Nagar, Patna, Bihar - 910857",2026-05-13
ORD01695,U0224,2026-06-06,237146.1,Credit Card,Paid,Delivered,"993, Gandhi Nagar, Kanpur, Uttar Pradesh - 506734",2026-06-16
ORD01696,U0306,2026-02-22,6298.5,COD,Paid,Delivered,"48, Civil Lines, Ghaziabad, Uttar Pradesh - 828877",2026-03-04
ORD01697,U0041,2026-01-18,41786.41,Debit Card,Paid,Delivered,"575, Salt Lake, Mysuru, Karnataka - 186832",2026-01-21
ORD01698,U0388,2025-11-12,42450.02,Debit Card,Paid,Delivered,"685, Ring Road, Varanasi, Uttar Pradesh - 423855",2025-11-17
ORD01699,U0151,2026-05-02,49649.65,Net Banking,Paid,Delivered,"872, Sector 15, Bengaluru, Karnataka - 980486",2026-05-04
ORD01700,U0313,2026-08-03,1494.0,COD,Paid,Delivered,"463, Koramangala, Thane, Maharashtra - 952224",2026-08-07
ORD01701,U0068,2026-08-06,44968.8,Credit Card,Paid,Delivered,"594, Park Street, Kochi, Kerala - 755464",2026-08-07
ORD01702,U0106,2025-10-10,6304.69,UPI,Paid,Delivered,"316, Church Street, Surat, Gujarat - 428321",2025-10-20
ORD01703,U0487,2026-04-14,6118.95,Net Banking,Paid,Shipped,"682, Sector 15, Mysuru, Karnataka - 134333",2026-04-16
ORD01704,U0128,2025-06-16,21077.35,UPI,Paid,Delivered,"500, Ring Road, Patna, Bihar - 427254",2025-06-23
ORD01705,U0461,2026-01-01,5048.02,Credit Card,Paid,Processing,"980, Banjara Hills, Bengaluru, Karnataka - 422674",
ORD01706,U0156,2026-03-29,19562.0,UPI,Paid,Delivered,"235, Model Town, Ahmedabad, Gujarat - 500267",2026-04-02
ORD01707,U0293,2026-07-22,128088.59,UPI,Paid,Processing,"149, Ring Road, Bhubaneswar, Odisha - 745723",
ORD01708,U0491,2026-03-15,6358.98,Net Banking,Paid,Delivered,"260, MG Road, Vadodara, Gujarat - 440446",2026-03-20
ORD01709,U0003,2026-04-17,24177.13,UPI,Paid,Processing,"547, Model Town, Visakhapatnam, Andhra Pradesh - 404548",
ORD01710,U0163,2026-05-27,2449.0,Debit Card,Paid,Delivered,"489, Vasant Kunj, Patna, Bihar - 328933",2026-05-31
ORD01711,U0093,2026-01-21,4824.0,Credit Card,Paid,Delivered,"39, Station Road, Meerut, Uttar Pradesh - 932125",2026-01-30
ORD01712,U0027,2026-03-06,34370.1,UPI,Refunded,Cancelled,"663, Rajaji Nagar, Ghaziabad, Uttar Pradesh - 290072",
ORD01713,U0347,2026-06-03,67732.05,Debit Card,Paid,Processing,"579, Rajaji Nagar, Ghaziabad, Uttar Pradesh - 631504",
ORD01714,U0157,2026-01-06,4342.26,UPI,Paid,Delivered,"780, Gandhi Nagar, Guwahati, Assam - 277680",2026-01-11
ORD01715,U0273,2026-06-26,5340.0,UPI,Paid,Delivered,"232, Sector 15, Indore, Madhya Pradesh - 348432",2026-07-05
ORD01716,U0087,2026-07-10,33550.2,COD,Pending,Shipped,"485, MG Road, Faridabad, Haryana - 131966",2026-07-13
ORD01717,U0234,2026-07-09,210528.37,COD,Paid,Delivered,"861, Indiranagar, Vadodara, Gujarat - 253697",2026-07-19
ORD01718,U0330,2025-11-29,143019.9,Debit Card,Paid,Delivered,"354, Banjara Hills, Guwahati, Assam - 516138",2025-12-08
ORD01719,U0044,2026-05-17,14845.75,Debit Card,Paid,Delivered,"956, Sector 15, Ghaziabad, Uttar Pradesh - 793866",2026-05-20
ORD01720,U0484,2026-02-10,8004.3,UPI,Paid,Delivered,"129, MG Road, Ghaziabad, Uttar Pradesh - 672219",2026-02-13
ORD01721,U0088,2026-08-06,24511.5,Credit Card,Paid,Delivered,"471, Sector 15, Pune, Maharashtra - 939836",2026-08-07
ORD01722,U0346,2026-07-17,28778.82,Debit Card,Paid,Delivered,"584, Koramangala, Dehradun, Uttarakhand - 863244",2026-07-21
ORD01723,U0370,2026-01-23,4060.68,Credit Card,Paid,Delivered,"102, Koramangala, Chandigarh, Chandigarh - 936180",2026-01-27
ORD01724,U0340,2026-07-04,25342.8,COD,Paid,Delivered,"90, MG Road, Surat, Gujarat - 180662",2026-07-08
ORD01725,U0137,2026-08-04,28741.0,COD,Paid,Delivered,"575, Salt Lake, Chennai, Tamil Nadu - 969705",2026-08-07
ORD01726,U0420,2026-04-01,2607.32,UPI,Paid,Delivered,"732, Salt Lake, Ludhiana, Punjab - 987416",2026-04-06
ORD01727,U0148,2026-07-03,15719.0,Net Banking,Paid,Delivered,"196, Rajaji Nagar, Nagpur, Maharashtra - 934055",2026-07-09
ORD01728,U0383,2026-03-06,1320.0,Debit Card,Paid,Delivered,"426, Vasant Kunj, Ahmedabad, Gujarat - 107890",2026-03-13
ORD01729,U0378,2026-06-30,36212.0,Debit Card,Paid,Delivered,"357, Sector 15, Indore, Madhya Pradesh - 391238",2026-07-04
ORD01730,U0068,2026-08-06,18016.05,COD,Paid,Delivered,"519, Gandhi Nagar, Kochi, Kerala - 192180",2026-08-07
ORD01731,U0323,2025-10-01,30699.28,COD,Refunded,Cancelled,"123, Anna Nagar, Jaipur, Rajasthan - 462996",
ORD01732,U0420,2025-12-03,5130.0,UPI,Paid,Processing,"619, Green Park, Ludhiana, Punjab - 768260",
ORD01733,U0326,2025-05-10,67041.0,Credit Card,Paid,Delivered,"867, Anna Nagar, Vadodara, Gujarat - 160983",2025-05-16
ORD01734,U0448,2026-01-13,11058.15,COD,Paid,Delivered,"982, Station Road, Varanasi, Uttar Pradesh - 635045",2026-01-17
ORD01735,U0346,2026-05-29,161519.25,Credit Card,Paid,Delivered,"531, Park Street, Dehradun, Uttarakhand - 496017",2026-05-31
ORD01736,U0310,2026-07-21,217787.15,UPI,Paid,Delivered,"597, Koramangala, Rajkot, Gujarat - 644671",2026-07-24
ORD01737,U0077,2026-07-10,166.99,Credit Card,Paid,Delivered,"60, Park Street, Amritsar, Punjab - 663788",2026-07-19
ORD01738,U0171,2025-12-20,26074.76,UPI,Failed,Cancelled,"414, Gandhi Nagar, Jaipur, Rajasthan - 657608",
ORD01739,U0464,2025-12-27,9583.62,UPI,Failed,Cancelled,"350, Nehru Colony, Varanasi, Uttar Pradesh - 109287",
ORD01740,U0491,2026-04-04,1810.91,UPI,Paid,Shipped,"458, Civil Lines, Vadodara, Gujarat - 868532",2026-04-05
ORD01741,U0288,2025-05-28,12808.21,UPI,Paid,Delivered,"103, Sector 15, Indore, Madhya Pradesh - 129074",2025-06-06
ORD01742,U0462,2026-01-16,42300.96,Debit Card,Paid,Delivered,"148, Anna Nagar, Kanpur, Uttar Pradesh - 272987",2026-01-22
ORD01743,U0267,2026-03-19,17658.22,Credit Card,Paid,Delivered,"273, Station Road, Guwahati, Assam - 615867",2026-03-27
ORD01744,U0271,2025-04-28,1840.39,UPI,Paid,Delivered,"616, Gandhi Nagar, Jaipur, Rajasthan - 430844",2025-05-04
ORD01745,U0115,2026-07-10,14916.3,UPI,Paid,Delivered,"933, Anna Nagar, Dehradun, Uttarakhand - 172212",2026-07-16
ORD01746,U0037,2026-05-22,14867.0,Net Banking,Paid,Delivered,"351, Indiranagar, Amritsar, Punjab - 780112",2026-06-01
ORD01747,U0218,2026-06-22,132280.22,Debit Card,Paid,Delivered,"693, Sector 15, Bengaluru, Karnataka - 936665",2026-07-02
ORD01748,U0263,2025-01-16,93932.17,Debit Card,Paid,Delivered,"227, Ring Road, Kolkata, West Bengal - 939317",2025-01-22
ORD01749,U0017,2026-03-02,28890.75,Credit Card,Paid,Delivered,"248, Ring Road, Ludhiana, Punjab - 975620",2026-03-08
ORD01750,U0365,2026-05-02,92402.41,Debit Card,Paid,Delivered,"665, Model Town, Kochi, Kerala - 218909",2026-05-12
ORD01751,U0279,2025-11-09,12978.0,UPI,Paid,Processing,"631, Station Road, Delhi, Delhi - 299949",
ORD01752,U0256,2026-03-22,19081.99,Debit Card,Paid,Delivered,"279, Green Park, Bhubaneswar, Odisha - 771453",2026-03-30
ORD01753,U0396,2025-03-08,3955.1,UPI,Paid,Delivered,"904, Model Town, Mumbai, Maharashtra - 325192",2025-03-16
ORD01754,U0005,2026-07-10,20910.5,Debit Card,Paid,Delivered,"872, Salt Lake, Thane, Maharashtra - 899803",2026-07-16
ORD01755,U0129,2026-03-03,26257.5,UPI,Paid,Delivered,"243, Anna Nagar, Rajkot, Gujarat - 334589",2026-03-12
ORD01756,U0422,2026-03-29,16584.51,Debit Card,Paid,Delivered,"12, Ring Road, Kochi, Kerala - 350016",2026-04-04
ORD01757,U0408,2026-04-29,10755.7,UPI,Paid,Delivered,"118, Park Street, Nagpur, Maharashtra - 574440",2026-05-05
ORD01758,U0442,2026-05-14,4166.4,UPI,Paid,Delivered,"634, MG Road, Nagpur, Maharashtra - 951309",2026-05-23
ORD01759,U0094,2026-07-12,230861.22,COD,Paid,Delivered,"303, Green Park, Mysuru, Karnataka - 536675",2026-07-14
ORD01760,U0483,2025-11-20,12130.36,UPI,Paid,Shipped,"876, Sector 15, Thane, Maharashtra - 636755",2025-11-24
ORD01761,U0160,2026-03-26,10843.65,UPI,Paid,Delivered,"460, Ring Road, Faridabad, Haryana - 661184",2026-03-28
ORD01762,U0299,2025-12-25,56804.0,Net Banking,Paid,Processing,"605, Model Town, Chandigarh, Chandigarh - 252896",
ORD01763,U0295,2025-10-20,261092.62,Credit Card,Paid,Delivered,"898, Civil Lines, Chennai, Tamil Nadu - 180642",2025-10-22
ORD01764,U0286,2025-07-24,1904.5,UPI,Paid,Delivered,"450, Model Town, Hyderabad, Telangana - 205075",2025-07-29
ORD01765,U0472,2025-12-16,10560.52,UPI,Paid,Delivered,"836, Vasant Kunj, Chandigarh, Chandigarh - 413602",2025-12-22
ORD01766,U0033,2025-07-18,8140.0,UPI,Paid,Processing,"395, Salt Lake, Kanpur, Uttar Pradesh - 725446",
ORD01767,U0083,2026-05-30,17592.75,COD,Pending,Shipped,"990, Vasant Kunj, Hyderabad, Telangana - 500791",2026-05-31
ORD01768,U0188,2025-01-14,83031.48,Credit Card,Paid,Processing,"548, Gandhi Nagar, Thane, Maharashtra - 365636",
ORD01769,U0463,2025-05-31,3105.0,UPI,Paid,Delivered,"13, MG Road, Ludhiana, Punjab - 915425",2025-06-10
ORD01770,U0304,2026-07-10,29932.5,Credit Card,Paid,Delivered,"301, Civil Lines, Ludhiana, Punjab - 385467",2026-07-17
ORD01771,U0296,2026-07-25,52611.48,COD,Paid,Delivered,"710, Koramangala, Nashik, Maharashtra - 629783",2026-07-27
ORD01772,U0026,2026-06-27,19651.24,Credit Card,Failed,Cancelled,"384, Vasant Kunj, Mumbai, Maharashtra - 901107",
ORD01773,U0396,2025-12-04,154320.07,COD,Paid,Delivered,"870, Nehru Colony, Mumbai, Maharashtra - 763959",2025-12-12
ORD01774,U0377,2026-07-25,165530.04,UPI,Paid,Delivered,"628, Civil Lines, Faridabad, Haryana - 938944",2026-07-27
ORD01775,U0021,2025-11-21,50336.1,COD,Paid,Delivered,"716, Salt Lake, Bengaluru, Karnataka - 588403",2025-11-28
ORD01776,U0428,2026-05-26,9945.0,Debit Card,Paid,Delivered,"990, Gandhi Nagar, Chandigarh, Chandigarh - 834555",2026-05-28
ORD01777,U0430,2026-01-05,6081.11,Debit Card,Paid,Delivered,"914, Vasant Kunj, Rajkot, Gujarat - 833315",2026-01-07
ORD01778,U0489,2026-01-30,146415.6,UPI,Paid,Delivered,"559, Green Park, Faridabad, Haryana - 559284",2026-02-01
ORD01779,U0223,2026-07-02,16433.5,UPI,Paid,Delivered,"422, Gandhi Nagar, Kanpur, Uttar Pradesh - 375157",2026-07-05
ORD01780,U0250,2026-03-17,44997.0,Credit Card,Paid,Delivered,"724, Ring Road, Faridabad, Haryana - 162575",2026-03-23
ORD01781,U0357,2025-07-16,25919.46,Credit Card,Paid,Delivered,"807, Sector 15, Rajkot, Gujarat - 199892",2025-07-21
ORD01782,U0028,2026-07-22,18495.0,Credit Card,Paid,Delivered,"716, Ring Road, Mumbai, Maharashtra - 506013",2026-07-28
ORD01783,U0387,2025-07-08,31795.7,UPI,Failed,Cancelled,"474, Station Road, Meerut, Uttar Pradesh - 510421",
ORD01784,U0261,2026-04-27,4476.4,COD,Paid,Delivered,"25, Green Park, Amritsar, Punjab - 977424",2026-05-04
ORD01785,U0070,2025-02-23,21769.95,Debit Card,Refunded,Cancelled,"94, Green Park, Faridabad, Haryana - 496697",
ORD01786,U0484,2026-01-11,208352.7,UPI,Paid,Delivered,"620, Green Park, Ghaziabad, Uttar Pradesh - 936781",2026-01-14
ORD01787,U0095,2025-06-16,84765.69,UPI,Paid,Delivered,"258, Nehru Colony, Nagpur, Maharashtra - 501258",2025-06-19
ORD01788,U0385,2026-01-19,21858.0,Debit Card,Paid,Shipped,"777, Gandhi Nagar, Mumbai, Maharashtra - 518991",2026-01-20
ORD01789,U0041,2025-09-21,175077.0,Debit Card,Paid,Delivered,"805, MG Road, Mysuru, Karnataka - 122557",2025-09-29
ORD01790,U0287,2026-06-26,641.25,UPI,Paid,Delivered,"364, Ring Road, Bhubaneswar, Odisha - 471710",2026-06-29
ORD01791,U0200,2026-02-28,7259.29,UPI,Paid,Delivered,"405, Park Street, Varanasi, Uttar Pradesh - 909885",2026-03-10
ORD01792,U0261,2026-05-04,12978.0,Credit Card,Paid,Delivered,"473, MG Road, Amritsar, Punjab - 947364",2026-05-08
ORD01793,U0487,2025-06-02,58369.0,Debit Card,Paid,Delivered,"945, Nehru Colony, Mysuru, Karnataka - 403504",2025-06-12
ORD01794,U0291,2026-06-18,25476.35,Debit Card,Paid,Delivered,"528, Green Park, Patna, Bihar - 783162",2026-06-26
ORD01795,U0128,2025-10-28,21918.8,UPI,Paid,Delivered,"420, Green Park, Patna, Bihar - 602560",2025-11-06
ORD01796,U0282,2026-07-04,4824.0,Debit Card,Paid,Delivered,"140, Nehru Colony, Kochi, Kerala - 418262",2026-07-14
ORD01797,U0068,2026-08-06,50391.23,UPI,Paid,Delivered,"213, Ring Road, Kochi, Kerala - 853603",2026-08-07
ORD01798,U0078,2026-05-05,7092.47,UPI,Paid,Shipped,"699, Civil Lines, Rajkot, Gujarat - 522565",2026-05-07
ORD01799,U0194,2025-10-05,25181.93,UPI,Paid,Delivered,"935, Ring Road, Pune, Maharashtra - 619376",2025-10-13
ORD01800,U0352,2025-09-11,98498.04,UPI,Paid,Delivered,"170, Vasant Kunj, Kanpur, Uttar Pradesh - 329853",2025-09-21
ORD01801,U0054,2026-07-14,122883.93,Debit Card,Paid,Delivered,"83, Koramangala, Pune, Maharashtra - 983825",2026-07-21
ORD01802,U0313,2026-07-29,144853.95,Credit Card,Paid,Delivered,"759, Banjara Hills, Thane, Maharashtra - 916458",2026-08-07
ORD01803,U0047,2026-04-01,51668.08,Credit Card,Paid,Delivered,"116, Jubilee Hills, Bengaluru, Karnataka - 998625",2026-04-06
ORD01804,U0083,2026-06-16,154806.5,Debit Card,Paid,Delivered,"864, Civil Lines, Hyderabad, Telangana - 923887",2026-06-26
ORD01805,U0344,2026-03-11,33828.55,COD,Pending,Processing,"309, Banjara Hills, Coimbatore, Tamil Nadu - 388842",
ORD01806,U0178,2025-07-18,38739.8,Debit Card,Paid,Processing,"175, Model Town, Chandigarh, Chandigarh - 181640",
ORD01807,U0442,2026-02-14,3210.3,Debit Card,Paid,Delivered,"354, Station Road, Nagpur, Maharashtra - 332250",2026-02-18
ORD01808,U0292,2026-07-03,38842.77,UPI,Paid,Delivered,"447, Salt Lake, Faridabad, Haryana - 354902",2026-07-12
ORD01809,U0079,2025-05-24,130020.0,Debit Card,Paid,Delivered,"910, Lake View, Bhopal, Madhya Pradesh - 200963",2025-06-01
ORD01810,U0306,2025-12-29,7207.18,UPI,Paid,Shipped,"578, Green Park, Ghaziabad, Uttar Pradesh - 900277",2025-12-31
ORD01811,U0495,2025-08-24,107776.8,Debit Card,Paid,Delivered,"541, Indiranagar, Kochi, Kerala - 209625",2025-08-27
ORD01812,U0279,2025-11-19,625.6,UPI,Paid,Delivered,"655, Station Road, Delhi, Delhi - 451206",2025-11-25
ORD01813,U0361,2025-09-18,23978.04,UPI,Paid,Delivered,"986, MG Road, Mumbai, Maharashtra - 558924",2025-09-20
ORD01814,U0344,2026-08-06,105186.85,Debit Card,Paid,Delivered,"442, Banjara Hills, Coimbatore, Tamil Nadu - 574480",2026-08-07
ORD01815,U0001,2026-01-25,27896.95,UPI,Paid,Delivered,"145, Gandhi Nagar, Bhopal, Madhya Pradesh - 787666",2026-01-28
ORD01816,U0350,2026-05-09,11962.44,Debit Card,Paid,Delivered,"35, Ring Road, Chandigarh, Chandigarh - 788753",2026-05-19
ORD01817,U0352,2026-05-18,994.31,Credit Card,Paid,Delivered,"445, Model Town, Kanpur, Uttar Pradesh - 965177",2026-05-26
ORD01818,U0323,2026-07-08,139824.8,Credit Card,Paid,Delivered,"801, Rajaji Nagar, Jaipur, Rajasthan - 309669",2026-07-12
ORD01819,U0123,2025-08-26,312.8,Credit Card,Paid,Delivered,"917, Ring Road, Mysuru, Karnataka - 507350",2025-09-03
ORD01820,U0045,2026-07-28,25146.11,Net Banking,Paid,Delivered,"465, Station Road, Coimbatore, Tamil Nadu - 607545",2026-08-07
ORD01821,U0402,2026-01-29,150371.2,Credit Card,Paid,Processing,"935, Anna Nagar, Kochi, Kerala - 181874",
ORD01822,U0212,2025-12-28,95184.0,UPI,Failed,Cancelled,"730, Nehru Colony, Kanpur, Uttar Pradesh - 695012",
ORD01823,U0098,2026-07-31,15061.99,Credit Card,Paid,Delivered,"409, Civil Lines, Bhopal, Madhya Pradesh - 664464",2026-08-02
ORD01824,U0015,2025-11-11,117165.5,UPI,Paid,Delivered,"713, Lake View, Vadodara, Gujarat - 507465",2025-11-17
ORD01825,U0014,2026-07-03,21120.52,COD,Paid,Delivered,"762, Jubilee Hills, Lucknow, Uttar Pradesh - 976932",2026-07-07
ORD01826,U0325,2026-04-19,16931.8,UPI,Paid,Delivered,"65, Nehru Colony, Nagpur, Maharashtra - 407169",2026-04-21
ORD01827,U0081,2026-02-23,88834.48,COD,Pending,Processing,"313, Banjara Hills, Vadodara, Gujarat - 715417",
ORD01828,U0085,2026-02-19,330.88,Credit Card,Paid,Delivered,"905, Sector 15, Agra, Uttar Pradesh - 361367",2026-02-22
ORD01829,U0296,2026-07-07,8479.38,Net Banking,Refunded,Cancelled,"622, Vasant Kunj, Nashik, Maharashtra - 861815",
ORD01830,U0082,2026-03-20,16570.2,UPI,Paid,Shipped,"981, Sector 15, Kolkata, West Bengal - 347175",2026-03-24
ORD01831,U0493,2026-04-08,102831.7,Credit Card,Paid,Delivered,"818, Jubilee Hills, Agra, Uttar Pradesh - 697868",2026-04-10
ORD01832,U0348,2026-07-09,1164.6,Debit Card,Paid,Delivered,"228, Vasant Kunj, Jaipur, Rajasthan - 864625",2026-07-18
ORD01833,U0442,2026-03-04,126294.24,Net Banking,Paid,Delivered,"218, Gandhi Nagar, Nagpur, Maharashtra - 666534",2026-03-13
ORD01834,U0483,2025-10-28,235657.5,Debit Card,Paid,Delivered,"808, Banjara Hills, Thane, Maharashtra - 471903",2025-11-05
ORD01835,U0213,2025-12-20,7764.0,Credit Card,Paid,Processing,"328, Anna Nagar, Chandigarh, Chandigarh - 840353",
ORD01836,U0113,2026-01-07,109728.44,Debit Card,Paid,Delivered,"720, Sector 15, Thane, Maharashtra - 720923",2026-01-16
ORD01837,U0298,2026-07-04,25588.5,Debit Card,Paid,Delivered,"999, Anna Nagar, Vadodara, Gujarat - 767320",2026-07-14
ORD01838,U0422,2025-10-11,13465.3,COD,Paid,Delivered,"429, Jubilee Hills, Kochi, Kerala - 198847",2025-10-15
ORD01839,U0384,2026-05-13,109082.08,UPI,Paid,Delivered,"934, Green Park, Dehradun, Uttarakhand - 915243",2026-05-23
ORD01840,U0291,2026-06-04,16111.43,Credit Card,Paid,Delivered,"57, MG Road, Patna, Bihar - 762703",2026-06-06
ORD01841,U0479,2025-04-13,98244.25,COD,Paid,Delivered,"758, Indiranagar, Surat, Gujarat - 922779",2025-04-15
ORD01842,U0131,2025-09-20,47695.64,Debit Card,Refunded,Cancelled,"68, Banjara Hills, Meerut, Uttar Pradesh - 883853",
ORD01843,U0441,2025-10-01,19788.0,Credit Card,Paid,Delivered,"337, Lake View, Bhubaneswar, Odisha - 776213",2025-10-07
ORD01844,U0102,2025-07-17,2919.45,Credit Card,Paid,Delivered,"239, Vasant Kunj, Chennai, Tamil Nadu - 282272",2025-07-21
ORD01845,U0487,2026-04-16,32106.5,UPI,Paid,Delivered,"688, Gandhi Nagar, Mysuru, Karnataka - 905376",2026-04-18
ORD01846,U0431,2025-09-25,9282.0,COD,Paid,Delivered,"348, Ring Road, Jaipur, Rajasthan - 886067",2025-09-27
ORD01847,U0464,2025-01-17,15989.28,UPI,Paid,Delivered,"99, Gandhi Nagar, Varanasi, Uttar Pradesh - 186865",2025-01-20
ORD01848,U0270,2025-07-21,251367.0,UPI,Paid,Delivered,"807, Station Road, Ahmedabad, Gujarat - 781930",2025-07-29
ORD01849,U0037,2025-10-14,38550.62,Credit Card,Failed,Cancelled,"85, Church Street, Amritsar, Punjab - 745325",
ORD01850,U0052,2026-03-19,25583.22,Credit Card,Paid,Shipped,"734, MG Road, Varanasi, Uttar Pradesh - 846695",2026-03-20
ORD01851,U0459,2025-12-19,29058.0,UPI,Paid,Delivered,"646, Park Street, Rajkot, Gujarat - 572168",2025-12-28
ORD01852,U0282,2026-04-01,114221.35,Debit Card,Paid,Delivered,"980, Jubilee Hills, Kochi, Kerala - 889332",2026-04-08
ORD01853,U0067,2025-11-10,47660.62,UPI,Paid,Delivered,"301, Model Town, Mysuru, Karnataka - 444451",2025-11-16
ORD01854,U0142,2026-03-31,197908.08,COD,Paid,Delivered,"892, Ring Road, Kolkata, West Bengal - 707002",2026-04-08
ORD01855,U0122,2025-12-15,33972.6,UPI,Paid,Delivered,"19, Station Road, Mumbai, Maharashtra - 938768",2025-12-20
ORD01856,U0480,2026-05-25,86996.67,UPI,Refunded,Cancelled,"977, Anna Nagar, Nagpur, Maharashtra - 748348",
ORD01857,U0043,2026-04-03,53426.5,UPI,Paid,Delivered,"99, Anna Nagar, Chennai, Tamil Nadu - 519284",2026-04-06
ORD01858,U0328,2025-12-08,8404.2,Net Banking,Paid,Delivered,"729, Model Town, Agra, Uttar Pradesh - 266166",2025-12-14
ORD01859,U0103,2026-04-27,6744.0,UPI,Paid,Delivered,"479, Station Road, Lucknow, Uttar Pradesh - 602530",2026-05-02
ORD01860,U0036,2026-03-27,4138.8,COD,Paid,Delivered,"97, Lake View, Ahmedabad, Gujarat - 855753",2026-04-01
ORD01861,U0069,2026-04-18,2690.49,Credit Card,Paid,Shipped,"40, Church Street, Amritsar, Punjab - 849045",2026-04-22
ORD01862,U0287,2026-06-20,69520.61,Net Banking,Failed,Cancelled,"583, Gandhi Nagar, Bhubaneswar, Odisha - 947751",
ORD01863,U0308,2026-08-03,8230.8,COD,Paid,Delivered,"685, Rajaji Nagar, Thane, Maharashtra - 699394",2026-08-07
ORD01864,U0250,2026-01-26,19309.4,UPI,Paid,Delivered,"527, Jubilee Hills, Faridabad, Haryana - 612989",2026-01-29
ORD01865,U0168,2026-06-26,143147.0,UPI,Paid,Delivered,"913, Vasant Kunj, Jaipur, Rajasthan - 511863",2026-07-06
ORD01866,U0073,2025-04-15,199380.0,Credit Card,Paid,Shipped,"838, Green Park, Rajkot, Gujarat - 327450",2025-04-16
ORD01867,U0321,2025-10-31,11125.22,Net Banking,Paid,Delivered,"407, Banjara Hills, Indore, Madhya Pradesh - 670236",2025-11-04
ORD01868,U0158,2026-06-25,5070.0,UPI,Paid,Delivered,"334, Indiranagar, Coimbatore, Tamil Nadu - 720355",2026-06-29
ORD01869,U0270,2025-01-30,23940.0,Credit Card,Paid,Delivered,"984, Banjara Hills, Ahmedabad, Gujarat - 380771",2025-02-04
ORD01870,U0431,2026-05-06,24443.75,Debit Card,Paid,Delivered,"835, Park Street, Jaipur, Rajasthan - 679590",2026-05-16
ORD01871,U0408,2026-06-19,28030.64,UPI,Paid,Delivered,"904, Ring Road, Nagpur, Maharashtra - 380177",2026-06-28
ORD01872,U0133,2026-04-04,19661.0,Credit Card,Paid,Delivered,"211, Park Street, Indore, Madhya Pradesh - 230334",2026-04-08
ORD01873,U0091,2026-01-23,981.75,Debit Card,Paid,Delivered,"906, MG Road, Bhopal, Madhya Pradesh - 444790",2026-01-26
ORD01874,U0328,2026-06-15,78853.5,UPI,Paid,Delivered,"542, Nehru Colony, Agra, Uttar Pradesh - 920583",2026-06-17
ORD01875,U0391,2025-07-28,98912.6,Credit Card,Paid,Delivered,"729, Banjara Hills, Nashik, Maharashtra - 410784",2025-08-02
ORD01876,U0029,2026-07-11,133883.8,COD,Failed,Cancelled,"606, Ring Road, Guwahati, Assam - 532923",
ORD01877,U0039,2026-03-21,21339.0,UPI,Paid,Delivered,"230, Church Street, Varanasi, Uttar Pradesh - 693035",2026-03-29
ORD01878,U0267,2026-01-19,33181.6,Credit Card,Paid,Shipped,"189, Nehru Colony, Guwahati, Assam - 667237",2026-01-21
ORD01879,U0022,2026-04-22,3909.9,Net Banking,Paid,Delivered,"749, Banjara Hills, Agra, Uttar Pradesh - 441246",2026-04-26
ORD01880,U0070,2025-03-20,56475.0,Net Banking,Paid,Delivered,"473, Ring Road, Faridabad, Haryana - 513738",2025-03-28
ORD01881,U0045,2026-07-23,9443.1,Credit Card,Refunded,Cancelled,"861, Anna Nagar, Coimbatore, Tamil Nadu - 767020",
ORD01882,U0059,2026-05-29,43839.0,Credit Card,Paid,Delivered,"612, Banjara Hills, Kochi, Kerala - 720575",2026-06-01
ORD01883,U0203,2026-05-14,50187.82,UPI,Paid,Shipped,"47, Salt Lake, Nashik, Maharashtra - 378227",2026-05-18
ORD01884,U0367,2026-06-07,140405.32,COD,Paid,Delivered,"889, MG Road, Chandigarh, Chandigarh - 211355",2026-06-12
ORD01885,U0053,2026-08-06,3002.0,Credit Card,Paid,Delivered,"347, Salt Lake, Nagpur, Maharashtra - 626498",2026-08-07
ORD01886,U0332,2026-01-08,24415.4,UPI,Paid,Delivered,"843, Salt Lake, Nagpur, Maharashtra - 492729",2026-01-11
ORD01887,U0430,2026-04-30,15209.53,Debit Card,Paid,Delivered,"758, Jubilee Hills, Rajkot, Gujarat - 298222",2026-05-08
ORD01888,U0431,2026-02-11,14959.6,Net Banking,Paid,Delivered,"683, Park Street, Jaipur, Rajasthan - 423681",2026-02-15
ORD01889,U0206,2024-11-09,492.0,Net Banking,Paid,Processing,"348, Gandhi Nagar, Nagpur, Maharashtra - 908764",
ORD01890,U0027,2025-09-08,371864.67,Credit Card,Paid,Delivered,"119, Vasant Kunj, Ghaziabad, Uttar Pradesh - 920031",2025-09-11
ORD01891,U0484,2026-03-28,9435.6,Debit Card,Paid,Delivered,"538, Rajaji Nagar, Ghaziabad, Uttar Pradesh - 382935",2026-04-03
ORD01892,U0267,2026-06-01,85789.42,UPI,Paid,Processing,"253, Banjara Hills, Guwahati, Assam - 714695",
ORD01893,U0156,2026-07-31,6330.8,Credit Card,Refunded,Cancelled,"51, Sector 15, Ahmedabad, Gujarat - 285314",
ORD01894,U0210,2026-04-29,34392.8,Credit Card,Paid,Delivered,"537, Lake View, Mysuru, Karnataka - 119745",2026-05-04
ORD01895,U0427,2025-09-02,23800.0,UPI,Paid,Processing,"474, Indiranagar, Bhubaneswar, Odisha - 527104",
ORD01896,U0270,2026-05-23,13587.1,UPI,Paid,Shipped,"258, Park Street, Ahmedabad, Gujarat - 177043",2026-05-24
ORD01897,U0138,2025-11-15,115453.63,UPI,Paid,Delivered,"700, Koramangala, Bhubaneswar, Odisha - 687138",2025-11-19
ORD01898,U0340,2026-07-22,165894.15,Credit Card,Paid,Delivered,"750, Rajaji Nagar, Surat, Gujarat - 881226",2026-07-31
ORD01899,U0135,2025-01-18,16046.21,COD,Refunded,Cancelled,"373, Ring Road, Thane, Maharashtra - 414665",
ORD01900,U0098,2026-06-19,472.0,UPI,Paid,Delivered,"179, Sector 15, Bhopal, Madhya Pradesh - 801948",2026-06-21
ORD01901,U0367,2025-04-04,19781.38,UPI,Paid,Delivered,"660, Nehru Colony, Chandigarh, Chandigarh - 520668",2025-04-09
ORD01902,U0401,2025-12-06,37960.24,COD,Paid,Delivered,"838, Rajaji Nagar, Delhi, Delhi - 423500",2025-12-12
ORD01903,U0455,2026-07-30,8670.65,Net Banking,Paid,Delivered,"716, Gandhi Nagar, Coimbatore, Tamil Nadu - 637905",2026-08-04
ORD01904,U0318,2025-06-24,5190.0,Debit Card,Paid,Delivered,"254, MG Road, Ahmedabad, Gujarat - 175986",2025-06-28
ORD01905,U0315,2025-07-09,7131.4,Credit Card,Paid,Delivered,"28, Nehru Colony, Meerut, Uttar Pradesh - 724360",2025-07-11
ORD01906,U0133,2026-04-06,29941.8,COD,Paid,Delivered,"534, Rajaji Nagar, Indore, Madhya Pradesh - 834141",2026-04-10
ORD01907,U0060,2025-12-23,11246.3,UPI,Paid,Processing,"978, Station Road, Kolkata, West Bengal - 801368",
ORD01908,U0370,2025-10-10,1744.4,Credit Card,Paid,Delivered,"881, Anna Nagar, Chandigarh, Chandigarh - 277883",2025-10-15
ORD01909,U0087,2026-07-03,64978.54,UPI,Paid,Delivered,"497, Indiranagar, Faridabad, Haryana - 819664",2026-07-11
ORD01910,U0080,2026-07-02,61111.49,Credit Card,Paid,Delivered,"390, Church Street, Surat, Gujarat - 198806",2026-07-04
ORD01911,U0350,2026-03-20,25969.2,Net Banking,Paid,Delivered,"599, Nehru Colony, Chandigarh, Chandigarh - 358474",2026-03-30
ORD01912,U0068,2026-08-06,2216.4,Debit Card,Paid,Delivered,"943, Green Park, Kochi, Kerala - 959027",2026-08-07
ORD01913,U0404,2026-07-16,32298.9,UPI,Paid,Delivered,"872, Station Road, Dehradun, Uttarakhand - 831931",2026-07-22
ORD01914,U0330,2024-09-25,31804.26,COD,Paid,Delivered,"310, Nehru Colony, Guwahati, Assam - 202707",2024-09-29
ORD01915,U0279,2025-10-07,19503.0,Debit Card,Paid,Delivered,"642, Green Park, Delhi, Delhi - 201857",2025-10-14
ORD01916,U0069,2025-12-22,26745.35,Debit Card,Paid,Processing,"340, Sector 15, Amritsar, Punjab - 519430",
ORD01917,U0423,2026-03-19,93689.75,Net Banking,Paid,Delivered,"152, Station Road, Surat, Gujarat - 252064",2026-03-22
ORD01918,U0346,2026-05-01,48561.82,UPI,Paid,Delivered,"946, Ring Road, Dehradun, Uttarakhand - 689168",2026-05-06
ORD01919,U0469,2025-09-16,6706.5,COD,Paid,Delivered,"99, Civil Lines, Nashik, Maharashtra - 345502",2025-09-21
ORD01920,U0428,2026-04-28,36518.66,COD,Failed,Cancelled,"940, Rajaji Nagar, Chandigarh, Chandigarh - 184349",
ORD01921,U0297,2026-01-15,13072.0,Credit Card,Paid,Delivered,"135, Lake View, Faridabad, Haryana - 720215",2026-01-20
ORD01922,U0467,2026-01-27,127895.0,COD,Pending,Processing,"898, Anna Nagar, Patna, Bihar - 677236",
ORD01923,U0372,2025-10-24,29959.5,Net Banking,Refunded,Cancelled,"950, Koramangala, Bengaluru, Karnataka - 218854",
ORD01924,U0034,2026-07-22,81430.71,Debit Card,Paid,Delivered,"356, Gandhi Nagar, Chennai, Tamil Nadu - 383591",2026-08-01
ORD01925,U0003,2025-07-28,22717.3,UPI,Paid,Delivered,"382, Model Town, Visakhapatnam, Andhra Pradesh - 341431",2025-08-01
ORD01926,U0070,2025-06-08,20818.49,Debit Card,Paid,Delivered,"753, Indiranagar, Faridabad, Haryana - 595425",2025-06-14
ORD01927,U0391,2025-12-19,110663.35,UPI,Paid,Delivered,"230, Gandhi Nagar, Nashik, Maharashtra - 716314",2025-12-27
ORD01928,U0162,2026-05-13,12713.78,COD,Pending,Processing,"121, Nehru Colony, Vadodara, Gujarat - 268515",
ORD01929,U0156,2026-04-13,582.3,UPI,Paid,Delivered,"568, Banjara Hills, Ahmedabad, Gujarat - 384417",2026-04-18
ORD01930,U0319,2026-08-06,103566.96,Credit Card,Paid,Delivered,"248, Lake View, Kanpur, Uttar Pradesh - 370610",2026-08-07
ORD01931,U0223,2026-01-10,13641.0,Credit Card,Paid,Delivered,"811, Anna Nagar, Kanpur, Uttar Pradesh - 782862",2026-01-16
ORD01932,U0221,2026-08-06,5803.15,UPI,Paid,Delivered,"25, Rajaji Nagar, Mumbai, Maharashtra - 310208",2026-08-07
ORD01933,U0385,2025-12-02,60276.2,UPI,Paid,Delivered,"550, Model Town, Mumbai, Maharashtra - 182199",2025-12-07
ORD01934,U0400,2026-06-30,34453.0,Credit Card,Paid,Shipped,"491, Nehru Colony, Patna, Bihar - 731501",2026-07-04
ORD01935,U0478,2026-04-20,47484.3,UPI,Paid,Processing,"459, Jubilee Hills, Visakhapatnam, Andhra Pradesh - 179355",
ORD01936,U0399,2026-01-06,497.25,UPI,Paid,Shipped,"305, Civil Lines, Rajkot, Gujarat - 632856",2026-01-08
ORD01937,U0094,2026-06-04,27288.8,UPI,Paid,Delivered,"715, Green Park, Mysuru, Karnataka - 674628",2026-06-14
ORD01938,U0261,2026-04-01,3990.0,Credit Card,Failed,Cancelled,"5, Anna Nagar, Amritsar, Punjab - 143973",
ORD01939,U0107,2024-10-27,2016.65,Credit Card,Paid,Delivered,"380, Banjara Hills, Pune, Maharashtra - 960689",2024-11-01
ORD01940,U0066,2026-01-05,28472.1,Net Banking,Failed,Cancelled,"404, Koramangala, Kanpur, Uttar Pradesh - 455537",
ORD01941,U0067,2025-12-08,55188.62,Credit Card,Paid,Delivered,"361, Vasant Kunj, Mysuru, Karnataka - 309150",2025-12-14
ORD01942,U0377,2026-07-27,30498.0,COD,Paid,Delivered,"453, Gandhi Nagar, Faridabad, Haryana - 432148",2026-08-01
ORD01943,U0308,2025-10-17,25596.8,Debit Card,Paid,Delivered,"450, Salt Lake, Thane, Maharashtra - 117237",2025-10-24
ORD01944,U0369,2025-06-15,103039.43,Credit Card,Paid,Delivered,"525, Green Park, Chandigarh, Chandigarh - 415378",2025-06-17
ORD01945,U0146,2025-07-21,468.75,Credit Card,Paid,Delivered,"668, Station Road, Patna, Bihar - 721943",2025-07-28
ORD01946,U0472,2026-04-13,10266.0,COD,Paid,Delivered,"85, Jubilee Hills, Chandigarh, Chandigarh - 748022",2026-04-20
ORD01947,U0101,2026-04-28,973.46,COD,Paid,Delivered,"906, Vasant Kunj, Jaipur, Rajasthan - 667592",2026-05-08
ORD01948,U0419,2025-07-31,81610.77,UPI,Paid,Delivered,"773, Jubilee Hills, Ghaziabad, Uttar Pradesh - 507880",2025-08-06
ORD01949,U0142,2026-03-07,46278.0,UPI,Paid,Shipped,"919, Sector 15, Kolkata, West Bengal - 274818",2026-03-08
ORD01950,U0249,2026-07-19,5785.5,Credit Card,Paid,Delivered,"56, Sector 15, Nagpur, Maharashtra - 501558",2026-07-21
ORD01951,U0422,2026-05-07,5880.0,UPI,Paid,Shipped,"604, Vasant Kunj, Kochi, Kerala - 155039",2026-05-11
ORD01952,U0034,2026-08-06,42337.5,UPI,Paid,Delivered,"850, Nehru Colony, Chennai, Tamil Nadu - 594325",2026-08-07
ORD01953,U0270,2026-07-17,16626.35,UPI,Paid,Delivered,"483, Indiranagar, Ahmedabad, Gujarat - 271338",2026-07-25
ORD01954,U0083,2026-05-15,131232.85,Debit Card,Paid,Delivered,"384, Vasant Kunj, Hyderabad, Telangana - 358197",2026-05-23
ORD01955,U0232,2026-05-31,25758.0,Net Banking,Failed,Cancelled,"185, Salt Lake, Guwahati, Assam - 250334",
ORD01956,U0424,2026-08-04,1806.14,UPI,Paid,Shipped,"855, Lake View, Meerut, Uttar Pradesh - 290391",2026-08-06
ORD01957,U0044,2026-04-21,89498.6,COD,Failed,Cancelled,"481, Green Park, Ghaziabad, Uttar Pradesh - 908740",
ORD01958,U0132,2025-07-29,10817.19,COD,Paid,Delivered,"567, Gandhi Nagar, Indore, Madhya Pradesh - 336236",2025-08-07
ORD01959,U0079,2025-01-07,37156.5,Net Banking,Paid,Delivered,"345, Sector 15, Bhopal, Madhya Pradesh - 172222",2025-01-14
ORD01960,U0221,2026-07-02,78953.48,Debit Card,Refunded,Cancelled,"847, Rajaji Nagar, Mumbai, Maharashtra - 491020",
ORD01961,U0129,2026-04-03,64646.0,Net Banking,Paid,Delivered,"680, Church Street, Rajkot, Gujarat - 233438",2026-04-10
ORD01962,U0232,2025-10-16,353967.05,Credit Card,Paid,Delivered,"731, Civil Lines, Guwahati, Assam - 654425",2025-10-24
ORD01963,U0195,2025-10-29,1948.8,COD,Paid,Delivered,"486, Church Street, Chennai, Tamil Nadu - 920071",2025-11-06
ORD01964,U0054,2026-07-16,23937.48,UPI,Paid,Shipped,"660, Vasant Kunj, Pune, Maharashtra - 234575",2026-07-17
ORD01965,U0300,2026-07-28,61808.0,COD,Pending,Shipped,"984, Lake View, Kochi, Kerala - 319761",2026-07-30
ORD01966,U0296,2026-07-15,168825.0,Credit Card,Paid,Shipped,"337, Church Street, Nashik, Maharashtra - 574207",2026-07-18
ORD01967,U0369,2025-10-10,18984.32,UPI,Refunded,Cancelled,"115, Nehru Colony, Chandigarh, Chandigarh - 644648",
ORD01968,U0043,2026-07-29,106163.18,Debit Card,Paid,Delivered,"345, Church Street, Chennai, Tamil Nadu - 824690",2026-08-02
ORD01969,U0300,2026-08-02,264866.4,Debit Card,Paid,Processing,"783, Rajaji Nagar, Kochi, Kerala - 867577",
ORD01970,U0128,2025-03-30,346.92,Debit Card,Paid,Delivered,"341, Salt Lake, Patna, Bihar - 629677",2025-04-08
ORD01971,U0235,2026-07-23,81116.0,Credit Card,Paid,Delivered,"415, Green Park, Vadodara, Gujarat - 602837",2026-07-25
ORD01972,U0402,2026-03-29,77472.0,Credit Card,Failed,Cancelled,"212, Salt Lake, Kochi, Kerala - 483455",
ORD01973,U0388,2025-05-29,3821.85,UPI,Paid,Delivered,"657, Anna Nagar, Varanasi, Uttar Pradesh - 110489",2025-05-31
ORD01974,U0296,2026-07-19,6271.2,UPI,Paid,Delivered,"6, Rajaji Nagar, Nashik, Maharashtra - 160521",2026-07-29
ORD01975,U0419,2025-08-02,3960.0,Debit Card,Paid,Delivered,"189, Civil Lines, Ghaziabad, Uttar Pradesh - 703927",2025-08-04
ORD01976,U0013,2026-06-12,49334.06,Debit Card,Failed,Cancelled,"584, Station Road, Nagpur, Maharashtra - 912405",
ORD01977,U0432,2025-10-17,7228.74,Debit Card,Paid,Delivered,"479, Sector 15, Lucknow, Uttar Pradesh - 468129",2025-10-25
ORD01978,U0215,2026-04-28,34800.48,Credit Card,Paid,Shipped,"846, Salt Lake, Jaipur, Rajasthan - 485235",2026-05-01
ORD01979,U0310,2026-06-28,15009.8,Net Banking,Paid,Delivered,"822, Jubilee Hills, Rajkot, Gujarat - 545467",2026-07-07
ORD01980,U0243,2026-03-29,56373.0,UPI,Paid,Delivered,"956, Gandhi Nagar, Chennai, Tamil Nadu - 482417",2026-04-07
ORD01981,U0132,2026-06-24,51478.47,COD,Paid,Delivered,"356, Anna Nagar, Indore, Madhya Pradesh - 621036",2026-06-27
ORD01982,U0426,2026-07-12,2266.8,Debit Card,Paid,Shipped,"254, Ring Road, Kolkata, West Bengal - 641104",2026-07-13
ORD01983,U0455,2026-07-20,16739.0,UPI,Paid,Shipped,"972, Model Town, Coimbatore, Tamil Nadu - 960053",2026-07-24
ORD01984,U0170,2026-07-24,5463.9,COD,Pending,Shipped,"885, Park Street, Ghaziabad, Uttar Pradesh - 287563",2026-07-25
ORD01985,U0370,2025-11-30,4409.24,Credit Card,Paid,Delivered,"98, Salt Lake, Chandigarh, Chandigarh - 376964",2025-12-06
ORD01986,U0204,2025-12-19,3619.15,Debit Card,Paid,Delivered,"650, Banjara Hills, Hyderabad, Telangana - 192996",2025-12-23
ORD01987,U0183,2026-08-05,7568.0,Net Banking,Paid,Delivered,"782, Ring Road, Kolkata, West Bengal - 254387",2026-08-07
ORD01988,U0282,2026-04-20,37248.74,UPI,Paid,Shipped,"816, Indiranagar, Kochi, Kerala - 465424",2026-04-22
ORD01989,U0433,2026-01-19,53052.75,Credit Card,Paid,Delivered,"249, Rajaji Nagar, Meerut, Uttar Pradesh - 883383",2026-01-27
ORD01990,U0286,2026-01-27,22497.36,Net Banking,Paid,Delivered,"760, Rajaji Nagar, Hyderabad, Telangana - 457749",2026-02-06
ORD01991,U0373,2026-04-05,243810.3,COD,Paid,Delivered,"892, Rajaji Nagar, Delhi, Delhi - 662094",2026-04-12
ORD01992,U0493,2026-07-13,60362.42,Debit Card,Paid,Processing,"606, Rajaji Nagar, Agra, Uttar Pradesh - 726674",
ORD01993,U0069,2025-09-01,62501.9,Credit Card,Paid,Delivered,"498, Station Road, Amritsar, Punjab - 486739",2025-09-06
ORD01994,U0132,2025-12-19,40865.25,Debit Card,Paid,Processing,"974, Anna Nagar, Indore, Madhya Pradesh - 972254",
ORD01995,U0095,2025-12-09,63632.65,UPI,Paid,Delivered,"293, Green Park, Nagpur, Maharashtra - 553863",2025-12-12
ORD01996,U0396,2025-12-11,32630.02,UPI,Paid,Delivered,"787, Anna Nagar, Mumbai, Maharashtra - 470779",2025-12-13
ORD01997,U0484,2026-05-25,1100.0,Credit Card,Paid,Processing,"528, Jubilee Hills, Ghaziabad, Uttar Pradesh - 232719",
ORD01998,U0311,2026-08-03,293.93,UPI,Paid,Delivered,"103, Salt Lake, Dehradun, Uttarakhand - 489423",2026-08-07
ORD01999,U0286,2026-03-18,20414.75,Credit Card,Paid,Delivered,"711, Station Road, Hyderabad, Telangana - 498490",2026-03-23
ORD02000,U0179,2026-02-09,27897.85,Credit Card,Paid,Delivered,"367, Sector 15, Delhi, Delhi - 902315",2026-02-16
ORD02001,U0129,2025-11-27,85439.4,Credit Card,Paid,Processing,"997, Station Road, Rajkot, Gujarat - 874567",
ORD02002,U0212,2026-05-11,35443.4,Debit Card,Paid,Delivered,"907, Anna Nagar, Kanpur, Uttar Pradesh - 826968",2026-05-13
ORD02003,U0328,2026-01-24,2945.0,Credit Card,Paid,Delivered,"344, Civil Lines, Agra, Uttar Pradesh - 854166",2026-01-29
ORD02004,U0126,2026-01-04,80464.24,UPI,Failed,Cancelled,"983, Park Street, Dehradun, Uttarakhand - 156929",
ORD02005,U0190,2026-05-06,87457.24,Credit Card,Paid,Delivered,"36, Vasant Kunj, Kolkata, West Bengal - 689095",2026-05-08
ORD02006,U0162,2026-04-28,13450.0,COD,Pending,Shipped,"857, Lake View, Vadodara, Gujarat - 850214",2026-04-29
ORD02007,U0373,2026-06-16,32127.72,Net Banking,Paid,Delivered,"145, Rajaji Nagar, Delhi, Delhi - 514620",2026-06-22
ORD02008,U0220,2026-03-21,3641.88,COD,Refunded,Cancelled,"687, Indiranagar, Pune, Maharashtra - 560955",
ORD02009,U0195,2025-02-22,162502.51,UPI,Paid,Delivered,"808, Anna Nagar, Chennai, Tamil Nadu - 234999",2025-02-24
ORD02010,U0394,2026-03-18,14107.48,UPI,Paid,Delivered,"352, Rajaji Nagar, Hyderabad, Telangana - 498898",2026-03-23
ORD02011,U0223,2025-07-10,270.0,UPI,Paid,Delivered,"188, Indiranagar, Kanpur, Uttar Pradesh - 428125",2025-07-13
ORD02012,U0324,2026-05-21,33269.0,Debit Card,Paid,Delivered,"294, Green Park, Vadodara, Gujarat - 301611",2026-05-27
ORD02013,U0406,2026-08-03,9350.25,UPI,Paid,Shipped,"541, Gandhi Nagar, Kolkata, West Bengal - 742617",2026-08-04
ORD02014,U0123,2025-01-16,257685.0,UPI,Paid,Processing,"278, Model Town, Mysuru, Karnataka - 807180",
ORD02015,U0058,2025-10-13,2334.62,COD,Pending,Processing,"76, Rajaji Nagar, Chandigarh, Chandigarh - 328862",
ORD02016,U0324,2026-03-24,256028.49,COD,Paid,Delivered,"793, Koramangala, Vadodara, Gujarat - 587536",2026-03-27
ORD02017,U0250,2025-09-23,39358.5,Credit Card,Paid,Delivered,"615, Sector 15, Faridabad, Haryana - 271965",2025-10-02
ORD02018,U0272,2026-03-26,125656.5,UPI,Paid,Delivered,"775, Indiranagar, Meerut, Uttar Pradesh - 422979",2026-03-29
ORD02019,U0146,2026-03-18,96041.4,Debit Card,Paid,Delivered,"443, Anna Nagar, Patna, Bihar - 598204",2026-03-20
ORD02020,U0479,2025-08-01,4846.6,UPI,Paid,Delivered,"329, Model Town, Surat, Gujarat - 986564",2025-08-08
ORD02021,U0462,2026-04-29,42001.5,COD,Paid,Delivered,"264, Indiranagar, Kanpur, Uttar Pradesh - 548880",2026-05-06
ORD02022,U0308,2026-02-26,1497.8,Credit Card,Paid,Delivered,"524, Civil Lines, Thane, Maharashtra - 370944",2026-03-02
ORD02023,U0232,2025-07-31,34860.6,COD,Paid,Delivered,"118, Jubilee Hills, Guwahati, Assam - 624920",2025-08-02
ORD02024,U0115,2026-02-20,14230.5,Credit Card,Paid,Delivered,"809, Lake View, Dehradun, Uttarakhand - 669254",2026-03-01
ORD02025,U0409,2026-03-11,7018.65,UPI,Paid,Delivered,"548, Rajaji Nagar, Bhubaneswar, Odisha - 405611",2026-03-14
ORD02026,U0326,2025-07-28,18998.9,UPI,Paid,Delivered,"461, Model Town, Vadodara, Gujarat - 152563",2025-08-04
ORD02027,U0298,2026-07-19,808.36,UPI,Paid,Shipped,"958, Jubilee Hills, Vadodara, Gujarat - 190724",2026-07-21
ORD02028,U0143,2026-04-20,46377.17,UPI,Paid,Delivered,"191, Ring Road, Thane, Maharashtra - 343198",2026-04-29
ORD02029,U0169,2025-05-12,7880.0,COD,Paid,Delivered,"983, Vasant Kunj, Jaipur, Rajasthan - 984994",2025-05-17
ORD02030,U0162,2026-03-16,8720.3,COD,Paid,Delivered,"264, Salt Lake, Vadodara, Gujarat - 927417",2026-03-18
ORD02031,U0034,2026-08-02,89663.0,Debit Card,Failed,Cancelled,"400, Ring Road, Chennai, Tamil Nadu - 772043",
ORD02032,U0291,2026-05-28,358106.4,Credit Card,Paid,Shipped,"336, Indiranagar, Patna, Bihar - 167535",2026-05-29
ORD02033,U0181,2025-10-07,4936.68,COD,Pending,Shipped,"270, Station Road, Bhopal, Madhya Pradesh - 572924",2025-10-09
ORD02034,U0156,2026-06-16,32550.0,Credit Card,Paid,Delivered,"171, Lake View, Ahmedabad, Gujarat - 869730",2026-06-24
ORD02035,U0300,2026-08-05,32890.36,Credit Card,Paid,Delivered,"669, Ring Road, Kochi, Kerala - 836876",2026-08-07
ORD02036,U0394,2026-07-11,68263.22,Debit Card,Paid,Delivered,"360, Nehru Colony, Hyderabad, Telangana - 434590",2026-07-14
ORD02037,U0428,2025-11-14,26655.21,UPI,Paid,Delivered,"378, Rajaji Nagar, Chandigarh, Chandigarh - 579450",2025-11-24
ORD02038,U0279,2025-10-24,28717.55,Net Banking,Paid,Delivered,"196, Lake View, Delhi, Delhi - 831017",2025-11-03
ORD02039,U0251,2026-07-30,32991.25,Credit Card,Paid,Delivered,"23, Station Road, Jaipur, Rajasthan - 968217",2026-08-07
ORD02040,U0200,2026-07-30,3416.0,Debit Card,Paid,Delivered,"213, Indiranagar, Varanasi, Uttar Pradesh - 921994",2026-08-02
ORD02041,U0319,2026-08-06,549.1,COD,Paid,Delivered,"841, Lake View, Kanpur, Uttar Pradesh - 211504",2026-08-07
ORD02042,U0104,2025-03-11,85050.0,UPI,Paid,Delivered,"34, Gandhi Nagar, Surat, Gujarat - 172152",2025-03-18
ORD02043,U0420,2025-11-24,7132.5,UPI,Paid,Delivered,"757, Jubilee Hills, Ludhiana, Punjab - 967399",2025-11-26
ORD02044,U0137,2026-08-04,14010.05,Credit Card,Paid,Shipped,"229, MG Road, Chennai, Tamil Nadu - 634197",2026-08-05
ORD02045,U0139,2025-03-17,47159.59,Net Banking,Paid,Delivered,"201, Model Town, Rajkot, Gujarat - 777297",2025-03-20
ORD02046,U0187,2025-04-19,6133.1,Debit Card,Paid,Delivered,"907, Banjara Hills, Bhubaneswar, Odisha - 726497",2025-04-21
ORD02047,U0480,2026-08-03,19091.68,UPI,Paid,Delivered,"616, Jubilee Hills, Nagpur, Maharashtra - 196042",2026-08-07
ORD02048,U0007,2026-04-22,113864.48,UPI,Refunded,Cancelled,"626, Model Town, Amritsar, Punjab - 727105",
ORD02049,U0436,2025-06-15,120143.9,UPI,Paid,Delivered,"825, Station Road, Kanpur, Uttar Pradesh - 633438",2025-06-23
ORD02050,U0138,2026-03-03,6615.2,UPI,Paid,Delivered,"137, Station Road, Bhubaneswar, Odisha - 797658",2026-03-13
ORD02051,U0268,2026-07-09,1631.11,Debit Card,Paid,Delivered,"711, Sector 15, Meerut, Uttar Pradesh - 955207",2026-07-12
ORD02052,U0136,2026-01-31,938.4,Credit Card,Paid,Delivered,"453, Nehru Colony, Kochi, Kerala - 501239",2026-02-06
ORD02053,U0444,2026-04-28,4664.8,COD,Paid,Delivered,"793, Model Town, Delhi, Delhi - 889418",2026-04-30
ORD02054,U0156,2026-04-26,2521.8,Debit Card,Paid,Delivered,"410, Salt Lake, Ahmedabad, Gujarat - 319348",2026-04-28
ORD02055,U0040,2025-09-03,9318.41,Net Banking,Paid,Delivered,"255, Jubilee Hills, Bhubaneswar, Odisha - 912373",2025-09-05
ORD02056,U0058,2026-03-08,104758.0,Debit Card,Paid,Processing,"920, Church Street, Chandigarh, Chandigarh - 943584",
ORD02057,U0058,2026-06-18,90807.8,UPI,Paid,Delivered,"175, Lake View, Chandigarh, Chandigarh - 700681",2026-06-22
ORD02058,U0447,2026-05-28,116588.8,UPI,Paid,Delivered,"121, Civil Lines, Mumbai, Maharashtra - 677642",2026-05-31
ORD02059,U0196,2026-06-29,7898.16,COD,Failed,Cancelled,"360, MG Road, Amritsar, Punjab - 577572",
ORD02060,U0382,2025-12-05,27810.0,Credit Card,Paid,Processing,"376, Gandhi Nagar, Kochi, Kerala - 510816",
ORD02061,U0087,2026-08-06,106864.1,Credit Card,Paid,Delivered,"529, Salt Lake, Faridabad, Haryana - 538100",2026-08-07
ORD02062,U0290,2026-07-22,101987.1,UPI,Paid,Delivered,"257, Vasant Kunj, Delhi, Delhi - 240446",2026-07-31
ORD02063,U0428,2026-06-19,149743.62,Debit Card,Paid,Shipped,"249, Koramangala, Chandigarh, Chandigarh - 639271",2026-06-21
ORD02064,U0428,2026-02-19,35019.0,COD,Paid,Delivered,"544, Banjara Hills, Chandigarh, Chandigarh - 379754",2026-02-28
ORD02065,U0069,2025-12-28,84622.8,Debit Card,Paid,Delivered,"20, Sector 15, Amritsar, Punjab - 413150",2026-01-02
ORD02066,U0209,2026-07-14,22967.95,COD,Paid,Delivered,"184, Anna Nagar, Nashik, Maharashtra - 861004",2026-07-23
ORD02067,U0013,2025-06-14,3832.0,COD,Pending,Processing,"907, Civil Lines, Nagpur, Maharashtra - 945689",
ORD02068,U0229,2025-10-27,4545.15,Credit Card,Paid,Delivered,"2, MG Road, Bengaluru, Karnataka - 731910",2025-11-02
ORD02069,U0027,2026-03-05,42795.05,UPI,Paid,Delivered,"664, MG Road, Ghaziabad, Uttar Pradesh - 945072",2026-03-08
ORD02070,U0326,2026-05-28,14512.56,UPI,Paid,Delivered,"710, MG Road, Vadodara, Gujarat - 700393",2026-06-03
ORD02071,U0160,2026-03-16,12345.06,Credit Card,Paid,Delivered,"639, Ring Road, Faridabad, Haryana - 177912",2026-03-22
ORD02072,U0212,2026-07-26,11257.5,UPI,Paid,Delivered,"968, Ring Road, Kanpur, Uttar Pradesh - 186583",2026-07-28
ORD02073,U0261,2026-07-17,6945.0,UPI,Paid,Shipped,"282, Anna Nagar, Amritsar, Punjab - 216342",2026-07-18
ORD02074,U0356,2026-06-24,7466.74,Net Banking,Paid,Delivered,"851, Koramangala, Visakhapatnam, Andhra Pradesh - 319686",2026-06-29
ORD02075,U0012,2025-04-17,18609.5,Credit Card,Paid,Delivered,"265, Civil Lines, Mysuru, Karnataka - 776400",2025-04-20
ORD02076,U0056,2026-02-26,8350.5,Credit Card,Refunded,Cancelled,"648, Park Street, Vadodara, Gujarat - 903526",
ORD02077,U0385,2026-01-23,452.07,UPI,Paid,Delivered,"202, Vasant Kunj, Mumbai, Maharashtra - 697348",2026-01-31
ORD02078,U0325,2024-09-28,57199.4,UPI,Paid,Delivered,"943, Banjara Hills, Nagpur, Maharashtra - 288492",2024-10-05
ORD02079,U0297,2026-01-06,38439.23,UPI,Refunded,Cancelled,"7, Church Street, Faridabad, Haryana - 611660",
ORD02080,U0277,2026-07-24,9595.95,COD,Paid,Delivered,"419, Station Road, Varanasi, Uttar Pradesh - 827597",2026-07-26
ORD02081,U0216,2025-05-16,68036.3,UPI,Paid,Delivered,"574, Banjara Hills, Bhopal, Madhya Pradesh - 447148",2025-05-26
ORD02082,U0292,2026-08-01,22264.2,Credit Card,Paid,Delivered,"509, Park Street, Faridabad, Haryana - 684936",2026-08-04
ORD02083,U0248,2025-07-12,11750.82,Credit Card,Paid,Shipped,"734, Banjara Hills, Amritsar, Punjab - 469909",2025-07-15
ORD02084,U0161,2026-08-05,6583.2,UPI,Paid,Delivered,"67, Rajaji Nagar, Nashik, Maharashtra - 976792",2026-08-07
ORD02085,U0418,2026-01-04,4412.55,Credit Card,Paid,Delivered,"801, Anna Nagar, Pune, Maharashtra - 597168",2026-01-14
ORD02086,U0431,2025-06-22,6923.0,COD,Paid,Delivered,"384, Nehru Colony, Jaipur, Rajasthan - 639993",2025-06-29
ORD02087,U0274,2025-09-24,140415.95,Net Banking,Paid,Delivered,"593, Koramangala, Surat, Gujarat - 538794",2025-09-30
ORD02088,U0128,2025-05-14,66998.0,Net Banking,Paid,Delivered,"729, Lake View, Patna, Bihar - 820026",2025-05-24
ORD02089,U0112,2026-07-05,2088.0,Debit Card,Paid,Delivered,"673, Banjara Hills, Guwahati, Assam - 285692",2026-07-14
ORD02090,U0129,2026-07-08,26463.0,COD,Paid,Delivered,"704, Sector 15, Rajkot, Gujarat - 347253",2026-07-12
ORD02091,U0074,2026-07-14,95781.6,Net Banking,Paid,Delivered,"873, Green Park, Lucknow, Uttar Pradesh - 111518",2026-07-23
ORD02092,U0087,2026-07-07,9233.7,UPI,Paid,Delivered,"589, Church Street, Faridabad, Haryana - 960418",2026-07-10
ORD02093,U0099,2025-05-30,158477.0,COD,Paid,Delivered,"176, Rajaji Nagar, Patna, Bihar - 963587",2025-06-08
ORD02094,U0044,2026-08-04,54102.3,Net Banking,Paid,Delivered,"211, Banjara Hills, Ghaziabad, Uttar Pradesh - 635706",2026-08-07
ORD02095,U0205,2026-03-23,7249.68,UPI,Paid,Delivered,"6, Civil Lines, Kolkata, West Bengal - 780524",2026-03-28
ORD02096,U0401,2025-06-29,24226.2,UPI,Paid,Shipped,"114, Church Street, Delhi, Delhi - 468953",2025-07-03
ORD02097,U0118,2026-05-06,75049.78,Credit Card,Paid,Delivered,"143, Model Town, Mumbai, Maharashtra - 379505",2026-05-12
ORD02098,U0063,2026-02-22,1085.4,Net Banking,Paid,Delivered,"983, Gandhi Nagar, Bhopal, Madhya Pradesh - 645265",2026-02-28
ORD02099,U0452,2025-06-07,120258.56,UPI,Paid,Processing,"801, Vasant Kunj, Faridabad, Haryana - 854216",
ORD02100,U0267,2025-08-18,1401.26,COD,Paid,Delivered,"820, Koramangala, Guwahati, Assam - 811681",2025-08-25
ORD02101,U0234,2026-07-31,92724.0,UPI,Paid,Delivered,"191, Civil Lines, Vadodara, Gujarat - 984045",2026-08-06
ORD02102,U0203,2025-12-21,958.5,COD,Paid,Delivered,"32, Station Road, Nashik, Maharashtra - 175782",2025-12-27
ORD02103,U0038,2025-12-10,124716.29,Credit Card,Paid,Delivered,"634, Lake View, Meerut, Uttar Pradesh - 876176",2025-12-20
ORD02104,U0272,2026-03-26,1584.8,UPI,Paid,Delivered,"456, Indiranagar, Meerut, Uttar Pradesh - 159686",2026-03-30
ORD02105,U0232,2026-05-04,1075.2,UPI,Refunded,Cancelled,"51, Vasant Kunj, Guwahati, Assam - 770566",
ORD02106,U0161,2026-08-05,17122.06,UPI,Paid,Delivered,"368, Banjara Hills, Nashik, Maharashtra - 262974",2026-08-07
ORD02107,U0277,2026-07-04,35691.4,UPI,Paid,Delivered,"767, Koramangala, Varanasi, Uttar Pradesh - 400489",2026-07-10
ORD02108,U0015,2026-07-27,1367.1,UPI,Paid,Shipped,"940, Anna Nagar, Vadodara, Gujarat - 732288",2026-07-29
ORD02109,U0316,2026-07-20,194086.2,UPI,Paid,Delivered,"633, MG Road, Nagpur, Maharashtra - 793711",2026-07-30
ORD02110,U0014,2025-11-17,111747.82,Credit Card,Paid,Delivered,"518, Gandhi Nagar, Lucknow, Uttar Pradesh - 843035",2025-11-27
ORD02111,U0469,2026-04-14,139059.0,Debit Card,Paid,Delivered,"843, MG Road, Nashik, Maharashtra - 341383",2026-04-21
ORD02112,U0480,2026-06-19,26913.84,Debit Card,Paid,Delivered,"828, Rajaji Nagar, Nagpur, Maharashtra - 610465",2026-06-21
ORD02113,U0039,2026-07-20,2187.38,COD,Refunded,Cancelled,"384, Vasant Kunj, Varanasi, Uttar Pradesh - 552372",
ORD02114,U0373,2026-04-30,27009.5,Debit Card,Paid,Delivered,"345, Banjara Hills, Delhi, Delhi - 640828",2026-05-03
ORD02115,U0198,2024-12-23,4650.0,Credit Card,Failed,Cancelled,"436, Ring Road, Vadodara, Gujarat - 196661",
ORD02116,U0341,2025-08-08,259.0,COD,Paid,Delivered,"293, Gandhi Nagar, Rajkot, Gujarat - 690349",2025-08-18
ORD02117,U0424,2026-08-02,49624.2,UPI,Paid,Delivered,"9, Vasant Kunj, Meerut, Uttar Pradesh - 309333",2026-08-06
ORD02118,U0225,2026-07-22,4445.48,UPI,Paid,Delivered,"315, MG Road, Thane, Maharashtra - 486906",2026-07-25
ORD02119,U0293,2026-06-15,19591.0,UPI,Paid,Delivered,"400, Koramangala, Bhubaneswar, Odisha - 247605",2026-06-17
ORD02120,U0308,2026-06-09,165736.62,Credit Card,Paid,Delivered,"191, Indiranagar, Thane, Maharashtra - 155432",2026-06-13
ORD02121,U0449,2026-07-29,160663.2,UPI,Paid,Processing,"925, Vasant Kunj, Bengaluru, Karnataka - 689827",
ORD02122,U0390,2025-09-04,875.7,UPI,Paid,Delivered,"186, MG Road, Nashik, Maharashtra - 677430",2025-09-13
ORD02123,U0044,2026-05-19,122281.81,Debit Card,Paid,Delivered,"92, Ring Road, Ghaziabad, Uttar Pradesh - 341780",2026-05-24
ORD02124,U0279,2026-06-05,5844.6,UPI,Paid,Delivered,"174, Civil Lines, Delhi, Delhi - 473740",2026-06-10
ORD02125,U0308,2026-04-11,6059.34,UPI,Paid,Delivered,"107, Vasant Kunj, Thane, Maharashtra - 752341",2026-04-21
ORD02126,U0344,2026-05-03,28031.14,Credit Card,Paid,Delivered,"341, Vasant Kunj, Coimbatore, Tamil Nadu - 761414",2026-05-12
ORD02127,U0187,2025-07-19,1564.0,UPI,Paid,Processing,"879, Banjara Hills, Bhubaneswar, Odisha - 449286",
ORD02128,U0452,2025-08-20,53460.96,Debit Card,Paid,Delivered,"705, Model Town, Faridabad, Haryana - 584291",2025-08-22
ORD02129,U0120,2025-05-26,37262.65,Debit Card,Failed,Cancelled,"734, Ring Road, Chandigarh, Chandigarh - 984462",
ORD02130,U0224,2026-06-21,156032.64,Net Banking,Paid,Delivered,"767, Anna Nagar, Kanpur, Uttar Pradesh - 554256",2026-06-28
ORD02131,U0421,2026-07-30,12079.55,UPI,Paid,Shipped,"84, Lake View, Visakhapatnam, Andhra Pradesh - 342273",2026-08-01
ORD02132,U0334,2025-10-20,40351.8,Net Banking,Paid,Shipped,"160, Station Road, Pune, Maharashtra - 642368",2025-10-24
ORD02133,U0058,2026-03-01,11631.0,COD,Paid,Delivered,"362, Indiranagar, Chandigarh, Chandigarh - 618836",2026-03-10
ORD02134,U0346,2026-05-09,172609.93,UPI,Paid,Delivered,"770, Park Street, Dehradun, Uttarakhand - 688963",2026-05-11
ORD02135,U0200,2026-03-21,80443.98,Credit Card,Paid,Delivered,"380, Park Street, Varanasi, Uttar Pradesh - 452113",2026-03-30
ORD02136,U0199,2025-11-10,29476.5,UPI,Paid,Delivered,"996, Indiranagar, Visakhapatnam, Andhra Pradesh - 863929",2025-11-18
ORD02137,U0044,2026-06-26,67031.5,Net Banking,Paid,Shipped,"558, MG Road, Ghaziabad, Uttar Pradesh - 681953",2026-06-29
ORD02138,U0074,2026-07-13,341130.5,COD,Pending,Processing,"976, Koramangala, Lucknow, Uttar Pradesh - 889421",
ORD02139,U0104,2025-04-28,38272.5,Credit Card,Refunded,Cancelled,"208, Green Park, Surat, Gujarat - 523012",
ORD02140,U0212,2026-04-03,9067.27,Debit Card,Paid,Delivered,"998, Salt Lake, Kanpur, Uttar Pradesh - 466345",2026-04-12
ORD02141,U0198,2025-04-01,141412.56,Debit Card,Paid,Delivered,"991, Nehru Colony, Vadodara, Gujarat - 745206",2025-04-05
ORD02142,U0244,2026-05-01,154045.85,Net Banking,Paid,Delivered,"196, MG Road, Thane, Maharashtra - 902866",2026-05-08
ORD02143,U0390,2026-01-09,31835.27,UPI,Paid,Delivered,"195, Civil Lines, Nashik, Maharashtra - 613148",2026-01-11
ORD02144,U0115,2025-10-31,17786.6,Debit Card,Paid,Delivered,"381, Gandhi Nagar, Dehradun, Uttarakhand - 114001",2025-11-10
ORD02145,U0257,2025-08-13,17484.22,Debit Card,Paid,Shipped,"121, Lake View, Guwahati, Assam - 402958",2025-08-15
ORD02146,U0469,2026-02-14,18475.0,COD,Paid,Delivered,"444, Park Street, Nashik, Maharashtra - 648621",2026-02-16
ORD02147,U0334,2026-01-08,103556.5,Net Banking,Paid,Delivered,"821, Banjara Hills, Pune, Maharashtra - 189796",2026-01-15
ORD02148,U0092,2026-03-17,144940.44,Credit Card,Paid,Delivered,"57, Koramangala, Nashik, Maharashtra - 970676",2026-03-23
ORD02149,U0096,2025-12-28,11710.8,UPI,Paid,Delivered,"980, Indiranagar, Kolkata, West Bengal - 543161",2026-01-05
ORD02150,U0132,2026-07-04,7296.2,Credit Card,Paid,Shipped,"945, Gandhi Nagar, Indore, Madhya Pradesh - 142677",2026-07-05
ORD02151,U0044,2026-08-03,50982.3,Credit Card,Paid,Shipped,"99, Civil Lines, Ghaziabad, Uttar Pradesh - 877434",2026-08-05
ORD02152,U0484,2026-05-21,7798.42,UPI,Paid,Processing,"308, Gandhi Nagar, Ghaziabad, Uttar Pradesh - 488393",
ORD02153,U0480,2026-07-23,17149.58,Credit Card,Paid,Delivered,"828, Sector 15, Nagpur, Maharashtra - 820530",2026-08-01
ORD02154,U0455,2026-07-27,1274.4,Debit Card,Refunded,Cancelled,"211, Indiranagar, Coimbatore, Tamil Nadu - 979530",
ORD02155,U0267,2025-05-08,24440.0,COD,Pending,Shipped,"545, Anna Nagar, Guwahati, Assam - 707611",2025-05-12
ORD02156,U0274,2026-06-28,4995.0,Net Banking,Paid,Processing,"539, MG Road, Surat, Gujarat - 137322",
ORD02157,U0457,2025-04-11,94454.5,Debit Card,Paid,Shipped,"798, Model Town, Delhi, Delhi - 892245",2025-04-14
ORD02158,U0062,2025-05-12,2890.85,UPI,Paid,Delivered,"770, Civil Lines, Mysuru, Karnataka - 972830",2025-05-17
ORD02159,U0303,2026-08-02,3578.7,Debit Card,Paid,Delivered,"539, Lake View, Amritsar, Punjab - 476919",2026-08-05
ORD02160,U0198,2024-11-09,105834.29,UPI,Paid,Delivered,"829, Civil Lines, Vadodara, Gujarat - 152989",2024-11-16
ORD02161,U0131,2025-09-28,40095.0,COD,Failed,Cancelled,"813, Salt Lake, Meerut, Uttar Pradesh - 887032",
ORD02162,U0377,2026-08-01,48580.5,UPI,Paid,Delivered,"462, Model Town, Faridabad, Haryana - 386932",2026-08-07
ORD02163,U0220,2026-07-05,42647.26,COD,Paid,Delivered,"620, Anna Nagar, Pune, Maharashtra - 831582",2026-07-07
ORD02164,U0129,2026-07-09,41290.42,UPI,Paid,Delivered,"889, Ring Road, Rajkot, Gujarat - 274693",2026-07-16
ORD02165,U0042,2026-07-28,6639.76,UPI,Paid,Processing,"249, Banjara Hills, Vadodara, Gujarat - 591433",
ORD02166,U0122,2026-04-08,14560.0,COD,Paid,Delivered,"737, Model Town, Mumbai, Maharashtra - 120595",2026-04-12
ORD02167,U0432,2026-04-14,873.0,Credit Card,Paid,Delivered,"938, Anna Nagar, Lucknow, Uttar Pradesh - 113015",2026-04-21
ORD02168,U0079,2025-06-20,230.5,UPI,Paid,Delivered,"425, Ring Road, Bhopal, Madhya Pradesh - 938150",2025-06-30
ORD02169,U0069,2026-01-03,2481.75,UPI,Paid,Delivered,"119, Gandhi Nagar, Amritsar, Punjab - 321516",2026-01-07
ORD02170,U0295,2026-07-29,458435.48,UPI,Paid,Delivered,"86, Jubilee Hills, Chennai, Tamil Nadu - 956044",2026-08-07
ORD02171,U0350,2026-03-07,13331.25,COD,Paid,Delivered,"645, Station Road, Chandigarh, Chandigarh - 256599",2026-03-15
ORD02172,U0247,2026-03-14,1472.0,Credit Card,Failed,Cancelled,"157, Gandhi Nagar, Chennai, Tamil Nadu - 369936",
ORD02173,U0350,2026-07-25,52177.16,UPI,Paid,Delivered,"277, Green Park, Chandigarh, Chandigarh - 786217",2026-08-01
ORD02174,U0269,2025-10-06,167094.0,UPI,Paid,Delivered,"479, Salt Lake, Mysuru, Karnataka - 196266",2025-10-09
ORD02175,U0225,2026-06-26,24227.7,Debit Card,Paid,Delivered,"281, Nehru Colony, Thane, Maharashtra - 608183",2026-06-30
ORD02176,U0245,2025-12-25,5524.94,UPI,Paid,Delivered,"762, Anna Nagar, Kolkata, West Bengal - 643246",2025-12-28
ORD02177,U0157,2025-09-28,11901.6,UPI,Failed,Cancelled,"283, Lake View, Guwahati, Assam - 545864",
ORD02178,U0268,2026-07-20,4180.5,Debit Card,Paid,Delivered,"540, Civil Lines, Meerut, Uttar Pradesh - 168631",2026-07-27
ORD02179,U0083,2026-06-15,38611.9,Net Banking,Paid,Delivered,"579, Banjara Hills, Hyderabad, Telangana - 575914",2026-06-17
ORD02180,U0308,2025-09-25,23480.0,UPI,Paid,Shipped,"840, Rajaji Nagar, Thane, Maharashtra - 251405",2025-09-27
ORD02181,U0477,2026-03-14,82523.06,COD,Failed,Cancelled,"800, Sector 15, Pune, Maharashtra - 530154",
ORD02182,U0310,2026-07-29,18140.7,Credit Card,Failed,Cancelled,"730, Gandhi Nagar, Rajkot, Gujarat - 951476",
ORD02183,U0279,2026-01-30,408.0,Debit Card,Paid,Processing,"654, Church Street, Delhi, Delhi - 841533",
ORD02184,U0283,2025-10-12,10238.3,UPI,Paid,Delivered,"591, Church Street, Meerut, Uttar Pradesh - 946528",2025-10-19
ORD02185,U0315,2026-04-13,88896.0,COD,Paid,Delivered,"681, Lake View, Meerut, Uttar Pradesh - 588059",2026-04-18
ORD02186,U0453,2026-06-24,5783.0,COD,Paid,Delivered,"298, Green Park, Vadodara, Gujarat - 636288",2026-06-27
ORD02187,U0161,2026-08-04,16832.5,UPI,Paid,Delivered,"762, Green Park, Nashik, Maharashtra - 988035",2026-08-07
ORD02188,U0090,2026-05-11,120098.2,COD,Paid,Delivered,"775, Lake View, Mysuru, Karnataka - 226124",2026-05-20
ORD02189,U0175,2026-05-31,5564.16,Debit Card,Paid,Delivered,"866, Park Street, Patna, Bihar - 101231",2026-06-10
ORD02190,U0484,2026-03-22,1856.4,Net Banking,Paid,Delivered,"277, Jubilee Hills, Ghaziabad, Uttar Pradesh - 234823",2026-03-28
ORD02191,U0300,2026-07-31,24802.56,COD,Pending,Shipped,"783, Sector 15, Kochi, Kerala - 507008",2026-08-04
ORD02192,U0161,2026-08-05,2149.77,UPI,Paid,Delivered,"173, Rajaji Nagar, Nashik, Maharashtra - 458737",2026-08-07
ORD02193,U0182,2026-03-24,10224.0,Credit Card,Paid,Delivered,"483, Ring Road, Chandigarh, Chandigarh - 443028",2026-03-31
ORD02194,U0084,2025-08-19,12278.67,COD,Pending,Shipped,"837, Nehru Colony, Rajkot, Gujarat - 521338",2025-08-20
ORD02195,U0283,2026-04-02,40458.81,COD,Paid,Delivered,"31, Indiranagar, Meerut, Uttar Pradesh - 273261",2026-04-04
ORD02196,U0271,2025-07-05,85950.0,UPI,Paid,Shipped,"184, Rajaji Nagar, Jaipur, Rajasthan - 412329",2025-07-07
ORD02197,U0353,2026-01-17,2146.2,Net Banking,Paid,Delivered,"6, Ring Road, Kolkata, West Bengal - 228216",2026-01-24
ORD02198,U0006,2025-11-23,454.1,Credit Card,Refunded,Cancelled,"969, Gandhi Nagar, Jaipur, Rajasthan - 859337",
ORD02199,U0081,2026-06-12,70954.35,COD,Paid,Delivered,"626, Anna Nagar, Vadodara, Gujarat - 346880",2026-06-21
ORD02200,U0401,2025-02-11,507.0,COD,Paid,Delivered,"710, Salt Lake, Delhi, Delhi - 342644",2025-02-18
ORD02201,U0022,2025-10-29,16771.0,Net Banking,Paid,Delivered,"786, Civil Lines, Agra, Uttar Pradesh - 515726",2025-11-03
ORD02202,U0063,2026-03-21,5481.99,Credit Card,Paid,Shipped,"678, Sector 15, Bhopal, Madhya Pradesh - 528955",2026-03-22
ORD02203,U0413,2026-06-10,16444.5,Debit Card,Paid,Delivered,"282, MG Road, Kanpur, Uttar Pradesh - 908236",2026-06-20
ORD02204,U0385,2026-05-17,48744.0,COD,Pending,Processing,"899, Gandhi Nagar, Mumbai, Maharashtra - 436011",
ORD02205,U0395,2026-05-19,7122.72,Net Banking,Failed,Cancelled,"511, Jubilee Hills, Patna, Bihar - 712412",
ORD02206,U0291,2026-07-13,14342.88,Debit Card,Paid,Processing,"526, Koramangala, Patna, Bihar - 597081",
ORD02207,U0491,2025-09-03,11455.5,UPI,Paid,Delivered,"290, Indiranagar, Vadodara, Gujarat - 331616",2025-09-12
ORD02208,U0404,2026-04-18,1676.2,Credit Card,Paid,Delivered,"844, Model Town, Dehradun, Uttarakhand - 437650",2026-04-21
ORD02209,U0331,2025-08-03,41973.0,UPI,Paid,Delivered,"871, Park Street, Bhubaneswar, Odisha - 399570",2025-08-09
ORD02210,U0433,2026-07-28,158893.77,UPI,Paid,Delivered,"80, Sector 15, Meerut, Uttar Pradesh - 583079",2026-08-07
ORD02211,U0210,2026-04-07,87630.8,Debit Card,Paid,Delivered,"880, Sector 15, Mysuru, Karnataka - 772227",2026-04-09
ORD02212,U0216,2026-06-30,52204.0,UPI,Paid,Delivered,"512, Park Street, Bhopal, Madhya Pradesh - 258303",2026-07-06
ORD02213,U0381,2025-11-23,255657.5,UPI,Paid,Delivered,"409, Jubilee Hills, Coimbatore, Tamil Nadu - 789354",2025-11-28
ORD02214,U0018,2026-03-28,27603.0,UPI,Paid,Delivered,"30, Koramangala, Jaipur, Rajasthan - 618421",2026-04-04
ORD02215,U0376,2026-07-26,5562.55,COD,Refunded,Cancelled,"190, MG Road, Guwahati, Assam - 902056",
ORD02216,U0356,2026-05-03,13747.0,Debit Card,Paid,Delivered,"247, Vasant Kunj, Visakhapatnam, Andhra Pradesh - 907789",2026-05-13
ORD02217,U0448,2025-10-22,25900.32,Net Banking,Paid,Delivered,"457, Ring Road, Varanasi, Uttar Pradesh - 976493",2025-10-26
ORD02218,U0250,2025-10-28,4015.45,UPI,Paid,Delivered,"539, Green Park, Faridabad, Haryana - 166092",2025-11-01
ORD02219,U0234,2026-07-16,11072.1,Debit Card,Paid,Delivered,"462, Nehru Colony, Vadodara, Gujarat - 250275",2026-07-18
ORD02220,U0413,2026-07-22,24571.8,COD,Paid,Delivered,"387, Green Park, Kanpur, Uttar Pradesh - 161356",2026-07-26
ORD02221,U0044,2026-04-14,5277.18,Credit Card,Paid,Shipped,"270, Vasant Kunj, Ghaziabad, Uttar Pradesh - 880464",2026-04-15
ORD02222,U0043,2026-07-18,238791.84,COD,Paid,Delivered,"168, Vasant Kunj, Chennai, Tamil Nadu - 191931",2026-07-23
ORD02223,U0156,2026-02-04,31675.32,Net Banking,Paid,Delivered,"103, Lake View, Ahmedabad, Gujarat - 931113",2026-02-06
ORD02224,U0437,2026-07-22,24030.25,UPI,Paid,Delivered,"326, Civil Lines, Visakhapatnam, Andhra Pradesh - 252588",2026-07-29
ORD02225,U0251,2025-12-11,90055.03,UPI,Paid,Processing,"983, Green Park, Jaipur, Rajasthan - 127635",
ORD02226,U0161,2026-08-04,11102.4,COD,Paid,Delivered,"426, Anna Nagar, Nashik, Maharashtra - 497022",2026-08-07
ORD02227,U0278,2026-01-28,26808.6,Credit Card,Paid,Delivered,"889, Civil Lines, Bhubaneswar, Odisha - 714949",2026-02-07
ORD02228,U0369,2025-05-29,26685.0,UPI,Paid,Delivered,"960, Vasant Kunj, Chandigarh, Chandigarh - 761982",2025-06-02
ORD02229,U0224,2026-06-02,61712.0,UPI,Paid,Delivered,"690, Salt Lake, Kanpur, Uttar Pradesh - 926029",2026-06-07
ORD02230,U0286,2026-02-06,32472.9,COD,Refunded,Cancelled,"311, Lake View, Hyderabad, Telangana - 307568",
ORD02231,U0025,2026-07-24,36985.48,UPI,Paid,Delivered,"643, Lake View, Ludhiana, Punjab - 713619",2026-07-31
ORD02232,U0074,2026-06-23,4181.75,Debit Card,Paid,Shipped,"267, Jubilee Hills, Lucknow, Uttar Pradesh - 396819",2026-06-26
ORD02233,U0062,2026-08-05,29807.22,Net Banking,Paid,Delivered,"117, Salt Lake, Mysuru, Karnataka - 179949",2026-08-07
ORD02234,U0446,2026-07-22,1661.4,Debit Card,Paid,Shipped,"298, Salt Lake, Lucknow, Uttar Pradesh - 516537",2026-07-25
ORD02235,U0326,2025-06-22,1189.35,Debit Card,Paid,Shipped,"342, Station Road, Vadodara, Gujarat - 186553",2025-06-23
ORD02236,U0210,2025-04-25,1330.3,UPI,Paid,Delivered,"547, Jubilee Hills, Mysuru, Karnataka - 145024",2025-05-03
ORD02237,U0400,2026-07-05,64420.52,COD,Paid,Delivered,"380, Green Park, Patna, Bihar - 698619",2026-07-11
ORD02238,U0408,2026-01-25,1603.0,UPI,Paid,Delivered,"322, Jubilee Hills, Nagpur, Maharashtra - 671267",2026-01-28
ORD02239,U0380,2025-12-06,61278.0,Credit Card,Paid,Processing,"686, Vasant Kunj, Surat, Gujarat - 161481",
ORD02240,U0326,2026-05-27,9362.79,Debit Card,Failed,Cancelled,"240, Indiranagar, Vadodara, Gujarat - 799282",
ORD02241,U0137,2026-08-04,392266.8,UPI,Paid,Delivered,"740, Gandhi Nagar, Chennai, Tamil Nadu - 796935",2026-08-07
ORD02242,U0296,2026-07-26,114726.0,UPI,Paid,Delivered,"579, Sector 15, Nashik, Maharashtra - 778176",2026-08-02
ORD02243,U0348,2026-07-15,49666.53,Credit Card,Paid,Delivered,"146, Model Town, Jaipur, Rajasthan - 442717",2026-07-17
ORD02244,U0484,2026-06-29,19309.9,UPI,Refunded,Cancelled,"190, Church Street, Ghaziabad, Uttar Pradesh - 903474",
ORD02245,U0428,2026-03-01,135891.85,COD,Pending,Processing,"766, Green Park, Chandigarh, Chandigarh - 341111",
ORD02246,U0300,2026-07-27,4085.0,Debit Card,Paid,Delivered,"158, Jubilee Hills, Kochi, Kerala - 202806",2026-07-30
ORD02247,U0329,2025-06-13,129176.6,UPI,Paid,Delivered,"47, Banjara Hills, Bengaluru, Karnataka - 910890",2025-06-18
ORD02248,U0132,2025-07-17,23711.99,Credit Card,Paid,Delivered,"357, Park Street, Indore, Madhya Pradesh - 274573",2025-07-25
ORD02249,U0383,2026-08-05,13982.94,UPI,Paid,Delivered,"605, Banjara Hills, Ahmedabad, Gujarat - 604926",2026-08-07
ORD02250,U0437,2026-07-08,2067.0,Credit Card,Paid,Delivered,"488, Green Park, Visakhapatnam, Andhra Pradesh - 960547",2026-07-18
ORD02251,U0156,2025-09-28,13950.6,COD,Paid,Delivered,"275, Civil Lines, Ahmedabad, Gujarat - 394324",2025-10-07
ORD02252,U0295,2025-10-03,15750.0,Net Banking,Failed,Cancelled,"335, Lake View, Chennai, Tamil Nadu - 573018",
ORD02253,U0162,2026-07-03,31692.52,Debit Card,Paid,Delivered,"147, Koramangala, Vadodara, Gujarat - 953492",2026-07-13
ORD02254,U0162,2026-08-06,119917.96,COD,Paid,Delivered,"109, Rajaji Nagar, Vadodara, Gujarat - 562503",2026-08-07
ORD02255,U0363,2026-07-21,30537.0,UPI,Paid,Processing,"393, Koramangala, Lucknow, Uttar Pradesh - 499048",
ORD02256,U0213,2025-06-20,1599.36,Credit Card,Paid,Shipped,"160, Indiranagar, Chandigarh, Chandigarh - 505902",2025-06-22
ORD02257,U0199,2025-12-27,6004.72,UPI,Paid,Delivered,"586, Gandhi Nagar, Visakhapatnam, Andhra Pradesh - 605263",2026-01-01
ORD02258,U0162,2026-08-04,101846.9,Credit Card,Paid,Delivered,"990, Anna Nagar, Vadodara, Gujarat - 553562",2026-08-07
ORD02259,U0109,2026-03-20,26906.85,Credit Card,Paid,Delivered,"29, Rajaji Nagar, Visakhapatnam, Andhra Pradesh - 670651",2026-03-25
ORD02260,U0433,2025-12-31,286115.8,COD,Paid,Delivered,"807, Koramangala, Meerut, Uttar Pradesh - 875484",2026-01-07
ORD02261,U0143,2026-06-30,18938.1,UPI,Paid,Delivered,"391, Vasant Kunj, Thane, Maharashtra - 219787",2026-07-08
ORD02262,U0126,2024-12-15,4869.0,UPI,Paid,Delivered,"884, Salt Lake, Dehradun, Uttarakhand - 215151",2024-12-20
ORD02263,U0181,2025-06-09,107696.49,UPI,Paid,Delivered,"851, Vasant Kunj, Bhopal, Madhya Pradesh - 516954",2025-06-17
ORD02264,U0079,2025-11-09,885.0,Net Banking,Paid,Delivered,"559, Anna Nagar, Bhopal, Madhya Pradesh - 876649",2025-11-11
ORD02265,U0036,2026-03-21,48609.5,Credit Card,Paid,Shipped,"192, Banjara Hills, Ahmedabad, Gujarat - 312232",2026-03-22
ORD02266,U0003,2026-01-21,6444.48,Net Banking,Paid,Delivered,"937, Vasant Kunj, Visakhapatnam, Andhra Pradesh - 518314",2026-01-23
ORD02267,U0090,2026-01-22,9643.2,COD,Pending,Shipped,"179, Civil Lines, Mysuru, Karnataka - 811493",2026-01-23
ORD02268,U0135,2026-05-27,74894.86,UPI,Paid,Delivered,"538, Koramangala, Thane, Maharashtra - 958437",2026-06-01
ORD02269,U0402,2026-01-20,113029.09,UPI,Failed,Cancelled,"181, Park Street, Kochi, Kerala - 642902",
ORD02270,U0478,2026-03-31,35509.9,COD,Paid,Delivered,"763, Park Street, Visakhapatnam, Andhra Pradesh - 717156",2026-04-10
ORD02271,U0064,2025-11-18,17622.97,UPI,Paid,Shipped,"770, Church Street, Coimbatore, Tamil Nadu - 606910",2025-11-22
ORD02272,U0087,2026-07-25,3105.0,UPI,Paid,Delivered,"754, Indiranagar, Faridabad, Haryana - 244878",2026-08-02
ORD02273,U0018,2025-09-07,1610.63,UPI,Paid,Delivered,"565, Church Street, Jaipur, Rajasthan - 861251",2025-09-12
ORD02274,U0318,2025-12-26,34674.75,UPI,Paid,Delivered,"367, Station Road, Ahmedabad, Gujarat - 824542",2026-01-01
ORD02275,U0316,2025-08-04,13325.9,UPI,Paid,Delivered,"582, Anna Nagar, Nagpur, Maharashtra - 774915",2025-08-14
ORD02276,U0143,2025-10-25,39312.5,Credit Card,Refunded,Cancelled,"669, Rajaji Nagar, Thane, Maharashtra - 726788",
ORD02277,U0353,2026-01-19,21150.36,Credit Card,Paid,Delivered,"649, Nehru Colony, Kolkata, West Bengal - 756886",2026-01-22
ORD02278,U0169,2025-05-01,12249.0,Debit Card,Paid,Delivered,"281, Park Street, Jaipur, Rajasthan - 294918",2025-05-09
ORD02279,U0339,2026-06-14,62795.78,UPI,Paid,Delivered,"274, Banjara Hills, Pune, Maharashtra - 919291",2026-06-20
ORD02280,U0394,2026-04-18,2484.2,UPI,Refunded,Cancelled,"702, Park Street, Hyderabad, Telangana - 728001",
ORD02281,U0173,2025-11-03,295317.0,Debit Card,Paid,Shipped,"385, Sector 15, Ludhiana, Punjab - 898851",2025-11-06
ORD02282,U0402,2026-05-26,10564.0,Credit Card,Paid,Delivered,"846, Gandhi Nagar, Kochi, Kerala - 147268",2026-05-31
ORD02283,U0477,2026-01-30,97521.3,Debit Card,Paid,Delivered,"738, Sector 15, Pune, Maharashtra - 840327",2026-02-02
ORD02284,U0318,2026-01-05,10437.7,Net Banking,Paid,Delivered,"63, Vasant Kunj, Ahmedabad, Gujarat - 348650",2026-01-07
ORD02285,U0238,2026-04-14,2340.84,Net Banking,Paid,Delivered,"165, Sector 15, Bhubaneswar, Odisha - 306283",2026-04-19
ORD02286,U0469,2025-09-01,27943.95,Debit Card,Paid,Delivered,"241, Lake View, Nashik, Maharashtra - 785061",2025-09-08
ORD02287,U0465,2025-12-07,914.85,Debit Card,Paid,Delivered,"569, Church Street, Guwahati, Assam - 693577",2025-12-09
ORD02288,U0344,2026-02-22,107108.7,UPI,Paid,Delivered,"725, Station Road, Coimbatore, Tamil Nadu - 651214",2026-02-26
ORD02289,U0022,2026-06-27,529.15,Net Banking,Paid,Processing,"246, Ring Road, Agra, Uttar Pradesh - 381130",
ORD02290,U0036,2026-07-20,3065.35,UPI,Paid,Delivered,"627, Sector 15, Ahmedabad, Gujarat - 472506",2026-07-26
ORD02291,U0088,2026-08-05,916.56,Credit Card,Paid,Shipped,"736, Gandhi Nagar, Pune, Maharashtra - 250216",
ORD02292,U0330,2024-10-04,61465.25,UPI,Paid,Shipped,"117, Rajaji Nagar, Guwahati, Assam - 203591",2024-10-05
ORD02293,U0099,2025-06-25,76623.5,UPI,Paid,Delivered,"973, Anna Nagar, Patna, Bihar - 895229",2025-06-30
ORD02294,U0245,2026-05-31,17461.76,UPI,Paid,Delivered,"395, Gandhi Nagar, Kolkata, West Bengal - 692676",2026-06-10
ORD02295,U0012,2026-07-13,57978.0,COD,Paid,Delivered,"435, Indiranagar, Mysuru, Karnataka - 354436",2026-07-15
ORD02296,U0083,2026-06-25,6720.5,Debit Card,Paid,Shipped,"362, Vasant Kunj, Hyderabad, Telangana - 665260",2026-06-28
ORD02297,U0094,2026-05-16,9508.9,Net Banking,Paid,Delivered,"976, Gandhi Nagar, Mysuru, Karnataka - 224880",2026-05-25
ORD02298,U0485,2026-04-27,53131.6,UPI,Paid,Delivered,"954, MG Road, Ludhiana, Punjab - 115051",2026-04-29
ORD02299,U0248,2025-08-30,13685.0,Net Banking,Paid,Shipped,"869, Ring Road, Amritsar, Punjab - 817600",2025-09-03
ORD02300,U0122,2026-07-19,16876.2,Debit Card,Paid,Shipped,"853, Nehru Colony, Mumbai, Maharashtra - 444061",2026-07-23
ORD02301,U0112,2026-04-19,86326.5,Credit Card,Paid,Shipped,"71, Green Park, Guwahati, Assam - 967081",2026-04-21
ORD02302,U0208,2025-08-25,136178.5,Credit Card,Paid,Processing,"684, Station Road, Indore, Madhya Pradesh - 779681",
ORD02303,U0047,2026-04-03,58333.59,UPI,Paid,Delivered,"893, Indiranagar, Bengaluru, Karnataka - 659024",2026-04-06
ORD02304,U0423,2024-12-15,33398.32,COD,Paid,Delivered,"444, Gandhi Nagar, Surat, Gujarat - 331089",2024-12-23
ORD02305,U0103,2026-02-17,4249.2,COD,Paid,Delivered,"762, MG Road, Lucknow, Uttar Pradesh - 444628",2026-02-23
ORD02306,U0013,2025-10-07,150300.0,COD,Paid,Delivered,"104, Green Park, Nagpur, Maharashtra - 475979",2025-10-11
ORD02307,U0295,2025-09-28,2382.0,UPI,Paid,Delivered,"717, Lake View, Chennai, Tamil Nadu - 798918",2025-10-03
ORD02308,U0314,2026-06-05,5990.7,COD,Paid,Delivered,"179, Salt Lake, Bengaluru, Karnataka - 619022",2026-06-15
ORD02309,U0084,2025-06-03,9945.0,COD,Paid,Delivered,"117, Vasant Kunj, Rajkot, Gujarat - 958414",2025-06-07
ORD02310,U0087,2026-07-07,8802.88,Debit Card,Paid,Delivered,"291, Park Street, Faridabad, Haryana - 641680",2026-07-12
ORD02311,U0487,2025-05-20,238046.58,COD,Paid,Delivered,"850, Gandhi Nagar, Mysuru, Karnataka - 763963",2025-05-26
ORD02312,U0094,2026-07-07,146708.5,Debit Card,Paid,Delivered,"144, MG Road, Mysuru, Karnataka - 663269",2026-07-10
ORD02313,U0469,2025-10-10,213195.2,Net Banking,Paid,Delivered,"682, Sector 15, Nashik, Maharashtra - 799621",2025-10-20
ORD02314,U0130,2025-12-19,7673.4,Credit Card,Paid,Delivered,"143, Lake View, Thane, Maharashtra - 641164",2025-12-23
ORD02315,U0045,2026-07-26,969.6,UPI,Paid,Delivered,"124, Civil Lines, Coimbatore, Tamil Nadu - 589007",2026-07-28
ORD02316,U0403,2026-04-09,30005.2,Debit Card,Paid,Delivered,"988, MG Road, Coimbatore, Tamil Nadu - 160517",2026-04-16
ORD02317,U0398,2026-04-21,13371.5,Debit Card,Paid,Delivered,"169, Vasant Kunj, Coimbatore, Tamil Nadu - 610581",2026-04-30
ORD02318,U0098,2026-06-21,143761.38,COD,Paid,Delivered,"584, Rajaji Nagar, Bhopal, Madhya Pradesh - 586492",2026-07-01
ORD02319,U0487,2025-08-02,23940.0,Debit Card,Paid,Delivered,"110, MG Road, Mysuru, Karnataka - 864765",2025-08-06
ORD02320,U0151,2026-07-06,232316.54,Credit Card,Paid,Delivered,"494, Salt Lake, Bengaluru, Karnataka - 867125",2026-07-16
ORD02321,U0203,2026-05-04,544.42,Credit Card,Paid,Delivered,"861, Jubilee Hills, Nashik, Maharashtra - 579430",2026-05-06
ORD02322,U0480,2026-07-03,104141.54,Debit Card,Paid,Delivered,"824, Ring Road, Nagpur, Maharashtra - 258593",2026-07-13
ORD02323,U0397,2026-01-16,79185.35,Debit Card,Paid,Delivered,"977, Civil Lines, Ahmedabad, Gujarat - 748426",2026-01-23
ORD02324,U0046,2026-03-06,710.6,Credit Card,Paid,Processing,"597, Anna Nagar, Surat, Gujarat - 369716",
ORD02325,U0182,2026-07-19,13785.57,UPI,Paid,Delivered,"936, Sector 15, Chandigarh, Chandigarh - 855142",2026-07-26
ORD02326,U0112,2026-05-31,67370.0,Credit Card,Paid,Delivered,"463, Anna Nagar, Guwahati, Assam - 270875",2026-06-04
ORD02327,U0326,2026-05-21,22344.0,COD,Paid,Delivered,"56, Rajaji Nagar, Vadodara, Gujarat - 743880",2026-05-23
ORD02328,U0054,2026-02-28,76090.05,COD,Paid,Delivered,"986, Gandhi Nagar, Pune, Maharashtra - 734913",2026-03-02
ORD02329,U0148,2026-04-30,82610.37,UPI,Paid,Delivered,"936, Salt Lake, Nagpur, Maharashtra - 776594",2026-05-05
ORD02330,U0162,2026-05-06,160095.76,UPI,Paid,Shipped,"110, Lake View, Vadodara, Gujarat - 502003",2026-05-10
ORD02331,U0364,2025-01-11,28539.94,COD,Refunded,Cancelled,"459, Sector 15, Kanpur, Uttar Pradesh - 495703",
ORD02332,U0123,2025-02-09,18914.17,COD,Paid,Delivered,"964, Church Street, Mysuru, Karnataka - 427348",2025-02-17
ORD02333,U0169,2025-04-23,112027.25,Net Banking,Paid,Delivered,"345, Civil Lines, Jaipur, Rajasthan - 984777",2025-04-29
ORD02334,U0179,2026-07-04,107407.4,UPI,Paid,Shipped,"888, Church Street, Delhi, Delhi - 732613",2026-07-07
ORD02335,U0470,2026-05-27,8672.69,Debit Card,Paid,Delivered,"42, Station Road, Ghaziabad, Uttar Pradesh - 155983",2026-05-29
ORD02336,U0234,2026-07-21,195368.11,Net Banking,Paid,Delivered,"126, Koramangala, Vadodara, Gujarat - 874923",2026-07-31
ORD02337,U0392,2026-06-18,45670.8,UPI,Paid,Delivered,"718, Gandhi Nagar, Chennai, Tamil Nadu - 213175",2026-06-24
ORD02338,U0102,2025-07-30,34104.0,Debit Card,Paid,Delivered,"832, Anna Nagar, Chennai, Tamil Nadu - 657663",2025-08-08
ORD02339,U0215,2026-07-14,1139.89,UPI,Paid,Delivered,"688, Salt Lake, Jaipur, Rajasthan - 105509",2026-07-24
ORD02340,U0456,2025-01-03,32255.0,Debit Card,Paid,Delivered,"426, Vasant Kunj, Faridabad, Haryana - 633140",2025-01-06
ORD02341,U0220,2026-02-12,1511.94,Credit Card,Paid,Delivered,"176, Ring Road, Pune, Maharashtra - 956989",2026-02-16
ORD02342,U0334,2025-12-03,21375.0,COD,Paid,Delivered,"312, Vasant Kunj, Pune, Maharashtra - 601673",2025-12-09
ORD02343,U0187,2025-06-27,649.6,COD,Pending,Processing,"323, Sector 15, Bhubaneswar, Odisha - 422783",
ORD02344,U0308,2026-04-25,4424.3,Debit Card,Paid,Delivered,"320, Church Street, Thane, Maharashtra - 224814",2026-05-01
ORD02345,U0210,2026-06-16,38118.3,COD,Paid,Delivered,"190, Koramangala, Mysuru, Karnataka - 856388",2026-06-24
ORD02346,U0213,2026-03-21,106344.42,COD,Paid,Delivered,"839, Vasant Kunj, Chandigarh, Chandigarh - 824754",2026-03-30
ORD02347,U0187,2026-04-07,14210.2,UPI,Paid,Delivered,"812, Church Street, Bhubaneswar, Odisha - 956372",2026-04-09
ORD02348,U0480,2026-06-24,29506.95,UPI,Paid,Delivered,"574, Lake View, Nagpur, Maharashtra - 748115",2026-06-26
ORD02349,U0141,2025-06-03,40404.62,COD,Pending,Shipped,"724, Ring Road, Bengaluru, Karnataka - 950834",2025-06-06
ORD02350,U0171,2026-04-24,3725.36,UPI,Paid,Delivered,"370, Green Park, Jaipur, Rajasthan - 755197",2026-05-04
ORD02351,U0069,2025-11-16,8748.0,UPI,Paid,Delivered,"771, Nehru Colony, Amritsar, Punjab - 439053",2025-11-19
ORD02352,U0357,2025-02-08,9922.75,Debit Card,Failed,Cancelled,"16, MG Road, Rajkot, Gujarat - 413582",
ORD02353,U0053,2026-07-24,380.0,Debit Card,Paid,Delivered,"744, Indiranagar, Nagpur, Maharashtra - 779610",2026-07-27
ORD02354,U0168,2026-06-15,48285.0,UPI,Paid,Shipped,"665, Ring Road, Jaipur, Rajasthan - 790548",2026-06-18
ORD02355,U0156,2025-11-15,12749.64,Debit Card,Paid,Processing,"25, MG Road, Ahmedabad, Gujarat - 822081",
ORD02356,U0195,2025-07-28,12669.36,UPI,Refunded,Cancelled,"751, Church Street, Chennai, Tamil Nadu - 283917",
ORD02357,U0099,2025-12-16,62457.55,Debit Card,Paid,Processing,"919, Station Road, Patna, Bihar - 960794",
ORD02358,U0188,2025-01-23,15563.92,UPI,Paid,Delivered,"934, Jubilee Hills, Thane, Maharashtra - 531687",2025-01-25
ORD02359,U0385,2026-07-08,21491.0,UPI,Failed,Cancelled,"91, Anna Nagar, Mumbai, Maharashtra - 114142",
ORD02360,U0113,2025-03-17,238479.95,Debit Card,Paid,Shipped,"738, Model Town, Thane, Maharashtra - 598245",2025-03-21
ORD02361,U0373,2026-03-06,34243.43,Debit Card,Paid,Delivered,"716, Koramangala, Delhi, Delhi - 462290",2026-03-15
ORD02362,U0259,2026-04-10,74898.26,UPI,Paid,Delivered,"485, Green Park, Amritsar, Punjab - 421201",2026-04-20
ORD02363,U0070,2025-05-21,4727.2,Debit Card,Paid,Shipped,"212, Banjara Hills, Faridabad, Haryana - 142002",2025-05-22
ORD02364,U0428,2026-01-23,8600.5,Net Banking,Paid,Delivered,"575, Park Street, Chandigarh, Chandigarh - 336823",2026-01-29
ORD02365,U0481,2024-11-27,4622.16,UPI,Paid,Delivered,"402, Indiranagar, Chandigarh, Chandigarh - 619756",2024-11-29
ORD02366,U0358,2026-04-22,53614.78,Credit Card,Paid,Delivered,"730, Banjara Hills, Kolkata, West Bengal - 851254",2026-04-28
ORD02367,U0395,2026-05-16,61366.0,UPI,Paid,Delivered,"276, Nehru Colony, Patna, Bihar - 258258",2026-05-26
ORD02368,U0380,2025-12-21,14573.24,Credit Card,Paid,Delivered,"950, Nehru Colony, Surat, Gujarat - 320768",2025-12-26
ORD02369,U0151,2026-05-16,7377.13,Net Banking,Paid,Shipped,"587, Jubilee Hills, Bengaluru, Karnataka - 198508",2026-05-20
ORD02370,U0356,2025-12-03,10296.84,Net Banking,Paid,Processing,"400, Rajaji Nagar, Visakhapatnam, Andhra Pradesh - 233400",
ORD02371,U0189,2026-01-06,12963.58,UPI,Paid,Delivered,"215, Ring Road, Nashik, Maharashtra - 620941",2026-01-09
ORD02372,U0310,2026-06-16,27810.0,COD,Paid,Delivered,"623, Station Road, Rajkot, Gujarat - 910413",2026-06-24
ORD02373,U0370,2026-05-24,29338.2,Credit Card,Failed,Cancelled,"162, Sector 15, Chandigarh, Chandigarh - 876229",
ORD02374,U0265,2026-02-23,2423.1,Net Banking,Paid,Delivered,"579, Sector 15, Faridabad, Haryana - 996123",2026-02-25
ORD02375,U0150,2026-07-21,97242.65,UPI,Paid,Shipped,"268, Salt Lake, Coimbatore, Tamil Nadu - 757421",2026-07-25
ORD02376,U0369,2025-04-11,731.5,Net Banking,Paid,Delivered,"493, Rajaji Nagar, Chandigarh, Chandigarh - 849684",2025-04-13
ORD02377,U0051,2026-06-22,83075.15,UPI,Paid,Delivered,"415, Model Town, Ahmedabad, Gujarat - 867342",2026-07-02
ORD02378,U0069,2025-08-16,72619.9,UPI,Paid,Processing,"178, Nehru Colony, Amritsar, Punjab - 900835",
ORD02379,U0425,2026-05-22,4290.0,UPI,Paid,Delivered,"707, Church Street, Guwahati, Assam - 793130",2026-05-25
ORD02380,U0289,2025-05-23,80888.62,COD,Paid,Delivered,"622, MG Road, Bhopal, Madhya Pradesh - 630283",2025-05-30
ORD02381,U0066,2026-07-28,297567.2,UPI,Paid,Delivered,"433, Rajaji Nagar, Kanpur, Uttar Pradesh - 392524",2026-08-03
ORD02382,U0156,2026-03-11,1830.0,UPI,Paid,Delivered,"591, Ring Road, Ahmedabad, Gujarat - 547397",2026-03-21
ORD02383,U0462,2026-07-28,2169.31,Credit Card,Paid,Shipped,"608, Station Road, Kanpur, Uttar Pradesh - 133294",2026-07-31
ORD02384,U0159,2025-12-01,3423.6,UPI,Paid,Delivered,"35, Indiranagar, Delhi, Delhi - 701240",2025-12-09
ORD02385,U0056,2026-06-10,1400.0,COD,Paid,Delivered,"279, Park Street, Vadodara, Gujarat - 872191",2026-06-14
ORD02386,U0380,2026-01-25,57304.0,UPI,Paid,Delivered,"875, Koramangala, Surat, Gujarat - 891997",2026-02-04
ORD02387,U0202,2025-06-27,9486.0,Debit Card,Paid,Delivered,"814, Park Street, Ludhiana, Punjab - 885093",2025-07-05
ORD02388,U0307,2025-11-13,30812.1,Net Banking,Paid,Delivered,"177, Civil Lines, Bengaluru, Karnataka - 217170",2025-11-16
ORD02389,U0099,2025-07-23,14610.12,UPI,Paid,Shipped,"844, Gandhi Nagar, Patna, Bihar - 904693",2025-07-25
ORD02390,U0147,2026-05-22,19662.0,UPI,Paid,Delivered,"882, Koramangala, Nagpur, Maharashtra - 768486",2026-05-24
ORD02391,U0098,2026-06-07,8524.5,COD,Paid,Delivered,"878, Civil Lines, Bhopal, Madhya Pradesh - 775186",2026-06-15
ORD02392,U0013,2025-10-31,50730.0,Credit Card,Paid,Delivered,"868, Indiranagar, Nagpur, Maharashtra - 732155",2025-11-08
ORD02393,U0068,2026-08-06,60929.0,UPI,Paid,Shipped,"545, Park Street, Kochi, Kerala - 337145",2026-08-07
ORD02394,U0399,2025-12-01,159125.07,COD,Pending,Processing,"867, Civil Lines, Rajkot, Gujarat - 147369",
ORD02395,U0160,2026-04-03,1711.9,Debit Card,Paid,Delivered,"91, Park Street, Faridabad, Haryana - 640865",2026-04-11
ORD02396,U0487,2025-08-30,774.0,UPI,Paid,Delivered,"600, Gandhi Nagar, Mysuru, Karnataka - 525630",2025-09-09
ORD02397,U0360,2025-07-03,2214.8,Credit Card,Paid,Delivered,"23, Anna Nagar, Rajkot, Gujarat - 138551",2025-07-05
ORD02398,U0074,2026-06-04,1027.9,Debit Card,Paid,Delivered,"470, Model Town, Lucknow, Uttar Pradesh - 227047",2026-06-08
ORD02399,U0033,2025-11-29,27284.85,UPI,Paid,Delivered,"440, Civil Lines, Kanpur, Uttar Pradesh - 662877",2025-12-04
ORD02400,U0047,2025-12-06,15786.82,Debit Card,Paid,Delivered,"246, Station Road, Bengaluru, Karnataka - 346377",2025-12-10
ORD02401,U0415,2025-06-19,170216.95,Credit Card,Paid,Delivered,"984, Jubilee Hills, Kanpur, Uttar Pradesh - 168898",2025-06-23
ORD02402,U0479,2026-05-09,21909.0,Net Banking,Paid,Delivered,"731, Church Street, Surat, Gujarat - 228356",2026-05-19
ORD02403,U0247,2026-06-18,50198.25,Debit Card,Paid,Delivered,"504, Sector 15, Chennai, Tamil Nadu - 543238",2026-06-27
ORD02404,U0170,2025-12-29,18858.9,Credit Card,Refunded,Cancelled,"74, Ring Road, Ghaziabad, Uttar Pradesh - 917310",
ORD02405,U0003,2025-08-30,13458.17,UPI,Paid,Delivered,"436, Sector 15, Visakhapatnam, Andhra Pradesh - 712676",2025-09-04
ORD02406,U0073,2025-01-24,94763.3,Debit Card,Paid,Delivered,"8, Salt Lake, Rajkot, Gujarat - 428092",2025-02-02
ORD02407,U0283,2026-03-18,117177.75,Credit Card,Paid,Delivered,"725, Salt Lake, Meerut, Uttar Pradesh - 127973",2026-03-28
ORD02408,U0202,2026-03-28,2446.05,Net Banking,Paid,Delivered,"297, Sector 15, Ludhiana, Punjab - 301111",2026-04-04
ORD02409,U0464,2024-11-01,81117.0,Credit Card,Paid,Delivered,"46, Model Town, Varanasi, Uttar Pradesh - 317330",2024-11-09
ORD02410,U0376,2026-07-21,281030.07,COD,Paid,Delivered,"410, Koramangala, Guwahati, Assam - 909286",2026-07-31
ORD02411,U0028,2025-05-16,7893.74,UPI,Paid,Delivered,"533, Rajaji Nagar, Mumbai, Maharashtra - 747845",2025-05-23
ORD02412,U0028,2026-06-24,63584.25,Debit Card,Failed,Cancelled,"835, Civil Lines, Mumbai, Maharashtra - 428099",
ORD02413,U0413,2026-07-29,11864.91,Debit Card,Paid,Delivered,"757, Church Street, Kanpur, Uttar Pradesh - 911288",2026-08-07
ORD02414,U0254,2026-07-31,76428.83,Net Banking,Failed,Cancelled,"939, Green Park, Guwahati, Assam - 704715",
ORD02415,U0046,2026-02-08,14435.0,UPI,Paid,Delivered,"319, Civil Lines, Surat, Gujarat - 718952",2026-02-14
ORD02416,U0389,2026-06-10,38667.9,Credit Card,Paid,Delivered,"196, Green Park, Faridabad, Haryana - 217319",2026-06-16
ORD02417,U0027,2026-01-22,213130.8,Net Banking,Refunded,Cancelled,"935, Park Street, Ghaziabad, Uttar Pradesh - 905747",
ORD02418,U0224,2026-07-10,101435.6,COD,Paid,Delivered,"928, Ring Road, Kanpur, Uttar Pradesh - 443110",2026-07-16
ORD02419,U0220,2026-05-19,23007.93,Credit Card,Paid,Delivered,"962, Ring Road, Pune, Maharashtra - 547190",2026-05-26
ORD02420,U0401,2026-05-04,44420.9,Credit Card,Paid,Delivered,"658, Rajaji Nagar, Delhi, Delhi - 724229",2026-05-14
ORD02421,U0138,2026-01-15,4972.5,UPI,Paid,Delivered,"953, Lake View, Bhubaneswar, Odisha - 607556",2026-01-22
ORD02422,U0159,2026-04-14,201309.5,UPI,Paid,Delivered,"645, MG Road, Delhi, Delhi - 809957",2026-04-22
ORD02423,U0355,2026-06-19,167784.0,Net Banking,Paid,Delivered,"883, Banjara Hills, Nagpur, Maharashtra - 412709",2026-06-22
ORD02424,U0051,2026-03-01,25500.0,Debit Card,Paid,Delivered,"555, Ring Road, Ahmedabad, Gujarat - 905651",2026-03-11
ORD02425,U0437,2026-07-07,8613.0,COD,Paid,Delivered,"374, Anna Nagar, Visakhapatnam, Andhra Pradesh - 761224",2026-07-09
ORD02426,U0463,2025-10-03,38668.98,Debit Card,Paid,Delivered,"116, Green Park, Ludhiana, Punjab - 638405",2025-10-09
ORD02427,U0415,2026-06-27,13724.1,Credit Card,Paid,Delivered,"398, Anna Nagar, Kanpur, Uttar Pradesh - 827790",2026-07-03
ORD02428,U0346,2026-05-03,485.64,Credit Card,Paid,Delivered,"141, Koramangala, Dehradun, Uttarakhand - 815076",2026-05-10
ORD02429,U0047,2026-03-21,51384.4,Net Banking,Paid,Delivered,"199, Salt Lake, Bengaluru, Karnataka - 384569",2026-03-31
ORD02430,U0480,2026-07-18,69704.3,Debit Card,Paid,Delivered,"339, Civil Lines, Nagpur, Maharashtra - 224478",2026-07-21
ORD02431,U0175,2026-03-30,874.92,Credit Card,Paid,Delivered,"763, Church Street, Patna, Bihar - 791243",2026-04-02
ORD02432,U0289,2025-07-11,130266.75,Credit Card,Paid,Processing,"783, Lake View, Bhopal, Madhya Pradesh - 968922",
ORD02433,U0479,2025-06-17,41407.02,Net Banking,Paid,Processing,"866, Jubilee Hills, Surat, Gujarat - 636296",
ORD02434,U0139,2024-11-25,60276.3,Net Banking,Paid,Delivered,"899, Indiranagar, Rajkot, Gujarat - 747764",2024-12-05
ORD02435,U0234,2026-07-20,15120.39,Credit Card,Refunded,Cancelled,"738, MG Road, Vadodara, Gujarat - 878703",
ORD02436,U0415,2026-07-04,115679.19,COD,Paid,Delivered,"232, Nehru Colony, Kanpur, Uttar Pradesh - 397698",2026-07-06
ORD02437,U0115,2025-10-18,29423.9,UPI,Paid,Processing,"153, Civil Lines, Dehradun, Uttarakhand - 984720",
ORD02438,U0424,2026-08-03,57634.5,Net Banking,Paid,Delivered,"580, Gandhi Nagar, Meerut, Uttar Pradesh - 853791",2026-08-07
ORD02439,U0218,2026-05-23,31549.59,UPI,Paid,Delivered,"834, Anna Nagar, Bengaluru, Karnataka - 349763",2026-06-02
ORD02440,U0333,2026-06-26,794.0,Credit Card,Paid,Delivered,"91, Green Park, Nashik, Maharashtra - 581959",2026-07-02
ORD02441,U0113,2025-04-11,150537.0,UPI,Paid,Delivered,"22, Model Town, Thane, Maharashtra - 293181",2025-04-19
ORD02442,U0310,2026-07-03,18190.12,Credit Card,Paid,Delivered,"454, Salt Lake, Rajkot, Gujarat - 448500",2026-07-07
ORD02443,U0216,2025-09-05,71347.5,Credit Card,Failed,Cancelled,"361, Church Street, Bhopal, Madhya Pradesh - 459600",
ORD02444,U0304,2026-07-21,175195.6,COD,Pending,Shipped,"800, Vasant Kunj, Ludhiana, Punjab - 761147",2026-07-25
ORD02445,U0047,2026-02-19,167175.45,UPI,Paid,Delivered,"176, Indiranagar, Bengaluru, Karnataka - 889119",2026-02-22
ORD02446,U0403,2025-12-01,3744.0,Debit Card,Paid,Delivered,"680, MG Road, Coimbatore, Tamil Nadu - 210311",2025-12-06
ORD02447,U0104,2025-04-22,236105.5,UPI,Paid,Delivered,"483, Rajaji Nagar, Surat, Gujarat - 407190",2025-04-25
ORD02448,U0493,2025-04-16,127567.3,UPI,Paid,Delivered,"781, Gandhi Nagar, Agra, Uttar Pradesh - 797459",2025-04-18
ORD02449,U0060,2025-09-04,2619.9,Credit Card,Paid,Delivered,"253, Model Town, Kolkata, West Bengal - 701654",2025-09-13
ORD02450,U0062,2025-08-05,14756.57,UPI,Paid,Delivered,"155, Jubilee Hills, Mysuru, Karnataka - 337444",2025-08-09
ORD02451,U0256,2025-12-07,90571.73,UPI,Paid,Delivered,"362, MG Road, Bhubaneswar, Odisha - 632516",2025-12-12
ORD02452,U0195,2025-04-30,26701.35,UPI,Paid,Delivered,"243, Model Town, Chennai, Tamil Nadu - 745015",2025-05-08
ORD02453,U0395,2026-05-20,5855.94,COD,Paid,Delivered,"690, Green Park, Patna, Bihar - 327178",2026-05-27
ORD02454,U0469,2025-09-29,2993.07,Debit Card,Paid,Shipped,"203, Church Street, Nashik, Maharashtra - 630505",2025-10-01
ORD02455,U0444,2025-12-12,9258.5,COD,Paid,Delivered,"125, Ring Road, Delhi, Delhi - 229918",2025-12-18
ORD02456,U0469,2025-10-09,5985.0,Debit Card,Paid,Delivered,"532, Anna Nagar, Nashik, Maharashtra - 689473",2025-10-18
ORD02457,U0340,2026-02-10,80861.61,COD,Paid,Delivered,"128, Sector 15, Surat, Gujarat - 509589",2026-02-12
ORD02458,U0271,2025-01-23,13417.2,UPI,Paid,Delivered,"813, Salt Lake, Jaipur, Rajasthan - 390893",2025-01-26
ORD02459,U0217,2025-09-03,19236.71,Net Banking,Paid,Delivered,"10, Civil Lines, Bhubaneswar, Odisha - 143903",2025-09-12
ORD02460,U0060,2025-07-27,125028.82,Credit Card,Paid,Delivered,"810, Ring Road, Kolkata, West Bengal - 876734",2025-07-30
ORD02461,U0022,2026-03-14,61333.37,Credit Card,Paid,Delivered,"623, Vasant Kunj, Agra, Uttar Pradesh - 135324",2026-03-22
ORD02462,U0253,2026-02-25,18275.6,Credit Card,Paid,Processing,"952, Vasant Kunj, Chennai, Tamil Nadu - 343981",
ORD02463,U0377,2026-07-05,6350.4,UPI,Paid,Delivered,"106, Anna Nagar, Faridabad, Haryana - 708672",2026-07-14
ORD02464,U0318,2026-01-02,24306.35,COD,Paid,Delivered,"551, Salt Lake, Ahmedabad, Gujarat - 710145",2026-01-10
ORD02465,U0493,2025-04-27,4365.28,Net Banking,Paid,Delivered,"834, Green Park, Agra, Uttar Pradesh - 348541",2025-04-30
ORD02466,U0191,2024-12-20,225902.2,Credit Card,Paid,Delivered,"508, Banjara Hills, Surat, Gujarat - 391056",2024-12-28
ORD02467,U0484,2026-05-11,47614.08,Credit Card,Paid,Delivered,"679, Anna Nagar, Ghaziabad, Uttar Pradesh - 424279",2026-05-17
ORD02468,U0326,2026-03-12,315.9,UPI,Paid,Delivered,"106, Lake View, Vadodara, Gujarat - 165437",2026-03-22
ORD02469,U0447,2025-12-28,38177.4,UPI,Paid,Processing,"990, Lake View, Mumbai, Maharashtra - 917965",
ORD02470,U0330,2026-02-06,24660.0,Credit Card,Paid,Delivered,"703, Model Town, Guwahati, Assam - 506448",2026-02-16
ORD02471,U0052,2026-01-27,105087.76,Debit Card,Paid,Delivered,"471, Nehru Colony, Varanasi, Uttar Pradesh - 384131",2026-02-03
ORD02472,U0027,2025-10-18,60388.68,UPI,Paid,Delivered,"555, Banjara Hills, Ghaziabad, Uttar Pradesh - 506178",2025-10-23
ORD02473,U0291,2026-08-03,24610.2,UPI,Paid,Delivered,"523, Anna Nagar, Patna, Bihar - 691394",2026-08-07
ORD02474,U0437,2026-07-10,1406.25,COD,Paid,Delivered,"935, Jubilee Hills, Visakhapatnam, Andhra Pradesh - 760915",2026-07-20
ORD02475,U0069,2024-12-13,9994.5,Debit Card,Refunded,Cancelled,"108, Ring Road, Amritsar, Punjab - 907118",
ORD02476,U0457,2025-12-19,7344.0,UPI,Paid,Delivered,"761, Nehru Colony, Delhi, Delhi - 768457",2025-12-29
ORD02477,U0138,2026-08-06,37142.0,Credit Card,Paid,Delivered,"661, Station Road, Bhubaneswar, Odisha - 125487",2026-08-07
ORD02478,U0158,2026-07-04,50492.43,Credit Card,Paid,Delivered,"961, Koramangala, Coimbatore, Tamil Nadu - 244841",2026-07-14
ORD02479,U0376,2026-07-09,4988.0,Debit Card,Paid,Delivered,"82, Ring Road, Guwahati, Assam - 742786",2026-07-17
ORD02480,U0314,2025-11-19,29643.0,UPI,Paid,Delivered,"750, Civil Lines, Bengaluru, Karnataka - 935758",2025-11-22
ORD02481,U0047,2025-11-06,86373.25,UPI,Paid,Delivered,"594, Salt Lake, Bengaluru, Karnataka - 866190",2025-11-12
ORD02482,U0055,2025-07-15,3910.2,UPI,Paid,Delivered,"742, Nehru Colony, Dehradun, Uttarakhand - 863054",2025-07-18
ORD02483,U0167,2024-11-10,1302.19,UPI,Paid,Delivered,"523, Gandhi Nagar, Mumbai, Maharashtra - 657949",2024-11-13
ORD02484,U0196,2026-07-14,5880.0,Credit Card,Paid,Delivered,"642, Nehru Colony, Amritsar, Punjab - 830808",2026-07-16
ORD02485,U0183,2026-08-06,635.0,UPI,Paid,Delivered,"838, Anna Nagar, Kolkata, West Bengal - 734664",2026-08-07
ORD02486,U0314,2026-04-06,1378.0,Debit Card,Paid,Delivered,"878, Station Road, Bengaluru, Karnataka - 412883",2026-04-12
ORD02487,U0367,2025-06-28,56295.09,Credit Card,Paid,Shipped,"183, Sector 15, Chandigarh, Chandigarh - 939948",2025-07-02
ORD02488,U0432,2026-01-25,67370.0,UPI,Paid,Delivered,"650, Civil Lines, Lucknow, Uttar Pradesh - 449261",2026-02-01
ORD02489,U0269,2025-07-15,21397.5,Credit Card,Paid,Shipped,"399, Lake View, Mysuru, Karnataka - 374012",2025-07-19
ORD02490,U0134,2026-01-25,5089.08,UPI,Paid,Delivered,"788, Jubilee Hills, Meerut, Uttar Pradesh - 853519",2026-01-30
ORD02491,U0191,2025-04-26,120255.4,COD,Paid,Delivered,"53, Koramangala, Surat, Gujarat - 746878",2025-05-02
ORD02492,U0310,2026-06-26,39563.7,COD,Paid,Delivered,"996, Vasant Kunj, Rajkot, Gujarat - 998975",2026-06-28
ORD02493,U0181,2025-11-11,1721.77,UPI,Paid,Delivered,"811, Banjara Hills, Bhopal, Madhya Pradesh - 194202",2025-11-17
ORD02494,U0329,2026-04-03,7990.55,Credit Card,Paid,Delivered,"26, Rajaji Nagar, Bengaluru, Karnataka - 139677",2026-04-13
ORD02495,U0364,2025-09-11,19715.46,UPI,Paid,Delivered,"880, Gandhi Nagar, Kanpur, Uttar Pradesh - 170742",2025-09-19
ORD02496,U0389,2026-07-22,12796.76,COD,Paid,Delivered,"653, Salt Lake, Faridabad, Haryana - 560977",2026-07-31
ORD02497,U0286,2025-08-30,213512.97,Debit Card,Paid,Delivered,"728, MG Road, Hyderabad, Telangana - 241260",2025-09-02
ORD02498,U0160,2026-07-09,40630.75,UPI,Refunded,Cancelled,"395, MG Road, Faridabad, Haryana - 320918",
ORD02499,U0103,2026-04-25,100085.33,Credit Card,Paid,Shipped,"721, Nehru Colony, Lucknow, Uttar Pradesh - 173224",2026-04-29
ORD02500,U0012,2025-07-20,966.38,Debit Card,Paid,Delivered,"912, Green Park, Mysuru, Karnataka - 789073",2025-07-30
ORD02501,U0012,2025-08-20,12987.0,COD,Paid,Delivered,"577, MG Road, Mysuru, Karnataka - 926212",2025-08-23
ORD02502,U0159,2025-09-15,85254.0,UPI,Paid,Delivered,"424, Civil Lines, Delhi, Delhi - 563010",2025-09-24
ORD02503,U0286,2025-05-13,23037.0,COD,Paid,Delivered,"916, Banjara Hills, Hyderabad, Telangana - 544827",2025-05-20
ORD02504,U0381,2026-07-13,165237.3,COD,Failed,Cancelled,"608, Indiranagar, Coimbatore, Tamil Nadu - 609016",
ORD02505,U0130,2026-06-24,15380.0,UPI,Paid,Delivered,"772, Rajaji Nagar, Thane, Maharashtra - 694303",2026-07-02
ORD02506,U0124,2026-07-22,31570.4,UPI,Paid,Delivered,"752, Lake View, Hyderabad, Telangana - 326356",2026-07-28
ORD02507,U0468,2026-07-05,7198.15,COD,Paid,Delivered,"787, Indiranagar, Mumbai, Maharashtra - 613139",2026-07-15
ORD02508,U0122,2026-07-29,3263.4,COD,Paid,Delivered,"738, Ring Road, Mumbai, Maharashtra - 162756",2026-08-05
ORD02509,U0041,2025-11-14,17848.01,Credit Card,Paid,Delivered,"337, Salt Lake, Mysuru, Karnataka - 781263",2025-11-22
ORD02510,U0129,2026-04-24,64184.1,COD,Paid,Delivered,"425, MG Road, Rajkot, Gujarat - 849693",2026-04-28
ORD02511,U0306,2026-07-18,67664.12,COD,Paid,Delivered,"57, Vasant Kunj, Ghaziabad, Uttar Pradesh - 104168",2026-07-27
ORD02512,U0048,2026-06-28,113713.56,UPI,Paid,Delivered,"442, Jubilee Hills, Amritsar, Punjab - 968309",2026-07-08
ORD02513,U0318,2025-10-20,92302.5,UPI,Paid,Delivered,"295, Civil Lines, Ahmedabad, Gujarat - 682033",2025-10-28
ORD02514,U0097,2026-06-19,28054.9,UPI,Paid,Delivered,"275, Church Street, Nashik, Maharashtra - 981254",2026-06-24
ORD02515,U0281,2026-05-30,900.0,Net Banking,Paid,Shipped,"616, Nehru Colony, Dehradun, Uttarakhand - 935544",2026-06-02
ORD02516,U0216,2026-01-17,10218.2,Credit Card,Paid,Delivered,"369, Banjara Hills, Bhopal, Madhya Pradesh - 775844",2026-01-24
ORD02517,U0126,2025-02-20,38802.19,UPI,Paid,Delivered,"670, Civil Lines, Dehradun, Uttarakhand - 954798",2025-02-24
ORD02518,U0433,2026-05-31,4673.05,UPI,Paid,Shipped,"469, Rajaji Nagar, Meerut, Uttar Pradesh - 819761",2026-06-01
ORD02519,U0401,2026-03-05,517.75,UPI,Paid,Delivered,"813, Anna Nagar, Delhi, Delhi - 352348",2026-03-08
ORD02520,U0299,2025-11-17,31485.5,COD,Paid,Delivered,"509, Church Street, Chandigarh, Chandigarh - 431510",2025-11-21
ORD02521,U0310,2026-07-29,39592.67,UPI,Paid,Delivered,"302, Banjara Hills, Rajkot, Gujarat - 422190",2026-08-04
ORD02522,U0126,2026-05-04,2604.99,Debit Card,Paid,Delivered,"328, Salt Lake, Dehradun, Uttarakhand - 365501",2026-05-09
ORD02523,U0220,2026-07-27,932.9,UPI,Paid,Delivered,"209, MG Road, Pune, Maharashtra - 330607",2026-07-29
ORD02524,U0063,2026-02-19,226813.58,Credit Card,Paid,Delivered,"598, Koramangala, Bhopal, Madhya Pradesh - 477619",2026-02-24
ORD02525,U0323,2025-05-27,78717.0,Debit Card,Refunded,Cancelled,"537, Gandhi Nagar, Jaipur, Rajasthan - 239440",
ORD02526,U0258,2025-08-26,132701.08,Debit Card,Paid,Delivered,"605, Nehru Colony, Pune, Maharashtra - 603836",2025-09-03
ORD02527,U0338,2026-08-03,86587.77,UPI,Paid,Delivered,"985, Indiranagar, Indore, Madhya Pradesh - 475140",2026-08-05
ORD02528,U0441,2025-03-13,3542.26,COD,Paid,Delivered,"485, Vasant Kunj, Bhubaneswar, Odisha - 280338",2025-03-20
ORD02529,U0157,2026-03-02,143833.52,COD,Paid,Delivered,"565, Lake View, Guwahati, Assam - 947093",2026-03-08
ORD02530,U0366,2025-05-16,270567.0,Credit Card,Paid,Shipped,"52, MG Road, Patna, Bihar - 313543",2025-05-20
ORD02531,U0112,2026-05-18,26448.0,Debit Card,Paid,Delivered,"38, Lake View, Guwahati, Assam - 570014",2026-05-27
ORD02532,U0457,2025-04-28,7044.8,Debit Card,Paid,Delivered,"55, Lake View, Delhi, Delhi - 584458",2025-05-01
ORD02533,U0256,2026-04-12,207551.64,UPI,Paid,Shipped,"637, Indiranagar, Bhubaneswar, Odisha - 867925",2026-04-14
ORD02534,U0117,2026-07-25,337372.0,Credit Card,Paid,Processing,"466, Civil Lines, Patna, Bihar - 801397",
ORD02535,U0060,2026-01-30,25007.48,Net Banking,Paid,Delivered,"734, Anna Nagar, Kolkata, West Bengal - 634135",2026-02-04
ORD02536,U0289,2025-09-20,119753.92,UPI,Paid,Delivered,"32, Ring Road, Bhopal, Madhya Pradesh - 553965",2025-09-22
ORD02537,U0267,2025-06-19,21587.6,COD,Paid,Delivered,"722, Rajaji Nagar, Guwahati, Assam - 985033",2025-06-27
ORD02538,U0109,2026-08-03,19754.99,UPI,Paid,Delivered,"684, Lake View, Visakhapatnam, Andhra Pradesh - 534028",2026-08-07
ORD02539,U0129,2026-05-12,166225.42,Debit Card,Paid,Delivered,"520, Jubilee Hills, Rajkot, Gujarat - 513312",2026-05-16
ORD02540,U0238,2026-02-23,24839.5,Debit Card,Paid,Delivered,"156, Park Street, Bhubaneswar, Odisha - 151654",2026-03-04
ORD02541,U0079,2026-06-17,2195.2,Debit Card,Paid,Shipped,"952, Ring Road, Bhopal, Madhya Pradesh - 439759",2026-06-20
ORD02542,U0202,2026-06-06,1536.55,Credit Card,Paid,Delivered,"918, Ring Road, Ludhiana, Punjab - 593659",2026-06-15
ORD02543,U0219,2026-08-04,32654.22,Credit Card,Paid,Shipped,"675, Indiranagar, Indore, Madhya Pradesh - 277540",2026-08-07
ORD02544,U0367,2026-02-14,4285.05,COD,Paid,Delivered,"841, Park Street, Chandigarh, Chandigarh - 620785",2026-02-22
ORD02545,U0196,2026-08-03,84573.0,Debit Card,Paid,Delivered,"941, Jubilee Hills, Amritsar, Punjab - 897828",2026-08-07
ORD02546,U0228,2026-05-06,3807.0,Debit Card,Paid,Delivered,"323, Banjara Hills, Agra, Uttar Pradesh - 764600",2026-05-16
ORD02547,U0241,2026-08-02,27579.65,UPI,Paid,Delivered,"240, Gandhi Nagar, Indore, Madhya Pradesh - 224131",2026-08-07
ORD02548,U0483,2026-04-24,30131.85,UPI,Paid,Delivered,"744, Nehru Colony, Thane, Maharashtra - 605632",2026-04-26
ORD02549,U0470,2026-05-01,1505.56,COD,Paid,Delivered,"633, Nehru Colony, Ghaziabad, Uttar Pradesh - 932225",2026-05-10
ORD02550,U0385,2026-06-19,12288.0,Net Banking,Paid,Delivered,"553, Salt Lake, Mumbai, Maharashtra - 169638",2026-06-27
ORD02551,U0351,2026-07-18,34203.96,Credit Card,Paid,Delivered,"453, Rajaji Nagar, Bhubaneswar, Odisha - 158535",2026-07-26
ORD02552,U0276,2026-07-31,11560.5,Debit Card,Paid,Delivered,"11, Koramangala, Nashik, Maharashtra - 137489",2026-08-07
ORD02553,U0224,2026-06-19,1236.52,COD,Paid,Delivered,"578, Jubilee Hills, Kanpur, Uttar Pradesh - 759217",2026-06-26
ORD02554,U0166,2026-01-01,24605.9,COD,Paid,Delivered,"697, Salt Lake, Visakhapatnam, Andhra Pradesh - 203432",2026-01-08
ORD02555,U0010,2026-03-26,133125.1,COD,Pending,Processing,"60, Green Park, Visakhapatnam, Andhra Pradesh - 552999",
ORD02556,U0115,2025-09-06,43592.4,Debit Card,Paid,Delivered,"207, Park Street, Dehradun, Uttarakhand - 664999",2025-09-13
ORD02557,U0369,2026-07-31,27197.45,Credit Card,Paid,Delivered,"630, Green Park, Chandigarh, Chandigarh - 867521",2026-08-04
ORD02558,U0058,2026-03-02,691.28,Credit Card,Paid,Delivered,"123, Rajaji Nagar, Chandigarh, Chandigarh - 622011",2026-03-08
ORD02559,U0256,2026-01-04,21559.0,COD,Paid,Delivered,"484, Jubilee Hills, Bhubaneswar, Odisha - 555805",2026-01-10
ORD02560,U0335,2025-08-19,58667.7,UPI,Failed,Cancelled,"436, Koramangala, Jaipur, Rajasthan - 985557",
ORD02561,U0099,2025-07-26,37686.52,Debit Card,Paid,Shipped,"747, Indiranagar, Patna, Bihar - 950563",2025-07-27
ORD02562,U0489,2026-02-28,20744.1,UPI,Refunded,Cancelled,"548, Green Park, Faridabad, Haryana - 230209",
ORD02563,U0332,2025-11-27,21970.15,COD,Paid,Delivered,"533, Lake View, Nagpur, Maharashtra - 129712",2025-12-06
ORD02564,U0208,2025-12-31,290052.21,Credit Card,Paid,Delivered,"407, Lake View, Indore, Madhya Pradesh - 516716",2026-01-04
ORD02565,U0132,2026-04-01,10667.17,UPI,Paid,Delivered,"726, Vasant Kunj, Indore, Madhya Pradesh - 111995",2026-04-11
ORD02566,U0147,2026-08-02,554.32,Debit Card,Paid,Delivered,"930, Banjara Hills, Nagpur, Maharashtra - 586956",2026-08-06
ORD02567,U0098,2026-07-26,150300.0,UPI,Paid,Processing,"669, Vasant Kunj, Bhopal, Madhya Pradesh - 901024",
ORD02568,U0055,2025-09-26,724.0,Debit Card,Paid,Processing,"90, Station Road, Dehradun, Uttarakhand - 813875",
ORD02569,U0314,2026-07-18,34080.0,Net Banking,Paid,Delivered,"597, Station Road, Bengaluru, Karnataka - 291350",2026-07-28
ORD02570,U0081,2024-11-04,63038.92,UPI,Paid,Delivered,"786, Anna Nagar, Vadodara, Gujarat - 791537",2024-11-09
ORD02571,U0367,2025-07-31,172583.12,UPI,Paid,Delivered,"430, Rajaji Nagar, Chandigarh, Chandigarh - 580950",2025-08-07
ORD02572,U0394,2026-06-07,5985.66,COD,Paid,Delivered,"514, MG Road, Hyderabad, Telangana - 630919",2026-06-15
ORD02573,U0367,2026-02-09,4079.3,Debit Card,Paid,Delivered,"272, Jubilee Hills, Chandigarh, Chandigarh - 348196",2026-02-13
ORD02574,U0115,2026-05-10,2233.46,COD,Paid,Delivered,"910, Anna Nagar, Dehradun, Uttarakhand - 827624",2026-05-13
ORD02575,U0424,2026-08-05,18133.0,COD,Pending,Processing,"634, Gandhi Nagar, Meerut, Uttar Pradesh - 494700",
ORD02576,U0336,2026-03-24,3132.0,Debit Card,Paid,Shipped,"358, Indiranagar, Ludhiana, Punjab - 257974",2026-03-26
ORD02577,U0213,2026-07-27,4356.95,Debit Card,Paid,Delivered,"227, Banjara Hills, Chandigarh, Chandigarh - 162173",2026-08-06
ORD02578,U0044,2026-07-22,90660.17,UPI,Paid,Delivered,"498, Gandhi Nagar, Ghaziabad, Uttar Pradesh - 432546",2026-07-24
ORD02579,U0406,2026-07-15,30585.0,UPI,Paid,Processing,"245, Salt Lake, Kolkata, West Bengal - 587597",
ORD02580,U0333,2026-07-03,1367.1,UPI,Paid,Delivered,"789, Model Town, Nashik, Maharashtra - 203143",2026-07-13
ORD02581,U0310,2026-07-13,2553.02,Debit Card,Paid,Delivered,"294, Park Street, Rajkot, Gujarat - 315998",2026-07-19
ORD02582,U0243,2026-06-06,82357.25,Credit Card,Paid,Processing,"865, Church Street, Chennai, Tamil Nadu - 246019",
ORD02583,U0363,2026-07-26,46471.67,Debit Card,Paid,Delivered,"841, Green Park, Lucknow, Uttar Pradesh - 257169",2026-07-28
ORD02584,U0068,2026-08-06,196.2,COD,Failed,Cancelled,"40, Jubilee Hills, Kochi, Kerala - 711698",
ORD02585,U0107,2025-06-26,64306.82,Credit Card,Paid,Delivered,"52, Lake View, Pune, Maharashtra - 410665",2025-07-02
ORD02586,U0402,2026-01-12,8748.0,Debit Card,Paid,Delivered,"127, MG Road, Kochi, Kerala - 788534",2026-01-20
ORD02587,U0289,2026-01-09,30211.82,UPI,Paid,Delivered,"298, Koramangala, Bhopal, Madhya Pradesh - 857899",2026-01-16
ORD02588,U0422,2026-04-13,4011.0,Debit Card,Paid,Shipped,"490, Gandhi Nagar, Kochi, Kerala - 808005",2026-04-15
ORD02589,U0099,2025-09-07,19895.51,UPI,Paid,Delivered,"162, Sector 15, Patna, Bihar - 446332",2025-09-14
ORD02590,U0100,2026-04-17,83815.52,Credit Card,Refunded,Cancelled,"760, Nehru Colony, Chennai, Tamil Nadu - 576302",
ORD02591,U0217,2026-06-03,181755.85,UPI,Paid,Shipped,"39, Ring Road, Bhubaneswar, Odisha - 839417",2026-06-04
ORD02592,U0341,2025-04-03,73806.74,Debit Card,Paid,Delivered,"841, Salt Lake, Rajkot, Gujarat - 762444",2025-04-08
ORD02593,U0268,2026-06-08,65734.1,COD,Paid,Delivered,"346, Salt Lake, Meerut, Uttar Pradesh - 108508",2026-06-16
ORD02594,U0444,2026-03-05,129761.25,UPI,Paid,Delivered,"865, Lake View, Delhi, Delhi - 140850",2026-03-07
ORD02595,U0188,2026-06-25,139336.88,Debit Card,Failed,Cancelled,"187, Church Street, Thane, Maharashtra - 113721",
ORD02596,U0234,2026-07-17,87923.66,Debit Card,Paid,Delivered,"202, Sector 15, Vadodara, Gujarat - 147063",2026-07-20
ORD02597,U0447,2025-07-01,27996.35,Net Banking,Paid,Delivered,"345, MG Road, Mumbai, Maharashtra - 715622",2025-07-05
ORD02598,U0224,2026-07-22,21547.5,Credit Card,Paid,Delivered,"231, MG Road, Kanpur, Uttar Pradesh - 112930",2026-07-27
ORD02599,U0290,2026-07-21,3117.4,UPI,Paid,Delivered,"148, Station Road, Delhi, Delhi - 403126",2026-07-29
ORD02600,U0071,2026-05-30,2744.55,Debit Card,Paid,Delivered,"380, MG Road, Varanasi, Uttar Pradesh - 223170",2026-06-02
ORD02601,U0107,2025-07-01,3163.5,COD,Paid,Delivered,"885, Church Street, Pune, Maharashtra - 690137",2025-07-05
ORD02602,U0169,2026-07-12,207342.0,Debit Card,Paid,Delivered,"883, Banjara Hills, Jaipur, Rajasthan - 670162",2026-07-18
ORD02603,U0188,2026-04-05,2209.2,UPI,Paid,Delivered,"106, MG Road, Thane, Maharashtra - 783326",2026-04-11
ORD02604,U0329,2026-03-21,1196.38,UPI,Failed,Cancelled,"897, Anna Nagar, Bengaluru, Karnataka - 291358",
ORD02605,U0452,2026-03-12,153937.0,Debit Card,Paid,Delivered,"583, Vasant Kunj, Faridabad, Haryana - 111963",2026-03-18
ORD02606,U0187,2026-03-27,5168.52,Credit Card,Failed,Cancelled,"537, Green Park, Bhubaneswar, Odisha - 112811",
ORD02607,U0234,2026-07-31,53791.56,UPI,Paid,Processing,"744, Civil Lines, Vadodara, Gujarat - 930465",
ORD02608,U0056,2026-01-05,765.38,UPI,Paid,Shipped,"30, MG Road, Vadodara, Gujarat - 500523",2026-01-07
ORD02609,U0346,2026-04-25,33705.9,Debit Card,Paid,Delivered,"495, Green Park, Dehradun, Uttarakhand - 439466",2026-05-03
ORD02610,U0074,2026-08-04,16463.1,Net Banking,Refunded,Cancelled,"864, Lake View, Lucknow, Uttar Pradesh - 162464",
ORD02611,U0390,2024-10-03,1296.54,UPI,Paid,Delivered,"514, Anna Nagar, Nashik, Maharashtra - 178630",2024-10-07
ORD02612,U0478,2026-04-05,90383.29,Debit Card,Paid,Shipped,"738, Station Road, Visakhapatnam, Andhra Pradesh - 537272",2026-04-08
ORD02613,U0115,2026-01-14,20375.1,UPI,Paid,Delivered,"793, Gandhi Nagar, Dehradun, Uttarakhand - 875505",2026-01-20
ORD02614,U0261,2026-06-13,32308.12,UPI,Paid,Shipped,"606, Church Street, Amritsar, Punjab - 495092",2026-06-15
ORD02615,U0439,2026-07-08,821.75,UPI,Paid,Delivered,"48, Station Road, Chandigarh, Chandigarh - 355173",2026-07-15
ORD02616,U0379,2026-06-03,47838.0,Debit Card,Paid,Processing,"725, Vasant Kunj, Varanasi, Uttar Pradesh - 126952",
ORD02617,U0003,2024-09-24,5819.97,UPI,Paid,Delivered,"228, Rajaji Nagar, Visakhapatnam, Andhra Pradesh - 958097",2024-09-27
ORD02618,U0309,2025-12-21,73471.17,UPI,Paid,Delivered,"918, Sector 15, Rajkot, Gujarat - 916405",2025-12-24
ORD02619,U0177,2025-09-27,197550.0,Debit Card,Paid,Delivered,"956, Sector 15, Ludhiana, Punjab - 314940",2025-10-05
ORD02620,U0256,2026-05-29,103372.72,UPI,Paid,Delivered,"666, Vasant Kunj, Bhubaneswar, Odisha - 990575",2026-06-03
ORD02621,U0007,2026-07-26,21251.78,UPI,Paid,Delivered,"347, Model Town, Amritsar, Punjab - 793405",2026-07-30
ORD02622,U0060,2025-08-16,14929.12,Debit Card,Paid,Delivered,"642, Park Street, Kolkata, West Bengal - 654894",2025-08-23
ORD02623,U0184,2026-02-19,31356.92,UPI,Paid,Delivered,"167, Salt Lake, Jaipur, Rajasthan - 620572",2026-02-24
ORD02624,U0422,2025-10-13,22445.0,UPI,Paid,Shipped,"485, Civil Lines, Kochi, Kerala - 364355",2025-10-14
ORD02625,U0009,2024-11-12,89153.1,UPI,Paid,Delivered,"302, Koramangala, Kochi, Kerala - 310120",2024-11-15
ORD02626,U0116,2025-06-01,156414.4,UPI,Paid,Delivered,"749, Station Road, Patna, Bihar - 352403",2025-06-10
ORD02627,U0246,2026-06-16,64816.38,Credit Card,Paid,Processing,"799, Civil Lines, Chandigarh, Chandigarh - 846151",
ORD02628,U0158,2026-05-25,2626.76,COD,Paid,Delivered,"381, Model Town, Coimbatore, Tamil Nadu - 210440",2026-05-31
ORD02629,U0447,2026-01-14,316264.2,COD,Pending,Processing,"535, Rajaji Nagar, Mumbai, Maharashtra - 190100",
ORD02630,U0028,2025-06-26,54641.66,Credit Card,Paid,Shipped,"610, Salt Lake, Mumbai, Maharashtra - 668488",2025-06-30
ORD02631,U0060,2025-12-21,24303.38,UPI,Paid,Delivered,"499, Ring Road, Kolkata, West Bengal - 788134",2025-12-25
ORD02632,U0068,2026-08-06,33014.0,Credit Card,Paid,Delivered,"891, Gandhi Nagar, Kochi, Kerala - 130532",2026-08-07
ORD02633,U0173,2026-01-22,182220.36,Debit Card,Paid,Delivered,"742, Nehru Colony, Ludhiana, Punjab - 947068",2026-01-27
ORD02634,U0221,2026-07-25,38918.1,Debit Card,Paid,Delivered,"860, Gandhi Nagar, Mumbai, Maharashtra - 577902",2026-08-02
ORD02635,U0053,2026-07-25,7132.5,COD,Paid,Delivered,"492, Lake View, Nagpur, Maharashtra - 816976",2026-07-29
ORD02636,U0040,2026-07-18,3813.0,UPI,Paid,Processing,"614, Lake View, Bhubaneswar, Odisha - 511603",
ORD02637,U0084,2026-07-01,74040.12,UPI,Paid,Delivered,"455, Civil Lines, Rajkot, Gujarat - 601539",2026-07-03
ORD02638,U0165,2025-12-08,225864.42,Credit Card,Paid,Delivered,"339, Vasant Kunj, Bengaluru, Karnataka - 955330",2025-12-13
ORD02639,U0043,2026-06-21,26403.03,Debit Card,Paid,Delivered,"103, Anna Nagar, Chennai, Tamil Nadu - 475615",2026-06-25
ORD02640,U0194,2026-04-05,65124.45,COD,Paid,Delivered,"434, Station Road, Pune, Maharashtra - 149325",2026-04-13
ORD02641,U0129,2025-11-14,70130.0,Debit Card,Paid,Delivered,"462, Indiranagar, Rajkot, Gujarat - 446457",2025-11-17
ORD02642,U0350,2026-04-20,25363.81,Credit Card,Paid,Shipped,"633, Anna Nagar, Chandigarh, Chandigarh - 694900",2026-04-22
ORD02643,U0196,2026-07-15,250625.44,UPI,Paid,Delivered,"297, Jubilee Hills, Amritsar, Punjab - 661269",2026-07-23
ORD02644,U0078,2026-02-05,39946.04,UPI,Paid,Delivered,"923, Nehru Colony, Rajkot, Gujarat - 530893",2026-02-15
ORD02645,U0048,2026-05-23,26538.64,UPI,Paid,Shipped,"611, Koramangala, Amritsar, Punjab - 483816",2026-05-24
ORD02646,U0112,2026-07-30,52038.42,COD,Failed,Cancelled,"679, Vasant Kunj, Guwahati, Assam - 992381",
ORD02647,U0404,2026-08-04,26616.0,UPI,Paid,Delivered,"228, Lake View, Dehradun, Uttarakhand - 808676",2026-08-07
ORD02648,U0367,2024-11-26,6031.77,Net Banking,Paid,Delivered,"644, Green Park, Chandigarh, Chandigarh - 625373",2024-12-04
ORD02649,U0405,2026-06-19,6450.9,UPI,Paid,Delivered,"106, Koramangala, Bengaluru, Karnataka - 686259",2026-06-21
ORD02650,U0019,2026-07-05,3822.45,COD,Pending,Shipped,"809, Salt Lake, Pune, Maharashtra - 542234",2026-07-08
ORD02651,U0443,2025-05-31,28225.81,UPI,Paid,Delivered,"76, MG Road, Indore, Madhya Pradesh - 493269",2025-06-10
ORD02652,U0225,2026-07-13,51884.26,Net Banking,Paid,Delivered,"889, Ring Road, Thane, Maharashtra - 462699",2026-07-21
ORD02653,U0308,2025-09-03,1876.84,Credit Card,Paid,Delivered,"819, Indiranagar, Thane, Maharashtra - 264834",2025-09-12
ORD02654,U0247,2025-06-19,132494.1,COD,Paid,Delivered,"526, Indiranagar, Chennai, Tamil Nadu - 743251",2025-06-27
ORD02655,U0488,2025-01-20,17483.2,UPI,Paid,Delivered,"703, Koramangala, Kolkata, West Bengal - 690744",2025-01-28
ORD02656,U0224,2026-06-20,1957.0,Net Banking,Paid,Shipped,"826, Ring Road, Kanpur, Uttar Pradesh - 862342",2026-06-22
ORD02657,U0464,2025-09-28,28266.0,UPI,Paid,Delivered,"629, Civil Lines, Varanasi, Uttar Pradesh - 506388",2025-10-06
ORD02658,U0152,2026-01-10,25582.5,Net Banking,Paid,Delivered,"23, Vasant Kunj, Rajkot, Gujarat - 452869",2026-01-16
ORD02659,U0383,2026-07-05,100597.35,COD,Paid,Delivered,"981, Church Street, Ahmedabad, Gujarat - 498978",2026-07-14
ORD02660,U0404,2026-05-11,11175.7,Credit Card,Paid,Processing,"710, Indiranagar, Dehradun, Uttarakhand - 278178",
ORD02661,U0248,2025-10-04,20586.7,UPI,Paid,Delivered,"186, Rajaji Nagar, Amritsar, Punjab - 347815",2025-10-09
ORD02662,U0242,2026-05-06,42765.0,UPI,Paid,Delivered,"401, Rajaji Nagar, Visakhapatnam, Andhra Pradesh - 737157",2026-05-08
ORD02663,U0041,2026-03-30,60202.0,Debit Card,Failed,Cancelled,"397, Gandhi Nagar, Mysuru, Karnataka - 406202",
ORD02664,U0264,2025-04-12,16192.44,Net Banking,Paid,Delivered,"30, Koramangala, Hyderabad, Telangana - 661597",2025-04-20
ORD02665,U0480,2026-08-01,20211.0,Net Banking,Failed,Cancelled,"275, Salt Lake, Nagpur, Maharashtra - 440469",
ORD02666,U0245,2026-02-23,17125.0,UPI,Paid,Shipped,"164, Indiranagar, Kolkata, West Bengal - 105229",2026-02-26
ORD02667,U0244,2025-12-17,2755.0,COD,Pending,Processing,"691, MG Road, Thane, Maharashtra - 722213",
ORD02668,U0204,2026-04-09,1469.74,UPI,Paid,Delivered,"865, Vasant Kunj, Hyderabad, Telangana - 251297",2026-04-14
ORD02669,U0247,2025-06-16,91807.37,UPI,Paid,Delivered,"17, Anna Nagar, Chennai, Tamil Nadu - 462259",2025-06-23
ORD02670,U0367,2025-10-12,563.92,UPI,Paid,Delivered,"873, Salt Lake, Chandigarh, Chandigarh - 863194",2025-10-20
ORD02671,U0279,2026-02-04,4920.09,Credit Card,Paid,Delivered,"919, Vasant Kunj, Delhi, Delhi - 134948",2026-02-12
ORD02672,U0267,2025-05-26,3446.53,UPI,Paid,Processing,"58, Civil Lines, Guwahati, Assam - 245550",
ORD02673,U0063,2026-03-10,49788.55,UPI,Paid,Delivered,"772, Nehru Colony, Bhopal, Madhya Pradesh - 226034",2026-03-12
ORD02674,U0482,2025-10-24,63495.55,Credit Card,Failed,Cancelled,"484, Park Street, Faridabad, Haryana - 951426",
ORD02675,U0314,2025-11-04,160535.7,Credit Card,Paid,Delivered,"135, Church Street, Bengaluru, Karnataka - 373953",2025-11-13
ORD02676,U0072,2026-04-25,46657.8,COD,Paid,Delivered,"559, Vasant Kunj, Ahmedabad, Gujarat - 597896",2026-05-05
ORD02677,U0367,2025-09-25,140348.56,Credit Card,Paid,Delivered,"672, Vasant Kunj, Chandigarh, Chandigarh - 551724",2025-09-27
ORD02678,U0262,2026-08-06,41687.0,COD,Pending,Shipped,"376, Green Park, Nashik, Maharashtra - 689517",
ORD02679,U0276,2026-08-04,5776.0,COD,Paid,Delivered,"164, Anna Nagar, Nashik, Maharashtra - 218136",2026-08-07
ORD02680,U0172,2026-06-24,33150.5,UPI,Paid,Delivered,"389, Banjara Hills, Vadodara, Gujarat - 313268",2026-06-26
ORD02681,U0017,2025-07-20,2231.35,COD,Paid,Delivered,"957, Park Street, Ludhiana, Punjab - 547996",2025-07-26
ORD02682,U0480,2026-06-29,7345.8,UPI,Failed,Cancelled,"212, Jubilee Hills, Nagpur, Maharashtra - 285696",
ORD02683,U0116,2026-06-09,64073.68,UPI,Paid,Shipped,"912, Ring Road, Patna, Bihar - 691222",2026-06-11
ORD02684,U0311,2026-08-02,70913.7,Net Banking,Paid,Delivered,"632, Church Street, Dehradun, Uttarakhand - 849052",2026-08-07
ORD02685,U0459,2025-09-13,17732.0,Debit Card,Paid,Delivered,"397, Banjara Hills, Rajkot, Gujarat - 789897",2025-09-19
ORD02686,U0217,2026-05-04,11070.82,UPI,Paid,Delivered,"557, Green Park, Bhubaneswar, Odisha - 453214",2026-05-09
ORD02687,U0463,2025-06-24,5424.7,UPI,Paid,Processing,"432, Vasant Kunj, Ludhiana, Punjab - 715802",
ORD02688,U0229,2025-08-25,1311.0,COD,Paid,Delivered,"681, Civil Lines, Bengaluru, Karnataka - 478772",2025-08-30
ORD02689,U0069,2026-06-02,83083.4,UPI,Paid,Delivered,"102, Park Street, Amritsar, Punjab - 330216",2026-06-08
ORD02690,U0268,2026-07-16,201882.75,Net Banking,Paid,Delivered,"889, Vasant Kunj, Meerut, Uttar Pradesh - 887551",2026-07-18
ORD02691,U0356,2026-07-01,16631.1,UPI,Paid,Delivered,"880, Church Street, Visakhapatnam, Andhra Pradesh - 897422",2026-07-05
ORD02692,U0232,2025-07-20,361225.67,Credit Card,Paid,Processing,"708, Rajaji Nagar, Guwahati, Assam - 351279",
ORD02693,U0190,2025-03-28,6022.9,UPI,Paid,Delivered,"161, Ring Road, Kolkata, West Bengal - 634981",2025-04-07
ORD02694,U0160,2026-06-26,4192.8,Credit Card,Failed,Cancelled,"483, Green Park, Faridabad, Haryana - 322998",
ORD02695,U0433,2026-01-12,3583.95,Debit Card,Paid,Delivered,"8, Station Road, Meerut, Uttar Pradesh - 650771",2026-01-14
ORD02696,U0380,2026-05-12,2071.24,UPI,Paid,Delivered,"721, MG Road, Surat, Gujarat - 975930",2026-05-22
ORD02697,U0013,2026-03-12,74039.34,UPI,Paid,Shipped,"540, Lake View, Nagpur, Maharashtra - 544419",2026-03-14
ORD02698,U0052,2026-02-23,91826.98,Debit Card,Paid,Processing,"261, Koramangala, Varanasi, Uttar Pradesh - 280593",
ORD02699,U0395,2026-04-25,225888.0,UPI,Paid,Delivered,"225, Park Street, Patna, Bihar - 102461",2026-04-27
ORD02700,U0296,2026-07-18,85323.0,COD,Paid,Delivered,"16, Jubilee Hills, Nashik, Maharashtra - 761812",2026-07-20
ORD02701,U0299,2026-07-26,50849.08,Credit Card,Paid,Shipped,"717, Koramangala, Chandigarh, Chandigarh - 118614",2026-07-28
ORD02702,U0273,2026-04-22,158200.8,Debit Card,Paid,Delivered,"867, Anna Nagar, Indore, Madhya Pradesh - 266430",2026-05-01
ORD02703,U0332,2025-12-20,10868.2,COD,Paid,Delivered,"897, Nehru Colony, Nagpur, Maharashtra - 699921",2025-12-25
ORD02704,U0191,2025-04-01,13816.54,Credit Card,Paid,Delivered,"191, Anna Nagar, Surat, Gujarat - 986049",2025-04-10
ORD02705,U0043,2026-05-01,8724.93,Debit Card,Paid,Delivered,"588, Civil Lines, Chennai, Tamil Nadu - 724974",2026-05-11
ORD02706,U0224,2026-04-28,40106.45,UPI,Paid,Delivered,"52, Sector 15, Kanpur, Uttar Pradesh - 683487",2026-04-30
ORD02707,U0400,2026-08-05,5122.95,Credit Card,Paid,Delivered,"192, MG Road, Patna, Bihar - 781565",2026-08-07
ORD02708,U0401,2024-12-15,2718.32,Debit Card,Paid,Processing,"6, Rajaji Nagar, Delhi, Delhi - 134328",
ORD02709,U0451,2026-06-02,37627.48,UPI,Paid,Delivered,"650, Sector 15, Guwahati, Assam - 772168",2026-06-07
ORD02710,U0069,2025-03-31,12066.23,UPI,Paid,Processing,"974, Green Park, Amritsar, Punjab - 992462",
ORD02711,U0487,2026-02-01,18537.75,Net Banking,Paid,Delivered,"225, Lake View, Mysuru, Karnataka - 111566",2026-02-03
ORD02712,U0060,2025-08-15,44324.2,UPI,Paid,Delivered,"200, Park Street, Kolkata, West Bengal - 655838",2025-08-21
ORD02713,U0472,2025-01-28,57484.37,Debit Card,Paid,Delivered,"754, Banjara Hills, Chandigarh, Chandigarh - 522611",2025-01-31
ORD02714,U0267,2025-12-14,16741.0,Debit Card,Paid,Delivered,"397, Church Street, Guwahati, Assam - 224818",2025-12-23
ORD02715,U0326,2025-06-05,202596.98,Credit Card,Paid,Delivered,"349, Rajaji Nagar, Vadodara, Gujarat - 506960",2025-06-07
ORD02716,U0307,2026-07-10,12240.0,COD,Paid,Delivered,"510, Station Road, Bengaluru, Karnataka - 869135",2026-07-17
ORD02717,U0323,2026-05-20,139275.7,UPI,Paid,Delivered,"988, Banjara Hills, Jaipur, Rajasthan - 657270",2026-05-28
ORD02718,U0356,2025-12-22,7819.75,Debit Card,Paid,Delivered,"798, Rajaji Nagar, Visakhapatnam, Andhra Pradesh - 854611",2025-12-24
ORD02719,U0479,2026-01-17,25319.25,COD,Paid,Delivered,"621, Church Street, Surat, Gujarat - 477299",2026-01-25
ORD02720,U0106,2026-05-08,616.5,Credit Card,Paid,Delivered,"645, Lake View, Surat, Gujarat - 176910",2026-05-17
ORD02721,U0331,2025-09-08,153930.16,Credit Card,Paid,Shipped,"71, Civil Lines, Bhubaneswar, Odisha - 476081",2025-09-11
ORD02722,U0279,2026-03-15,4809.0,Net Banking,Paid,Delivered,"567, Church Street, Delhi, Delhi - 109073",2026-03-20
ORD02723,U0195,2025-06-08,5232.6,Debit Card,Paid,Delivered,"720, Indiranagar, Chennai, Tamil Nadu - 570412",2025-06-15
ORD02724,U0356,2025-11-18,57263.96,Credit Card,Paid,Processing,"373, Model Town, Visakhapatnam, Andhra Pradesh - 417942",
ORD02725,U0190,2025-08-13,323796.8,Debit Card,Failed,Cancelled,"29, Ring Road, Kolkata, West Bengal - 222124",
ORD02726,U0419,2026-06-27,61654.65,Debit Card,Paid,Delivered,"936, Koramangala, Ghaziabad, Uttar Pradesh - 936607",2026-07-07
ORD02727,U0121,2025-06-24,28580.0,Debit Card,Paid,Delivered,"853, Indiranagar, Ludhiana, Punjab - 359903",2025-07-01
ORD02728,U0182,2025-12-02,13265.7,Net Banking,Paid,Shipped,"401, Vasant Kunj, Chandigarh, Chandigarh - 702715",2025-12-03
ORD02729,U0074,2026-06-16,90960.85,Credit Card,Paid,Delivered,"57, Jubilee Hills, Lucknow, Uttar Pradesh - 159812",2026-06-24
ORD02730,U0083,2026-07-18,106645.72,Debit Card,Paid,Delivered,"247, Indiranagar, Hyderabad, Telangana - 196187",2026-07-28
ORD02731,U0310,2026-07-04,108562.71,UPI,Paid,Shipped,"780, Anna Nagar, Rajkot, Gujarat - 200181",2026-07-05
ORD02732,U0150,2026-07-20,130075.2,COD,Failed,Cancelled,"313, Green Park, Coimbatore, Tamil Nadu - 652165",
ORD02733,U0151,2026-04-25,11044.3,UPI,Paid,Delivered,"25, Rajaji Nagar, Bengaluru, Karnataka - 697668",2026-04-29
ORD02734,U0001,2025-11-17,2162.7,Credit Card,Paid,Shipped,"28, Koramangala, Bhopal, Madhya Pradesh - 613419",2025-11-21
ORD02735,U0318,2025-05-27,10400.0,UPI,Paid,Shipped,"358, Koramangala, Ahmedabad, Gujarat - 653200",2025-05-28
ORD02736,U0144,2025-10-29,13291.88,UPI,Paid,Delivered,"967, Church Street, Ludhiana, Punjab - 581409",2025-11-01
ORD02737,U0406,2026-07-24,14875.79,Credit Card,Failed,Cancelled,"197, Vasant Kunj, Kolkata, West Bengal - 723860",
ORD02738,U0456,2025-10-19,15352.94,Debit Card,Paid,Processing,"563, Rajaji Nagar, Faridabad, Haryana - 912095",
ORD02739,U0319,2026-08-06,502905.04,Net Banking,Paid,Delivered,"74, Ring Road, Kanpur, Uttar Pradesh - 892909",2026-08-07
ORD02740,U0428,2026-06-25,44244.35,Net Banking,Paid,Shipped,"46, Model Town, Chandigarh, Chandigarh - 799413",2026-06-27
ORD02741,U0132,2026-06-27,63177.0,UPI,Paid,Delivered,"45, Park Street, Indore, Madhya Pradesh - 885160",2026-07-03
ORD02742,U0138,2026-02-22,34457.61,UPI,Paid,Delivered,"717, Green Park, Bhubaneswar, Odisha - 233011",2026-03-03
ORD02743,U0055,2026-05-05,18705.8,Credit Card,Paid,Delivered,"186, Park Street, Dehradun, Uttarakhand - 749805",2026-05-14
ORD02744,U0034,2026-06-09,142331.28,COD,Paid,Delivered,"208, Ring Road, Chennai, Tamil Nadu - 247176",2026-06-15
ORD02745,U0066,2026-07-28,1193.4,UPI,Paid,Delivered,"974, Sector 15, Kanpur, Uttar Pradesh - 193620",2026-08-05
ORD02746,U0077,2026-07-31,257038.65,COD,Pending,Shipped,"771, Vasant Kunj, Amritsar, Punjab - 394473",2026-08-02
ORD02747,U0093,2026-01-07,3150.45,UPI,Paid,Delivered,"190, Sector 15, Meerut, Uttar Pradesh - 904063",2026-01-15
ORD02748,U0330,2024-09-26,108816.22,Net Banking,Paid,Delivered,"921, Ring Road, Guwahati, Assam - 659504",2024-10-01
ORD02749,U0491,2025-11-26,74385.55,UPI,Paid,Shipped,"823, Anna Nagar, Vadodara, Gujarat - 793170",2025-11-27
ORD02750,U0081,2026-02-28,82146.76,Debit Card,Paid,Delivered,"213, Ring Road, Vadodara, Gujarat - 423734",2026-03-04
ORD02751,U0279,2026-04-12,3784.0,UPI,Paid,Delivered,"991, Green Park, Delhi, Delhi - 351365",2026-04-18
ORD02752,U0259,2025-09-09,69317.73,UPI,Paid,Processing,"670, Model Town, Amritsar, Punjab - 857080",
ORD02753,U0089,2026-06-06,5255.15,Credit Card,Paid,Delivered,"671, Indiranagar, Rajkot, Gujarat - 579780",2026-06-13
ORD02754,U0113,2025-11-19,18856.5,COD,Paid,Delivered,"994, Green Park, Thane, Maharashtra - 148566",2025-11-24
ORD02755,U0350,2026-01-12,81242.12,UPI,Paid,Delivered,"555, Park Street, Chandigarh, Chandigarh - 126177",2026-01-14
ORD02756,U0054,2026-02-17,7539.67,UPI,Paid,Shipped,"930, MG Road, Pune, Maharashtra - 249287",2026-02-19
ORD02757,U0443,2026-06-16,22771.5,Net Banking,Refunded,Cancelled,"576, Koramangala, Indore, Madhya Pradesh - 733551",
ORD02758,U0016,2026-07-20,402343.25,UPI,Paid,Shipped,"272, Anna Nagar, Chennai, Tamil Nadu - 620451",2026-07-24
ORD02759,U0074,2026-07-13,620934.0,Credit Card,Paid,Delivered,"976, Sector 15, Lucknow, Uttar Pradesh - 891865",2026-07-18
ORD02760,U0096,2026-01-10,132833.11,Debit Card,Paid,Delivered,"896, Lake View, Kolkata, West Bengal - 266201",2026-01-18
ORD02761,U0386,2026-01-26,8578.5,UPI,Paid,Delivered,"218, Jubilee Hills, Ghaziabad, Uttar Pradesh - 451562",2026-02-03
ORD02762,U0291,2026-06-15,65853.44,Debit Card,Failed,Cancelled,"404, Rajaji Nagar, Patna, Bihar - 935803",
ORD02763,U0274,2025-04-16,186285.45,Credit Card,Paid,Delivered,"113, MG Road, Surat, Gujarat - 368589",2025-04-18
ORD02764,U0464,2024-11-22,80377.2,UPI,Paid,Delivered,"757, Vasant Kunj, Varanasi, Uttar Pradesh - 400967",2024-11-29
ORD02765,U0172,2026-06-18,67731.95,UPI,Failed,Cancelled,"328, Gandhi Nagar, Vadodara, Gujarat - 886221",
ORD02766,U0142,2026-01-04,46774.12,UPI,Paid,Delivered,"189, Rajaji Nagar, Kolkata, West Bengal - 807453",2026-01-07
ORD02767,U0232,2025-07-20,918.75,COD,Paid,Delivered,"807, MG Road, Guwahati, Assam - 530506",2025-07-25
ORD02768,U0084,2025-12-24,9104.73,Net Banking,Paid,Delivered,"236, Gandhi Nagar, Rajkot, Gujarat - 322276",2025-12-27
ORD02769,U0271,2026-05-28,55887.4,COD,Paid,Delivered,"127, Church Street, Jaipur, Rajasthan - 123520",2026-06-06
ORD02770,U0345,2026-07-29,301770.33,COD,Paid,Delivered,"519, MG Road, Mysuru, Karnataka - 793876",2026-08-01
ORD02771,U0113,2025-01-26,29932.5,COD,Paid,Delivered,"672, Banjara Hills, Thane, Maharashtra - 956926",2025-01-29
ORD02772,U0246,2026-07-28,2880.82,Credit Card,Paid,Delivered,"796, Rajaji Nagar, Chandigarh, Chandigarh - 784235",2026-08-04
ORD02773,U0364,2024-11-20,2888.0,UPI,Paid,Delivered,"170, Park Street, Kanpur, Uttar Pradesh - 597241",2024-11-29
ORD02774,U0195,2025-01-13,14227.91,UPI,Paid,Delivered,"734, Ring Road, Chennai, Tamil Nadu - 466317",2025-01-15
ORD02775,U0319,2026-08-06,1214.45,Credit Card,Paid,Delivered,"660, Park Street, Kanpur, Uttar Pradesh - 318571",2026-08-07
ORD02776,U0267,2025-11-06,141373.12,Credit Card,Paid,Delivered,"701, Ring Road, Guwahati, Assam - 617866",2025-11-14
ORD02777,U0094,2026-07-03,1018.0,Credit Card,Paid,Delivered,"865, MG Road, Mysuru, Karnataka - 436570",2026-07-11
ORD02778,U0148,2026-03-10,12642.98,Credit Card,Paid,Delivered,"181, MG Road, Nagpur, Maharashtra - 568380",2026-03-19
ORD02779,U0329,2026-02-04,81024.99,Debit Card,Paid,Shipped,"473, MG Road, Bengaluru, Karnataka - 212539",2026-02-07
ORD02780,U0135,2025-07-08,32794.66,UPI,Paid,Delivered,"206, Indiranagar, Thane, Maharashtra - 449031",2025-07-11
ORD02781,U0460,2026-03-18,204.0,UPI,Paid,Processing,"41, Anna Nagar, Nagpur, Maharashtra - 172806",
ORD02782,U0179,2026-02-09,2103.8,COD,Paid,Delivered,"948, Salt Lake, Delhi, Delhi - 324047",2026-02-19
ORD02783,U0181,2025-08-25,85950.0,UPI,Paid,Delivered,"312, Vasant Kunj, Bhopal, Madhya Pradesh - 820103",2025-08-28
ORD02784,U0223,2025-09-19,62596.04,UPI,Paid,Delivered,"641, Indiranagar, Kanpur, Uttar Pradesh - 568648",2025-09-28
ORD02785,U0043,2026-04-30,1663.83,Net Banking,Paid,Delivered,"674, Lake View, Chennai, Tamil Nadu - 654395",2026-05-02
ORD02786,U0028,2025-11-14,251531.4,Net Banking,Paid,Delivered,"964, Lake View, Mumbai, Maharashtra - 519782",2025-11-24
ORD02787,U0356,2026-04-13,118864.14,Debit Card,Paid,Delivered,"652, Anna Nagar, Visakhapatnam, Andhra Pradesh - 484394",2026-04-19
ORD02788,U0248,2026-07-10,93125.4,Net Banking,Paid,Delivered,"852, Sector 15, Amritsar, Punjab - 524642",2026-07-17
ORD02789,U0042,2026-08-01,134337.48,Credit Card,Paid,Delivered,"530, Lake View, Vadodara, Gujarat - 480343",2026-08-07
ORD02790,U0208,2025-05-19,257627.3,COD,Paid,Delivered,"228, Jubilee Hills, Indore, Madhya Pradesh - 981390",2025-05-28
ORD02791,U0468,2026-05-04,5442.82,UPI,Paid,Processing,"166, Vasant Kunj, Mumbai, Maharashtra - 565567",
ORD02792,U0003,2025-10-28,11367.0,Net Banking,Refunded,Cancelled,"994, Lake View, Visakhapatnam, Andhra Pradesh - 495376",
ORD02793,U0044,2026-06-14,7441.2,Debit Card,Paid,Shipped,"860, Station Road, Ghaziabad, Uttar Pradesh - 115431",2026-06-18
ORD02794,U0094,2026-06-27,8408.08,COD,Pending,Processing,"85, Banjara Hills, Mysuru, Karnataka - 942888",
ORD02795,U0206,2025-03-26,47207.72,UPI,Paid,Delivered,"857, Gandhi Nagar, Nagpur, Maharashtra - 910043",2025-03-28
ORD02796,U0432,2026-04-19,3266.34,Credit Card,Refunded,Cancelled,"877, Ring Road, Lucknow, Uttar Pradesh - 855329",
ORD02797,U0079,2025-09-15,67376.0,Debit Card,Paid,Delivered,"167, Nehru Colony, Bhopal, Madhya Pradesh - 783566",2025-09-25
ORD02798,U0400,2026-07-18,26313.57,Credit Card,Paid,Processing,"253, Banjara Hills, Patna, Bihar - 780404",
ORD02799,U0395,2026-07-12,17254.4,UPI,Paid,Delivered,"421, Gandhi Nagar, Patna, Bihar - 603760",2026-07-19
ORD02800,U0443,2026-04-20,39106.34,UPI,Paid,Shipped,"678, MG Road, Indore, Madhya Pradesh - 116368",2026-04-24
ORD02801,U0346,2026-06-20,14982.3,Credit Card,Paid,Delivered,"147, Rajaji Nagar, Dehradun, Uttarakhand - 434461",2026-06-28
ORD02802,U0235,2026-07-25,6732.0,COD,Paid,Delivered,"325, Rajaji Nagar, Vadodara, Gujarat - 324833",2026-08-01
ORD02803,U0424,2026-08-02,41795.9,UPI,Paid,Shipped,"964, Ring Road, Meerut, Uttar Pradesh - 249975",2026-08-06
ORD02804,U0320,2024-10-02,20868.75,Debit Card,Paid,Delivered,"499, Jubilee Hills, Dehradun, Uttarakhand - 963904",2024-10-08
ORD02805,U0128,2025-10-03,123071.16,Credit Card,Paid,Delivered,"702, Gandhi Nagar, Patna, Bihar - 740784",2025-10-05
ORD02806,U0169,2025-01-21,177327.67,COD,Paid,Delivered,"643, Vasant Kunj, Jaipur, Rajasthan - 612004",2025-01-30
ORD02807,U0458,2026-05-30,43728.0,Debit Card,Paid,Delivered,"313, Banjara Hills, Ghaziabad, Uttar Pradesh - 823099",2026-06-05
ORD02808,U0395,2026-04-19,905.4,UPI,Paid,Delivered,"159, Ring Road, Patna, Bihar - 820632",2026-04-22
ORD02809,U0180,2026-02-19,19035.25,UPI,Paid,Delivered,"370, Indiranagar, Kolkata, West Bengal - 526217",2026-02-24
ORD02810,U0188,2025-01-22,67067.2,UPI,Paid,Delivered,"516, Jubilee Hills, Thane, Maharashtra - 276671",2025-01-29
ORD02811,U0203,2026-06-19,15063.82,UPI,Paid,Delivered,"767, Salt Lake, Nashik, Maharashtra - 821497",2026-06-24
ORD02812,U0147,2026-03-20,14845.95,COD,Paid,Delivered,"520, Ring Road, Nagpur, Maharashtra - 520668",2026-03-29
ORD02813,U0027,2026-07-15,15251.0,Credit Card,Paid,Processing,"376, Station Road, Ghaziabad, Uttar Pradesh - 451923",
ORD02814,U0172,2026-06-21,2844.43,Credit Card,Paid,Delivered,"980, Ring Road, Vadodara, Gujarat - 404520",2026-06-28
ORD02815,U0308,2026-03-22,1770.0,Net Banking,Paid,Delivered,"463, Salt Lake, Thane, Maharashtra - 835674",2026-03-25
ORD02816,U0404,2026-05-10,58589.8,Debit Card,Failed,Cancelled,"197, Green Park, Dehradun, Uttarakhand - 926361",
ORD02817,U0267,2025-10-27,330662.92,Credit Card,Failed,Cancelled,"850, Model Town, Guwahati, Assam - 171971",
ORD02818,U0491,2025-11-19,86780.6,UPI,Paid,Delivered,"619, Salt Lake, Vadodara, Gujarat - 737737",2025-11-26
ORD02819,U0153,2026-07-02,94007.43,UPI,Refunded,Cancelled,"858, Anna Nagar, Bhubaneswar, Odisha - 901033",
ORD02820,U0405,2025-06-09,191171.92,Net Banking,Paid,Delivered,"998, Nehru Colony, Bengaluru, Karnataka - 743899",2025-06-19
ORD02821,U0462,2026-06-08,22217.45,UPI,Paid,Delivered,"207, Church Street, Kanpur, Uttar Pradesh - 120982",2026-06-16
ORD02822,U0356,2026-02-16,168274.78,Credit Card,Paid,Delivered,"290, Anna Nagar, Visakhapatnam, Andhra Pradesh - 191307",2026-02-26
ORD02823,U0074,2026-08-04,132598.5,Net Banking,Paid,Delivered,"618, Nehru Colony, Lucknow, Uttar Pradesh - 209865",2026-08-07
ORD02824,U0224,2026-06-26,19693.97,Credit Card,Paid,Delivered,"205, Lake View, Kanpur, Uttar Pradesh - 615297",2026-06-30
ORD02825,U0191,2026-05-13,118577.5,UPI,Paid,Delivered,"961, Civil Lines, Surat, Gujarat - 819889",2026-05-21
ORD02826,U0261,2026-04-10,18083.16,UPI,Paid,Delivered,"53, Model Town, Amritsar, Punjab - 879836",2026-04-13
ORD02827,U0184,2026-03-20,13185.0,UPI,Paid,Delivered,"334, Lake View, Jaipur, Rajasthan - 855047",2026-03-24
ORD02828,U0479,2026-03-26,1177.47,UPI,Paid,Delivered,"999, Indiranagar, Surat, Gujarat - 187732",2026-03-29
ORD02829,U0110,2026-05-08,78112.5,COD,Paid,Delivered,"881, Salt Lake, Patna, Bihar - 925826",2026-05-16
ORD02830,U0204,2026-07-19,243668.42,Net Banking,Paid,Delivered,"770, Park Street, Hyderabad, Telangana - 488183",2026-07-22
ORD02831,U0220,2026-02-12,254055.0,UPI,Paid,Delivered,"939, Koramangala, Pune, Maharashtra - 193493",2026-02-15
ORD02832,U0044,2026-04-04,12279.7,Debit Card,Refunded,Cancelled,"526, Jubilee Hills, Ghaziabad, Uttar Pradesh - 567702",
ORD02833,U0457,2025-04-27,10780.2,Credit Card,Paid,Delivered,"14, Sector 15, Delhi, Delhi - 360407",2025-04-29
ORD02834,U0263,2025-12-07,80531.14,UPI,Paid,Delivered,"142, Koramangala, Kolkata, West Bengal - 384292",2025-12-09
ORD02835,U0052,2025-11-03,24063.27,UPI,Paid,Delivered,"582, Lake View, Varanasi, Uttar Pradesh - 163839",2025-11-13
ORD02836,U0267,2025-04-29,46745.84,COD,Paid,Delivered,"257, Jubilee Hills, Guwahati, Assam - 300010",2025-05-06
ORD02837,U0188,2026-07-05,17542.5,COD,Paid,Delivered,"97, Nehru Colony, Thane, Maharashtra - 823469",2026-07-11
ORD02838,U0152,2026-06-30,57882.0,UPI,Paid,Delivered,"738, Ring Road, Rajkot, Gujarat - 715921",2026-07-07
ORD02839,U0478,2026-04-08,96900.5,UPI,Paid,Shipped,"53, Ring Road, Visakhapatnam, Andhra Pradesh - 419244",2026-04-09
ORD02840,U0244,2026-08-05,140529.62,Debit Card,Paid,Shipped,"469, Civil Lines, Thane, Maharashtra - 888381",2026-08-07
ORD02841,U0453,2026-06-24,131189.08,UPI,Paid,Processing,"734, Anna Nagar, Vadodara, Gujarat - 216995",
ORD02842,U0067,2025-11-12,234351.2,Debit Card,Paid,Shipped,"683, Park Street, Mysuru, Karnataka - 922055",2025-11-16
ORD02843,U0007,2026-04-23,8987.98,Credit Card,Paid,Delivered,"52, Anna Nagar, Amritsar, Punjab - 346582",2026-04-29
ORD02844,U0069,2025-09-18,307.8,Debit Card,Paid,Processing,"689, Rajaji Nagar, Amritsar, Punjab - 284230",
ORD02845,U0052,2026-05-21,17121.09,COD,Paid,Delivered,"912, Jubilee Hills, Varanasi, Uttar Pradesh - 813846",2026-05-26
ORD02846,U0491,2026-02-19,7068.0,Debit Card,Paid,Delivered,"168, Ring Road, Vadodara, Gujarat - 633990",2026-02-24
ORD02847,U0414,2026-02-02,102.6,Net Banking,Paid,Delivered,"967, Sector 15, Guwahati, Assam - 800657",2026-02-10
ORD02848,U0476,2026-06-26,9004.12,UPI,Paid,Delivered,"956, Station Road, Hyderabad, Telangana - 665352",2026-06-28
ORD02849,U0437,2026-07-06,6739.4,UPI,Paid,Shipped,"542, Lake View, Visakhapatnam, Andhra Pradesh - 782747",2026-07-08
ORD02850,U0333,2026-03-25,71386.33,UPI,Paid,Delivered,"657, Banjara Hills, Nashik, Maharashtra - 669731",2026-03-29
ORD02851,U0020,2026-06-24,2670.62,Credit Card,Paid,Delivered,"932, Lake View, Agra, Uttar Pradesh - 209785",2026-07-04
ORD02852,U0449,2026-06-22,65014.2,UPI,Paid,Processing,"810, Station Road, Bengaluru, Karnataka - 580732",
ORD02853,U0070,2026-04-25,9160.0,Debit Card,Paid,Delivered,"736, Sector 15, Faridabad, Haryana - 748604",2026-05-02
ORD02854,U0494,2025-10-02,7769.13,Debit Card,Paid,Delivered,"658, Gandhi Nagar, Rajkot, Gujarat - 465659",2025-10-09
ORD02855,U0367,2024-10-05,56882.0,COD,Paid,Delivered,"454, Civil Lines, Chandigarh, Chandigarh - 960860",2024-10-10
ORD02856,U0067,2026-06-02,42972.02,COD,Refunded,Cancelled,"144, Nehru Colony, Mysuru, Karnataka - 366355",
ORD02857,U0177,2025-07-07,33346.29,Debit Card,Paid,Delivered,"484, Vasant Kunj, Ludhiana, Punjab - 788372",2025-07-17
ORD02858,U0009,2025-02-11,69205.0,Credit Card,Paid,Delivered,"444, Green Park, Kochi, Kerala - 518147",2025-02-18
ORD02859,U0261,2026-07-23,162263.6,COD,Paid,Delivered,"420, Indiranagar, Amritsar, Punjab - 857724",2026-07-26
ORD02860,U0221,2026-07-05,31125.9,Net Banking,Paid,Delivered,"625, Jubilee Hills, Mumbai, Maharashtra - 990219",2026-07-07
ORD02861,U0100,2026-04-23,22557.0,Debit Card,Paid,Delivered,"564, Rajaji Nagar, Chennai, Tamil Nadu - 558113",2026-04-25
ORD02862,U0483,2026-07-31,8597.8,Debit Card,Paid,Delivered,"332, Rajaji Nagar, Thane, Maharashtra - 924231",2026-08-07
ORD02863,U0491,2025-07-29,11730.6,UPI,Paid,Delivered,"396, Church Street, Vadodara, Gujarat - 529881",2025-07-31
ORD02864,U0234,2026-07-17,116374.44,UPI,Paid,Delivered,"249, Park Street, Vadodara, Gujarat - 810110",2026-07-21
ORD02865,U0214,2026-01-13,271290.2,UPI,Paid,Processing,"219, Church Street, Chandigarh, Chandigarh - 627854",
ORD02866,U0055,2025-10-24,180898.1,Net Banking,Paid,Delivered,"973, Banjara Hills, Dehradun, Uttarakhand - 836136",2025-10-28
ORD02867,U0098,2026-06-22,16876.5,Debit Card,Paid,Processing,"214, Model Town, Bhopal, Madhya Pradesh - 368584",
ORD02868,U0401,2026-07-16,114642.64,COD,Paid,Delivered,"321, Indiranagar, Delhi, Delhi - 303412",2026-07-21
ORD02869,U0128,2026-04-20,796.74,COD,Paid,Delivered,"627, Civil Lines, Patna, Bihar - 465618",2026-04-30
ORD02870,U0328,2025-09-23,594.0,Net Banking,Refunded,Cancelled,"885, Anna Nagar, Agra, Uttar Pradesh - 206479",
ORD02871,U0322,2026-06-28,1070.1,Net Banking,Paid,Delivered,"96, Civil Lines, Lucknow, Uttar Pradesh - 627413",2026-07-05
ORD02872,U0386,2026-03-27,20939.63,UPI,Failed,Cancelled,"4, Koramangala, Ghaziabad, Uttar Pradesh - 916685",
ORD02873,U0198,2025-06-16,285731.55,UPI,Paid,Delivered,"489, Salt Lake, Vadodara, Gujarat - 504826",2025-06-18
ORD02874,U0283,2026-01-12,8597.38,Net Banking,Paid,Shipped,"218, Rajaji Nagar, Meerut, Uttar Pradesh - 393906",2026-01-14
ORD02875,U0212,2026-01-29,30900.35,UPI,Paid,Delivered,"874, Lake View, Kanpur, Uttar Pradesh - 148740",2026-01-31
ORD02876,U0036,2026-05-03,41420.95,Debit Card,Paid,Shipped,"265, Green Park, Ahmedabad, Gujarat - 355870",2026-05-05
ORD02877,U0353,2025-03-07,25070.85,COD,Pending,Shipped,"276, Koramangala, Kolkata, West Bengal - 794644",2025-03-10
ORD02878,U0163,2026-08-01,2096.65,UPI,Paid,Delivered,"109, Ring Road, Patna, Bihar - 637664",2026-08-07
ORD02879,U0179,2025-08-14,37379.32,Net Banking,Paid,Shipped,"877, Civil Lines, Delhi, Delhi - 932177",2025-08-18
ORD02880,U0444,2025-09-18,6546.0,UPI,Paid,Delivered,"718, Indiranagar, Delhi, Delhi - 343917",2025-09-21
ORD02881,U0395,2026-05-08,17584.15,Credit Card,Failed,Cancelled,"726, Station Road, Patna, Bihar - 207775",
ORD02882,U0249,2026-06-12,1291.5,Net Banking,Paid,Delivered,"139, Church Street, Nagpur, Maharashtra - 327716",2026-06-20
ORD02883,U0403,2026-02-11,39822.1,Debit Card,Paid,Delivered,"113, Gandhi Nagar, Coimbatore, Tamil Nadu - 942412",2026-02-14
ORD02884,U0099,2026-07-17,51883.5,Credit Card,Paid,Processing,"938, Ring Road, Patna, Bihar - 491960",
ORD02885,U0171,2026-05-28,173185.92,UPI,Paid,Delivered,"842, Sector 15, Jaipur, Rajasthan - 757906",2026-06-03
ORD02886,U0385,2025-09-14,30097.14,COD,Pending,Processing,"947, Lake View, Mumbai, Maharashtra - 407917",
ORD02887,U0054,2026-05-12,500.98,Debit Card,Failed,Cancelled,"332, Rajaji Nagar, Pune, Maharashtra - 424570",
ORD02888,U0419,2025-10-07,12357.0,UPI,Paid,Delivered,"913, Nehru Colony, Ghaziabad, Uttar Pradesh - 999283",2025-10-15
ORD02889,U0395,2026-07-13,28525.35,Debit Card,Paid,Delivered,"643, Salt Lake, Patna, Bihar - 653727",2026-07-16
ORD02890,U0087,2026-07-12,17116.9,Net Banking,Paid,Delivered,"694, Civil Lines, Faridabad, Haryana - 858639",2026-07-18
ORD02891,U0350,2026-01-13,89648.0,Debit Card,Paid,Delivered,"493, Lake View, Chandigarh, Chandigarh - 888008",2026-01-16
ORD02892,U0256,2026-07-08,86667.3,Credit Card,Paid,Delivered,"797, Indiranagar, Bhubaneswar, Odisha - 503089",2026-07-12
ORD02893,U0410,2026-01-12,23931.6,UPI,Failed,Cancelled,"629, Nehru Colony, Kanpur, Uttar Pradesh - 736852",
ORD02894,U0333,2026-07-18,125021.4,COD,Paid,Delivered,"431, Jubilee Hills, Nashik, Maharashtra - 951583",2026-07-23
ORD02895,U0463,2026-03-23,4680.0,UPI,Paid,Delivered,"694, Gandhi Nagar, Ludhiana, Punjab - 892411",2026-03-25
ORD02896,U0131,2025-10-19,16134.8,Credit Card,Paid,Delivered,"332, Green Park, Meerut, Uttar Pradesh - 826856",2025-10-23
ORD02897,U0040,2025-11-01,32117.19,UPI,Paid,Delivered,"811, Sector 15, Bhubaneswar, Odisha - 325770",2025-11-06
ORD02898,U0240,2025-01-04,1406.25,Credit Card,Refunded,Cancelled,"283, Model Town, Vadodara, Gujarat - 113181",
ORD02899,U0351,2026-07-23,561.45,Credit Card,Paid,Delivered,"272, Ring Road, Bhubaneswar, Odisha - 526906",2026-07-26
ORD02900,U0040,2026-06-19,7383.0,UPI,Paid,Delivered,"657, Lake View, Bhubaneswar, Odisha - 780307",2026-06-22
ORD02901,U0235,2026-08-02,273533.0,UPI,Refunded,Cancelled,"159, Station Road, Vadodara, Gujarat - 685684",
ORD02902,U0320,2025-03-20,32835.75,Debit Card,Paid,Processing,"846, Nehru Colony, Dehradun, Uttarakhand - 640696",
ORD02903,U0236,2026-04-27,6234.8,Debit Card,Paid,Delivered,"841, Jubilee Hills, Dehradun, Uttarakhand - 816728",2026-04-29
ORD02904,U0163,2026-06-16,21492.5,UPI,Paid,Delivered,"811, Sector 15, Patna, Bihar - 552838",2026-06-26
ORD02905,U0311,2026-07-31,7210.5,COD,Pending,Processing,"417, Lake View, Dehradun, Uttarakhand - 754597",
ORD02906,U0167,2026-04-29,48527.82,UPI,Paid,Delivered,"151, Station Road, Mumbai, Maharashtra - 937199",2026-05-01
ORD02907,U0314,2025-12-14,13970.89,Net Banking,Paid,Delivered,"29, Koramangala, Bengaluru, Karnataka - 577357",2025-12-17
ORD02908,U0293,2026-07-19,48431.55,Net Banking,Paid,Delivered,"7, Civil Lines, Bhubaneswar, Odisha - 712225",2026-07-29
ORD02909,U0138,2025-09-26,14892.5,Debit Card,Paid,Delivered,"521, Park Street, Bhubaneswar, Odisha - 647694",2025-10-05
ORD02910,U0438,2024-12-02,8802.0,UPI,Paid,Delivered,"687, Vasant Kunj, Ghaziabad, Uttar Pradesh - 365738",2024-12-05
ORD02911,U0372,2026-01-25,1413.6,UPI,Paid,Delivered,"581, Nehru Colony, Bengaluru, Karnataka - 999294",2026-02-01
ORD02912,U0118,2026-05-03,17265.1,UPI,Paid,Shipped,"437, MG Road, Mumbai, Maharashtra - 730101",2026-05-07
ORD02913,U0159,2025-06-24,91962.22,Net Banking,Paid,Delivered,"618, Civil Lines, Delhi, Delhi - 561186",2025-06-29
ORD02914,U0206,2025-10-30,507.0,UPI,Paid,Delivered,"492, Ring Road, Nagpur, Maharashtra - 920795",2025-11-03
ORD02915,U0063,2026-04-18,1071.24,Credit Card,Paid,Delivered,"849, Anna Nagar, Bhopal, Madhya Pradesh - 581325",2026-04-20
ORD02916,U0310,2026-07-10,2613.45,Net Banking,Paid,Delivered,"967, Lake View, Rajkot, Gujarat - 189526",2026-07-20
ORD02917,U0329,2026-03-26,128236.83,Debit Card,Paid,Shipped,"179, Ring Road, Bengaluru, Karnataka - 120906",2026-03-28
ORD02918,U0086,2026-07-20,6678.6,Debit Card,Paid,Delivered,"577, Rajaji Nagar, Kanpur, Uttar Pradesh - 579537",2026-07-28
ORD02919,U0308,2025-11-10,12292.57,Debit Card,Paid,Delivered,"804, Anna Nagar, Thane, Maharashtra - 814027",2025-11-16
ORD02920,U0101,2026-03-10,81939.18,COD,Paid,Delivered,"396, Station Road, Jaipur, Rajasthan - 820679",2026-03-12
ORD02921,U0287,2026-08-05,14178.3,Debit Card,Paid,Delivered,"797, Vasant Kunj, Bhubaneswar, Odisha - 128901",2026-08-07
ORD02922,U0261,2026-03-12,151725.9,UPI,Paid,Delivered,"482, Model Town, Amritsar, Punjab - 543393",2026-03-20
ORD02923,U0058,2025-11-30,594.32,UPI,Paid,Delivered,"29, Anna Nagar, Chandigarh, Chandigarh - 231241",2025-12-04
ORD02924,U0132,2026-02-08,496.0,COD,Paid,Delivered,"111, Station Road, Indore, Madhya Pradesh - 934939",2026-02-15
ORD02925,U0353,2025-01-11,40350.0,Debit Card,Paid,Delivered,"249, Nehru Colony, Kolkata, West Bengal - 968056",2025-01-16
ORD02926,U0414,2025-12-20,20615.0,Net Banking,Paid,Delivered,"616, Nehru Colony, Guwahati, Assam - 377531",2025-12-28
ORD02927,U0283,2025-05-24,7281.3,COD,Paid,Delivered,"37, Anna Nagar, Meerut, Uttar Pradesh - 385599",2025-06-02
ORD02928,U0465,2025-08-14,1323.0,COD,Paid,Delivered,"47, Sector 15, Guwahati, Assam - 868538",2025-08-22
ORD02929,U0491,2026-06-14,46267.63,Credit Card,Paid,Delivered,"379, Jubilee Hills, Vadodara, Gujarat - 385163",2026-06-18
ORD02930,U0487,2025-12-14,34977.21,Debit Card,Paid,Delivered,"740, Ring Road, Mysuru, Karnataka - 772355",2025-12-16
ORD02931,U0246,2026-06-25,115212.3,Net Banking,Paid,Processing,"231, Lake View, Chandigarh, Chandigarh - 480933",
ORD02932,U0448,2026-05-13,33867.22,Net Banking,Paid,Delivered,"113, Park Street, Varanasi, Uttar Pradesh - 546802",2026-05-23
ORD02933,U0084,2025-02-05,1928.32,UPI,Paid,Delivered,"547, Salt Lake, Rajkot, Gujarat - 922588",2025-02-15
ORD02934,U0382,2026-06-16,167228.46,UPI,Paid,Delivered,"368, Civil Lines, Kochi, Kerala - 541836",2026-06-24
ORD02935,U0256,2026-06-06,1488.0,UPI,Paid,Processing,"521, Civil Lines, Bhubaneswar, Odisha - 711064",
ORD02936,U0035,2026-06-21,761.4,Credit Card,Paid,Delivered,"674, Civil Lines, Lucknow, Uttar Pradesh - 452389",2026-07-01
ORD02937,U0258,2025-06-28,107730.9,UPI,Failed,Cancelled,"365, Salt Lake, Pune, Maharashtra - 926577",
ORD02938,U0401,2025-07-28,55756.06,Debit Card,Paid,Delivered,"27, Gandhi Nagar, Delhi, Delhi - 937315",2025-08-03
ORD02939,U0079,2025-02-12,7497.4,Credit Card,Paid,Delivered,"530, Green Park, Bhopal, Madhya Pradesh - 324209",2025-02-21
ORD02940,U0054,2026-07-12,3315.0,UPI,Paid,Delivered,"222, Indiranagar, Pune, Maharashtra - 738062",2026-07-14
ORD02941,U0492,2026-02-07,6183.0,Debit Card,Failed,Cancelled,"765, Banjara Hills, Agra, Uttar Pradesh - 391862",
ORD02942,U0126,2025-03-29,156028.1,Debit Card,Paid,Shipped,"266, Koramangala, Dehradun, Uttarakhand - 210681",2025-04-02
ORD02943,U0267,2025-06-12,20442.1,UPI,Paid,Processing,"771, Ring Road, Guwahati, Assam - 473399",
ORD02944,U0367,2024-12-19,7171.15,UPI,Paid,Delivered,"139, Koramangala, Chandigarh, Chandigarh - 547375",2024-12-25
ORD02945,U0469,2025-12-04,47250.0,UPI,Paid,Delivered,"13, Rajaji Nagar, Nashik, Maharashtra - 188987",2025-12-14
ORD02946,U0057,2026-04-30,112171.72,UPI,Paid,Delivered,"833, Vasant Kunj, Thane, Maharashtra - 486562",2026-05-04
ORD02947,U0277,2026-05-25,12718.44,Net Banking,Paid,Delivered,"906, Park Street, Varanasi, Uttar Pradesh - 153416",2026-06-02
ORD02948,U0036,2026-03-25,9177.03,UPI,Paid,Delivered,"558, Park Street, Ahmedabad, Gujarat - 585905",2026-03-27
ORD02949,U0223,2024-12-06,86372.28,Net Banking,Paid,Processing,"443, Koramangala, Kanpur, Uttar Pradesh - 979362",
ORD02950,U0427,2026-01-17,1835.4,Debit Card,Paid,Delivered,"989, Sector 15, Bhubaneswar, Odisha - 113620",2026-01-23
ORD02951,U0153,2026-02-07,11352.0,UPI,Paid,Delivered,"580, Anna Nagar, Bhubaneswar, Odisha - 729044",2026-02-15
ORD02952,U0190,2026-06-16,92087.1,UPI,Paid,Delivered,"898, Park Street, Kolkata, West Bengal - 276475",2026-06-21
ORD02953,U0430,2026-07-02,1612.6,UPI,Paid,Delivered,"791, Sector 15, Rajkot, Gujarat - 700635",2026-07-07
ORD02954,U0105,2026-05-28,1453.5,Net Banking,Paid,Delivered,"771, Ring Road, Vadodara, Gujarat - 819931",2026-05-31
ORD02955,U0287,2026-08-04,148472.7,Debit Card,Paid,Delivered,"329, Indiranagar, Bhubaneswar, Odisha - 933495",2026-08-07
ORD02956,U0102,2024-12-31,5476.9,Credit Card,Paid,Delivered,"251, MG Road, Chennai, Tamil Nadu - 959331",2025-01-06
ORD02957,U0351,2026-07-23,121946.0,UPI,Paid,Delivered,"114, Vasant Kunj, Bhubaneswar, Odisha - 828792",2026-07-29
ORD02958,U0133,2026-07-21,15233.8,Credit Card,Paid,Delivered,"22, Indiranagar, Indore, Madhya Pradesh - 648667",2026-07-30
ORD02959,U0160,2026-02-14,56106.68,Debit Card,Paid,Delivered,"351, Lake View, Faridabad, Haryana - 973439",2026-02-20
ORD02960,U0209,2026-06-12,25674.0,Credit Card,Paid,Processing,"466, Vasant Kunj, Nashik, Maharashtra - 636903",
ORD02961,U0441,2024-11-21,134066.4,Net Banking,Paid,Delivered,"505, Station Road, Bhubaneswar, Odisha - 438751",2024-11-23
ORD02962,U0028,2025-08-20,7012.94,Debit Card,Paid,Delivered,"970, Jubilee Hills, Mumbai, Maharashtra - 500802",2025-08-26
ORD02963,U0242,2026-04-03,29254.0,UPI,Paid,Delivered,"534, Station Road, Visakhapatnam, Andhra Pradesh - 721897",2026-04-05
ORD02964,U0040,2026-04-19,1082.91,Debit Card,Paid,Delivered,"628, Vasant Kunj, Bhubaneswar, Odisha - 710027",2026-04-23
ORD02965,U0286,2025-09-08,148787.79,Net Banking,Paid,Delivered,"139, Lake View, Hyderabad, Telangana - 105794",2025-09-15
ORD02966,U0035,2026-07-20,16641.95,Debit Card,Paid,Delivered,"783, Station Road, Lucknow, Uttar Pradesh - 924148",2026-07-22
ORD02967,U0221,2026-07-18,3515.7,Net Banking,Paid,Delivered,"115, Ring Road, Mumbai, Maharashtra - 468315",2026-07-28
ORD02968,U0395,2026-04-19,5845.18,Debit Card,Paid,Delivered,"58, Gandhi Nagar, Patna, Bihar - 230139",2026-04-29
ORD02969,U0204,2026-06-26,4736.04,Credit Card,Failed,Cancelled,"218, Civil Lines, Hyderabad, Telangana - 737594",
ORD02970,U0059,2026-07-03,140494.4,UPI,Paid,Delivered,"54, Rajaji Nagar, Kochi, Kerala - 369045",2026-07-10
ORD02971,U0009,2025-06-23,43210.43,COD,Paid,Delivered,"318, Koramangala, Kochi, Kerala - 711131",2025-07-03
ORD02972,U0256,2026-03-14,64575.6,UPI,Paid,Shipped,"160, Rajaji Nagar, Bhubaneswar, Odisha - 871431",2026-03-15
ORD02973,U0176,2026-05-14,13920.0,Net Banking,Paid,Delivered,"146, Anna Nagar, Thane, Maharashtra - 733583",2026-05-19
ORD02974,U0075,2026-02-02,83096.08,Net Banking,Paid,Delivered,"584, Nehru Colony, Kochi, Kerala - 486404",2026-02-05
ORD02975,U0080,2025-12-15,28839.0,UPI,Failed,Cancelled,"501, Lake View, Surat, Gujarat - 536619",
ORD02976,U0084,2025-08-08,124052.24,Debit Card,Paid,Delivered,"76, Anna Nagar, Rajkot, Gujarat - 404670",2025-08-13
ORD02977,U0043,2026-05-28,123115.0,Credit Card,Paid,Delivered,"98, Church Street, Chennai, Tamil Nadu - 801499",2026-06-03
ORD02978,U0344,2026-08-03,332700.8,UPI,Paid,Shipped,"988, Green Park, Coimbatore, Tamil Nadu - 665059",2026-08-05
ORD02979,U0395,2026-08-01,7880.0,Debit Card,Refunded,Cancelled,"239, Gandhi Nagar, Patna, Bihar - 574970",
ORD02980,U0397,2025-12-14,3771.91,Debit Card,Paid,Shipped,"615, Lake View, Ahmedabad, Gujarat - 941547",2025-12-18
ORD02981,U0069,2025-11-12,15754.8,COD,Paid,Delivered,"578, Park Street, Amritsar, Punjab - 304478",2025-11-14
ORD02982,U0084,2025-03-31,26611.25,UPI,Paid,Delivered,"282, Green Park, Rajkot, Gujarat - 587293",2025-04-07
ORD02983,U0052,2026-05-18,28353.68,Debit Card,Refunded,Cancelled,"700, Green Park, Varanasi, Uttar Pradesh - 198481",
ORD02984,U0367,2025-04-09,22374.01,Net Banking,Paid,Delivered,"414, MG Road, Chandigarh, Chandigarh - 506960",2025-04-19
ORD02985,U0043,2026-05-22,31391.0,UPI,Paid,Processing,"872, Koramangala, Chennai, Tamil Nadu - 394897",
ORD02986,U0007,2026-05-05,6202.5,Debit Card,Paid,Processing,"222, Civil Lines, Amritsar, Punjab - 837830",
ORD02987,U0043,2026-04-20,27799.61,Debit Card,Refunded,Cancelled,"393, Church Street, Chennai, Tamil Nadu - 307741",
ORD02988,U0369,2025-02-28,47680.8,Credit Card,Paid,Delivered,"317, Indiranagar, Chandigarh, Chandigarh - 465624",2025-03-04
ORD02989,U0480,2026-07-03,34704.0,UPI,Paid,Delivered,"979, Park Street, Nagpur, Maharashtra - 154207",2026-07-13
ORD02990,U0430,2025-12-26,591.3,COD,Paid,Delivered,"511, Anna Nagar, Rajkot, Gujarat - 359736",2025-12-30
ORD02991,U0387,2026-07-20,58054.11,COD,Paid,Delivered,"407, Rajaji Nagar, Meerut, Uttar Pradesh - 588903",2026-07-30
ORD02992,U0319,2026-08-06,20045.6,Credit Card,Failed,Cancelled,"55, Jubilee Hills, Kanpur, Uttar Pradesh - 939811",
ORD02993,U0466,2026-07-22,28312.0,Debit Card,Paid,Delivered,"617, Gandhi Nagar, Visakhapatnam, Andhra Pradesh - 823039",2026-07-31
ORD02994,U0433,2025-12-24,40005.0,UPI,Paid,Delivered,"90, Vasant Kunj, Meerut, Uttar Pradesh - 396106",2026-01-02
ORD02995,U0127,2025-09-23,4478.32,Credit Card,Paid,Delivered,"236, Indiranagar, Ahmedabad, Gujarat - 854558",2025-10-01
ORD02996,U0433,2026-01-24,166377.3,UPI,Paid,Shipped,"637, Vasant Kunj, Meerut, Uttar Pradesh - 467197",2026-01-28
ORD02997,U0351,2026-07-27,8665.0,UPI,Paid,Delivered,"999, Rajaji Nagar, Bhubaneswar, Odisha - 957742",2026-07-29
ORD02998,U0255,2026-06-03,6863.4,COD,Pending,Processing,"829, Station Road, Lucknow, Uttar Pradesh - 808088",
ORD02999,U0022,2025-12-12,35053.37,UPI,Paid,Delivered,"254, Ring Road, Agra, Uttar Pradesh - 271672",2025-12-17
ORD03000,U0035,2026-07-08,23972.15,Debit Card,Paid,Delivered,"16, Jubilee Hills, Lucknow, Uttar Pradesh - 395713",2026-07-13
ORD03001,U0395,2026-03-31,324409.5,UPI,Paid,Delivered,"586, Station Road, Patna, Bihar - 227418",2026-04-05
ORD03002,U0388,2025-11-26,14795.11,Credit Card,Paid,Delivered,"276, Lake View, Varanasi, Uttar Pradesh - 244089",2025-12-06
ORD03003,U0287,2026-07-27,2147.0,Debit Card,Paid,Delivered,"73, Lake View, Bhubaneswar, Odisha - 826527",2026-07-30
ORD03004,U0385,2025-08-28,12741.42,Credit Card,Paid,Delivered,"468, Green Park, Mumbai, Maharashtra - 467704",2025-09-06
ORD03005,U0480,2026-07-26,213002.46,Debit Card,Refunded,Cancelled,"203, Salt Lake, Nagpur, Maharashtra - 362791",
ORD03006,U0075,2026-06-14,134946.0,UPI,Paid,Delivered,"40, Green Park, Kochi, Kerala - 975684",2026-06-23
ORD03007,U0052,2026-01-05,13795.4,UPI,Paid,Processing,"96, Station Road, Varanasi, Uttar Pradesh - 829274",
ORD03008,U0161,2026-08-04,256648.1,UPI,Paid,Delivered,"631, Vasant Kunj, Nashik, Maharashtra - 661332",2026-08-07
ORD03009,U0340,2026-04-21,155274.35,Debit Card,Paid,Delivered,"111, MG Road, Surat, Gujarat - 310146",2026-04-29
ORD03010,U0040,2025-10-15,31605.66,COD,Paid,Delivered,"71, Ring Road, Bhubaneswar, Odisha - 849294",2025-10-22
ORD03011,U0147,2025-11-22,19404.0,UPI,Paid,Processing,"457, Rajaji Nagar, Nagpur, Maharashtra - 749674",
ORD03012,U0098,2026-07-22,30827.25,COD,Paid,Delivered,"819, Gandhi Nagar, Bhopal, Madhya Pradesh - 131882",2026-07-30
ORD03013,U0391,2025-12-06,50476.35,COD,Pending,Shipped,"267, Banjara Hills, Nashik, Maharashtra - 625169",2025-12-09
ORD03014,U0115,2026-03-19,119881.25,Credit Card,Paid,Delivered,"228, Banjara Hills, Dehradun, Uttarakhand - 701783",2026-03-25
ORD03015,U0330,2026-07-20,82632.0,UPI,Paid,Shipped,"536, Jubilee Hills, Guwahati, Assam - 233934",2026-07-21
ORD03016,U0208,2026-07-08,1255.38,UPI,Paid,Shipped,"287, Civil Lines, Indore, Madhya Pradesh - 310441",2026-07-11
ORD03017,U0191,2025-04-06,5238.5,UPI,Paid,Delivered,"431, Salt Lake, Surat, Gujarat - 978413",2025-04-10
ORD03018,U0330,2026-01-19,91833.0,UPI,Paid,Delivered,"808, Model Town, Guwahati, Assam - 725861",2026-01-28
ORD03019,U0377,2026-07-01,16090.7,COD,Paid,Delivered,"878, Banjara Hills, Faridabad, Haryana - 737339",2026-07-04
ORD03020,U0025,2026-06-22,138746.01,Net Banking,Paid,Delivered,"993, Lake View, Ludhiana, Punjab - 978924",2026-07-02
ORD03021,U0052,2025-09-12,129399.0,Debit Card,Paid,Delivered,"192, Anna Nagar, Varanasi, Uttar Pradesh - 392347",2025-09-17
ORD03022,U0395,2026-04-19,64623.4,Debit Card,Paid,Delivered,"608, Vasant Kunj, Patna, Bihar - 990733",2026-04-21
ORD03023,U0017,2025-10-13,12901.0,Credit Card,Paid,Delivered,"457, Green Park, Ludhiana, Punjab - 540613",2025-10-22
ORD03024,U0460,2025-12-12,2617.25,Credit Card,Paid,Delivered,"741, Rajaji Nagar, Nagpur, Maharashtra - 399512",2025-12-15
ORD03025,U0286,2026-01-08,69751.74,Credit Card,Paid,Processing,"892, Vasant Kunj, Hyderabad, Telangana - 628317",
ORD03026,U0330,2024-10-31,15947.42,UPI,Paid,Shipped,"197, Rajaji Nagar, Guwahati, Assam - 880969",2024-11-01
ORD03027,U0203,2026-04-22,15655.24,UPI,Paid,Delivered,"401, Indiranagar, Nashik, Maharashtra - 348587",2026-04-24
ORD03028,U0210,2025-01-08,2368.0,Debit Card,Paid,Delivered,"85, MG Road, Mysuru, Karnataka - 958003",2025-01-11
ORD03029,U0206,2026-01-31,314.93,Net Banking,Paid,Delivered,"321, Civil Lines, Nagpur, Maharashtra - 225464",2026-02-09
ORD03030,U0346,2026-06-18,157285.22,UPI,Paid,Delivered,"529, Banjara Hills, Dehradun, Uttarakhand - 226620",2026-06-23
ORD03031,U0221,2026-07-12,1830.0,UPI,Paid,Processing,"72, Salt Lake, Mumbai, Maharashtra - 847270",
ORD03032,U0428,2026-05-06,23089.2,Credit Card,Paid,Delivered,"923, Jubilee Hills, Chandigarh, Chandigarh - 142086",2026-05-09
ORD03033,U0073,2026-02-12,115426.59,UPI,Paid,Delivered,"72, Station Road, Rajkot, Gujarat - 600798",2026-02-14
ORD03034,U0131,2025-08-20,147855.6,Credit Card,Paid,Delivered,"875, Ring Road, Meerut, Uttar Pradesh - 834983",2025-08-30
ORD03035,U0186,2026-06-04,9097.5,UPI,Paid,Processing,"104, MG Road, Patna, Bihar - 553256",
ORD03036,U0377,2026-07-16,128203.68,UPI,Paid,Delivered,"403, Koramangala, Faridabad, Haryana - 756564",2026-07-21
ORD03037,U0360,2026-01-26,11921.5,Debit Card,Paid,Delivered,"120, Green Park, Rajkot, Gujarat - 475358",2026-02-01
ORD03038,U0427,2026-03-08,3340.2,Debit Card,Paid,Delivered,"543, Koramangala, Bhubaneswar, Odisha - 435600",2026-03-16
ORD03039,U0367,2025-02-11,55202.0,COD,Paid,Delivered,"968, Sector 15, Chandigarh, Chandigarh - 192595",2025-02-17
ORD03040,U0471,2026-07-01,224156.1,COD,Paid,Delivered,"897, MG Road, Nagpur, Maharashtra - 218083",2026-07-07
ORD03041,U0060,2026-03-11,147195.8,Net Banking,Paid,Delivered,"92, Sector 15, Kolkata, West Bengal - 581593",2026-03-17
ORD03042,U0395,2026-06-30,20959.8,UPI,Paid,Processing,"199, Green Park, Patna, Bihar - 519253",
ORD03043,U0428,2026-03-16,20662.21,COD,Paid,Delivered,"935, Park Street, Chandigarh, Chandigarh - 354794",2026-03-26
ORD03044,U0306,2026-04-13,13372.2,UPI,Paid,Delivered,"529, Nehru Colony, Ghaziabad, Uttar Pradesh - 861152",2026-04-17
ORD03045,U0028,2025-02-15,234207.52,UPI,Paid,Shipped,"643, Park Street, Mumbai, Maharashtra - 367794",2025-02-18
ORD03046,U0032,2025-11-11,5995.83,UPI,Paid,Delivered,"94, Anna Nagar, Kochi, Kerala - 898767",2025-11-17
ORD03047,U0435,2026-05-14,7175.85,Debit Card,Paid,Delivered,"955, Salt Lake, Hyderabad, Telangana - 448514",2026-05-18
ORD03048,U0141,2025-05-10,58837.15,Credit Card,Failed,Cancelled,"417, Civil Lines, Bengaluru, Karnataka - 534375",
ORD03049,U0324,2026-05-16,111763.04,Net Banking,Paid,Delivered,"282, Park Street, Vadodara, Gujarat - 347549",2026-05-24
ORD03050,U0128,2025-02-19,82208.15,Debit Card,Paid,Delivered,"887, Indiranagar, Patna, Bihar - 410866",2025-02-28
ORD03051,U0288,2026-07-21,654.55,UPI,Paid,Delivered,"288, Station Road, Indore, Madhya Pradesh - 229023",2026-07-24
ORD03052,U0111,2025-04-17,74646.0,Debit Card,Paid,Delivered,"128, Green Park, Bengaluru, Karnataka - 920841",2025-04-22
ORD03053,U0441,2025-04-05,2190.0,UPI,Paid,Delivered,"649, Model Town, Bhubaneswar, Odisha - 577597",2025-04-13
ORD03054,U0206,2025-01-03,132150.0,Net Banking,Failed,Cancelled,"367, Koramangala, Nagpur, Maharashtra - 453138",
ORD03055,U0259,2025-04-30,7915.24,UPI,Paid,Shipped,"194, Green Park, Amritsar, Punjab - 614637",2025-05-01
ORD03056,U0045,2026-07-21,18139.8,COD,Paid,Delivered,"623, Church Street, Coimbatore, Tamil Nadu - 127389",2026-07-29
ORD03057,U0286,2025-11-04,66713.16,Net Banking,Refunded,Cancelled,"494, Model Town, Hyderabad, Telangana - 391281",
ORD03058,U0003,2026-01-28,13696.95,Credit Card,Paid,Delivered,"976, Sector 15, Visakhapatnam, Andhra Pradesh - 146396",2026-02-02
ORD03059,U0388,2025-12-23,168143.37,Debit Card,Paid,Delivered,"194, Ring Road, Varanasi, Uttar Pradesh - 651544",2026-01-02
ORD03060,U0069,2026-05-13,21331.8,UPI,Paid,Delivered,"34, MG Road, Amritsar, Punjab - 471943",2026-05-20
ORD03061,U0450,2026-06-09,47469.0,Debit Card,Paid,Processing,"730, Salt Lake, Coimbatore, Tamil Nadu - 767504",
ORD03062,U0212,2026-06-05,10414.4,UPI,Paid,Delivered,"473, Church Street, Kanpur, Uttar Pradesh - 287796",2026-06-08
ORD03063,U0053,2026-08-03,13794.48,Credit Card,Paid,Delivered,"144, Vasant Kunj, Nagpur, Maharashtra - 765532",2026-08-07
ORD03064,U0389,2026-06-16,5873.85,UPI,Paid,Delivered,"224, Anna Nagar, Faridabad, Haryana - 136293",2026-06-23
ORD03065,U0052,2025-09-20,8933.18,Credit Card,Paid,Delivered,"62, Koramangala, Varanasi, Uttar Pradesh - 500636",2025-09-25
ORD03066,U0291,2026-06-04,137133.2,UPI,Paid,Delivered,"996, Ring Road, Patna, Bihar - 626960",2026-06-07
ORD03067,U0206,2024-12-20,241710.24,Credit Card,Paid,Delivered,"847, Vasant Kunj, Nagpur, Maharashtra - 242509",2024-12-27
ORD03068,U0350,2025-12-22,318242.17,UPI,Paid,Delivered,"395, Sector 15, Chandigarh, Chandigarh - 851596",2025-12-24
ORD03069,U0256,2026-05-13,4290.32,COD,Paid,Delivered,"714, MG Road, Bhubaneswar, Odisha - 117855",2026-05-23
ORD03070,U0160,2026-03-02,22610.0,UPI,Paid,Delivered,"931, Gandhi Nagar, Faridabad, Haryana - 841788",2026-03-07
ORD03071,U0234,2026-07-15,998.07,Credit Card,Paid,Delivered,"926, Ring Road, Vadodara, Gujarat - 398338",2026-07-18
ORD03072,U0173,2026-04-03,30190.9,Credit Card,Paid,Delivered,"160, Koramangala, Ludhiana, Punjab - 376652",2026-04-09
ORD03073,U0329,2026-07-18,2281.88,UPI,Paid,Delivered,"179, Banjara Hills, Bengaluru, Karnataka - 890351",2026-07-26
ORD03074,U0087,2026-08-04,30316.6,Credit Card,Paid,Shipped,"619, Anna Nagar, Faridabad, Haryana - 188741",2026-08-07
ORD03075,U0357,2026-03-20,11673.0,UPI,Paid,Shipped,"414, Rajaji Nagar, Rajkot, Gujarat - 947770",2026-03-24
ORD03076,U0275,2025-06-22,923.4,Net Banking,Paid,Delivered,"576, Ring Road, Lucknow, Uttar Pradesh - 676566",2025-06-30
ORD03077,U0402,2026-04-22,504.0,UPI,Paid,Delivered,"855, Green Park, Kochi, Kerala - 683730",2026-04-25
ORD03078,U0201,2025-09-09,1288.4,UPI,Paid,Delivered,"651, Model Town, Kanpur, Uttar Pradesh - 928989",2025-09-15
ORD03079,U0195,2025-09-30,50332.8,UPI,Paid,Delivered,"678, Koramangala, Chennai, Tamil Nadu - 902024",2025-10-05
ORD03080,U0182,2025-11-23,2362.5,UPI,Paid,Shipped,"203, Jubilee Hills, Chandigarh, Chandigarh - 149877",2025-11-24
ORD03081,U0161,2026-08-06,174214.52,Credit Card,Paid,Shipped,"902, Nehru Colony, Nashik, Maharashtra - 933464",2026-08-07
ORD03082,U0123,2026-07-23,417255.25,Credit Card,Paid,Delivered,"941, Anna Nagar, Mysuru, Karnataka - 926731",2026-07-30
ORD03083,U0251,2026-03-06,11383.32,UPI,Paid,Processing,"947, Sector 15, Jaipur, Rajasthan - 534964",
ORD03084,U0458,2026-05-02,258855.39,COD,Refunded,Cancelled,"913, Gandhi Nagar, Ghaziabad, Uttar Pradesh - 253933",
ORD03085,U0156,2025-12-22,829.8,Credit Card,Paid,Delivered,"885, Vasant Kunj, Ahmedabad, Gujarat - 259401",2026-01-01
ORD03086,U0302,2026-06-20,81056.85,COD,Paid,Delivered,"310, Vasant Kunj, Guwahati, Assam - 395784",2026-06-30
ORD03087,U0327,2026-05-07,209311.35,Credit Card,Paid,Delivered,"351, Park Street, Mysuru, Karnataka - 457413",2026-05-11
ORD03088,U0102,2026-06-26,274443.24,Debit Card,Paid,Delivered,"724, MG Road, Chennai, Tamil Nadu - 470140",2026-07-02
ORD03089,U0286,2025-09-12,16682.6,COD,Paid,Delivered,"196, Gandhi Nagar, Hyderabad, Telangana - 909473",2025-09-22
ORD03090,U0181,2026-04-11,323618.05,COD,Paid,Delivered,"573, Sector 15, Bhopal, Madhya Pradesh - 961628",2026-04-17
ORD03091,U0363,2026-07-22,14873.0,UPI,Paid,Delivered,"412, Sector 15, Lucknow, Uttar Pradesh - 676319",2026-07-24
ORD03092,U0124,2026-06-27,10085.04,Debit Card,Paid,Delivered,"301, Park Street, Hyderabad, Telangana - 142827",2026-07-01
ORD03093,U0224,2026-08-03,8848.6,UPI,Paid,Delivered,"520, Gandhi Nagar, Kanpur, Uttar Pradesh - 974797",2026-08-05
ORD03094,U0351,2026-07-24,69303.98,UPI,Failed,Cancelled,"392, Sector 15, Bhubaneswar, Odisha - 185964",
ORD03095,U0156,2026-01-23,6110.4,UPI,Paid,Shipped,"483, Civil Lines, Ahmedabad, Gujarat - 246681",2026-01-25
ORD03096,U0495,2026-01-09,1035.0,UPI,Paid,Shipped,"889, Gandhi Nagar, Kochi, Kerala - 334794",2026-01-11
ORD03097,U0361,2026-01-30,14536.7,UPI,Paid,Delivered,"663, Church Street, Mumbai, Maharashtra - 837921",2026-02-01
ORD03098,U0321,2025-01-27,20580.66,COD,Failed,Cancelled,"126, Church Street, Indore, Madhya Pradesh - 627193",
ORD03099,U0367,2026-04-30,78058.33,COD,Paid,Delivered,"72, Rajaji Nagar, Chandigarh, Chandigarh - 559290",2026-05-02
ORD03100,U0441,2026-06-30,5297.15,Debit Card,Paid,Delivered,"393, Indiranagar, Bhubaneswar, Odisha - 178121",2026-07-08
ORD03101,U0303,2026-07-22,1044.0,UPI,Paid,Delivered,"922, Rajaji Nagar, Amritsar, Punjab - 365791",2026-07-28
ORD03102,U0138,2025-07-25,161308.77,Credit Card,Paid,Delivered,"20, Rajaji Nagar, Bhubaneswar, Odisha - 565013",2025-07-27
ORD03103,U0135,2026-01-25,2466.0,Credit Card,Paid,Delivered,"612, Salt Lake, Thane, Maharashtra - 425811",2026-01-27
ORD03104,U0482,2026-01-04,776.15,COD,Paid,Delivered,"473, Civil Lines, Faridabad, Haryana - 740910",2026-01-06
ORD03105,U0439,2026-04-30,20328.6,Credit Card,Paid,Shipped,"714, Jubilee Hills, Chandigarh, Chandigarh - 851274",2026-05-01
ORD03106,U0104,2026-05-30,9894.1,Debit Card,Paid,Delivered,"607, Sector 15, Surat, Gujarat - 740354",2026-06-03
ORD03107,U0032,2025-11-07,165237.3,UPI,Paid,Processing,"743, Salt Lake, Kochi, Kerala - 182258",
ORD03108,U0399,2025-12-30,111260.0,Credit Card,Paid,Delivered,"403, Lake View, Rajkot, Gujarat - 695145",2026-01-03
ORD03109,U0078,2026-05-06,3146.09,Debit Card,Paid,Delivered,"891, MG Road, Rajkot, Gujarat - 927499",2026-05-10
ORD03110,U0224,2026-05-09,3754.16,UPI,Paid,Delivered,"140, Gandhi Nagar, Kanpur, Uttar Pradesh - 614379",2026-05-19
ORD03111,U0301,2026-06-27,7677.0,Credit Card,Paid,Delivered,"358, Vasant Kunj, Mumbai, Maharashtra - 574550",2026-07-02
ORD03112,U0461,2026-04-08,53379.0,UPI,Paid,Processing,"697, Nehru Colony, Bengaluru, Karnataka - 232033",
ORD03113,U0261,2026-05-03,5066.6,Debit Card,Paid,Delivered,"872, Church Street, Amritsar, Punjab - 162957",2026-05-07
ORD03114,U0410,2025-05-04,12459.81,COD,Paid,Delivered,"801, Ring Road, Kanpur, Uttar Pradesh - 379247",2025-05-07
ORD03115,U0160,2026-05-27,40204.75,COD,Pending,Shipped,"688, Green Park, Faridabad, Haryana - 659720",2026-05-30
ORD03116,U0343,2026-06-12,13937.07,Debit Card,Paid,Delivered,"354, Ring Road, Chennai, Tamil Nadu - 604207",2026-06-20
ORD03117,U0448,2026-03-19,13102.76,UPI,Paid,Delivered,"640, Ring Road, Varanasi, Uttar Pradesh - 664298",2026-03-24
ORD03118,U0136,2025-12-25,106825.04,Debit Card,Paid,Delivered,"163, Banjara Hills, Kochi, Kerala - 634184",2026-01-02
ORD03119,U0179,2025-09-15,115472.5,Credit Card,Paid,Delivered,"76, Anna Nagar, Delhi, Delhi - 373778",2025-09-24
ORD03120,U0047,2026-07-31,1496.0,UPI,Paid,Delivered,"683, Vasant Kunj, Bengaluru, Karnataka - 167273",2026-08-04
ORD03121,U0395,2026-05-10,66838.11,Debit Card,Paid,Delivered,"407, Green Park, Patna, Bihar - 583864",2026-05-13
ORD03122,U0078,2026-07-19,17851.24,UPI,Paid,Delivered,"559, MG Road, Rajkot, Gujarat - 354426",2026-07-22
ORD03123,U0147,2026-01-29,15287.5,Debit Card,Paid,Processing,"898, Salt Lake, Nagpur, Maharashtra - 688902",
ORD03124,U0189,2025-10-01,10176.0,Debit Card,Paid,Delivered,"806, Green Park, Nashik, Maharashtra - 984549",2025-10-07
ORD03125,U0349,2026-04-13,472.0,COD,Paid,Delivered,"608, Park Street, Bengaluru, Karnataka - 922462",2026-04-22
ORD03126,U0110,2026-07-01,27523.0,Credit Card,Paid,Delivered,"626, Rajaji Nagar, Patna, Bihar - 252909",2026-07-07
ORD03127,U0187,2026-05-16,1338.2,Debit Card,Paid,Delivered,"830, Salt Lake, Bhubaneswar, Odisha - 692595",2026-05-20
ORD03128,U0062,2026-04-22,80758.0,Net Banking,Paid,Processing,"958, Banjara Hills, Mysuru, Karnataka - 811006",
ORD03129,U0234,2026-07-25,39082.68,Net Banking,Paid,Delivered,"592, Station Road, Vadodara, Gujarat - 650848",2026-08-01
ORD03130,U0247,2025-05-11,14027.52,Debit Card,Paid,Delivered,"982, Lake View, Chennai, Tamil Nadu - 209179",2025-05-13
ORD03131,U0455,2026-07-19,163740.22,Net Banking,Paid,Delivered,"985, Ring Road, Coimbatore, Tamil Nadu - 675975",2026-07-23
ORD03132,U0451,2026-05-19,2426.3,Credit Card,Paid,Delivered,"298, Ring Road, Guwahati, Assam - 360720",2026-05-27
ORD03133,U0318,2025-07-17,20058.3,COD,Pending,Processing,"31, Rajaji Nagar, Ahmedabad, Gujarat - 753715",
ORD03134,U0068,2026-08-06,109594.0,COD,Paid,Delivered,"542, MG Road, Kochi, Kerala - 971981",2026-08-07
ORD03135,U0260,2026-08-04,33916.68,UPI,Paid,Delivered,"768, Station Road, Mumbai, Maharashtra - 685676",2026-08-06
ORD03136,U0202,2026-06-23,7219.85,UPI,Paid,Delivered,"132, Indiranagar, Ludhiana, Punjab - 856327",2026-06-29
ORD03137,U0391,2025-06-27,2757.15,COD,Paid,Delivered,"456, Koramangala, Nashik, Maharashtra - 951061",2025-07-06
ORD03138,U0035,2026-06-26,2252.83,Credit Card,Paid,Delivered,"393, Indiranagar, Lucknow, Uttar Pradesh - 774163",2026-07-06
ORD03139,U0284,2026-07-13,81499.1,Net Banking,Paid,Delivered,"473, Anna Nagar, Ahmedabad, Gujarat - 846690",2026-07-17
ORD03140,U0288,2025-04-07,8989.25,UPI,Paid,Delivered,"589, Jubilee Hills, Indore, Madhya Pradesh - 606491",2025-04-12
ORD03141,U0201,2026-01-21,3740.85,UPI,Paid,Delivered,"274, Sector 15, Kanpur, Uttar Pradesh - 951294",2026-01-28
ORD03142,U0045,2026-07-18,1512.0,UPI,Paid,Delivered,"358, Model Town, Coimbatore, Tamil Nadu - 869600",2026-07-26
ORD03143,U0419,2026-03-19,10413.9,UPI,Paid,Delivered,"271, Gandhi Nagar, Ghaziabad, Uttar Pradesh - 768789",2026-03-27
ORD03144,U0012,2026-05-03,55147.69,COD,Paid,Delivered,"15, Banjara Hills, Mysuru, Karnataka - 861034",2026-05-10
ORD03145,U0341,2025-04-10,91445.52,COD,Paid,Delivered,"157, Salt Lake, Rajkot, Gujarat - 485202",2025-04-13
ORD03146,U0457,2025-07-03,197168.87,Debit Card,Paid,Delivered,"811, Ring Road, Delhi, Delhi - 967195",2025-07-05
ORD03147,U0138,2026-01-09,7430.57,Debit Card,Failed,Cancelled,"253, Lake View, Bhubaneswar, Odisha - 426494",
ORD03148,U0282,2026-07-02,1588.0,Net Banking,Paid,Delivered,"917, Salt Lake, Kochi, Kerala - 526134",2026-07-10
ORD03149,U0350,2026-05-10,73650.54,Credit Card,Paid,Delivered,"761, MG Road, Chandigarh, Chandigarh - 924112",2026-05-13
ORD03150,U0245,2025-06-19,26372.16,Debit Card,Paid,Delivered,"659, Green Park, Kolkata, West Bengal - 469962",2025-06-28
ORD03151,U0126,2024-12-28,87395.25,Debit Card,Paid,Shipped,"106, Vasant Kunj, Dehradun, Uttarakhand - 172064",2025-01-01
ORD03152,U0319,2026-08-06,68839.81,Debit Card,Refunded,Cancelled,"860, Anna Nagar, Kanpur, Uttar Pradesh - 188439",
ORD03153,U0169,2025-03-16,45314.3,UPI,Paid,Delivered,"540, Church Street, Jaipur, Rajasthan - 518531",2025-03-18
ORD03154,U0223,2024-12-01,35315.28,Credit Card,Failed,Cancelled,"25, Anna Nagar, Kanpur, Uttar Pradesh - 685064",
ORD03155,U0227,2025-07-13,43530.29,Debit Card,Paid,Delivered,"360, Vasant Kunj, Coimbatore, Tamil Nadu - 741738",2025-07-20
ORD03156,U0087,2026-07-20,4789.35,Debit Card,Paid,Delivered,"793, Nehru Colony, Faridabad, Haryana - 900492",2026-07-30
ORD03157,U0245,2026-04-14,194.65,Credit Card,Paid,Delivered,"243, Sector 15, Kolkata, West Bengal - 602930",2026-04-16
ORD03158,U0408,2026-07-17,56373.0,Credit Card,Paid,Delivered,"808, Anna Nagar, Nagpur, Maharashtra - 573329",2026-07-20
ORD03159,U0367,2026-05-04,1109.25,UPI,Paid,Delivered,"963, Park Street, Chandigarh, Chandigarh - 983208",2026-05-09
ORD03160,U0348,2026-06-30,53018.1,Net Banking,Paid,Delivered,"245, Indiranagar, Jaipur, Rajasthan - 100929",2026-07-04
ORD03161,U0441,2025-02-27,44356.1,Debit Card,Paid,Delivered,"394, Salt Lake, Bhubaneswar, Odisha - 773603",2025-03-01
ORD03162,U0212,2025-12-16,19206.0,UPI,Refunded,Cancelled,"548, Nehru Colony, Kanpur, Uttar Pradesh - 454703",
ORD03163,U0043,2026-07-14,10266.49,Debit Card,Paid,Delivered,"104, Koramangala, Chennai, Tamil Nadu - 539251",2026-07-19
ORD03164,U0123,2026-02-19,79748.58,Debit Card,Paid,Delivered,"1, Jubilee Hills, Mysuru, Karnataka - 994294",2026-02-26
ORD03165,U0115,2025-09-15,1472.0,Debit Card,Paid,Delivered,"643, Civil Lines, Dehradun, Uttarakhand - 104223",2025-09-19
ORD03166,U0104,2026-02-14,3151.8,Credit Card,Paid,Delivered,"910, Rajaji Nagar, Surat, Gujarat - 441629",2026-02-18
ORD03167,U0329,2025-07-08,51503.25,UPI,Paid,Delivered,"734, Model Town, Bengaluru, Karnataka - 351738",2025-07-15
ORD03168,U0246,2026-08-05,58958.75,COD,Paid,Delivered,"871, Gandhi Nagar, Chandigarh, Chandigarh - 530311",2026-08-07
ORD03169,U0182,2025-09-20,99514.31,Credit Card,Paid,Shipped,"99, Church Street, Chandigarh, Chandigarh - 648368",2025-09-23
ORD03170,U0346,2026-04-22,76876.35,UPI,Failed,Cancelled,"899, MG Road, Dehradun, Uttarakhand - 836833",
ORD03171,U0224,2026-07-25,13075.5,UPI,Paid,Delivered,"183, Koramangala, Kanpur, Uttar Pradesh - 996094",2026-08-02
ORD03172,U0321,2026-04-20,3825.8,COD,Paid,Delivered,"684, Lake View, Indore, Madhya Pradesh - 698695",2026-04-25
ORD03173,U0089,2026-01-15,416420.28,UPI,Paid,Delivered,"218, Civil Lines, Rajkot, Gujarat - 434190",2026-01-23
ORD03174,U0289,2025-07-25,12082.24,UPI,Paid,Processing,"899, Church Street, Bhopal, Madhya Pradesh - 165665",
ORD03175,U0447,2026-05-25,81439.7,UPI,Paid,Delivered,"679, Jubilee Hills, Mumbai, Maharashtra - 375789",2026-06-01
ORD03176,U0328,2026-06-16,38474.04,Debit Card,Paid,Shipped,"810, Anna Nagar, Agra, Uttar Pradesh - 431416",2026-06-18
ORD03177,U0477,2025-11-06,16361.7,Debit Card,Failed,Cancelled,"431, Lake View, Pune, Maharashtra - 774101",
ORD03178,U0142,2026-03-19,2614.5,UPI,Paid,Processing,"69, Civil Lines, Kolkata, West Bengal - 492835",
ORD03179,U0148,2026-07-27,63830.5,Debit Card,Paid,Processing,"314, Indiranagar, Nagpur, Maharashtra - 750238",
ORD03180,U0216,2026-07-15,102654.0,Credit Card,Paid,Delivered,"546, Model Town, Bhopal, Madhya Pradesh - 120280",2026-07-22
ORD03181,U0030,2026-07-24,18929.84,Debit Card,Paid,Processing,"606, Church Street, Agra, Uttar Pradesh - 270925",
ORD03182,U0306,2026-07-15,144805.0,UPI,Paid,Delivered,"327, Vasant Kunj, Ghaziabad, Uttar Pradesh - 249074",2026-07-24
ORD03183,U0340,2025-12-30,13984.81,UPI,Paid,Delivered,"638, Vasant Kunj, Surat, Gujarat - 437643",2026-01-07
ORD03184,U0087,2026-07-08,384736.57,UPI,Paid,Delivered,"972, Model Town, Faridabad, Haryana - 970888",2026-07-12
ORD03185,U0079,2025-09-10,4503.0,UPI,Paid,Delivered,"583, Indiranagar, Bhopal, Madhya Pradesh - 836383",2025-09-14
ORD03186,U0261,2026-03-20,1562.0,Net Banking,Paid,Shipped,"411, MG Road, Amritsar, Punjab - 575722",2026-03-24
ORD03187,U0319,2026-08-06,208599.08,UPI,Paid,Delivered,"378, Gandhi Nagar, Kanpur, Uttar Pradesh - 235382",2026-08-07
ORD03188,U0291,2026-07-29,20946.0,UPI,Paid,Delivered,"553, MG Road, Patna, Bihar - 946046",2026-08-06
ORD03189,U0485,2026-05-29,113515.58,Debit Card,Paid,Shipped,"126, Koramangala, Ludhiana, Punjab - 979874",2026-05-31
ORD03190,U0170,2025-11-08,3807.0,COD,Paid,Delivered,"523, Salt Lake, Ghaziabad, Uttar Pradesh - 213827",2025-11-15
ORD03191,U0239,2026-06-25,1278.62,COD,Paid,Delivered,"310, Banjara Hills, Indore, Madhya Pradesh - 564463",2026-07-05
ORD03192,U0162,2026-05-04,29703.0,Debit Card,Paid,Delivered,"835, Anna Nagar, Vadodara, Gujarat - 670586",2026-05-12
ORD03193,U0078,2026-01-31,69232.16,UPI,Paid,Delivered,"108, Model Town, Rajkot, Gujarat - 706906",2026-02-07
ORD03194,U0270,2025-04-20,1567.5,Debit Card,Paid,Delivered,"248, Anna Nagar, Ahmedabad, Gujarat - 508681",2025-04-28
ORD03195,U0248,2026-07-18,133296.6,Credit Card,Paid,Delivered,"227, Green Park, Amritsar, Punjab - 762970",2026-07-26
ORD03196,U0272,2026-03-27,11739.78,UPI,Paid,Delivered,"1, Ring Road, Meerut, Uttar Pradesh - 351785",2026-04-06
ORD03197,U0070,2025-11-06,21059.72,Net Banking,Paid,Processing,"299, Model Town, Faridabad, Haryana - 959845",
ORD03198,U0261,2026-03-25,185476.88,UPI,Paid,Delivered,"803, Indiranagar, Amritsar, Punjab - 750210",2026-03-28
ORD03199,U0156,2025-09-05,8098.0,Debit Card,Refunded,Cancelled,"463, Sector 15, Ahmedabad, Gujarat - 307492",
ORD03200,U0060,2025-09-14,36270.0,Debit Card,Paid,Delivered,"921, Salt Lake, Kolkata, West Bengal - 471305",2025-09-22
ORD03201,U0062,2024-09-19,80245.14,UPI,Paid,Processing,"330, Jubilee Hills, Mysuru, Karnataka - 681935",
ORD03202,U0031,2026-04-16,49094.22,Debit Card,Paid,Delivered,"899, Civil Lines, Varanasi, Uttar Pradesh - 745526",2026-04-21
ORD03203,U0230,2026-08-01,78630.0,COD,Paid,Delivered,"487, Park Street, Bengaluru, Karnataka - 580603",2026-08-06
ORD03204,U0028,2026-01-19,2789.55,Credit Card,Paid,Processing,"693, Vasant Kunj, Mumbai, Maharashtra - 259888",
ORD03205,U0464,2025-01-14,3385.8,Debit Card,Paid,Delivered,"779, Vasant Kunj, Varanasi, Uttar Pradesh - 364745",2025-01-19
ORD03206,U0223,2026-02-06,179174.32,UPI,Paid,Processing,"78, Sector 15, Kanpur, Uttar Pradesh - 895278",
ORD03207,U0278,2026-08-01,24228.5,UPI,Paid,Delivered,"713, Lake View, Bhubaneswar, Odisha - 326209",2026-08-07
ORD03208,U0093,2026-07-12,132308.7,UPI,Paid,Shipped,"78, Green Park, Meerut, Uttar Pradesh - 259249",2026-07-15
ORD03209,U0432,2026-04-27,18711.0,Debit Card,Paid,Delivered,"726, Green Park, Lucknow, Uttar Pradesh - 172447",2026-05-06
ORD03210,U0230,2026-06-23,25689.57,UPI,Paid,Shipped,"237, Station Road, Bengaluru, Karnataka - 292923",2026-06-26
ORD03211,U0243,2026-05-15,34603.25,UPI,Paid,Delivered,"38, Park Street, Chennai, Tamil Nadu - 200346",2026-05-21
ORD03212,U0161,2026-08-05,3156.5,UPI,Paid,Delivered,"537, Sector 15, Nashik, Maharashtra - 973634",2026-08-07
ORD03213,U0480,2026-06-12,32557.0,UPI,Paid,Delivered,"642, Model Town, Nagpur, Maharashtra - 251107",2026-06-22
ORD03214,U0066,2026-03-05,132642.1,COD,Paid,Delivered,"944, Salt Lake, Kanpur, Uttar Pradesh - 407879",2026-03-11
ORD03215,U0313,2026-07-11,14363.0,Net Banking,Paid,Delivered,"651, Civil Lines, Thane, Maharashtra - 817887",2026-07-13
ORD03216,U0279,2025-12-01,36824.0,Credit Card,Paid,Delivered,"692, Park Street, Delhi, Delhi - 824164",2025-12-08
ORD03217,U0190,2025-09-11,39965.1,UPI,Paid,Delivered,"764, Anna Nagar, Kolkata, West Bengal - 562163",2025-09-19
ORD03218,U0198,2025-08-24,57978.0,COD,Failed,Cancelled,"349, Salt Lake, Vadodara, Gujarat - 595810",
ORD03219,U0377,2026-07-12,1079.0,COD,Paid,Delivered,"738, Model Town, Faridabad, Haryana - 911315",2026-07-18
ORD03220,U0132,2026-01-10,13287.84,Credit Card,Paid,Delivered,"28, Sector 15, Indore, Madhya Pradesh - 376783",2026-01-12
ORD03221,U0296,2026-07-02,84730.95,COD,Failed,Cancelled,"525, Ring Road, Nashik, Maharashtra - 826358",
ORD03222,U0421,2026-07-29,29351.0,UPI,Paid,Delivered,"444, MG Road, Visakhapatnam, Andhra Pradesh - 425275",2026-08-07
ORD03223,U0430,2025-09-23,60125.4,UPI,Paid,Delivered,"576, Station Road, Rajkot, Gujarat - 205519",2025-09-27
ORD03224,U0390,2025-12-05,43320.6,Credit Card,Paid,Delivered,"429, Ring Road, Nashik, Maharashtra - 238264",2025-12-13
ORD03225,U0190,2026-06-30,26098.8,Debit Card,Paid,Delivered,"7, Jubilee Hills, Kolkata, West Bengal - 381722",2026-07-05
ORD03226,U0301,2026-07-03,10580.5,Credit Card,Paid,Delivered,"563, Park Street, Mumbai, Maharashtra - 447071",2026-07-07
ORD03227,U0156,2026-06-05,3800.0,COD,Refunded,Cancelled,"857, Anna Nagar, Ahmedabad, Gujarat - 293178",
ORD03228,U0480,2026-06-18,10738.2,Debit Card,Paid,Delivered,"183, Station Road, Nagpur, Maharashtra - 619712",2026-06-22
ORD03229,U0419,2026-03-31,6780.0,Debit Card,Paid,Delivered,"859, Jubilee Hills, Ghaziabad, Uttar Pradesh - 550184",2026-04-07
ORD03230,U0471,2026-07-06,126966.0,UPI,Paid,Delivered,"660, Nehru Colony, Nagpur, Maharashtra - 825782",2026-07-11
ORD03231,U0444,2026-03-05,31913.1,UPI,Paid,Delivered,"485, Indiranagar, Delhi, Delhi - 249220",2026-03-07
ORD03232,U0270,2024-12-28,71772.4,Debit Card,Paid,Delivered,"240, Civil Lines, Ahmedabad, Gujarat - 511409",2025-01-01
ORD03233,U0184,2025-05-03,8223.53,Debit Card,Paid,Delivered,"183, Ring Road, Jaipur, Rajasthan - 307493",2025-05-07
ORD03234,U0276,2026-07-20,1269.0,UPI,Paid,Delivered,"445, Gandhi Nagar, Nashik, Maharashtra - 416316",2026-07-30
ORD03235,U0422,2025-04-01,230.5,UPI,Paid,Delivered,"939, Jubilee Hills, Kochi, Kerala - 757571",2025-04-11
ORD03236,U0344,2026-02-01,214224.0,UPI,Paid,Delivered,"14, Ring Road, Coimbatore, Tamil Nadu - 219697",2026-02-07
ORD03237,U0363,2026-07-24,23626.8,UPI,Paid,Delivered,"594, Park Street, Lucknow, Uttar Pradesh - 750747",2026-08-01
ORD03238,U0108,2025-12-13,44685.0,UPI,Paid,Delivered,"677, Banjara Hills, Kolkata, West Bengal - 551082",2025-12-16
ORD03239,U0428,2026-02-11,28134.02,Credit Card,Refunded,Cancelled,"651, Model Town, Chandigarh, Chandigarh - 956477",
ORD03240,U0162,2026-04-06,3753.0,Credit Card,Paid,Delivered,"236, Indiranagar, Vadodara, Gujarat - 666583",2026-04-12
ORD03241,U0361,2025-11-30,93749.4,UPI,Paid,Processing,"760, Civil Lines, Mumbai, Maharashtra - 939969",
ORD03242,U0074,2026-05-09,8408.0,UPI,Paid,Delivered,"274, Model Town, Lucknow, Uttar Pradesh - 120007",2026-05-15
ORD03243,U0330,2025-09-01,263494.86,Net Banking,Paid,Delivered,"163, Civil Lines, Guwahati, Assam - 319691",2025-09-04
ORD03244,U0389,2026-02-06,135641.92,Debit Card,Paid,Processing,"308, Salt Lake, Faridabad, Haryana - 216338",
ORD03245,U0195,2025-09-25,264652.03,UPI,Paid,Shipped,"50, Nehru Colony, Chennai, Tamil Nadu - 853352",2025-09-27
ORD03246,U0381,2025-07-15,30903.55,UPI,Paid,Delivered,"853, Ring Road, Coimbatore, Tamil Nadu - 242804",2025-07-19
ORD03247,U0271,2025-09-06,1892.75,UPI,Paid,Delivered,"642, Salt Lake, Jaipur, Rajasthan - 319523",2025-09-11
ORD03248,U0443,2026-04-25,30317.77,UPI,Paid,Delivered,"469, Park Street, Indore, Madhya Pradesh - 887554",2026-04-28
ORD03249,U0470,2025-07-24,12793.5,Credit Card,Failed,Cancelled,"462, Ring Road, Ghaziabad, Uttar Pradesh - 563459",
ORD03250,U0414,2026-02-20,54836.75,Credit Card,Paid,Delivered,"392, Koramangala, Guwahati, Assam - 769443",2026-02-26
ORD03251,U0217,2026-04-09,4266.55,UPI,Paid,Delivered,"26, Green Park, Bhubaneswar, Odisha - 482843",2026-04-19
ORD03252,U0074,2026-05-30,1273.22,Debit Card,Paid,Delivered,"143, Gandhi Nagar, Lucknow, Uttar Pradesh - 133173",2026-06-07
ORD03253,U0291,2026-06-02,24254.91,Debit Card,Refunded,Cancelled,"889, Church Street, Patna, Bihar - 585344",
ORD03254,U0394,2025-12-07,6183.0,COD,Paid,Delivered,"193, Rajaji Nagar, Hyderabad, Telangana - 364502",2025-12-14
ORD03255,U0195,2025-01-23,641.25,COD,Pending,Processing,"74, Ring Road, Chennai, Tamil Nadu - 140127",
ORD03256,U0098,2026-06-15,8567.55,Debit Card,Paid,Shipped,"539, MG Road, Bhopal, Madhya Pradesh - 461044",2026-06-17
ORD03257,U0006,2025-04-16,27810.0,Net Banking,Paid,Delivered,"725, Anna Nagar, Jaipur, Rajasthan - 662593",2025-04-23
ORD03258,U0183,2026-08-06,74688.0,COD,Paid,Delivered,"294, Jubilee Hills, Kolkata, West Bengal - 528865",2026-08-07
ORD03259,U0405,2025-07-01,7765.2,COD,Paid,Delivered,"548, Vasant Kunj, Bengaluru, Karnataka - 841275",2025-07-03
ORD03260,U0425,2026-05-09,139874.5,Credit Card,Paid,Delivered,"916, Nehru Colony, Guwahati, Assam - 817547",2026-05-17
ORD03261,U0222,2025-12-14,98619.5,UPI,Paid,Delivered,"542, Ring Road, Bengaluru, Karnataka - 574355",2025-12-18
ORD03262,U0355,2026-07-12,286836.0,Credit Card,Paid,Delivered,"703, MG Road, Nagpur, Maharashtra - 440082",2026-07-18
ORD03263,U0015,2026-01-17,53578.0,Credit Card,Refunded,Cancelled,"53, Model Town, Vadodara, Gujarat - 314607",
ORD03264,U0337,2026-06-16,13736.72,UPI,Refunded,Cancelled,"301, Civil Lines, Ludhiana, Punjab - 324454",
ORD03265,U0476,2026-04-28,32826.45,Credit Card,Paid,Delivered,"76, Indiranagar, Hyderabad, Telangana - 417856",2026-05-05
ORD03266,U0128,2026-06-19,1499.4,Debit Card,Paid,Delivered,"804, Koramangala, Patna, Bihar - 786806",2026-06-25
ORD03267,U0383,2026-01-26,91114.86,COD,Paid,Delivered,"855, Rajaji Nagar, Ahmedabad, Gujarat - 208163",2026-01-29
ORD03268,U0261,2026-07-24,12610.32,UPI,Paid,Delivered,"815, Lake View, Amritsar, Punjab - 786162",2026-08-02
ORD03269,U0459,2025-08-12,1665.0,Net Banking,Refunded,Cancelled,"45, Civil Lines, Rajkot, Gujarat - 456596",
ORD03270,U0483,2026-05-04,23373.0,UPI,Paid,Delivered,"787, Ring Road, Thane, Maharashtra - 214012",2026-05-14
ORD03271,U0261,2026-05-09,135516.3,Net Banking,Paid,Delivered,"117, Jubilee Hills, Amritsar, Punjab - 311070",2026-05-11
ORD03272,U0216,2026-04-08,36601.58,Credit Card,Paid,Delivered,"299, Lake View, Bhopal, Madhya Pradesh - 698721",2026-04-12
ORD03273,U0224,2026-06-07,40290.0,Credit Card,Paid,Delivered,"425, Salt Lake, Kanpur, Uttar Pradesh - 827645",2026-06-16
ORD03274,U0223,2025-06-12,167861.64,UPI,Paid,Delivered,"53, Green Park, Kanpur, Uttar Pradesh - 229689",2025-06-17
ORD03275,U0035,2026-07-02,1619.6,Credit Card,Paid,Delivered,"42, Indiranagar, Lucknow, Uttar Pradesh - 558727",2026-07-04
ORD03276,U0456,2025-01-06,21244.45,COD,Paid,Delivered,"333, Sector 15, Faridabad, Haryana - 955226",2025-01-16
ORD03277,U0317,2025-06-06,37654.98,Credit Card,Failed,Cancelled,"744, Station Road, Ahmedabad, Gujarat - 736814",
ORD03278,U0334,2025-12-24,32787.0,Credit Card,Paid,Delivered,"931, Church Street, Pune, Maharashtra - 425804",2025-12-30
ORD03279,U0060,2026-02-25,133138.94,Net Banking,Paid,Delivered,"725, Anna Nagar, Kolkata, West Bengal - 266645",2026-03-06
ORD03280,U0444,2025-09-27,21180.0,UPI,Paid,Processing,"116, MG Road, Delhi, Delhi - 263131",
ORD03281,U0480,2026-06-23,12385.88,Net Banking,Paid,Delivered,"784, Station Road, Nagpur, Maharashtra - 488597",2026-07-02
ORD03282,U0444,2026-04-06,247504.3,COD,Paid,Delivered,"153, Station Road, Delhi, Delhi - 985698",2026-04-16
ORD03283,U0474,2025-10-13,23540.58,Net Banking,Paid,Delivered,"702, Vasant Kunj, Pune, Maharashtra - 370881",2025-10-23
ORD03284,U0230,2026-07-17,2213.5,UPI,Paid,Delivered,"289, Civil Lines, Bengaluru, Karnataka - 567495",2026-07-26
ORD03285,U0070,2026-01-07,26515.92,Credit Card,Paid,Shipped,"134, Model Town, Faridabad, Haryana - 915588",2026-01-10
ORD03286,U0190,2024-12-16,1179.58,UPI,Paid,Delivered,"920, Sector 15, Kolkata, West Bengal - 332051",2024-12-23
ORD03287,U0062,2024-10-31,34611.0,Credit Card,Paid,Delivered,"503, Jubilee Hills, Mysuru, Karnataka - 403411",2024-11-04
ORD03288,U0087,2026-08-06,63987.0,UPI,Paid,Shipped,"326, Green Park, Faridabad, Haryana - 180290",
ORD03289,U0151,2026-05-14,3277.5,Debit Card,Paid,Delivered,"962, Rajaji Nagar, Bengaluru, Karnataka - 348445",2026-05-24
ORD03290,U0162,2026-04-04,67780.5,UPI,Paid,Delivered,"273, Koramangala, Vadodara, Gujarat - 741250",2026-04-10
ORD03291,U0223,2025-11-28,24477.24,Debit Card,Paid,Delivered,"501, Koramangala, Kanpur, Uttar Pradesh - 896883",2025-12-07
ORD03292,U0134,2026-05-15,117783.1,UPI,Paid,Delivered,"620, Park Street, Meerut, Uttar Pradesh - 579995",2026-05-24
ORD03293,U0367,2026-01-03,175693.64,Net Banking,Paid,Shipped,"650, Church Street, Chandigarh, Chandigarh - 264810",2026-01-06
ORD03294,U0260,2026-08-05,29789.41,Credit Card,Failed,Cancelled,"986, Lake View, Mumbai, Maharashtra - 349369",
ORD03295,U0220,2026-04-18,57141.75,Debit Card,Paid,Delivered,"497, Church Street, Pune, Maharashtra - 521116",2026-04-24
ORD03296,U0377,2026-07-21,6804.9,UPI,Paid,Delivered,"530, Rajaji Nagar, Faridabad, Haryana - 488449",2026-07-25
ORD03297,U0260,2026-08-03,27444.93,Debit Card,Paid,Delivered,"324, Salt Lake, Mumbai, Maharashtra - 291076",2026-08-06
ORD03298,U0319,2026-08-06,56257.5,Credit Card,Paid,Delivered,"995, MG Road, Kanpur, Uttar Pradesh - 228852",2026-08-07
ORD03299,U0287,2026-07-05,242764.02,Credit Card,Failed,Cancelled,"345, Banjara Hills, Bhubaneswar, Odisha - 549644",
ORD03300,U0270,2026-05-30,115475.85,UPI,Paid,Delivered,"665, Sector 15, Ahmedabad, Gujarat - 370832",2026-06-04
ORD03301,U0453,2026-07-09,1100.8,Debit Card,Paid,Delivered,"324, Lake View, Vadodara, Gujarat - 252053",2026-07-12
ORD03302,U0274,2025-06-23,1995.0,Credit Card,Paid,Delivered,"923, Park Street, Surat, Gujarat - 977108",2025-07-02
ORD03303,U0303,2026-07-27,6389.0,Credit Card,Paid,Shipped,"298, Salt Lake, Amritsar, Punjab - 602013",2026-07-28
ORD03304,U0216,2026-03-30,15582.0,UPI,Paid,Delivered,"843, Park Street, Bhopal, Madhya Pradesh - 842585",2026-04-08
ORD03305,U0188,2025-12-29,18283.0,UPI,Refunded,Cancelled,"76, Rajaji Nagar, Thane, Maharashtra - 170760",
ORD03306,U0322,2026-07-16,14067.0,UPI,Paid,Delivered,"691, Lake View, Lucknow, Uttar Pradesh - 735610",2026-07-23
ORD03307,U0210,2024-11-28,7346.55,Debit Card,Paid,Delivered,"483, Green Park, Mysuru, Karnataka - 332400",2024-12-04
ORD03308,U0055,2026-04-22,53455.02,Credit Card,Paid,Delivered,"517, Salt Lake, Dehradun, Uttarakhand - 591776",2026-04-26
ORD03309,U0428,2026-08-04,192339.0,UPI,Paid,Delivered,"122, Nehru Colony, Chandigarh, Chandigarh - 295101",2026-08-07
ORD03310,U0082,2026-04-26,26461.99,UPI,Paid,Delivered,"640, Green Park, Kolkata, West Bengal - 835042",2026-05-04
ORD03311,U0455,2026-07-24,5158.5,COD,Paid,Delivered,"852, Jubilee Hills, Coimbatore, Tamil Nadu - 413997",2026-08-03
ORD03312,U0276,2026-07-13,24951.98,COD,Paid,Delivered,"874, Park Street, Nashik, Maharashtra - 514691",2026-07-20
ORD03313,U0002,2025-12-10,246408.15,Net Banking,Paid,Delivered,"772, Indiranagar, Varanasi, Uttar Pradesh - 710656",2025-12-12
ORD03314,U0256,2026-06-06,64608.12,COD,Paid,Delivered,"938, Salt Lake, Bhubaneswar, Odisha - 491075",2026-06-10
ORD03315,U0310,2026-07-22,10780.98,COD,Paid,Delivered,"786, Civil Lines, Rajkot, Gujarat - 483712",2026-07-27
ORD03316,U0332,2026-06-04,369.07,Credit Card,Paid,Delivered,"456, Koramangala, Nagpur, Maharashtra - 825595",2026-06-13
ORD03317,U0367,2025-12-10,39821.05,UPI,Paid,Delivered,"505, MG Road, Chandigarh, Chandigarh - 685897",2025-12-15
ORD03318,U0321,2026-06-30,228550.5,UPI,Paid,Processing,"556, Civil Lines, Indore, Madhya Pradesh - 953883",
ORD03319,U0201,2025-05-20,3642.08,Credit Card,Paid,Delivered,"366, Model Town, Kanpur, Uttar Pradesh - 882547",2025-05-30
ORD03320,U0401,2024-12-15,20377.57,Net Banking,Paid,Delivered,"177, Nehru Colony, Delhi, Delhi - 588598",2024-12-19
ORD03321,U0422,2025-05-20,37309.5,UPI,Refunded,Cancelled,"62, Vasant Kunj, Kochi, Kerala - 460223",
ORD03322,U0032,2024-09-30,608.0,Credit Card,Paid,Delivered,"656, Lake View, Kochi, Kerala - 725295",2024-10-03
ORD03323,U0128,2025-03-23,72075.57,UPI,Paid,Delivered,"640, Vasant Kunj, Patna, Bihar - 346381",2025-04-02
ORD03324,U0477,2026-04-16,56522.28,COD,Pending,Processing,"613, Salt Lake, Pune, Maharashtra - 897322",
ORD03325,U0127,2025-07-17,21401.4,Credit Card,Paid,Delivered,"766, Sector 15, Ahmedabad, Gujarat - 855283",2025-07-22
ORD03326,U0126,2026-05-26,9682.76,UPI,Paid,Delivered,"301, Rajaji Nagar, Dehradun, Uttarakhand - 200761",2026-06-05
ORD03327,U0325,2026-03-13,12877.0,UPI,Paid,Delivered,"405, Koramangala, Nagpur, Maharashtra - 113511",2026-03-20
ORD03328,U0024,2025-08-20,181558.5,UPI,Paid,Delivered,"898, Station Road, Nashik, Maharashtra - 372027",2025-08-22
ORD03329,U0282,2026-01-11,36505.0,UPI,Failed,Cancelled,"427, Gandhi Nagar, Kochi, Kerala - 316329",
ORD03330,U0342,2026-01-31,19955.0,UPI,Paid,Delivered,"208, Salt Lake, Meerut, Uttar Pradesh - 983913",2026-02-06
ORD03331,U0132,2026-04-25,88821.75,Net Banking,Paid,Delivered,"43, Lake View, Indore, Madhya Pradesh - 380169",2026-04-28
ORD03332,U0285,2024-11-18,67643.0,COD,Paid,Delivered,"503, Model Town, Coimbatore, Tamil Nadu - 482333",2024-11-28
ORD03333,U0055,2025-02-03,118721.86,Credit Card,Paid,Delivered,"562, Sector 15, Dehradun, Uttarakhand - 391149",2025-02-07
ORD03334,U0189,2025-03-28,229976.58,COD,Paid,Delivered,"6, Koramangala, Nashik, Maharashtra - 808530",2025-04-01
ORD03335,U0248,2025-12-20,2219.4,Debit Card,Paid,Delivered,"585, Park Street, Amritsar, Punjab - 734782",2025-12-29
ORD03336,U0433,2026-06-28,96777.0,Credit Card,Paid,Delivered,"109, Jubilee Hills, Meerut, Uttar Pradesh - 378744",2026-07-08
ORD03337,U0054,2026-03-24,15311.65,COD,Paid,Delivered,"636, Vasant Kunj, Pune, Maharashtra - 931319",2026-03-30
ORD03338,U0414,2025-06-26,22818.75,UPI,Paid,Delivered,"316, Lake View, Guwahati, Assam - 744574",2025-07-02
ORD03339,U0008,2025-04-27,99554.4,Net Banking,Paid,Delivered,"894, Indiranagar, Chandigarh, Chandigarh - 222430",2025-04-29
ORD03340,U0138,2025-11-05,11698.4,UPI,Paid,Delivered,"411, Civil Lines, Bhubaneswar, Odisha - 233545",2025-11-11
ORD03341,U0112,2026-06-09,64135.35,Credit Card,Paid,Delivered,"216, Sector 15, Guwahati, Assam - 658368",2026-06-16
ORD03342,U0242,2026-03-21,48968.64,Debit Card,Paid,Processing,"133, Station Road, Visakhapatnam, Andhra Pradesh - 838753",
ORD03343,U0210,2025-02-10,333.98,Credit Card,Refunded,Cancelled,"451, Koramangala, Mysuru, Karnataka - 802294",
ORD03344,U0256,2025-10-25,226686.2,UPI,Paid,Processing,"799, Model Town, Bhubaneswar, Odisha - 644856",
ORD03345,U0476,2026-06-22,39561.86,UPI,Paid,Delivered,"740, Indiranagar, Hyderabad, Telangana - 667841",2026-07-01
ORD03346,U0042,2026-08-06,79787.2,Debit Card,Paid,Processing,"714, Salt Lake, Vadodara, Gujarat - 831867",
ORD03347,U0308,2026-03-19,5155.95,Debit Card,Paid,Delivered,"564, Salt Lake, Thane, Maharashtra - 552806",2026-03-25
ORD03348,U0019,2026-05-17,42784.86,Credit Card,Paid,Processing,"569, Anna Nagar, Pune, Maharashtra - 374197",
ORD03349,U0208,2026-02-08,18680.17,Debit Card,Paid,Delivered,"297, Vasant Kunj, Indore, Madhya Pradesh - 210721",2026-02-14
ORD03350,U0069,2026-03-12,90117.0,Credit Card,Paid,Delivered,"447, Anna Nagar, Amritsar, Punjab - 710228",2026-03-15
ORD03351,U0296,2026-07-15,3728.0,Net Banking,Paid,Delivered,"402, Lake View, Nashik, Maharashtra - 868290",2026-07-24
ORD03352,U0162,2026-05-09,27571.04,UPI,Paid,Processing,"961, Anna Nagar, Vadodara, Gujarat - 995870",
ORD03353,U0394,2026-02-17,48517.23,Debit Card,Refunded,Cancelled,"803, Koramangala, Hyderabad, Telangana - 549690",
ORD03354,U0218,2026-01-15,5814.0,Net Banking,Paid,Shipped,"99, MG Road, Bengaluru, Karnataka - 348873",2026-01-16
ORD03355,U0068,2026-08-06,9976.8,Credit Card,Paid,Delivered,"925, Gandhi Nagar, Kochi, Kerala - 576807",2026-08-07
ORD03356,U0165,2025-10-16,161397.0,Net Banking,Paid,Shipped,"93, Koramangala, Bengaluru, Karnataka - 309521",2025-10-17
ORD03357,U0295,2026-03-21,26554.3,Credit Card,Paid,Shipped,"922, Indiranagar, Chennai, Tamil Nadu - 826600",2026-03-24
ORD03358,U0341,2026-06-26,200397.93,Net Banking,Paid,Delivered,"700, Koramangala, Rajkot, Gujarat - 419900",2026-07-05
ORD03359,U0257,2025-05-07,144141.36,UPI,Paid,Processing,"106, Green Park, Guwahati, Assam - 887354",
ORD03360,U0015,2025-04-19,99901.6,Net Banking,Paid,Delivered,"232, Ring Road, Vadodara, Gujarat - 949912",2025-04-24
ORD03361,U0052,2026-04-22,34298.1,Credit Card,Paid,Delivered,"476, Church Street, Varanasi, Uttar Pradesh - 354793",2026-04-27
ORD03362,U0221,2026-08-05,6055.92,COD,Paid,Delivered,"943, Ring Road, Mumbai, Maharashtra - 802121",2026-08-07
ORD03363,U0178,2026-07-26,3895.44,Debit Card,Paid,Delivered,"149, Model Town, Chandigarh, Chandigarh - 168825",2026-08-03
ORD03364,U0327,2026-01-31,33551.87,Credit Card,Paid,Delivered,"962, Rajaji Nagar, Mysuru, Karnataka - 687815",2026-02-06
ORD03365,U0127,2025-11-17,56960.73,COD,Paid,Delivered,"514, Vasant Kunj, Ahmedabad, Gujarat - 754409",2025-11-23
ORD03366,U0390,2025-04-30,120455.8,Debit Card,Paid,Delivered,"945, Sector 15, Nashik, Maharashtra - 698549",2025-05-10
ORD03367,U0144,2026-02-16,44251.2,Debit Card,Paid,Delivered,"106, Salt Lake, Ludhiana, Punjab - 243251",2026-02-21
ORD03368,U0309,2025-06-18,18314.1,Debit Card,Paid,Shipped,"511, Station Road, Rajkot, Gujarat - 368552",2025-06-19
ORD03369,U0340,2026-03-29,139825.5,Net Banking,Paid,Delivered,"917, Banjara Hills, Surat, Gujarat - 449168",2026-04-02
ORD03370,U0340,2026-01-28,4650.0,COD,Paid,Delivered,"26, Ring Road, Surat, Gujarat - 144666",2026-02-03
ORD03371,U0464,2026-01-09,73628.21,Net Banking,Paid,Delivered,"995, Nehru Colony, Varanasi, Uttar Pradesh - 814387",2026-01-15
ORD03372,U0097,2026-07-23,53820.4,Debit Card,Paid,Delivered,"143, Salt Lake, Nashik, Maharashtra - 902025",2026-07-27
ORD03373,U0297,2025-12-18,8841.0,Credit Card,Paid,Delivered,"916, Gandhi Nagar, Faridabad, Haryana - 993668",2025-12-25
ORD03374,U0339,2026-03-31,4893.59,UPI,Paid,Delivered,"147, Park Street, Pune, Maharashtra - 318812",2026-04-04
ORD03375,U0168,2026-07-18,18717.22,UPI,Paid,Delivered,"162, Banjara Hills, Jaipur, Rajasthan - 301905",2026-07-22
ORD03376,U0087,2026-07-18,3740.85,UPI,Paid,Delivered,"344, MG Road, Faridabad, Haryana - 287674",2026-07-25
ORD03377,U0195,2025-05-04,5611.8,UPI,Paid,Delivered,"212, Anna Nagar, Chennai, Tamil Nadu - 963321",2025-05-06
ORD03378,U0286,2026-06-02,28015.2,UPI,Paid,Delivered,"779, Anna Nagar, Hyderabad, Telangana - 899589",2026-06-08
ORD03379,U0225,2026-07-12,177104.07,UPI,Paid,Delivered,"636, Sector 15, Thane, Maharashtra - 214498",2026-07-20
ORD03380,U0201,2025-02-10,4705.22,Debit Card,Paid,Delivered,"162, Church Street, Kanpur, Uttar Pradesh - 673757",2025-02-20
ORD03381,U0108,2025-10-03,84675.0,Credit Card,Paid,Processing,"473, Indiranagar, Kolkata, West Bengal - 778965",
ORD03382,U0147,2026-06-07,142776.66,Debit Card,Paid,Processing,"610, Anna Nagar, Nagpur, Maharashtra - 776685",
ORD03383,U0334,2025-11-09,111922.89,UPI,Paid,Processing,"254, Ring Road, Pune, Maharashtra - 941173",
ORD03384,U0324,2026-08-02,4409.19,UPI,Paid,Shipped,"929, Lake View, Vadodara, Gujarat - 102485",2026-08-03
ORD03385,U0041,2025-12-16,12482.8,COD,Pending,Processing,"467, Salt Lake, Mysuru, Karnataka - 203950",
ORD03386,U0359,2024-11-17,60520.07,Debit Card,Paid,Delivered,"315, Banjara Hills, Nagpur, Maharashtra - 182812",2024-11-20
ORD03387,U0012,2026-04-25,67580.0,UPI,Paid,Delivered,"660, Station Road, Mysuru, Karnataka - 312216",2026-04-27
ORD03388,U0231,2026-01-30,7576.6,Credit Card,Paid,Delivered,"884, Park Street, Kanpur, Uttar Pradesh - 413914",2026-02-03
ORD03389,U0128,2026-08-04,402.0,Debit Card,Paid,Delivered,"610, Lake View, Patna, Bihar - 284404",2026-08-07
ORD03390,U0172,2026-05-21,40475.35,UPI,Paid,Shipped,"438, Church Street, Vadodara, Gujarat - 648570",2026-05-23
ORD03391,U0340,2026-04-23,12830.51,Net Banking,Paid,Delivered,"475, Lake View, Surat, Gujarat - 575241",2026-05-03
ORD03392,U0099,2025-04-22,51713.3,UPI,Paid,Delivered,"709, Jubilee Hills, Patna, Bihar - 992906",2025-04-30
ORD03393,U0043,2026-06-23,3904.0,UPI,Paid,Delivered,"645, Lake View, Chennai, Tamil Nadu - 165742",2026-06-25
ORD03394,U0368,2025-01-06,232147.22,Debit Card,Paid,Delivered,"828, Vasant Kunj, Thane, Maharashtra - 606331",2025-01-09
ORD03395,U0040,2025-12-13,380.0,Debit Card,Paid,Shipped,"943, Green Park, Bhubaneswar, Odisha - 330802",2025-12-16
ORD03396,U0220,2026-05-25,48214.98,COD,Paid,Delivered,"177, MG Road, Pune, Maharashtra - 968546",2026-06-01
ORD03397,U0387,2026-01-28,60721.84,Credit Card,Failed,Cancelled,"556, Vasant Kunj, Meerut, Uttar Pradesh - 112884",
ORD03398,U0318,2026-03-01,284386.75,Credit Card,Failed,Cancelled,"746, Civil Lines, Ahmedabad, Gujarat - 479053",
ORD03399,U0067,2025-12-31,344.96,COD,Pending,Shipped,"861, Park Street, Mysuru, Karnataka - 755533",2026-01-04
ORD03400,U0171,2026-07-02,1963.65,Net Banking,Paid,Delivered,"473, MG Road, Jaipur, Rajasthan - 877641",2026-07-08
ORD03401,U0431,2025-06-04,123552.75,Credit Card,Paid,Delivered,"525, Church Street, Jaipur, Rajasthan - 983858",2025-06-08
ORD03402,U0234,2026-07-24,28558.92,UPI,Paid,Delivered,"524, Station Road, Vadodara, Gujarat - 319632",2026-08-02
ORD03403,U0191,2025-03-15,9632.14,UPI,Paid,Delivered,"10, Indiranagar, Surat, Gujarat - 705618",2025-03-23
ORD03404,U0353,2025-03-07,31668.25,Debit Card,Paid,Shipped,"785, Church Street, Kolkata, West Bengal - 198366",2025-03-11
ORD03405,U0087,2026-07-24,2646.0,Debit Card,Paid,Delivered,"355, Green Park, Faridabad, Haryana - 233354",2026-07-28
ORD03406,U0195,2025-03-14,76803.7,Net Banking,Paid,Delivered,"146, Sector 15, Chennai, Tamil Nadu - 537530",2025-03-23
ORD03407,U0184,2025-08-11,14094.0,UPI,Paid,Delivered,"675, Green Park, Jaipur, Rajasthan - 180409",2025-08-17
ORD03408,U0145,2026-07-05,15070.0,Credit Card,Paid,Shipped,"431, Church Street, Kolkata, West Bengal - 346147",2026-07-07
ORD03409,U0424,2026-08-03,7388.1,UPI,Paid,Shipped,"943, Gandhi Nagar, Meerut, Uttar Pradesh - 590046",2026-08-04
ORD03410,U0370,2026-05-27,2060.66,UPI,Paid,Delivered,"968, MG Road, Chandigarh, Chandigarh - 242141",2026-06-04
ORD03411,U0464,2026-03-06,12340.23,UPI,Paid,Delivered,"509, Rajaji Nagar, Varanasi, Uttar Pradesh - 634066",2026-03-11
ORD03412,U0234,2026-07-08,166748.97,COD,Paid,Delivered,"982, Rajaji Nagar, Vadodara, Gujarat - 643213",2026-07-14
ORD03413,U0470,2025-12-01,87456.0,UPI,Paid,Delivered,"307, Green Park, Ghaziabad, Uttar Pradesh - 916671",2025-12-06
ORD03414,U0022,2026-01-13,12910.55,Net Banking,Paid,Delivered,"85, Lake View, Agra, Uttar Pradesh - 421949",2026-01-15
ORD03415,U0467,2026-02-03,58676.31,Debit Card,Paid,Processing,"794, MG Road, Patna, Bihar - 218419",
ORD03416,U0326,2025-11-13,8454.82,Credit Card,Paid,Delivered,"128, Sector 15, Vadodara, Gujarat - 806069",2025-11-16
ORD03417,U0313,2026-07-11,120847.36,Debit Card,Paid,Delivered,"596, Vasant Kunj, Thane, Maharashtra - 872788",2026-07-17
ORD03418,U0123,2026-04-02,59679.0,UPI,Paid,Shipped,"325, Salt Lake, Mysuru, Karnataka - 522789",2026-04-03
ORD03419,U0491,2025-09-09,1383.9,UPI,Paid,Delivered,"90, Indiranagar, Vadodara, Gujarat - 894234",2025-09-12
ORD03420,U0133,2026-05-07,4550.0,UPI,Paid,Delivered,"952, Indiranagar, Indore, Madhya Pradesh - 834284",2026-05-15
ORD03421,U0399,2025-11-30,15347.56,Credit Card,Paid,Delivered,"97, Koramangala, Rajkot, Gujarat - 439166",2025-12-03
ORD03422,U0194,2024-12-14,470227.55,COD,Paid,Delivered,"19, Gandhi Nagar, Pune, Maharashtra - 250131",2024-12-21
ORD03423,U0138,2026-01-31,3462.0,UPI,Refunded,Cancelled,"490, Lake View, Bhubaneswar, Odisha - 934505",
ORD03424,U0210,2025-06-19,81652.5,Debit Card,Refunded,Cancelled,"494, Station Road, Mysuru, Karnataka - 969503",
ORD03425,U0246,2026-08-03,52820.0,UPI,Paid,Delivered,"558, Salt Lake, Chandigarh, Chandigarh - 337867",2026-08-07
ORD03426,U0250,2025-12-13,40937.06,Credit Card,Paid,Shipped,"846, Banjara Hills, Faridabad, Haryana - 853533",2025-12-15
ORD03427,U0210,2025-10-26,34114.88,COD,Paid,Delivered,"346, Indiranagar, Mysuru, Karnataka - 722489",2025-10-30
ORD03428,U0069,2025-08-28,19652.87,Net Banking,Paid,Delivered,"648, Gandhi Nagar, Amritsar, Punjab - 356910",2025-09-07
ORD03429,U0384,2026-01-01,88617.6,Debit Card,Paid,Delivered,"985, Lake View, Dehradun, Uttarakhand - 445543",2026-01-07
ORD03430,U0154,2025-12-29,61633.2,UPI,Paid,Delivered,"491, Anna Nagar, Lucknow, Uttar Pradesh - 116069",2025-12-31
ORD03431,U0323,2025-08-30,205439.35,Debit Card,Paid,Delivered,"31, Gandhi Nagar, Jaipur, Rajasthan - 972678",2025-09-09
ORD03432,U0470,2026-03-25,75777.5,Net Banking,Failed,Cancelled,"722, Rajaji Nagar, Ghaziabad, Uttar Pradesh - 775753",
ORD03433,U0040,2026-01-27,1214.1,Net Banking,Paid,Delivered,"454, Anna Nagar, Bhubaneswar, Odisha - 578139",2026-02-06
ORD03434,U0209,2026-03-29,124097.85,Debit Card,Paid,Delivered,"229, MG Road, Nashik, Maharashtra - 301594",2026-04-05
ORD03435,U0231,2026-03-28,885.0,COD,Failed,Cancelled,"97, Rajaji Nagar, Kanpur, Uttar Pradesh - 980592",
ORD03436,U0151,2026-07-05,2124.28,Credit Card,Paid,Processing,"955, Station Road, Bengaluru, Karnataka - 180503",
ORD03437,U0044,2026-05-20,1725.2,UPI,Paid,Delivered,"954, Indiranagar, Ghaziabad, Uttar Pradesh - 192466",2026-05-30
ORD03438,U0282,2026-02-25,66631.05,UPI,Paid,Delivered,"555, Anna Nagar, Kochi, Kerala - 907672",2026-03-04
ORD03439,U0081,2025-09-19,348.3,Debit Card,Paid,Shipped,"371, Station Road, Vadodara, Gujarat - 310148",2025-09-21
ORD03440,U0148,2026-01-16,5243.1,Debit Card,Paid,Delivered,"338, Vasant Kunj, Nagpur, Maharashtra - 128017",2026-01-20
ORD03441,U0291,2026-06-11,3384.6,COD,Paid,Delivered,"774, Gandhi Nagar, Patna, Bihar - 853790",2026-06-21
ORD03442,U0314,2026-02-23,532.43,UPI,Refunded,Cancelled,"276, Model Town, Bengaluru, Karnataka - 580887",
ORD03443,U0324,2026-06-10,115684.73,UPI,Paid,Delivered,"781, Anna Nagar, Vadodara, Gujarat - 696271",2026-06-20
ORD03444,U0103,2026-08-02,25725.6,COD,Paid,Delivered,"359, Park Street, Lucknow, Uttar Pradesh - 771177",2026-08-06
ORD03445,U0395,2026-07-16,106785.0,COD,Paid,Delivered,"425, Sector 15, Patna, Bihar - 257836",2026-07-26
ORD03446,U0115,2026-07-04,48478.35,COD,Paid,Delivered,"180, Salt Lake, Dehradun, Uttarakhand - 184649",2026-07-12
ORD03447,U0071,2026-07-18,3315.0,UPI,Paid,Processing,"928, Ring Road, Varanasi, Uttar Pradesh - 947515",
ORD03448,U0183,2026-08-05,130257.51,UPI,Paid,Delivered,"25, Station Road, Kolkata, West Bengal - 980365",2026-08-07
ORD03449,U0046,2025-09-30,7035.7,Credit Card,Paid,Delivered,"100, Jubilee Hills, Surat, Gujarat - 211094",2025-10-10
ORD03450,U0123,2026-06-27,28061.54,Debit Card,Paid,Delivered,"657, Civil Lines, Mysuru, Karnataka - 702643",2026-07-05
ORD03451,U0312,2025-10-14,3765.0,UPI,Paid,Delivered,"225, Ring Road, Delhi, Delhi - 711288",2025-10-24
ORD03452,U0477,2025-08-31,7968.0,UPI,Paid,Delivered,"546, Rajaji Nagar, Pune, Maharashtra - 227702",2025-09-10
ORD03453,U0206,2025-10-15,106461.0,UPI,Paid,Delivered,"117, Civil Lines, Nagpur, Maharashtra - 406491",2025-10-22
ORD03454,U0437,2026-08-04,86881.16,UPI,Paid,Delivered,"65, Park Street, Visakhapatnam, Andhra Pradesh - 431396",2026-08-07
ORD03455,U0186,2026-04-19,92087.62,Debit Card,Paid,Delivered,"373, MG Road, Patna, Bihar - 995504",2026-04-28
ORD03456,U0491,2026-06-10,29778.5,COD,Pending,Processing,"614, Salt Lake, Vadodara, Gujarat - 370729",
ORD03457,U0420,2025-09-21,43944.1,COD,Pending,Shipped,"982, Koramangala, Ludhiana, Punjab - 715858",2025-09-24
ORD03458,U0075,2026-04-14,27185.75,Debit Card,Paid,Delivered,"110, Salt Lake, Kochi, Kerala - 712047",2026-04-20
ORD03459,U0337,2026-08-01,52235.75,Debit Card,Paid,Delivered,"36, Church Street, Ludhiana, Punjab - 354161",2026-08-07
ORD03460,U0419,2026-05-02,131268.92,Debit Card,Failed,Cancelled,"864, Vasant Kunj, Ghaziabad, Uttar Pradesh - 175032",
ORD03461,U0029,2025-10-18,689.0,UPI,Paid,Delivered,"63, Vasant Kunj, Guwahati, Assam - 544648",2025-10-24
ORD03462,U0286,2026-01-13,26310.1,Credit Card,Paid,Delivered,"819, Model Town, Hyderabad, Telangana - 802796",2026-01-21
ORD03463,U0058,2025-06-30,119142.2,Debit Card,Paid,Shipped,"407, Jubilee Hills, Chandigarh, Chandigarh - 664890",2025-07-03
ORD03464,U0343,2026-07-20,114079.6,Debit Card,Paid,Delivered,"865, MG Road, Chennai, Tamil Nadu - 835364",2026-07-27
ORD03465,U0487,2025-10-13,40299.75,Debit Card,Paid,Delivered,"777, Station Road, Mysuru, Karnataka - 379553",2025-10-15
ORD03466,U0212,2026-01-26,9486.0,Credit Card,Paid,Shipped,"601, Vasant Kunj, Kanpur, Uttar Pradesh - 111096",2026-01-30
ORD03467,U0210,2026-04-13,109455.91,UPI,Paid,Delivered,"972, Station Road, Mysuru, Karnataka - 609476",2026-04-16
ORD03468,U0128,2025-10-27,9450.3,Debit Card,Paid,Delivered,"479, Gandhi Nagar, Patna, Bihar - 604158",2025-10-30
ORD03469,U0273,2026-08-04,9488.5,UPI,Paid,Processing,"827, Sector 15, Indore, Madhya Pradesh - 477670",
ORD03470,U0126,2024-12-16,129872.24,Net Banking,Paid,Processing,"60, Jubilee Hills, Dehradun, Uttarakhand - 152419",
ORD03471,U0282,2026-05-19,56614.8,COD,Paid,Delivered,"266, Rajaji Nagar, Kochi, Kerala - 146469",2026-05-27
ORD03472,U0111,2025-12-15,233764.0,Debit Card,Paid,Delivered,"186, Banjara Hills, Bengaluru, Karnataka - 148643",2025-12-21
ORD03473,U0013,2025-08-26,9460.0,UPI,Paid,Delivered,"472, Koramangala, Nagpur, Maharashtra - 847451",2025-09-04
ORD03474,U0106,2025-12-24,18317.9,UPI,Paid,Delivered,"481, Sector 15, Surat, Gujarat - 618270",2025-12-30
ORD03475,U0370,2026-04-01,12115.0,Debit Card,Paid,Processing,"50, Ring Road, Chandigarh, Chandigarh - 605251",
ORD03476,U0068,2026-08-06,6630.0,UPI,Paid,Delivered,"222, Park Street, Kochi, Kerala - 467068",2026-08-07
ORD03477,U0080,2026-03-11,6881.0,Credit Card,Paid,Delivered,"367, Church Street, Surat, Gujarat - 236857",2026-03-18
ORD03478,U0173,2026-07-16,33127.0,Debit Card,Paid,Shipped,"180, Salt Lake, Ludhiana, Punjab - 853046",2026-07-20
ORD03479,U0220,2026-06-18,927.0,Debit Card,Paid,Delivered,"317, Vasant Kunj, Pune, Maharashtra - 870657",2026-06-24
ORD03480,U0126,2025-04-11,33176.0,Debit Card,Paid,Delivered,"454, Civil Lines, Dehradun, Uttarakhand - 674938",2025-04-20
ORD03481,U0400,2026-07-15,9366.44,UPI,Paid,Delivered,"407, Nehru Colony, Patna, Bihar - 437216",2026-07-25
ORD03482,U0001,2025-05-17,61965.34,UPI,Paid,Shipped,"122, Jubilee Hills, Bhopal, Madhya Pradesh - 971800",2025-05-18
ORD03483,U0015,2025-05-28,6469.99,Net Banking,Paid,Delivered,"856, Nehru Colony, Vadodara, Gujarat - 320469",2025-06-04
ORD03484,U0208,2025-12-30,182158.2,COD,Paid,Delivered,"734, Lake View, Indore, Madhya Pradesh - 870094",2026-01-09
ORD03485,U0077,2026-04-20,44656.0,COD,Paid,Delivered,"920, Lake View, Amritsar, Punjab - 407880",2026-04-23
ORD03486,U0453,2026-07-05,32307.2,UPI,Paid,Delivered,"592, Banjara Hills, Vadodara, Gujarat - 384017",2026-07-09
ORD03487,U0173,2026-06-07,98893.6,UPI,Paid,Delivered,"111, Rajaji Nagar, Ludhiana, Punjab - 922269",2026-06-09
ORD03488,U0320,2024-11-18,63515.11,UPI,Paid,Delivered,"622, Rajaji Nagar, Dehradun, Uttarakhand - 861989",2024-11-20
ORD03489,U0362,2026-06-06,24883.8,Debit Card,Paid,Delivered,"240, Salt Lake, Amritsar, Punjab - 183545",2026-06-09
ORD03490,U0216,2026-04-04,39460.95,Net Banking,Refunded,Cancelled,"542, Ring Road, Bhopal, Madhya Pradesh - 962264",
ORD03491,U0087,2026-07-16,56820.8,COD,Failed,Cancelled,"947, Banjara Hills, Faridabad, Haryana - 820732",
ORD03492,U0429,2026-06-30,76956.02,Debit Card,Paid,Delivered,"549, Indiranagar, Lucknow, Uttar Pradesh - 770700",2026-07-04
ORD03493,U0060,2026-06-11,21826.0,Net Banking,Paid,Shipped,"919, Civil Lines, Kolkata, West Bengal - 926467",2026-06-13
ORD03494,U0091,2026-01-29,37739.7,UPI,Paid,Delivered,"609, Gandhi Nagar, Bhopal, Madhya Pradesh - 580449",2026-01-31
ORD03495,U0176,2026-05-29,23689.1,UPI,Paid,Delivered,"672, Model Town, Thane, Maharashtra - 638594",2026-05-31
ORD03496,U0022,2025-10-15,199953.15,Debit Card,Paid,Delivered,"695, Nehru Colony, Agra, Uttar Pradesh - 553689",2025-10-19
ORD03497,U0287,2026-06-20,13588.18,UPI,Paid,Delivered,"921, Ring Road, Bhubaneswar, Odisha - 833932",2026-06-28
ORD03498,U0482,2025-10-20,12108.82,UPI,Paid,Delivered,"382, Koramangala, Faridabad, Haryana - 335925",2025-10-23
ORD03499,U0272,2026-04-07,33999.0,UPI,Paid,Delivered,"589, Salt Lake, Meerut, Uttar Pradesh - 456744",2026-04-12
ORD03500,U0308,2026-04-22,1270.0,UPI,Paid,Delivered,"729, Nehru Colony, Thane, Maharashtra - 335095",2026-04-27
