review_id,product_id,user_id,rating,review_title,review_text,sentiment,review_date,verified_purchase
REV00001,P0380,U0196,3,Okay for the price,"It's okay, not the best but not the worst either.",Neutral,2026-06-20,TRUE
REV00002,P0398,U0208,5,Loved it!,Very satisfied with the build quality and finish.,Positive,2026-04-10,TRUE
REV00003,P0022,U0189,4,Highly recommended,"Excellent quality and fast delivery, will buy again.",Positive,2025-08-29,TRUE
REV00004,P0066,U0397,3,Decent,"Average product, does the job but nothing special.",Neutral,2026-08-04,TRUE
REV00005,P0192,U0256,4,Loved it!,"Amazing battery life and performance, very happy with this purchase.",Positive,2026-02-04,TRUE
REV00006,P0120,U0031,5,Excellent quality,"Worth every rupee, quality exceeded my expectations.",Positive,2026-01-23,TRUE
REV00007,P0001,U0370,4,Amazing product!,Works perfectly and looks great. Highly recommend to everyone.,Positive,2026-06-28,TRUE
REV00008,P0267,U0165,4,Best in this price range,"Superb product, using it daily without any issues.",Positive,2026-05-01,TRUE
REV00009,P0004,U0118,3,Okay for the price,"Average product, does the job but nothing special.",Neutral,2026-07-25,TRUE
REV00010,P0158,U0234,4,Worth every rupee,"Worth every rupee, quality exceeded my expectations.",Positive,2026-07-08,TRUE
REV00011,P0251,U0160,4,Excellent quality,"Perfect for daily use, sturdy and reliable.",Positive,2026-03-18,TRUE
REV00012,P0289,U0210,5,Great purchase,"Worth every rupee, quality exceeded my expectations.",Positive,2026-05-21,TRUE
REV00013,P0287,U0187,3,Okay for the price,"Reasonable purchase, packaging could be improved though.",Neutral,2026-01-31,TRUE
REV00014,P0058,U0217,4,Superb build quality,Very satisfied with the build quality and finish.,Positive,2026-07-03,TRUE
REV00015,P0220,U0453,2,Not worth it,"Battery drains quickly, not satisfied with performance.",Negative,2026-07-10,TRUE
REV00016,P0383,U0452,4,Superb build quality,"Great value for money, exactly as described.",Positive,2025-10-16,TRUE
REV00017,P0163,U0187,4,Loved it!,"Excellent quality and fast delivery, will buy again.",Positive,2025-05-02,TRUE
REV00018,P0006,U0234,4,Worth every rupee,"Perfect for daily use, sturdy and reliable.",Positive,2026-07-16,TRUE
REV00019,P0285,U0288,3,Could be better,"It's okay, not the best but not the worst either.",Neutral,2026-03-10,TRUE
REV00020,P0086,U0384,3,Average product,"Decent quality, meets basic expectations.",Neutral,2025-12-16,TRUE
REV00021,P0274,U0459,4,Superb build quality,Very satisfied with the build quality and finish.,Positive,2025-11-13,TRUE
REV00022,P0307,U0044,4,Worth every rupee,"Great value for money, exactly as described.",Positive,2026-07-07,TRUE
REV00023,P0340,U0110,4,Excellent quality,"Amazing battery life and performance, very happy with this purchase.",Positive,2026-07-29,TRUE
REV00024,P0383,U0346,3,Decent,"Average product, does the job but nothing special.",Neutral,2026-07-17,TRUE
REV00025,P0147,U0168,3,Decent,"Reasonable purchase, packaging could be improved though.",Neutral,2026-06-12,TRUE
REV00026,P0317,U0063,3,Average product,"Good for the price, but there is room for improvement.",Neutral,2026-02-12,TRUE
REV00027,P0247,U0320,3,Could be better,"Decent quality, meets basic expectations.",Neutral,2024-12-31,TRUE
REV00028,P0039,U0189,4,Superb build quality,"Great value for money, exactly as described.",Positive,2025-02-12,TRUE
REV00029,P0319,U0216,3,Decent,"Good for the price, but there is room for improvement.",Neutral,2026-01-09,TRUE
REV00030,P0230,U0400,5,Superb build quality,Very satisfied with the build quality and finish.,Positive,2026-07-17,TRUE
REV00031,P0339,U0296,5,Worth every rupee,"Excellent quality and fast delivery, will buy again.",Positive,2026-07-14,TRUE
REV00032,P0126,U0206,2,Below expectations,"Not as described, quite disappointed with this purchase.",Negative,2025-10-30,FALSE
REV00033,P0168,U0012,4,Excellent quality,"Excellent quality and fast delivery, will buy again.",Positive,2025-10-23,TRUE
REV00034,P0263,U0195,4,Great purchase,"Great value for money, exactly as described.",Positive,2025-11-05,TRUE
REV00035,P0066,U0372,3,Decent,"Average product, does the job but nothing special.",Neutral,2026-02-17,TRUE
REV00036,P0355,U0287,2,Poor quality,"Battery drains quickly, not satisfied with performance.",Negative,2026-06-29,TRUE
REV00037,P0148,U0212,3,Decent,"It's okay, not the best but not the worst either.",Neutral,2025-10-25,TRUE
REV00038,P0359,U0367,4,Great purchase,"Great value for money, exactly as described.",Positive,2025-06-08,TRUE
REV00039,P0149,U0282,3,Could be better,"Reasonable purchase, packaging could be improved though.",Neutral,2026-01-03,TRUE
REV00040,P0073,U0382,4,Worth every rupee,"Great value for money, exactly as described.",Positive,2026-03-03,TRUE
REV00041,P0153,U0134,4,Worth every rupee,"Amazing battery life and performance, very happy with this purchase.",Positive,2026-04-20,TRUE
REV00042,P0259,U0464,4,Superb build quality,"Amazing battery life and performance, very happy with this purchase.",Positive,2024-10-28,TRUE
REV00043,P0387,U0361,4,Loved it!,"Superb product, using it daily without any issues.",Positive,2025-04-04,TRUE
REV00044,P0011,U0188,4,Amazing product!,"Great value for money, exactly as described.",Positive,2026-06-22,TRUE
REV00045,P0316,U0340,3,Okay for the price,"Average product, does the job but nothing special.",Neutral,2026-06-18,FALSE
REV00046,P0114,U0367,3,Okay for the price,"It's okay, not the best but not the worst either.",Neutral,2026-01-10,TRUE
REV00047,P0158,U0099,4,Worth every rupee,"Worth every rupee, quality exceeded my expectations.",Positive,2025-12-21,TRUE
REV00048,P0325,U0098,5,Loved it!,Very satisfied with the build quality and finish.,Positive,2026-08-06,TRUE
REV00049,P0287,U0127,3,Decent,"It's okay, not the best but not the worst either.",Neutral,2025-06-16,TRUE
REV00050,P0010,U0195,5,Great purchase,"Superb product, using it daily without any issues.",Positive,2024-09-10,FALSE
REV00051,P0187,U0150,4,Highly recommended,"Superb product, using it daily without any issues.",Positive,2026-07-21,FALSE
REV00052,P0154,U0447,4,Loved it!,Very satisfied with the build quality and finish.,Positive,2025-06-22,FALSE
REV00053,P0287,U0006,4,Excellent quality,Very satisfied with the build quality and finish.,Positive,2025-07-28,TRUE
REV00054,P0165,U0322,3,Average product,"Average product, does the job but nothing special.",Neutral,2026-07-30,TRUE
REV00055,P0153,U0027,5,Great purchase,"Great value for money, exactly as described.",Positive,2026-05-29,FALSE
REV00056,P0187,U0128,4,Great purchase,"Perfect for daily use, sturdy and reliable.",Positive,2026-07-17,FALSE
REV00057,P0019,U0099,3,Could be better,"Average product, does the job but nothing special.",Neutral,2025-05-15,TRUE
REV00058,P0359,U0461,4,Great purchase,"Superb product, using it daily without any issues.",Positive,2026-01-12,TRUE
REV00059,P0095,U0025,3,Average product,"Reasonable purchase, packaging could be improved though.",Neutral,2026-07-15,TRUE
REV00060,P0036,U0356,4,Best in this price range,"Perfect for daily use, sturdy and reliable.",Positive,2025-12-02,TRUE
REV00061,P0054,U0098,5,Amazing product!,"Excellent quality and fast delivery, will buy again.",Positive,2026-06-26,TRUE
REV00062,P0233,U0243,4,Excellent quality,Works perfectly and looks great. Highly recommend to everyone.,Positive,2026-08-03,TRUE
REV00063,P0046,U0169,3,Average product,"Reasonable purchase, packaging could be improved though.",Neutral,2025-03-26,TRUE
REV00064,P0279,U0217,3,Decent,"Decent quality, meets basic expectations.",Neutral,2025-07-26,TRUE
REV00065,P0259,U0066,3,Average product,"Reasonable purchase, packaging could be improved though.",Neutral,2026-07-03,TRUE
REV00066,P0393,U0024,5,Highly recommended,"Superb product, using it daily without any issues.",Positive,2026-01-01,TRUE
REV00067,P0245,U0407,3,Okay for the price,"It's okay, not the best but not the worst either.",Neutral,2026-02-07,FALSE
REV00068,P0029,U0287,4,Worth every rupee,"Perfect for daily use, sturdy and reliable.",Positive,2026-07-01,FALSE
REV00069,P0236,U0395,3,Decent,"It's okay, not the best but not the worst either.",Neutral,2026-05-29,TRUE
REV00070,P0101,U0270,3,Okay for the price,"Good for the price, but there is room for improvement.",Neutral,2026-02-04,TRUE
REV00071,P0286,U0444,4,Superb build quality,"Superb product, using it daily without any issues.",Positive,2026-05-19,TRUE
REV00072,P0341,U0028,4,Amazing product!,Very satisfied with the build quality and finish.,Positive,2025-04-30,TRUE
REV00073,P0384,U0433,3,Decent,"It's okay, not the best but not the worst either.",Neutral,2026-02-10,TRUE
REV00074,P0130,U0080,3,Average product,"Reasonable purchase, packaging could be improved though.",Neutral,2026-05-14,TRUE
REV00075,P0025,U0391,3,Decent,"Decent quality, meets basic expectations.",Neutral,2026-01-10,TRUE
REV00076,P0210,U0098,4,Highly recommended,"Great value for money, exactly as described.",Positive,2026-07-27,TRUE
REV00077,P0034,U0367,5,Loved it!,"Perfect for daily use, sturdy and reliable.",Positive,2026-01-01,TRUE
REV00078,P0070,U0027,5,Loved it!,Works perfectly and looks great. Highly recommend to everyone.,Positive,2026-01-08,TRUE
REV00079,P0081,U0264,4,Great purchase,Very satisfied with the build quality and finish.,Positive,2025-05-19,FALSE
REV00080,P0224,U0313,4,Superb build quality,Very satisfied with the build quality and finish.,Positive,2026-08-03,TRUE
REV00081,P0240,U0210,5,Great purchase,"Amazing battery life and performance, very happy with this purchase.",Positive,2026-05-09,FALSE
REV00082,P0012,U0343,4,Excellent quality,"Amazing battery life and performance, very happy with this purchase.",Positive,2026-06-02,TRUE
REV00083,P0045,U0025,5,Superb build quality,"Excellent quality and fast delivery, will buy again.",Positive,2026-07-20,TRUE
REV00084,P0184,U0137,4,Excellent quality,"Amazing battery life and performance, very happy with this purchase.",Positive,2026-08-05,TRUE
REV00085,P0006,U0491,4,Best in this price range,"Excellent quality and fast delivery, will buy again.",Positive,2025-09-05,TRUE
REV00086,P0357,U0474,3,Could be better,"Decent quality, meets basic expectations.",Neutral,2025-05-09,FALSE
REV00087,P0146,U0106,4,Worth every rupee,"Superb product, using it daily without any issues.",Positive,2026-05-23,TRUE
REV00088,P0384,U0471,4,Amazing product!,"Great value for money, exactly as described.",Positive,2026-06-27,TRUE
REV00089,P0082,U0075,3,Okay for the price,"Decent quality, meets basic expectations.",Neutral,2026-05-04,TRUE
REV00090,P0311,U0087,4,Best in this price range,"Amazing battery life and performance, very happy with this purchase.",Positive,2026-07-04,TRUE
REV00091,P0094,U0113,4,Amazing product!,"Perfect for daily use, sturdy and reliable.",Positive,2026-05-07,TRUE
REV00092,P0391,U0276,2,Disappointed,"Overpriced for the quality offered, expected better.",Negative,2026-07-20,TRUE
REV00093,P0239,U0087,4,Highly recommended,"Excellent quality and fast delivery, will buy again.",Positive,2026-07-23,TRUE
REV00094,P0049,U0055,3,Could be better,"Decent quality, meets basic expectations.",Neutral,2026-05-30,TRUE
REV00095,P0363,U0169,5,Great purchase,"Excellent quality and fast delivery, will buy again.",Positive,2025-06-25,FALSE
REV00096,P0095,U0449,3,Decent,"It's okay, not the best but not the worst either.",Neutral,2026-06-30,TRUE
REV00097,P0260,U0395,2,Poor quality,"Packaging was damaged when it arrived, quality control issue.",Negative,2026-04-15,TRUE
REV00098,P0083,U0414,4,Great purchase,"Superb product, using it daily without any issues.",Positive,2026-03-07,FALSE
REV00099,P0337,U0192,4,Worth every rupee,"Worth every rupee, quality exceeded my expectations.",Positive,2025-08-26,TRUE
REV00100,P0174,U0155,3,Average product,"Decent quality, meets basic expectations.",Neutral,2025-03-25,TRUE
REV00101,P0188,U0234,3,Average product,"Reasonable purchase, packaging could be improved though.",Neutral,2026-07-21,TRUE
REV00102,P0273,U0308,4,Highly recommended,"Amazing battery life and performance, very happy with this purchase.",Positive,2025-10-29,TRUE
REV00103,P0115,U0162,3,Average product,"Good for the price, but there is room for improvement.",Neutral,2026-04-11,TRUE
REV00104,P0093,U0327,3,Okay for the price,"Average product, does the job but nothing special.",Neutral,2026-06-02,FALSE
REV00105,P0327,U0357,3,Could be better,"It's okay, not the best but not the worst either.",Neutral,2025-05-22,TRUE
REV00106,P0075,U0103,3,Average product,"Reasonable purchase, packaging could be improved though.",Neutral,2025-08-08,TRUE
REV00107,P0066,U0268,3,Okay for the price,"Reasonable purchase, packaging could be improved though.",Neutral,2026-07-24,TRUE
REV00108,P0126,U0316,2,Poor quality,"Very poor build quality, broke within a week.",Negative,2025-07-13,TRUE
REV00109,P0161,U0401,4,Great purchase,"Perfect for daily use, sturdy and reliable.",Positive,2025-10-03,TRUE
REV00110,P0074,U0429,4,Excellent quality,"Excellent quality and fast delivery, will buy again.",Positive,2026-05-20,TRUE
REV00111,P0295,U0422,3,Average product,"Decent quality, meets basic expectations.",Neutral,2026-02-24,TRUE
REV00112,P0337,U0395,3,Decent,"Reasonable purchase, packaging could be improved though.",Neutral,2026-05-29,TRUE
REV00113,P0005,U0484,4,Best in this price range,"Worth every rupee, quality exceeded my expectations.",Positive,2026-03-11,TRUE
REV00114,P0309,U0344,4,Loved it!,"Perfect for daily use, sturdy and reliable.",Positive,2026-02-09,TRUE
REV00115,P0294,U0232,2,Not worth it,"Battery drains quickly, not satisfied with performance.",Negative,2025-12-05,TRUE
REV00116,P0099,U0070,3,Decent,"Average product, does the job but nothing special.",Neutral,2025-04-08,TRUE
REV00117,P0226,U0005,5,Best in this price range,"Excellent quality and fast delivery, will buy again.",Positive,2026-07-13,TRUE
REV00118,P0156,U0428,2,Below expectations,"Not as described, quite disappointed with this purchase.",Negative,2026-01-13,TRUE
REV00119,P0232,U0216,4,Excellent quality,"Great value for money, exactly as described.",Positive,2025-04-13,TRUE
REV00120,P0311,U0090,3,Average product,"Decent quality, meets basic expectations.",Neutral,2026-06-24,TRUE
REV00121,P0202,U0181,4,Superb build quality,"Worth every rupee, quality exceeded my expectations.",Positive,2025-10-27,TRUE
REV00122,P0294,U0354,3,Decent,"It's okay, not the best but not the worst either.",Neutral,2026-02-06,TRUE
REV00123,P0068,U0238,3,Could be better,"Decent quality, meets basic expectations.",Neutral,2026-03-06,TRUE
REV00124,P0166,U0113,3,Okay for the price,"Good for the price, but there is room for improvement.",Neutral,2025-09-22,TRUE
REV00125,P0358,U0321,4,Highly recommended,Very satisfied with the build quality and finish.,Positive,2024-09-30,TRUE
REV00126,P0359,U0267,3,Decent,"Decent quality, meets basic expectations.",Neutral,2026-02-12,TRUE
REV00127,P0204,U0223,3,Okay for the price,"It's okay, not the best but not the worst either.",Neutral,2025-06-05,FALSE
REV00128,P0179,U0254,5,Worth every rupee,"Great value for money, exactly as described.",Positive,2026-06-14,FALSE
REV00129,P0050,U0181,3,Decent,"Average product, does the job but nothing special.",Neutral,2026-04-26,TRUE
REV00130,P0220,U0185,4,Highly recommended,"Superb product, using it daily without any issues.",Positive,2025-02-16,TRUE
REV00131,P0185,U0424,4,Superb build quality,"Worth every rupee, quality exceeded my expectations.",Positive,2026-08-05,TRUE
REV00132,P0262,U0470,4,Best in this price range,"Perfect for daily use, sturdy and reliable.",Positive,2026-08-04,TRUE
REV00133,P0110,U0163,3,Could be better,"It's okay, not the best but not the worst either.",Neutral,2026-05-29,TRUE
REV00134,P0150,U0040,5,Worth every rupee,Works perfectly and looks great. Highly recommend to everyone.,Positive,2026-04-13,TRUE
REV00135,P0022,U0099,3,Okay for the price,"Average product, does the job but nothing special.",Neutral,2026-05-26,TRUE
REV00136,P0010,U0480,5,Loved it!,"Worth every rupee, quality exceeded my expectations.",Positive,2026-06-30,TRUE
REV00137,P0208,U0137,4,Highly recommended,"Excellent quality and fast delivery, will buy again.",Positive,2026-08-01,TRUE
REV00138,P0241,U0390,3,Could be better,"Average product, does the job but nothing special.",Neutral,2024-10-30,TRUE
REV00139,P0306,U0395,4,Great purchase,Works perfectly and looks great. Highly recommend to everyone.,Positive,2026-04-23,TRUE
REV00140,P0331,U0094,3,Could be better,"Reasonable purchase, packaging could be improved though.",Neutral,2026-06-26,TRUE
REV00141,P0137,U0182,3,Average product,"Average product, does the job but nothing special.",Neutral,2026-02-15,TRUE
REV00142,P0387,U0173,4,Great purchase,Very satisfied with the build quality and finish.,Positive,2026-02-20,TRUE
REV00143,P0336,U0043,3,Average product,"Good for the price, but there is room for improvement.",Neutral,2026-05-31,TRUE
REV00144,P0322,U0128,3,Decent,"Average product, does the job but nothing special.",Neutral,2025-11-22,TRUE
REV00145,P0202,U0444,3,Decent,"Good for the price, but there is room for improvement.",Neutral,2026-06-02,TRUE
REV00146,P0192,U0390,4,Superb build quality,Very satisfied with the build quality and finish.,Positive,2025-07-31,FALSE
REV00147,P0247,U0271,3,Decent,"Reasonable purchase, packaging could be improved though.",Neutral,2026-04-25,TRUE
REV00148,P0188,U0009,5,Worth every rupee,"Perfect for daily use, sturdy and reliable.",Positive,2026-06-03,FALSE
REV00149,P0032,U0148,2,Below expectations,"Stopped working after a few days, would not recommend.",Negative,2026-05-18,TRUE
REV00150,P0119,U0251,4,Excellent quality,Very satisfied with the build quality and finish.,Positive,2026-07-09,TRUE
REV00151,P0301,U0003,4,Worth every rupee,"Amazing battery life and performance, very happy with this purchase.",Positive,2026-05-14,FALSE
REV00152,P0306,U0195,5,Loved it!,"Excellent quality and fast delivery, will buy again.",Positive,2025-12-24,TRUE
REV00153,P0076,U0043,4,Excellent quality,"Amazing battery life and performance, very happy with this purchase.",Positive,2026-06-22,TRUE
REV00154,P0164,U0457,3,Average product,"Average product, does the job but nothing special.",Neutral,2026-06-24,TRUE
REV00155,P0253,U0300,3,Average product,"Reasonable purchase, packaging could be improved though.",Neutral,2026-07-29,TRUE
REV00156,P0391,U0154,2,Waste of money,"Not as described, quite disappointed with this purchase.",Negative,2025-11-18,TRUE
REV00157,P0345,U0314,4,Highly recommended,"Excellent quality and fast delivery, will buy again.",Positive,2025-12-14,TRUE
REV00158,P0076,U0133,4,Best in this price range,Very satisfied with the build quality and finish.,Positive,2026-05-10,TRUE
REV00159,P0042,U0087,4,Worth every rupee,"Amazing battery life and performance, very happy with this purchase.",Positive,2026-08-04,TRUE
REV00160,P0083,U0277,3,Could be better,"Good for the price, but there is room for improvement.",Neutral,2026-06-03,TRUE
REV00161,P0139,U0432,4,Best in this price range,"Great value for money, exactly as described.",Positive,2025-11-21,TRUE
REV00162,P0231,U0123,2,Poor quality,"Battery drains quickly, not satisfied with performance.",Negative,2025-07-26,TRUE
REV00163,P0024,U0421,3,Okay for the price,"Average product, does the job but nothing special.",Neutral,2026-07-27,TRUE
REV00164,P0166,U0459,3,Okay for the price,"Decent quality, meets basic expectations.",Neutral,2026-03-27,TRUE
REV00165,P0080,U0058,4,Superb build quality,"Worth every rupee, quality exceeded my expectations.",Positive,2025-12-08,TRUE
REV00166,P0144,U0052,3,Could be better,"Average product, does the job but nothing special.",Neutral,2025-11-08,TRUE
REV00167,P0185,U0447,4,Superb build quality,"Amazing battery life and performance, very happy with this purchase.",Positive,2026-03-27,TRUE
REV00168,P0242,U0314,4,Great purchase,"Excellent quality and fast delivery, will buy again.",Positive,2026-07-09,TRUE
REV00169,P0271,U0160,4,Excellent quality,Very satisfied with the build quality and finish.,Positive,2026-06-27,TRUE
REV00170,P0381,U0040,4,Loved it!,"Amazing battery life and performance, very happy with this purchase.",Positive,2026-08-03,TRUE
REV00171,P0235,U0321,3,Decent,"Decent quality, meets basic expectations.",Neutral,2025-09-11,TRUE
REV00172,P0387,U0483,4,Highly recommended,"Superb product, using it daily without any issues.",Positive,2026-05-13,FALSE
REV00173,P0249,U0070,4,Loved it!,"Amazing battery life and performance, very happy with this purchase.",Positive,2025-10-29,TRUE
REV00174,P0371,U0408,4,Worth every rupee,"Worth every rupee, quality exceeded my expectations.",Positive,2026-03-19,TRUE
REV00175,P0261,U0127,4,Superb build quality,"Excellent quality and fast delivery, will buy again.",Positive,2025-06-11,TRUE
REV00176,P0011,U0027,4,Loved it!,"Worth every rupee, quality exceeded my expectations.",Positive,2026-05-28,TRUE
REV00177,P0175,U0226,3,Could be better,"Average product, does the job but nothing special.",Neutral,2026-05-25,TRUE
REV00178,P0232,U0173,4,Loved it!,"Great value for money, exactly as described.",Positive,2026-01-28,TRUE
REV00179,P0400,U0383,4,Superb build quality,"Superb product, using it daily without any issues.",Positive,2025-11-09,TRUE
REV00180,P0193,U0314,5,Superb build quality,Very satisfied with the build quality and finish.,Positive,2026-03-30,TRUE
REV00181,P0264,U0480,4,Highly recommended,"Great value for money, exactly as described.",Positive,2026-06-07,FALSE
REV00182,P0167,U0015,3,Okay for the price,"It's okay, not the best but not the worst either.",Neutral,2025-05-24,TRUE
REV00183,P0293,U0190,3,Average product,"Decent quality, meets basic expectations.",Neutral,2025-07-20,TRUE
REV00184,P0275,U0314,5,Excellent quality,"Superb product, using it daily without any issues.",Positive,2026-06-12,TRUE
REV00185,P0003,U0281,4,Highly recommended,"Amazing battery life and performance, very happy with this purchase.",Positive,2025-09-24,TRUE
REV00186,P0034,U0132,5,Great purchase,"Amazing battery life and performance, very happy with this purchase.",Positive,2025-12-25,TRUE
REV00187,P0129,U0329,3,Could be better,"Reasonable purchase, packaging could be improved though.",Neutral,2025-10-26,TRUE
REV00188,P0163,U0397,4,Great purchase,"Great value for money, exactly as described.",Positive,2026-02-17,TRUE
REV00189,P0082,U0094,4,Loved it!,"Excellent quality and fast delivery, will buy again.",Positive,2026-06-25,TRUE
REV00190,P0067,U0133,2,Not worth it,"Stopped working after a few days, would not recommend.",Negative,2025-12-29,TRUE
REV00191,P0356,U0327,2,Poor quality,"Stopped working after a few days, would not recommend.",Negative,2026-07-08,TRUE
REV00192,P0321,U0256,3,Okay for the price,"Average product, does the job but nothing special.",Neutral,2026-03-17,TRUE
REV00193,P0360,U0401,4,Excellent quality,"Worth every rupee, quality exceeded my expectations.",Positive,2026-05-05,TRUE
REV00194,P0369,U0494,3,Could be better,"It's okay, not the best but not the worst either.",Neutral,2026-03-06,TRUE
REV00195,P0357,U0306,5,Superb build quality,"Excellent quality and fast delivery, will buy again.",Positive,2026-05-10,TRUE
REV00196,P0070,U0341,4,Superb build quality,Very satisfied with the build quality and finish.,Positive,2025-10-20,TRUE
REV00197,P0231,U0046,2,Waste of money,"Very poor build quality, broke within a week.",Negative,2026-02-07,TRUE
REV00198,P0220,U0087,3,Decent,"Reasonable purchase, packaging could be improved though.",Neutral,2026-07-23,FALSE
REV00199,P0374,U0459,5,Best in this price range,Works perfectly and looks great. Highly recommend to everyone.,Positive,2026-03-09,TRUE
REV00200,P0135,U0295,4,Amazing product!,"Excellent quality and fast delivery, will buy again.",Positive,2026-03-21,TRUE
REV00201,P0280,U0394,5,Best in this price range,"Amazing battery life and performance, very happy with this purchase.",Positive,2026-05-17,TRUE
REV00202,P0205,U0081,3,Average product,"Reasonable purchase, packaging could be improved though.",Neutral,2026-03-17,TRUE
REV00203,P0028,U0262,4,Excellent quality,"Superb product, using it daily without any issues.",Positive,2026-08-02,FALSE
REV00204,P0307,U0250,5,Worth every rupee,"Superb product, using it daily without any issues.",Positive,2025-12-10,FALSE
REV00205,P0033,U0200,4,Worth every rupee,"Great value for money, exactly as described.",Positive,2026-06-29,TRUE
REV00206,P0222,U0009,3,Average product,"Good for the price, but there is room for improvement.",Neutral,2025-06-02,TRUE
REV00207,P0028,U0161,3,Average product,"Decent quality, meets basic expectations.",Neutral,2026-08-05,TRUE
REV00208,P0193,U0052,5,Superb build quality,"Superb product, using it daily without any issues.",Positive,2025-12-29,FALSE
REV00209,P0054,U0148,3,Could be better,"Average product, does the job but nothing special.",Neutral,2026-06-17,TRUE
REV00210,P0298,U0434,2,Disappointed,"Not as described, quite disappointed with this purchase.",Negative,2026-05-03,TRUE
REV00211,P0221,U0151,5,Best in this price range,"Excellent quality and fast delivery, will buy again.",Positive,2026-06-03,TRUE
REV00212,P0219,U0212,4,Highly recommended,"Perfect for daily use, sturdy and reliable.",Positive,2025-10-22,TRUE
REV00213,P0161,U0062,3,Decent,"It's okay, not the best but not the worst either.",Neutral,2024-10-26,TRUE
REV00214,P0022,U0190,4,Great purchase,"Perfect for daily use, sturdy and reliable.",Positive,2025-02-20,TRUE
REV00215,P0295,U0052,4,Worth every rupee,"Great value for money, exactly as described.",Positive,2026-05-20,TRUE
REV00216,P0115,U0295,5,Amazing product!,"Amazing battery life and performance, very happy with this purchase.",Positive,2025-06-17,TRUE
REV00217,P0302,U0310,4,Great purchase,"Perfect for daily use, sturdy and reliable.",Positive,2026-07-29,TRUE
REV00218,P0026,U0243,4,Excellent quality,"Superb product, using it daily without any issues.",Positive,2026-07-12,TRUE
REV00219,P0126,U0055,4,Worth every rupee,"Amazing battery life and performance, very happy with this purchase.",Positive,2026-02-07,TRUE
REV00220,P0216,U0212,5,Superb build quality,"Superb product, using it daily without any issues.",Positive,2026-07-24,FALSE
REV00221,P0109,U0363,5,Amazing product!,Works perfectly and looks great. Highly recommend to everyone.,Positive,2026-08-01,TRUE
REV00222,P0132,U0167,4,Superb build quality,"Perfect for daily use, sturdy and reliable.",Positive,2025-10-08,TRUE
REV00223,P0048,U0279,4,Highly recommended,"Great value for money, exactly as described.",Positive,2026-06-02,TRUE
REV00224,P0267,U0060,3,Could be better,"Reasonable purchase, packaging could be improved though.",Neutral,2025-09-27,TRUE
REV00225,P0376,U0075,5,Highly recommended,Very satisfied with the build quality and finish.,Positive,2026-05-30,TRUE
REV00226,P0103,U0141,4,Highly recommended,Very satisfied with the build quality and finish.,Positive,2026-03-23,TRUE
REV00227,P0173,U0020,3,Average product,"Reasonable purchase, packaging could be improved though.",Neutral,2025-08-11,TRUE
REV00228,P0155,U0247,4,Best in this price range,Works perfectly and looks great. Highly recommend to everyone.,Positive,2026-04-09,FALSE
REV00229,P0154,U0089,3,Average product,"Good for the price, but there is room for improvement.",Neutral,2026-04-08,TRUE
REV00230,P0243,U0422,5,Superb build quality,"Perfect for daily use, sturdy and reliable.",Positive,2025-07-05,TRUE
REV00231,P0077,U0316,4,Best in this price range,Very satisfied with the build quality and finish.,Positive,2026-02-18,TRUE
REV00232,P0269,U0223,3,Decent,"Average product, does the job but nothing special.",Neutral,2026-02-17,TRUE
REV00233,P0346,U0271,3,Could be better,"It's okay, not the best but not the worst either.",Neutral,2025-01-07,TRUE
REV00234,P0084,U0087,3,Average product,"Reasonable purchase, packaging could be improved though.",Neutral,2026-07-19,TRUE
REV00235,P0387,U0070,4,Excellent quality,"Amazing battery life and performance, very happy with this purchase.",Positive,2025-11-30,TRUE
REV00236,P0350,U0289,4,Superb build quality,"Perfect for daily use, sturdy and reliable.",Positive,2026-05-17,TRUE
REV00237,P0168,U0035,3,Could be better,"Average product, does the job but nothing special.",Neutral,2026-05-23,FALSE
REV00238,P0215,U0390,3,Average product,"It's okay, not the best but not the worst either.",Neutral,2025-12-05,TRUE
REV00239,P0214,U0261,3,Could be better,"Average product, does the job but nothing special.",Neutral,2026-07-28,TRUE
REV00240,P0251,U0177,5,Highly recommended,"Worth every rupee, quality exceeded my expectations.",Positive,2026-05-18,TRUE
REV00241,P0249,U0217,3,Decent,"Good for the price, but there is room for improvement.",Neutral,2026-06-14,TRUE
REV00242,P0242,U0096,5,Excellent quality,Works perfectly and looks great. Highly recommend to everyone.,Positive,2026-02-04,TRUE
REV00243,P0265,U0358,4,Amazing product!,"Amazing battery life and performance, very happy with this purchase.",Positive,2026-04-24,TRUE
REV00244,P0206,U0401,3,Average product,"Good for the price, but there is room for improvement.",Neutral,2026-06-19,TRUE
REV00245,P0394,U0186,4,Excellent quality,Very satisfied with the build quality and finish.,Positive,2025-11-08,FALSE
REV00246,P0251,U0224,4,Highly recommended,"Great value for money, exactly as described.",Positive,2026-04-27,TRUE
REV00247,P0298,U0411,3,Average product,"Reasonable purchase, packaging could be improved though.",Neutral,2026-08-01,FALSE
REV00248,P0043,U0385,3,Okay for the price,"Good for the price, but there is room for improvement.",Neutral,2026-04-13,TRUE
REV00249,P0275,U0103,4,Amazing product!,"Superb product, using it daily without any issues.",Positive,2026-05-29,TRUE
REV00250,P0384,U0069,4,Excellent quality,Works perfectly and looks great. Highly recommend to everyone.,Positive,2026-06-10,TRUE
REV00251,P0187,U0070,3,Decent,"Decent quality, meets basic expectations.",Neutral,2025-07-02,TRUE
REV00252,P0008,U0084,4,Highly recommended,Very satisfied with the build quality and finish.,Positive,2026-07-07,TRUE
REV00253,P0053,U0220,5,Excellent quality,"Worth every rupee, quality exceeded my expectations.",Positive,2026-06-08,TRUE
REV00254,P0221,U0147,5,Loved it!,"Great value for money, exactly as described.",Positive,2026-03-24,TRUE
REV00255,P0363,U0043,4,Excellent quality,"Superb product, using it daily without any issues.",Positive,2026-06-22,TRUE
REV00256,P0058,U0012,4,Worth every rupee,"Worth every rupee, quality exceeded my expectations.",Positive,2026-07-22,TRUE
REV00257,P0183,U0448,3,Decent,"It's okay, not the best but not the worst either.",Neutral,2025-12-09,TRUE
REV00258,P0330,U0485,5,Worth every rupee,Works perfectly and looks great. Highly recommend to everyone.,Positive,2026-04-13,TRUE
REV00259,P0068,U0080,5,Great purchase,"Excellent quality and fast delivery, will buy again.",Positive,2026-07-20,TRUE
REV00260,P0105,U0483,4,Best in this price range,"Perfect for daily use, sturdy and reliable.",Positive,2026-07-12,TRUE
REV00261,P0386,U0480,3,Average product,"Average product, does the job but nothing special.",Neutral,2026-06-12,TRUE
REV00262,P0214,U0444,4,Best in this price range,"Amazing battery life and performance, very happy with this purchase.",Positive,2026-05-21,TRUE
REV00263,P0039,U0047,5,Worth every rupee,"Excellent quality and fast delivery, will buy again.",Positive,2026-03-17,TRUE
REV00264,P0047,U0223,4,Superb build quality,"Amazing battery life and performance, very happy with this purchase.",Positive,2025-10-23,TRUE
REV00265,P0336,U0282,4,Superb build quality,Works perfectly and looks great. Highly recommend to everyone.,Positive,2026-05-14,TRUE
REV00266,P0265,U0190,5,Worth every rupee,"Amazing battery life and performance, very happy with this purchase.",Positive,2025-03-17,TRUE
REV00267,P0258,U0483,4,Best in this price range,Very satisfied with the build quality and finish.,Positive,2025-12-12,TRUE
REV00268,P0032,U0480,3,Okay for the price,"Good for the price, but there is room for improvement.",Neutral,2026-06-16,TRUE
REV00269,P0381,U0160,3,Okay for the price,"Decent quality, meets basic expectations.",Neutral,2026-06-19,TRUE
REV00270,P0016,U0189,5,Amazing product!,"Excellent quality and fast delivery, will buy again.",Positive,2026-06-12,TRUE
REV00271,P0391,U0476,4,Best in this price range,Very satisfied with the build quality and finish.,Positive,2026-07-27,TRUE
REV00272,P0157,U0428,3,Average product,"Average product, does the job but nothing special.",Neutral,2026-03-23,TRUE
REV00273,P0037,U0103,4,Excellent quality,Works perfectly and looks great. Highly recommend to everyone.,Positive,2025-10-20,TRUE
REV00274,P0053,U0087,3,Average product,"Decent quality, meets basic expectations.",Neutral,2026-07-10,TRUE
REV00275,P0373,U0364,4,Excellent quality,"Excellent quality and fast delivery, will buy again.",Positive,2026-02-15,TRUE
REV00276,P0164,U0268,2,Below expectations,"Battery drains quickly, not satisfied with performance.",Negative,2026-05-31,FALSE
REV00277,P0057,U0102,3,Okay for the price,"It's okay, not the best but not the worst either.",Neutral,2025-12-20,TRUE
REV00278,P0206,U0062,5,Amazing product!,Works perfectly and looks great. Highly recommend to everyone.,Positive,2026-07-20,FALSE
REV00279,P0022,U0328,4,Superb build quality,"Perfect for daily use, sturdy and reliable.",Positive,2026-02-16,TRUE
REV00280,P0201,U0213,3,Could be better,"Good for the price, but there is room for improvement.",Neutral,2026-05-26,TRUE
REV00281,P0118,U0464,3,Could be better,"Average product, does the job but nothing special.",Neutral,2025-08-03,TRUE
REV00282,P0072,U0074,3,Could be better,"It's okay, not the best but not the worst either.",Neutral,2026-07-08,TRUE
REV00283,P0119,U0232,4,Loved it!,"Great value for money, exactly as described.",Positive,2025-06-30,TRUE
REV00284,P0165,U0167,4,Great purchase,"Excellent quality and fast delivery, will buy again.",Positive,2024-09-11,TRUE
REV00285,P0311,U0464,3,Decent,"Average product, does the job but nothing special.",Neutral,2025-12-04,TRUE
REV00286,P0271,U0224,5,Superb build quality,"Superb product, using it daily without any issues.",Positive,2026-05-04,TRUE
REV00287,P0087,U0158,3,Okay for the price,"Decent quality, meets basic expectations.",Neutral,2026-07-08,TRUE
REV00288,P0111,U0193,4,Best in this price range,"Worth every rupee, quality exceeded my expectations.",Positive,2026-04-23,TRUE
REV00289,P0253,U0099,3,Average product,"Reasonable purchase, packaging could be improved though.",Neutral,2025-10-13,TRUE
REV00290,P0322,U0159,3,Decent,"Average product, does the job but nothing special.",Neutral,2025-12-29,TRUE
REV00291,P0394,U0078,3,Okay for the price,"Decent quality, meets basic expectations.",Neutral,2026-04-14,TRUE
REV00292,P0174,U0369,4,Best in this price range,Works perfectly and looks great. Highly recommend to everyone.,Positive,2025-10-06,FALSE
REV00293,P0073,U0223,4,Great purchase,"Amazing battery life and performance, very happy with this purchase.",Positive,2026-04-26,TRUE
REV00294,P0231,U0388,3,Could be better,"Reasonable purchase, packaging could be improved though.",Neutral,2025-07-10,TRUE
REV00295,P0133,U0290,3,Okay for the price,"Good for the price, but there is room for improvement.",Neutral,2026-07-13,TRUE
REV00296,P0106,U0476,5,Best in this price range,Very satisfied with the build quality and finish.,Positive,2026-07-05,TRUE
REV00297,P0210,U0401,5,Worth every rupee,"Great value for money, exactly as described.",Positive,2026-05-17,TRUE
REV00298,P0249,U0358,3,Average product,"Reasonable purchase, packaging could be improved though.",Neutral,2026-02-28,TRUE
REV00299,P0270,U0296,5,Loved it!,"Amazing battery life and performance, very happy with this purchase.",Positive,2026-08-02,TRUE
REV00300,P0303,U0126,3,Decent,"Decent quality, meets basic expectations.",Neutral,2025-12-15,FALSE
REV00301,P0393,U0092,3,Decent,"Average product, does the job but nothing special.",Neutral,2026-05-29,TRUE
REV00302,P0053,U0360,3,Okay for the price,"It's okay, not the best but not the worst either.",Neutral,2025-09-30,TRUE
REV00303,P0321,U0103,2,Disappointed,"Very poor build quality, broke within a week.",Negative,2026-04-12,TRUE
REV00304,P0025,U0068,4,Best in this price range,"Excellent quality and fast delivery, will buy again.",Positive,2026-08-06,FALSE
REV00305,P0179,U0135,4,Excellent quality,"Perfect for daily use, sturdy and reliable.",Positive,2025-01-24,TRUE
REV00306,P0342,U0034,3,Decent,"It's okay, not the best but not the worst either.",Neutral,2026-06-24,TRUE
REV00307,P0140,U0210,3,Average product,"Average product, does the job but nothing special.",Neutral,2026-03-09,TRUE
REV00308,P0070,U0022,5,Excellent quality,Works perfectly and looks great. Highly recommend to everyone.,Positive,2026-06-11,FALSE
REV00309,P0398,U0242,3,Okay for the price,"Reasonable purchase, packaging could be improved though.",Neutral,2026-05-30,TRUE
REV00310,P0311,U0332,3,Could be better,"Decent quality, meets basic expectations.",Neutral,2025-09-16,TRUE
REV00311,P0274,U0330,3,Decent,"Decent quality, meets basic expectations.",Neutral,2026-01-11,TRUE
REV00312,P0016,U0484,4,Great purchase,"Perfect for daily use, sturdy and reliable.",Positive,2026-07-01,TRUE
REV00313,P0270,U0122,3,Decent,"It's okay, not the best but not the worst either.",Neutral,2026-01-17,TRUE
REV00314,P0098,U0437,5,Worth every rupee,"Excellent quality and fast delivery, will buy again.",Positive,2026-07-04,FALSE
REV00315,P0171,U0432,3,Okay for the price,"Average product, does the job but nothing special.",Neutral,2025-10-14,TRUE
REV00316,P0113,U0083,4,Best in this price range,"Worth every rupee, quality exceeded my expectations.",Positive,2026-06-02,TRUE
REV00317,P0358,U0044,5,Superb build quality,"Excellent quality and fast delivery, will buy again.",Positive,2026-05-25,TRUE
REV00318,P0163,U0182,4,Amazing product!,"Worth every rupee, quality exceeded my expectations.",Positive,2025-08-06,TRUE
REV00319,P0387,U0401,3,Average product,"It's okay, not the best but not the worst either.",Neutral,2025-02-10,TRUE
REV00320,P0395,U0210,3,Average product,"Average product, does the job but nothing special.",Neutral,2026-03-10,TRUE
REV00321,P0248,U0255,3,Okay for the price,"Good for the price, but there is room for improvement.",Neutral,2026-08-06,TRUE
REV00322,P0280,U0330,4,Loved it!,"Great value for money, exactly as described.",Positive,2025-10-24,TRUE
REV00323,P0088,U0325,4,Highly recommended,Very satisfied with the build quality and finish.,Positive,2024-12-02,TRUE
REV00324,P0239,U0320,4,Best in this price range,"Great value for money, exactly as described.",Positive,2026-03-30,TRUE
REV00325,P0269,U0254,4,Excellent quality,"Perfect for daily use, sturdy and reliable.",Positive,2026-07-17,TRUE
REV00326,P0328,U0450,4,Highly recommended,Works perfectly and looks great. Highly recommend to everyone.,Positive,2026-07-27,FALSE
REV00327,P0121,U0068,3,Could be better,"Average product, does the job but nothing special.",Neutral,2026-08-06,TRUE
REV00328,P0372,U0447,4,Highly recommended,"Superb product, using it daily without any issues.",Positive,2026-02-09,TRUE
REV00329,P0250,U0245,4,Highly recommended,"Worth every rupee, quality exceeded my expectations.",Positive,2025-12-28,TRUE
REV00330,P0093,U0163,4,Loved it!,"Worth every rupee, quality exceeded my expectations.",Positive,2026-07-17,TRUE
REV00331,P0201,U0268,4,Superb build quality,"Amazing battery life and performance, very happy with this purchase.",Positive,2026-06-19,TRUE
REV00332,P0318,U0074,4,Worth every rupee,"Perfect for daily use, sturdy and reliable.",Positive,2026-06-05,TRUE
REV00333,P0261,U0058,4,Great purchase,"Amazing battery life and performance, very happy with this purchase.",Positive,2026-01-02,TRUE
REV00334,P0140,U0470,3,Okay for the price,"Reasonable purchase, packaging could be improved though.",Neutral,2026-03-06,TRUE
REV00335,P0325,U0248,4,Loved it!,"Superb product, using it daily without any issues.",Positive,2025-12-31,FALSE
REV00336,P0219,U0079,4,Excellent quality,"Superb product, using it daily without any issues.",Positive,2026-04-16,TRUE
REV00337,P0391,U0069,3,Could be better,"Decent quality, meets basic expectations.",Neutral,2024-12-21,TRUE
REV00338,P0064,U0115,4,Superb build quality,"Great value for money, exactly as described.",Positive,2025-12-30,TRUE
REV00339,P0253,U0267,4,Great purchase,Very satisfied with the build quality and finish.,Positive,2026-08-01,TRUE
REV00340,P0070,U0163,3,Decent,"Average product, does the job but nothing special.",Neutral,2026-06-19,TRUE
REV00341,P0113,U0479,3,Okay for the price,"Decent quality, meets basic expectations.",Neutral,2025-02-02,TRUE
REV00342,P0311,U0076,3,Okay for the price,"Reasonable purchase, packaging could be improved though.",Neutral,2025-11-13,TRUE
REV00343,P0360,U0259,3,Average product,"Average product, does the job but nothing special.",Neutral,2025-05-24,TRUE
REV00344,P0267,U0028,4,Highly recommended,Very satisfied with the build quality and finish.,Positive,2026-05-02,TRUE
REV00345,P0083,U0068,3,Average product,"Average product, does the job but nothing special.",Neutral,2026-08-06,TRUE
REV00346,P0009,U0291,5,Excellent quality,"Great value for money, exactly as described.",Positive,2026-06-28,TRUE
REV00347,P0147,U0259,2,Below expectations,"Very poor build quality, broke within a week.",Negative,2025-11-02,TRUE
REV00348,P0359,U0252,4,Best in this price range,Very satisfied with the build quality and finish.,Positive,2026-03-19,TRUE
REV00349,P0373,U0431,3,Could be better,"Decent quality, meets basic expectations.",Neutral,2026-07-25,TRUE
REV00350,P0326,U0092,5,Excellent quality,"Amazing battery life and performance, very happy with this purchase.",Positive,2026-03-30,FALSE
REV00351,P0208,U0404,4,Worth every rupee,Very satisfied with the build quality and finish.,Positive,2026-03-24,TRUE
REV00352,P0330,U0385,4,Highly recommended,"Worth every rupee, quality exceeded my expectations.",Positive,2025-11-11,TRUE
REV00353,P0079,U0461,3,Okay for the price,"Reasonable purchase, packaging could be improved though.",Neutral,2026-01-09,TRUE
REV00354,P0224,U0337,3,Decent,"Average product, does the job but nothing special.",Neutral,2026-06-09,FALSE
REV00355,P0066,U0084,3,Average product,"It's okay, not the best but not the worst either.",Neutral,2025-02-02,TRUE
REV00356,P0371,U0322,3,Average product,"It's okay, not the best but not the worst either.",Neutral,2026-07-21,TRUE
REV00357,P0256,U0083,5,Great purchase,Works perfectly and looks great. Highly recommend to everyone.,Positive,2026-05-30,TRUE
REV00358,P0241,U0051,2,Disappointed,"Overpriced for the quality offered, expected better.",Negative,2026-01-17,TRUE
REV00359,P0144,U0001,4,Great purchase,"Amazing battery life and performance, very happy with this purchase.",Positive,2025-05-24,TRUE
REV00360,P0015,U0052,4,Amazing product!,"Perfect for daily use, sturdy and reliable.",Positive,2025-09-15,TRUE
REV00361,P0319,U0341,3,Could be better,"Reasonable purchase, packaging could be improved though.",Neutral,2026-01-26,TRUE
REV00362,P0146,U0308,4,Highly recommended,Works perfectly and looks great. Highly recommend to everyone.,Positive,2026-01-11,TRUE
REV00363,P0370,U0087,3,Could be better,"Good for the price, but there is room for improvement.",Neutral,2026-07-15,TRUE
REV00364,P0290,U0323,3,Average product,"Good for the price, but there is room for improvement.",Neutral,2025-02-23,TRUE
REV00365,P0134,U0369,3,Okay for the price,"Reasonable purchase, packaging could be improved though.",Neutral,2025-09-06,FALSE
REV00366,P0060,U0158,4,Highly recommended,"Superb product, using it daily without any issues.",Positive,2026-05-05,TRUE
REV00367,P0251,U0044,3,Decent,"Decent quality, meets basic expectations.",Neutral,2026-07-11,TRUE
REV00368,P0003,U0493,5,Loved it!,"Perfect for daily use, sturdy and reliable.",Positive,2025-10-16,TRUE
REV00369,P0339,U0385,4,Worth every rupee,"Amazing battery life and performance, very happy with this purchase.",Positive,2026-01-12,TRUE
REV00370,P0302,U0077,4,Worth every rupee,"Perfect for daily use, sturdy and reliable.",Positive,2026-05-25,TRUE
REV00371,P0151,U0081,4,Worth every rupee,"Worth every rupee, quality exceeded my expectations.",Positive,2025-08-05,TRUE
REV00372,P0189,U0298,2,Below expectations,"Stopped working after a few days, would not recommend.",Negative,2026-07-25,TRUE
REV00373,P0390,U0400,4,Great purchase,Works perfectly and looks great. Highly recommend to everyone.,Positive,2026-07-31,TRUE
REV00374,P0231,U0321,4,Excellent quality,"Amazing battery life and performance, very happy with this purchase.",Positive,2026-02-22,TRUE
REV00375,P0310,U0188,5,Superb build quality,"Worth every rupee, quality exceeded my expectations.",Positive,2024-12-31,TRUE
REV00376,P0167,U0258,4,Best in this price range,Very satisfied with the build quality and finish.,Positive,2026-05-08,TRUE
REV00377,P0179,U0012,4,Highly recommended,Very satisfied with the build quality and finish.,Positive,2025-10-16,TRUE
REV00378,P0165,U0480,5,Loved it!,Works perfectly and looks great. Highly recommend to everyone.,Positive,2026-05-28,TRUE
REV00379,P0039,U0472,3,Could be better,"Good for the price, but there is room for improvement.",Neutral,2026-02-22,TRUE
REV00380,P0011,U0115,4,Worth every rupee,"Perfect for daily use, sturdy and reliable.",Positive,2026-02-06,TRUE
REV00381,P0166,U0160,4,Highly recommended,"Superb product, using it daily without any issues.",Positive,2026-03-09,TRUE
REV00382,P0366,U0176,4,Excellent quality,"Perfect for daily use, sturdy and reliable.",Positive,2026-07-06,TRUE
REV00383,P0217,U0182,4,Great purchase,"Superb product, using it daily without any issues.",Positive,2025-06-24,TRUE
REV00384,P0284,U0058,3,Okay for the price,"Reasonable purchase, packaging could be improved though.",Neutral,2026-06-24,TRUE
REV00385,P0397,U0028,3,Decent,"Average product, does the job but nothing special.",Neutral,2025-04-24,TRUE
REV00386,P0338,U0096,3,Average product,"Reasonable purchase, packaging could be improved though.",Neutral,2026-06-24,TRUE
REV00387,P0119,U0280,4,Best in this price range,"Amazing battery life and performance, very happy with this purchase.",Positive,2025-11-16,TRUE
REV00388,P0372,U0194,5,Loved it!,"Worth every rupee, quality exceeded my expectations.",Positive,2026-03-02,TRUE
REV00389,P0354,U0462,3,Decent,"Decent quality, meets basic expectations.",Neutral,2025-11-09,TRUE
REV00390,P0058,U0495,4,Great purchase,"Amazing battery life and performance, very happy with this purchase.",Positive,2026-06-21,TRUE
REV00391,P0156,U0279,4,Great purchase,"Amazing battery life and performance, very happy with this purchase.",Positive,2026-01-02,TRUE
REV00392,P0331,U0390,4,Excellent quality,"Perfect for daily use, sturdy and reliable.",Positive,2025-07-23,TRUE
REV00393,P0379,U0022,3,Could be better,"Good for the price, but there is room for improvement.",Neutral,2026-04-21,TRUE
REV00394,P0226,U0313,4,Best in this price range,"Great value for money, exactly as described.",Positive,2026-07-14,TRUE
REV00395,P0045,U0215,3,Average product,"Reasonable purchase, packaging could be improved though.",Neutral,2026-05-20,TRUE
REV00396,P0143,U0301,3,Could be better,"It's okay, not the best but not the worst either.",Neutral,2026-06-09,TRUE
REV00397,P0259,U0267,3,Could be better,"Good for the price, but there is room for improvement.",Neutral,2026-06-24,TRUE
REV00398,P0256,U0319,4,Superb build quality,"Worth every rupee, quality exceeded my expectations.",Positive,2026-08-06,TRUE
REV00399,P0176,U0194,4,Best in this price range,Very satisfied with the build quality and finish.,Positive,2025-01-29,TRUE
REV00400,P0398,U0235,3,Decent,"Decent quality, meets basic expectations.",Neutral,2026-07-22,TRUE
REV00401,P0327,U0294,3,Could be better,"It's okay, not the best but not the worst either.",Neutral,2026-08-04,TRUE
REV00402,P0238,U0113,5,Excellent quality,Works perfectly and looks great. Highly recommend to everyone.,Positive,2025-03-19,TRUE
REV00403,P0184,U0095,4,Loved it!,"Perfect for daily use, sturdy and reliable.",Positive,2026-04-11,TRUE
REV00404,P0318,U0169,4,Worth every rupee,"Great value for money, exactly as described.",Positive,2025-10-23,TRUE
REV00405,P0005,U0040,4,Highly recommended,"Excellent quality and fast delivery, will buy again.",Positive,2026-03-04,TRUE
REV00406,P0379,U0315,4,Loved it!,"Excellent quality and fast delivery, will buy again.",Positive,2026-04-12,TRUE
REV00407,P0149,U0206,4,Amazing product!,"Amazing battery life and performance, very happy with this purchase.",Positive,2025-02-02,TRUE
REV00408,P0380,U0013,4,Great purchase,Very satisfied with the build quality and finish.,Positive,2025-07-17,TRUE
REV00409,P0267,U0069,3,Average product,"Reasonable purchase, packaging could be improved though.",Neutral,2025-07-30,TRUE
REV00410,P0355,U0224,3,Okay for the price,"Decent quality, meets basic expectations.",Neutral,2026-07-05,TRUE
REV00411,P0098,U0443,5,Highly recommended,"Excellent quality and fast delivery, will buy again.",Positive,2026-04-21,TRUE
REV00412,P0215,U0367,3,Decent,"It's okay, not the best but not the worst either.",Neutral,2026-02-13,TRUE
REV00413,P0119,U0421,3,Decent,"Reasonable purchase, packaging could be improved though.",Neutral,2026-07-30,TRUE
REV00414,P0256,U0087,5,Excellent quality,Very satisfied with the build quality and finish.,Positive,2026-07-07,TRUE
REV00415,P0190,U0308,3,Could be better,"It's okay, not the best but not the worst either.",Neutral,2026-03-23,TRUE
REV00416,P0234,U0341,4,Excellent quality,"Amazing battery life and performance, very happy with this purchase.",Positive,2025-08-26,TRUE
REV00417,P0151,U0191,5,Worth every rupee,"Perfect for daily use, sturdy and reliable.",Positive,2025-10-01,TRUE
REV00418,P0068,U0132,5,Worth every rupee,Works perfectly and looks great. Highly recommend to everyone.,Positive,2025-10-09,TRUE
REV00419,P0303,U0121,2,Below expectations,"Overpriced for the quality offered, expected better.",Negative,2026-05-07,FALSE
REV00420,P0002,U0074,3,Decent,"Average product, does the job but nothing special.",Neutral,2026-06-09,TRUE
REV00421,P0369,U0487,5,Excellent quality,"Excellent quality and fast delivery, will buy again.",Positive,2026-01-29,TRUE
REV00422,P0019,U0325,3,Could be better,"Average product, does the job but nothing special.",Neutral,2025-07-06,TRUE
REV00423,P0089,U0196,2,Poor quality,"Very poor build quality, broke within a week.",Negative,2026-07-17,TRUE
REV00424,P0100,U0314,3,Could be better,"Decent quality, meets basic expectations.",Neutral,2025-10-13,TRUE
REV00425,P0365,U0428,4,Amazing product!,"Worth every rupee, quality exceeded my expectations.",Positive,2026-01-17,TRUE
REV00426,P0315,U0156,4,Superb build quality,Very satisfied with the build quality and finish.,Positive,2026-06-25,TRUE
REV00427,P0048,U0439,5,Excellent quality,"Great value for money, exactly as described.",Positive,2025-10-14,TRUE
REV00428,P0059,U0003,4,Highly recommended,"Excellent quality and fast delivery, will buy again.",Positive,2024-10-12,FALSE
REV00429,P0291,U0287,4,Excellent quality,"Worth every rupee, quality exceeded my expectations.",Positive,2026-07-15,TRUE
REV00430,P0294,U0190,3,Okay for the price,"Reasonable purchase, packaging could be improved though.",Neutral,2026-07-16,TRUE
REV00431,P0395,U0287,4,Superb build quality,"Great value for money, exactly as described.",Positive,2026-06-28,TRUE
REV00432,P0171,U0465,4,Loved it!,"Worth every rupee, quality exceeded my expectations.",Positive,2025-10-28,TRUE
REV00433,P0105,U0106,4,Great purchase,"Great value for money, exactly as described.",Positive,2026-05-09,TRUE
REV00434,P0339,U0173,4,Highly recommended,"Worth every rupee, quality exceeded my expectations.",Positive,2026-01-28,FALSE
REV00435,P0072,U0151,5,Great purchase,"Perfect for daily use, sturdy and reliable.",Positive,2026-04-14,TRUE
REV00436,P0187,U0223,2,Poor quality,"Very poor build quality, broke within a week.",Negative,2024-12-27,TRUE
REV00437,P0181,U0244,3,Decent,"It's okay, not the best but not the worst either.",Neutral,2025-07-20,TRUE
REV00438,P0106,U0100,4,Worth every rupee,"Amazing battery life and performance, very happy with this purchase.",Positive,2026-07-11,TRUE
REV00439,P0047,U0232,4,Best in this price range,"Perfect for daily use, sturdy and reliable.",Positive,2025-11-13,TRUE
REV00440,P0364,U0068,5,Great purchase,Works perfectly and looks great. Highly recommend to everyone.,Positive,2026-08-06,TRUE
REV00441,P0346,U0220,4,Highly recommended,"Worth every rupee, quality exceeded my expectations.",Positive,2026-01-25,TRUE
REV00442,P0393,U0469,5,Worth every rupee,"Amazing battery life and performance, very happy with this purchase.",Positive,2026-06-03,TRUE
REV00443,P0329,U0383,4,Worth every rupee,"Amazing battery life and performance, very happy with this purchase.",Positive,2026-03-05,TRUE
REV00444,P0115,U0069,5,Excellent quality,"Excellent quality and fast delivery, will buy again.",Positive,2025-02-21,TRUE
REV00445,P0193,U0287,4,Excellent quality,"Great value for money, exactly as described.",Positive,2026-07-02,TRUE
REV00446,P0083,U0346,4,Loved it!,Very satisfied with the build quality and finish.,Positive,2026-06-20,TRUE
REV00447,P0393,U0173,4,Great purchase,"Great value for money, exactly as described.",Positive,2025-09-26,TRUE
REV00448,P0336,U0463,3,Decent,"It's okay, not the best but not the worst either.",Neutral,2025-11-05,TRUE
REV00449,P0146,U0487,4,Superb build quality,"Excellent quality and fast delivery, will buy again.",Positive,2026-04-07,TRUE
REV00450,P0183,U0169,4,Superb build quality,"Excellent quality and fast delivery, will buy again.",Positive,2026-01-29,TRUE
REV00451,P0097,U0044,3,Could be better,"It's okay, not the best but not the worst either.",Neutral,2026-07-08,FALSE
REV00452,P0385,U0260,4,Best in this price range,"Perfect for daily use, sturdy and reliable.",Positive,2026-08-03,TRUE
REV00453,P0074,U0455,3,Decent,"Good for the price, but there is room for improvement.",Neutral,2026-07-15,TRUE
REV00454,P0116,U0330,5,Excellent quality,"Superb product, using it daily without any issues.",Positive,2025-01-02,TRUE
REV00455,P0186,U0329,3,Decent,"Good for the price, but there is room for improvement.",Neutral,2026-05-10,TRUE
REV00456,P0071,U0284,4,Superb build quality,"Great value for money, exactly as described.",Positive,2026-07-14,FALSE
REV00457,P0227,U0210,3,Okay for the price,"It's okay, not the best but not the worst either.",Neutral,2025-04-01,TRUE
REV00458,P0138,U0260,4,Excellent quality,"Superb product, using it daily without any issues.",Positive,2026-08-04,FALSE
REV00459,P0032,U0278,4,Amazing product!,Very satisfied with the build quality and finish.,Positive,2026-03-09,TRUE
REV00460,P0111,U0078,4,Superb build quality,"Great value for money, exactly as described.",Positive,2026-07-28,TRUE
REV00461,P0238,U0294,5,Great purchase,"Amazing battery life and performance, very happy with this purchase.",Positive,2026-05-02,TRUE
REV00462,P0357,U0035,4,Excellent quality,Works perfectly and looks great. Highly recommend to everyone.,Positive,2026-06-01,FALSE
REV00463,P0077,U0441,3,Okay for the price,"Good for the price, but there is room for improvement.",Neutral,2026-07-22,TRUE
REV00464,P0371,U0127,4,Great purchase,"Worth every rupee, quality exceeded my expectations.",Positive,2025-12-17,TRUE
REV00465,P0260,U0058,2,Below expectations,"Not as described, quite disappointed with this purchase.",Negative,2025-10-24,TRUE
REV00466,P0084,U0133,2,Poor quality,"Battery drains quickly, not satisfied with performance.",Negative,2026-02-13,TRUE
REV00467,P0390,U0022,4,Superb build quality,Works perfectly and looks great. Highly recommend to everyone.,Positive,2025-10-20,TRUE
REV00468,P0251,U0232,3,Okay for the price,"Decent quality, meets basic expectations.",Neutral,2026-02-11,TRUE
REV00469,P0028,U0412,3,Average product,"It's okay, not the best but not the worst either.",Neutral,2025-10-02,TRUE
REV00470,P0380,U0100,4,Great purchase,"Worth every rupee, quality exceeded my expectations.",Positive,2025-12-24,TRUE
REV00471,P0070,U0449,5,Superb build quality,"Perfect for daily use, sturdy and reliable.",Positive,2026-06-27,TRUE
REV00472,P0193,U0437,3,Average product,"Reasonable purchase, packaging could be improved though.",Neutral,2026-07-31,TRUE
REV00473,P0317,U0134,4,Best in this price range,Very satisfied with the build quality and finish.,Positive,2026-03-10,TRUE
REV00474,P0035,U0334,4,Highly recommended,Works perfectly and looks great. Highly recommend to everyone.,Positive,2026-02-08,TRUE
REV00475,P0156,U0085,3,Decent,"It's okay, not the best but not the worst either.",Neutral,2026-06-20,TRUE
REV00476,P0002,U0234,4,Best in this price range,Works perfectly and looks great. Highly recommend to everyone.,Positive,2026-07-26,TRUE
REV00477,P0303,U0314,3,Okay for the price,"Good for the price, but there is room for improvement.",Neutral,2026-06-14,TRUE
REV00478,P0146,U0074,3,Average product,"It's okay, not the best but not the worst either.",Neutral,2026-07-12,TRUE
REV00479,P0353,U0267,3,Okay for the price,"It's okay, not the best but not the worst either.",Neutral,2026-05-05,TRUE
REV00480,P0145,U0375,4,Superb build quality,Very satisfied with the build quality and finish.,Positive,2025-10-22,TRUE
REV00481,P0284,U0190,4,Great purchase,Very satisfied with the build quality and finish.,Positive,2025-03-04,TRUE
REV00482,P0078,U0036,3,Could be better,"Reasonable purchase, packaging could be improved though.",Neutral,2026-05-29,TRUE
REV00483,P0306,U0078,3,Okay for the price,"Reasonable purchase, packaging could be improved though.",Neutral,2026-02-14,TRUE
REV00484,P0255,U0318,4,Amazing product!,"Superb product, using it daily without any issues.",Positive,2025-01-24,FALSE
REV00485,P0192,U0441,4,Amazing product!,"Amazing battery life and performance, very happy with this purchase.",Positive,2025-10-04,TRUE
REV00486,P0115,U0469,4,Superb build quality,Very satisfied with the build quality and finish.,Positive,2026-03-11,FALSE
REV00487,P0320,U0390,4,Highly recommended,"Amazing battery life and performance, very happy with this purchase.",Positive,2026-04-25,FALSE
REV00488,P0315,U0359,3,Average product,"Decent quality, meets basic expectations.",Neutral,2026-04-26,TRUE
REV00489,P0266,U0058,4,Worth every rupee,"Amazing battery life and performance, very happy with this purchase.",Positive,2026-07-16,TRUE
REV00490,P0313,U0465,4,Best in this price range,"Worth every rupee, quality exceeded my expectations.",Positive,2025-10-22,TRUE
REV00491,P0048,U0433,4,Highly recommended,"Worth every rupee, quality exceeded my expectations.",Positive,2026-02-26,TRUE
REV00492,P0080,U0200,2,Poor quality,"Packaging was damaged when it arrived, quality control issue.",Negative,2026-07-02,TRUE
REV00493,P0150,U0367,3,Could be better,"It's okay, not the best but not the worst either.",Neutral,2026-03-14,TRUE
REV00494,P0141,U0043,5,Amazing product!,"Amazing battery life and performance, very happy with this purchase.",Positive,2026-05-26,TRUE
REV00495,P0338,U0032,3,Average product,"Good for the price, but there is room for improvement.",Neutral,2025-05-23,TRUE
REV00496,P0323,U0202,3,Could be better,"Reasonable purchase, packaging could be improved though.",Neutral,2026-03-28,TRUE
REV00497,P0272,U0472,5,Amazing product!,"Worth every rupee, quality exceeded my expectations.",Positive,2026-03-13,TRUE
REV00498,P0248,U0045,4,Worth every rupee,"Amazing battery life and performance, very happy with this purchase.",Positive,2026-08-02,TRUE
REV00499,P0379,U0032,3,Okay for the price,"Reasonable purchase, packaging could be improved though.",Neutral,2025-04-12,FALSE
REV00500,P0073,U0169,4,Loved it!,Very satisfied with the build quality and finish.,Positive,2025-11-05,TRUE
REV00501,P0236,U0319,3,Okay for the price,"Good for the price, but there is room for improvement.",Neutral,2026-08-06,TRUE
REV00502,P0134,U0387,4,Great purchase,"Worth every rupee, quality exceeded my expectations.",Positive,2025-09-03,TRUE
REV00503,P0034,U0390,3,Average product,"Reasonable purchase, packaging could be improved though.",Neutral,2025-05-18,FALSE
REV00504,P0383,U0181,5,Excellent quality,"Perfect for daily use, sturdy and reliable.",Positive,2025-12-11,TRUE
REV00505,P0113,U0291,3,Could be better,"Decent quality, meets basic expectations.",Neutral,2026-07-26,TRUE
REV00506,P0040,U0428,4,Superb build quality,"Amazing battery life and performance, very happy with this purchase.",Positive,2026-07-19,TRUE
REV00507,P0318,U0054,5,Highly recommended,"Perfect for daily use, sturdy and reliable.",Positive,2026-08-04,TRUE
REV00508,P0140,U0465,3,Okay for the price,"Average product, does the job but nothing special.",Neutral,2025-09-28,TRUE
REV00509,P0081,U0463,4,Excellent quality,"Perfect for daily use, sturdy and reliable.",Positive,2026-07-05,TRUE
REV00510,P0375,U0018,5,Worth every rupee,Works perfectly and looks great. Highly recommend to everyone.,Positive,2025-08-24,TRUE
REV00511,P0146,U0441,4,Superb build quality,"Perfect for daily use, sturdy and reliable.",Positive,2025-03-20,TRUE
REV00512,P0128,U0063,5,Highly recommended,Very satisfied with the build quality and finish.,Positive,2026-07-23,FALSE
REV00513,P0262,U0369,4,Excellent quality,"Perfect for daily use, sturdy and reliable.",Positive,2025-12-07,TRUE
REV00514,P0159,U0487,4,Excellent quality,"Worth every rupee, quality exceeded my expectations.",Positive,2026-02-13,TRUE
REV00515,P0192,U0022,3,Okay for the price,"Average product, does the job but nothing special.",Neutral,2026-04-16,TRUE
REV00516,P0225,U0138,4,Amazing product!,"Worth every rupee, quality exceeded my expectations.",Positive,2026-05-23,TRUE
REV00517,P0394,U0080,3,Average product,"Average product, does the job but nothing special.",Neutral,2026-01-15,TRUE
REV00518,P0240,U0321,3,Okay for the price,"Reasonable purchase, packaging could be improved though.",Neutral,2026-03-02,TRUE
REV00519,P0385,U0103,4,Highly recommended,Very satisfied with the build quality and finish.,Positive,2025-10-18,TRUE
REV00520,P0290,U0321,4,Excellent quality,"Worth every rupee, quality exceeded my expectations.",Positive,2025-11-09,TRUE
REV00521,P0252,U0424,4,Loved it!,"Superb product, using it daily without any issues.",Positive,2026-08-04,TRUE
REV00522,P0234,U0425,5,Amazing product!,"Superb product, using it daily without any issues.",Positive,2026-07-17,FALSE
REV00523,P0305,U0040,5,Great purchase,"Superb product, using it daily without any issues.",Positive,2026-05-03,TRUE
REV00524,P0011,U0092,5,Excellent quality,Works perfectly and looks great. Highly recommend to everyone.,Positive,2026-07-04,TRUE
REV00525,P0185,U0169,4,Great purchase,"Worth every rupee, quality exceeded my expectations.",Positive,2026-07-23,FALSE
REV00526,P0209,U0444,2,Not worth it,"Not as described, quite disappointed with this purchase.",Negative,2025-08-13,TRUE
REV00527,P0397,U0437,4,Excellent quality,Works perfectly and looks great. Highly recommend to everyone.,Positive,2026-07-06,TRUE
REV00528,P0106,U0350,4,Great purchase,"Perfect for daily use, sturdy and reliable.",Positive,2026-05-02,TRUE
REV00529,P0188,U0450,3,Okay for the price,"It's okay, not the best but not the worst either.",Neutral,2026-07-26,TRUE
REV00530,P0070,U0431,5,Best in this price range,"Superb product, using it daily without any issues.",Positive,2026-07-08,TRUE
REV00531,P0265,U0173,4,Worth every rupee,Works perfectly and looks great. Highly recommend to everyone.,Positive,2025-11-12,TRUE
REV00532,P0254,U0462,4,Loved it!,"Perfect for daily use, sturdy and reliable.",Positive,2025-09-24,TRUE
REV00533,P0277,U0151,2,Below expectations,"Overpriced for the quality offered, expected better.",Negative,2026-07-09,TRUE
REV00534,P0222,U0276,4,Worth every rupee,Very satisfied with the build quality and finish.,Positive,2026-07-09,TRUE
REV00535,P0170,U0355,2,Not worth it,"Not as described, quite disappointed with this purchase.",Negative,2026-06-14,TRUE
REV00536,P0243,U0405,5,Best in this price range,"Great value for money, exactly as described.",Positive,2025-06-13,TRUE
REV00537,P0337,U0130,3,Average product,"Decent quality, meets basic expectations.",Neutral,2026-04-14,TRUE
REV00538,P0352,U0184,5,Excellent quality,Very satisfied with the build quality and finish.,Positive,2025-09-21,TRUE
REV00539,P0165,U0080,3,Average product,"Reasonable purchase, packaging could be improved though.",Neutral,2026-01-23,TRUE
REV00540,P0232,U0101,4,Amazing product!,"Perfect for daily use, sturdy and reliable.",Positive,2025-06-09,TRUE
REV00541,P0266,U0168,5,Best in this price range,"Excellent quality and fast delivery, will buy again.",Positive,2026-07-10,TRUE
REV00542,P0020,U0291,5,Worth every rupee,"Amazing battery life and performance, very happy with this purchase.",Positive,2026-07-10,TRUE
REV00543,P0261,U0467,3,Average product,"It's okay, not the best but not the worst either.",Neutral,2026-03-13,TRUE
REV00544,P0156,U0242,3,Okay for the price,"Average product, does the job but nothing special.",Neutral,2026-06-09,TRUE
REV00545,P0173,U0129,3,Average product,"Good for the price, but there is room for improvement.",Neutral,2026-04-30,TRUE
REV00546,P0201,U0485,4,Amazing product!,"Perfect for daily use, sturdy and reliable.",Positive,2026-06-12,TRUE
REV00547,P0311,U0310,4,Worth every rupee,"Superb product, using it daily without any issues.",Positive,2026-06-26,TRUE
REV00548,P0367,U0462,3,Could be better,"It's okay, not the best but not the worst either.",Neutral,2026-02-09,TRUE
REV00549,P0043,U0328,4,Highly recommended,"Excellent quality and fast delivery, will buy again.",Positive,2025-11-28,TRUE
REV00550,P0348,U0491,4,Excellent quality,Works perfectly and looks great. Highly recommend to everyone.,Positive,2025-08-23,TRUE
REV00551,P0298,U0361,3,Could be better,"Reasonable purchase, packaging could be improved though.",Neutral,2025-10-26,TRUE
REV00552,P0342,U0329,3,Average product,"Reasonable purchase, packaging could be improved though.",Neutral,2025-07-03,TRUE
REV00553,P0396,U0087,4,Amazing product!,"Superb product, using it daily without any issues.",Positive,2026-07-27,TRUE
REV00554,P0251,U0348,4,Best in this price range,Very satisfied with the build quality and finish.,Positive,2026-05-08,TRUE
REV00555,P0014,U0378,4,Loved it!,"Amazing battery life and performance, very happy with this purchase.",Positive,2026-05-20,TRUE
REV00556,P0167,U0127,3,Average product,"Reasonable purchase, packaging could be improved though.",Neutral,2025-06-07,TRUE
REV00557,P0059,U0064,4,Superb build quality,Works perfectly and looks great. Highly recommend to everyone.,Positive,2025-09-13,FALSE
REV00558,P0013,U0020,4,Superb build quality,"Perfect for daily use, sturdy and reliable.",Positive,2025-04-12,TRUE
REV00559,P0336,U0395,3,Could be better,"It's okay, not the best but not the worst either.",Neutral,2026-03-25,TRUE
REV00560,P0150,U0012,4,Loved it!,"Superb product, using it daily without any issues.",Positive,2026-02-01,FALSE
REV00561,P0266,U0486,3,Decent,"It's okay, not the best but not the worst either.",Neutral,2026-07-05,TRUE
REV00562,P0132,U0003,3,Decent,"Average product, does the job but nothing special.",Neutral,2025-09-02,TRUE
REV00563,P0315,U0324,5,Loved it!,"Amazing battery life and performance, very happy with this purchase.",Positive,2026-03-19,TRUE
REV00564,P0261,U0243,4,Excellent quality,Very satisfied with the build quality and finish.,Positive,2026-07-10,TRUE
REV00565,P0325,U0387,3,Okay for the price,"Reasonable purchase, packaging could be improved though.",Neutral,2025-09-28,FALSE
REV00566,P0383,U0388,3,Could be better,"Reasonable purchase, packaging could be improved though.",Neutral,2025-08-22,TRUE
REV00567,P0359,U0354,3,Decent,"Reasonable purchase, packaging could be improved though.",Neutral,2026-07-01,TRUE
REV00568,P0357,U0054,3,Decent,"Reasonable purchase, packaging could be improved though.",Neutral,2026-06-26,TRUE
REV00569,P0156,U0135,4,Excellent quality,"Amazing battery life and performance, very happy with this purchase.",Positive,2025-12-22,TRUE
REV00570,P0044,U0286,5,Best in this price range,"Superb product, using it daily without any issues.",Positive,2025-10-02,TRUE
REV00571,P0177,U0275,4,Loved it!,Very satisfied with the build quality and finish.,Positive,2025-09-22,TRUE
REV00572,P0161,U0279,4,Loved it!,"Amazing battery life and performance, very happy with this purchase.",Positive,2026-03-08,TRUE
REV00573,P0102,U0094,3,Okay for the price,"It's okay, not the best but not the worst either.",Neutral,2026-07-02,TRUE
REV00574,P0206,U0469,5,Best in this price range,Works perfectly and looks great. Highly recommend to everyone.,Positive,2025-12-26,TRUE
REV00575,P0161,U0025,3,Average product,"Decent quality, meets basic expectations.",Neutral,2026-07-26,TRUE
REV00576,P0160,U0062,3,Decent,"Average product, does the job but nothing special.",Neutral,2025-03-27,TRUE
REV00577,P0336,U0223,4,Loved it!,"Superb product, using it daily without any issues.",Positive,2026-03-20,TRUE
REV00578,P0362,U0287,4,Highly recommended,"Great value for money, exactly as described.",Positive,2026-07-18,TRUE
REV00579,P0056,U0286,3,Average product,"It's okay, not the best but not the worst either.",Neutral,2026-01-20,TRUE
REV00580,P0258,U0070,5,Superb build quality,"Worth every rupee, quality exceeded my expectations.",Positive,2026-03-23,TRUE
REV00581,P0108,U0213,4,Best in this price range,"Excellent quality and fast delivery, will buy again.",Positive,2026-07-20,TRUE
REV00582,P0373,U0111,4,Superb build quality,"Perfect for daily use, sturdy and reliable.",Positive,2026-07-11,TRUE
REV00583,P0367,U0155,3,Could be better,"Average product, does the job but nothing special.",Neutral,2026-02-05,TRUE
REV00584,P0353,U0256,4,Loved it!,"Amazing battery life and performance, very happy with this purchase.",Positive,2025-10-15,TRUE
REV00585,P0230,U0117,4,Great purchase,"Perfect for daily use, sturdy and reliable.",Positive,2026-04-23,TRUE
REV00586,P0011,U0083,5,Great purchase,"Amazing battery life and performance, very happy with this purchase.",Positive,2026-06-18,TRUE
REV00587,P0009,U0386,3,Decent,"Average product, does the job but nothing special.",Neutral,2026-06-24,TRUE
REV00588,P0308,U0346,4,Amazing product!,"Excellent quality and fast delivery, will buy again.",Positive,2026-07-07,TRUE
REV00589,P0088,U0246,4,Highly recommended,"Worth every rupee, quality exceeded my expectations.",Positive,2026-07-07,TRUE
REV00590,P0224,U0258,3,Decent,"Average product, does the job but nothing special.",Neutral,2026-07-07,TRUE
REV00591,P0248,U0064,4,Loved it!,"Amazing battery life and performance, very happy with this purchase.",Positive,2026-04-25,FALSE
REV00592,P0110,U0244,3,Average product,"It's okay, not the best but not the worst either.",Neutral,2025-12-08,TRUE
REV00593,P0373,U0369,4,Amazing product!,Very satisfied with the build quality and finish.,Positive,2025-02-10,TRUE
REV00594,P0217,U0338,4,Superb build quality,Very satisfied with the build quality and finish.,Positive,2026-07-20,TRUE
REV00595,P0270,U0040,5,Best in this price range,"Amazing battery life and performance, very happy with this purchase.",Positive,2025-11-30,TRUE
REV00596,P0137,U0327,3,Okay for the price,"Good for the price, but there is room for improvement.",Neutral,2026-07-11,TRUE
REV00597,P0017,U0002,5,Loved it!,"Worth every rupee, quality exceeded my expectations.",Positive,2025-10-11,TRUE
REV00598,P0262,U0070,3,Could be better,"Decent quality, meets basic expectations.",Neutral,2026-05-24,TRUE
REV00599,P0197,U0066,4,Great purchase,Works perfectly and looks great. Highly recommend to everyone.,Positive,2026-04-17,TRUE
REV00600,P0086,U0209,5,Worth every rupee,Works perfectly and looks great. Highly recommend to everyone.,Positive,2025-12-02,TRUE
REV00601,P0203,U0121,3,Could be better,"Average product, does the job but nothing special.",Neutral,2024-11-16,TRUE
REV00602,P0165,U0394,4,Superb build quality,Works perfectly and looks great. Highly recommend to everyone.,Positive,2026-05-05,TRUE
REV00603,P0389,U0377,3,Decent,"Average product, does the job but nothing special.",Neutral,2026-07-01,TRUE
REV00604,P0003,U0291,4,Worth every rupee,"Perfect for daily use, sturdy and reliable.",Positive,2026-05-09,TRUE
REV00605,P0242,U0106,5,Amazing product!,"Worth every rupee, quality exceeded my expectations.",Positive,2026-01-20,TRUE
REV00606,P0205,U0338,4,Highly recommended,"Perfect for daily use, sturdy and reliable.",Positive,2026-08-05,TRUE
REV00607,P0247,U0195,5,Worth every rupee,"Superb product, using it daily without any issues.",Positive,2025-10-04,TRUE
REV00608,P0316,U0160,4,Highly recommended,Very satisfied with the build quality and finish.,Positive,2026-05-09,TRUE
REV00609,P0117,U0358,3,Okay for the price,"Decent quality, meets basic expectations.",Neutral,2026-04-24,TRUE
REV00610,P0149,U0431,3,Okay for the price,"Good for the price, but there is room for improvement.",Neutral,2025-05-18,TRUE
REV00611,P0095,U0438,4,Amazing product!,"Excellent quality and fast delivery, will buy again.",Positive,2025-08-02,TRUE
REV00612,P0053,U0436,5,Loved it!,"Amazing battery life and performance, very happy with this purchase.",Positive,2025-09-25,TRUE
REV00613,P0004,U0089,3,Could be better,"Decent quality, meets basic expectations.",Neutral,2026-05-24,TRUE
REV00614,P0072,U0052,5,Best in this price range,"Great value for money, exactly as described.",Positive,2025-11-22,TRUE
REV00615,P0021,U0396,4,Worth every rupee,"Excellent quality and fast delivery, will buy again.",Positive,2025-02-28,TRUE
REV00616,P0210,U0332,3,Decent,"Reasonable purchase, packaging could be improved though.",Neutral,2025-10-01,TRUE
REV00617,P0154,U0234,5,Best in this price range,"Worth every rupee, quality exceeded my expectations.",Positive,2026-07-08,TRUE
REV00618,P0304,U0022,3,Could be better,"Average product, does the job but nothing special.",Neutral,2026-04-27,TRUE
REV00619,P0322,U0289,3,Average product,"Reasonable purchase, packaging could be improved though.",Neutral,2026-07-22,TRUE
REV00620,P0103,U0442,4,Excellent quality,"Perfect for daily use, sturdy and reliable.",Positive,2026-01-26,TRUE
REV00621,P0236,U0326,3,Average product,"It's okay, not the best but not the worst either.",Neutral,2026-07-01,TRUE
REV00622,P0353,U0283,4,Best in this price range,"Perfect for daily use, sturdy and reliable.",Positive,2026-07-25,TRUE
REV00623,P0321,U0250,4,Best in this price range,"Excellent quality and fast delivery, will buy again.",Positive,2026-07-09,TRUE
REV00624,P0336,U0030,4,Loved it!,"Great value for money, exactly as described.",Positive,2025-12-08,TRUE
REV00625,P0295,U0299,3,Okay for the price,"Decent quality, meets basic expectations.",Neutral,2026-06-03,TRUE
REV00626,P0243,U0277,4,Highly recommended,Works perfectly and looks great. Highly recommend to everyone.,Positive,2026-06-03,FALSE
REV00627,P0248,U0324,4,Great purchase,Works perfectly and looks great. Highly recommend to everyone.,Positive,2026-02-06,TRUE
REV00628,P0125,U0441,2,Poor quality,"Overpriced for the quality offered, expected better.",Negative,2025-07-30,TRUE
REV00629,P0219,U0477,3,Could be better,"Decent quality, meets basic expectations.",Neutral,2026-02-12,TRUE
REV00630,P0232,U0213,4,Amazing product!,"Excellent quality and fast delivery, will buy again.",Positive,2025-05-22,FALSE
REV00631,P0293,U0121,4,Highly recommended,Works perfectly and looks great. Highly recommend to everyone.,Positive,2025-07-12,TRUE
REV00632,P0136,U0276,4,Great purchase,"Great value for money, exactly as described.",Positive,2026-07-19,FALSE
REV00633,P0035,U0313,4,Worth every rupee,"Excellent quality and fast delivery, will buy again.",Positive,2026-07-22,TRUE
REV00634,P0350,U0297,3,Could be better,"Average product, does the job but nothing special.",Neutral,2026-05-11,TRUE
REV00635,P0324,U0332,4,Best in this price range,Very satisfied with the build quality and finish.,Positive,2025-08-17,TRUE
REV00636,P0258,U0030,4,Superb build quality,"Perfect for daily use, sturdy and reliable.",Positive,2026-03-30,TRUE
REV00637,P0061,U0342,5,Great purchase,"Worth every rupee, quality exceeded my expectations.",Positive,2026-05-24,TRUE
REV00638,P0120,U0448,5,Superb build quality,"Excellent quality and fast delivery, will buy again.",Positive,2026-03-11,TRUE
REV00639,P0005,U0006,5,Worth every rupee,"Perfect for daily use, sturdy and reliable.",Positive,2025-04-18,TRUE
REV00640,P0375,U0380,4,Great purchase,"Perfect for daily use, sturdy and reliable.",Positive,2025-10-23,TRUE
REV00641,P0127,U0416,3,Decent,"Reasonable purchase, packaging could be improved though.",Neutral,2025-10-15,TRUE
REV00642,P0246,U0351,3,Could be better,"Good for the price, but there is room for improvement.",Neutral,2026-07-19,TRUE
REV00643,P0166,U0141,4,Amazing product!,"Amazing battery life and performance, very happy with this purchase.",Positive,2025-11-24,TRUE
REV00644,P0139,U0109,4,Amazing product!,Very satisfied with the build quality and finish.,Positive,2025-12-01,TRUE
REV00645,P0091,U0384,3,Okay for the price,"Reasonable purchase, packaging could be improved though.",Neutral,2026-04-01,TRUE
REV00646,P0183,U0087,3,Okay for the price,"It's okay, not the best but not the worst either.",Neutral,2026-07-05,FALSE
REV00647,P0103,U0447,4,Great purchase,"Amazing battery life and performance, very happy with this purchase.",Positive,2025-04-27,TRUE
REV00648,P0109,U0232,5,Excellent quality,Very satisfied with the build quality and finish.,Positive,2025-12-04,TRUE
REV00649,P0188,U0244,4,Excellent quality,"Worth every rupee, quality exceeded my expectations.",Positive,2025-09-03,TRUE
REV00650,P0200,U0278,2,Below expectations,"Battery drains quickly, not satisfied with performance.",Negative,2026-01-27,TRUE
REV00651,P0344,U0466,3,Could be better,"Average product, does the job but nothing special.",Neutral,2026-08-03,TRUE
REV00652,P0196,U0179,4,Worth every rupee,Very satisfied with the build quality and finish.,Positive,2026-06-05,FALSE
REV00653,P0195,U0291,3,Could be better,"Reasonable purchase, packaging could be improved though.",Neutral,2026-04-12,TRUE
REV00654,P0348,U0165,5,Best in this price range,"Worth every rupee, quality exceeded my expectations.",Positive,2026-07-06,TRUE
REV00655,P0334,U0009,4,Worth every rupee,"Perfect for daily use, sturdy and reliable.",Positive,2024-09-22,TRUE
REV00656,P0047,U0293,4,Superb build quality,Very satisfied with the build quality and finish.,Positive,2026-07-02,TRUE
REV00657,P0156,U0260,4,Great purchase,Works perfectly and looks great. Highly recommend to everyone.,Positive,2026-08-03,TRUE
REV00658,P0031,U0195,3,Okay for the price,"Average product, does the job but nothing special.",Neutral,2026-03-31,TRUE
REV00659,P0139,U0016,3,Could be better,"It's okay, not the best but not the worst either.",Neutral,2026-08-01,TRUE
REV00660,P0279,U0333,5,Great purchase,Works perfectly and looks great. Highly recommend to everyone.,Positive,2026-05-09,TRUE
REV00661,P0359,U0469,4,Excellent quality,"Excellent quality and fast delivery, will buy again.",Positive,2026-07-02,TRUE
REV00662,P0130,U0397,5,Superb build quality,"Superb product, using it daily without any issues.",Positive,2026-04-26,TRUE
REV00663,P0236,U0242,4,Superb build quality,"Amazing battery life and performance, very happy with this purchase.",Positive,2026-07-13,TRUE
REV00664,P0376,U0232,4,Amazing product!,"Great value for money, exactly as described.",Positive,2026-07-02,TRUE
REV00665,P0237,U0455,4,Great purchase,"Great value for money, exactly as described.",Positive,2026-08-02,TRUE
REV00666,P0125,U0015,4,Superb build quality,"Perfect for daily use, sturdy and reliable.",Positive,2026-01-03,TRUE
REV00667,P0270,U0223,5,Amazing product!,"Worth every rupee, quality exceeded my expectations.",Positive,2026-01-05,TRUE
REV00668,P0138,U0395,3,Average product,"Decent quality, meets basic expectations.",Neutral,2026-08-02,TRUE
REV00669,P0347,U0083,3,Could be better,"Reasonable purchase, packaging could be improved though.",Neutral,2026-06-07,TRUE
REV00670,P0255,U0408,3,Average product,"It's okay, not the best but not the worst either.",Neutral,2026-06-09,TRUE
REV00671,P0399,U0430,4,Loved it!,"Worth every rupee, quality exceeded my expectations.",Positive,2026-05-14,TRUE
REV00672,P0228,U0179,4,Excellent quality,"Excellent quality and fast delivery, will buy again.",Positive,2025-07-12,TRUE
REV00673,P0114,U0422,3,Okay for the price,"Reasonable purchase, packaging could be improved though.",Neutral,2025-01-09,TRUE
REV00674,P0275,U0168,3,Okay for the price,"Reasonable purchase, packaging could be improved though.",Neutral,2026-06-11,FALSE
REV00675,P0304,U0044,3,Okay for the price,"It's okay, not the best but not the worst either.",Neutral,2026-06-05,TRUE
REV00676,P0107,U0062,3,Could be better,"Reasonable purchase, packaging could be improved though.",Neutral,2026-03-30,FALSE
REV00677,P0231,U0103,3,Average product,"Reasonable purchase, packaging could be improved though.",Neutral,2025-11-19,TRUE
REV00678,P0336,U0028,4,Highly recommended,Very satisfied with the build quality and finish.,Positive,2026-03-21,TRUE
REV00679,P0070,U0063,5,Amazing product!,"Excellent quality and fast delivery, will buy again.",Positive,2026-05-28,TRUE
REV00680,P0062,U0074,5,Superb build quality,Works perfectly and looks great. Highly recommend to everyone.,Positive,2026-06-18,TRUE
REV00681,P0331,U0077,5,Excellent quality,Works perfectly and looks great. Highly recommend to everyone.,Positive,2026-06-09,TRUE
REV00682,P0394,U0245,3,Average product,"It's okay, not the best but not the worst either.",Neutral,2025-07-11,TRUE
REV00683,P0217,U0329,2,Disappointed,"Not as described, quite disappointed with this purchase.",Negative,2025-10-22,TRUE
REV00684,P0382,U0330,2,Poor quality,"Not as described, quite disappointed with this purchase.",Negative,2026-03-25,TRUE
REV00685,P0348,U0472,3,Okay for the price,"Good for the price, but there is room for improvement.",Neutral,2025-08-17,TRUE
REV00686,P0252,U0430,4,Worth every rupee,"Perfect for daily use, sturdy and reliable.",Positive,2025-12-08,TRUE
REV00687,P0258,U0128,4,Amazing product!,"Great value for money, exactly as described.",Positive,2026-03-15,TRUE
REV00688,P0006,U0106,4,Best in this price range,Works perfectly and looks great. Highly recommend to everyone.,Positive,2025-10-09,TRUE
REV00689,P0207,U0385,5,Superb build quality,"Superb product, using it daily without any issues.",Positive,2026-02-02,TRUE
REV00690,P0057,U0323,3,Average product,"Decent quality, meets basic expectations.",Neutral,2026-02-13,TRUE
REV00691,P0362,U0291,4,Worth every rupee,"Excellent quality and fast delivery, will buy again.",Positive,2026-06-07,TRUE
REV00692,P0184,U0063,4,Loved it!,Very satisfied with the build quality and finish.,Positive,2026-03-16,TRUE
REV00693,P0302,U0084,4,Amazing product!,"Excellent quality and fast delivery, will buy again.",Positive,2025-01-19,TRUE
REV00694,P0173,U0083,5,Worth every rupee,Very satisfied with the build quality and finish.,Positive,2026-05-18,TRUE
REV00695,P0110,U0069,4,Highly recommended,Works perfectly and looks great. Highly recommend to everyone.,Positive,2025-06-14,TRUE
REV00696,P0116,U0350,4,Worth every rupee,"Amazing battery life and performance, very happy with this purchase.",Positive,2026-01-05,TRUE
REV00697,P0128,U0385,3,Could be better,"Good for the price, but there is room for improvement.",Neutral,2026-05-10,TRUE
REV00698,P0166,U0128,4,Amazing product!,Works perfectly and looks great. Highly recommend to everyone.,Positive,2025-08-06,TRUE
REV00699,P0252,U0267,3,Decent,"Decent quality, meets basic expectations.",Neutral,2025-12-03,TRUE
REV00700,P0123,U0190,4,Worth every rupee,"Excellent quality and fast delivery, will buy again.",Positive,2025-03-25,TRUE
REV00701,P0393,U0098,3,Decent,"Decent quality, meets basic expectations.",Neutral,2026-07-12,TRUE
REV00702,P0193,U0235,4,Worth every rupee,"Great value for money, exactly as described.",Positive,2026-08-01,TRUE
REV00703,P0202,U0481,3,Could be better,"Decent quality, meets basic expectations.",Neutral,2025-04-20,TRUE
REV00704,P0028,U0169,2,Below expectations,"Stopped working after a few days, would not recommend.",Negative,2025-03-01,TRUE
REV00705,P0265,U0280,5,Worth every rupee,"Superb product, using it daily without any issues.",Positive,2026-08-05,TRUE
REV00706,P0184,U0286,5,Loved it!,"Worth every rupee, quality exceeded my expectations.",Positive,2025-06-08,TRUE
REV00707,P0369,U0132,4,Loved it!,"Superb product, using it daily without any issues.",Positive,2026-01-17,TRUE
REV00708,P0155,U0224,5,Worth every rupee,Very satisfied with the build quality and finish.,Positive,2026-07-31,TRUE
REV00709,P0059,U0484,4,Best in this price range,"Worth every rupee, quality exceeded my expectations.",Positive,2026-06-18,TRUE
REV00710,P0084,U0299,2,Below expectations,"Battery drains quickly, not satisfied with performance.",Negative,2025-10-25,TRUE
REV00711,P0100,U0200,3,Okay for the price,"It's okay, not the best but not the worst either.",Neutral,2026-07-12,TRUE
REV00712,P0295,U0384,5,Superb build quality,Works perfectly and looks great. Highly recommend to everyone.,Positive,2026-05-30,TRUE
REV00713,P0230,U0344,3,Okay for the price,"Average product, does the job but nothing special.",Neutral,2026-06-09,TRUE
REV00714,P0135,U0330,3,Could be better,"Decent quality, meets basic expectations.",Neutral,2026-01-31,TRUE
REV00715,P0321,U0307,4,Best in this price range,Very satisfied with the build quality and finish.,Positive,2025-09-23,TRUE
REV00716,P0217,U0069,2,Waste of money,"Overpriced for the quality offered, expected better.",Negative,2025-02-13,TRUE
REV00717,P0060,U0310,3,Decent,"Average product, does the job but nothing special.",Neutral,2026-06-28,TRUE
REV00718,P0108,U0043,4,Worth every rupee,"Excellent quality and fast delivery, will buy again.",Positive,2026-04-19,TRUE
REV00719,P0233,U0212,4,Best in this price range,"Worth every rupee, quality exceeded my expectations.",Positive,2025-06-18,TRUE
REV00720,P0329,U0227,3,Okay for the price,"Good for the price, but there is room for improvement.",Neutral,2025-07-22,TRUE
REV00721,P0332,U0159,3,Okay for the price,"Decent quality, meets basic expectations.",Neutral,2026-03-05,TRUE
REV00722,P0035,U0100,5,Best in this price range,"Perfect for daily use, sturdy and reliable.",Positive,2025-12-31,FALSE
REV00723,P0143,U0319,3,Okay for the price,"Average product, does the job but nothing special.",Neutral,2026-08-06,TRUE
REV00724,P0251,U0484,5,Superb build quality,"Amazing battery life and performance, very happy with this purchase.",Positive,2026-02-27,TRUE
REV00725,P0282,U0162,3,Decent,"Good for the price, but there is room for improvement.",Neutral,2026-06-16,TRUE
REV00726,P0208,U0051,5,Superb build quality,"Perfect for daily use, sturdy and reliable.",Positive,2026-03-20,TRUE
REV00727,P0046,U0080,2,Poor quality,"Battery drains quickly, not satisfied with performance.",Negative,2026-07-29,TRUE
REV00728,P0325,U0200,3,Could be better,"It's okay, not the best but not the worst either.",Neutral,2026-08-06,TRUE
REV00729,P0186,U0102,4,Loved it!,"Superb product, using it daily without any issues.",Positive,2025-02-06,TRUE
REV00730,P0345,U0282,5,Loved it!,"Excellent quality and fast delivery, will buy again.",Positive,2026-08-01,TRUE
REV00731,P0128,U0434,5,Amazing product!,"Excellent quality and fast delivery, will buy again.",Positive,2026-02-01,TRUE
REV00732,P0124,U0484,4,Best in this price range,"Amazing battery life and performance, very happy with this purchase.",Positive,2026-07-29,TRUE
REV00733,P0134,U0090,3,Could be better,"Reasonable purchase, packaging could be improved though.",Neutral,2026-06-22,TRUE
REV00734,P0385,U0324,3,Okay for the price,"Average product, does the job but nothing special.",Neutral,2026-08-03,TRUE
REV00735,P0373,U0275,2,Below expectations,"Not as described, quite disappointed with this purchase.",Negative,2025-12-18,TRUE
REV00736,P0355,U0291,3,Average product,"Good for the price, but there is room for improvement.",Neutral,2026-07-05,TRUE
REV00737,P0296,U0444,3,Decent,"Decent quality, meets basic expectations.",Neutral,2026-05-06,TRUE
REV00738,P0098,U0291,5,Worth every rupee,"Amazing battery life and performance, very happy with this purchase.",Positive,2026-06-02,FALSE
REV00739,P0029,U0308,3,Okay for the price,"Decent quality, meets basic expectations.",Neutral,2025-09-28,TRUE
REV00740,P0351,U0125,3,Okay for the price,"Good for the price, but there is room for improvement.",Neutral,2026-04-04,TRUE
REV00741,P0363,U0424,5,Worth every rupee,"Excellent quality and fast delivery, will buy again.",Positive,2026-08-04,TRUE
REV00742,P0029,U0146,3,Decent,"Reasonable purchase, packaging could be improved though.",Neutral,2025-07-30,TRUE
REV00743,P0119,U0450,4,Worth every rupee,"Worth every rupee, quality exceeded my expectations.",Positive,2026-06-27,TRUE
REV00744,P0046,U0160,4,Best in this price range,"Worth every rupee, quality exceeded my expectations.",Positive,2026-06-02,TRUE
REV00745,P0156,U0340,2,Disappointed,"Not as described, quite disappointed with this purchase.",Negative,2026-05-31,TRUE
REV00746,P0198,U0069,3,Average product,"It's okay, not the best but not the worst either.",Neutral,2025-04-11,TRUE
REV00747,P0155,U0323,5,Highly recommended,"Excellent quality and fast delivery, will buy again.",Positive,2025-05-09,TRUE
REV00748,P0175,U0142,3,Could be better,"It's okay, not the best but not the worst either.",Neutral,2026-01-25,TRUE
REV00749,P0106,U0043,4,Loved it!,"Perfect for daily use, sturdy and reliable.",Positive,2026-03-22,FALSE
REV00750,P0128,U0052,4,Best in this price range,"Excellent quality and fast delivery, will buy again.",Positive,2026-05-22,TRUE
REV00751,P0380,U0337,3,Average product,"It's okay, not the best but not the worst either.",Neutral,2026-04-08,TRUE
REV00752,P0056,U0132,3,Could be better,"Good for the price, but there is room for improvement.",Neutral,2026-03-14,TRUE
REV00753,P0218,U0198,3,Decent,"Decent quality, meets basic expectations.",Neutral,2026-02-23,TRUE
REV00754,P0249,U0431,3,Okay for the price,"It's okay, not the best but not the worst either.",Neutral,2025-06-28,TRUE
REV00755,P0270,U0424,4,Amazing product!,"Great value for money, exactly as described.",Positive,2026-08-02,TRUE
REV00756,P0081,U0301,3,Okay for the price,"Good for the price, but there is room for improvement.",Neutral,2026-06-02,TRUE
REV00757,P0176,U0355,5,Great purchase,"Amazing battery life and performance, very happy with this purchase.",Positive,2026-07-10,TRUE
REV00758,P0340,U0161,5,Loved it!,Works perfectly and looks great. Highly recommend to everyone.,Positive,2026-08-06,TRUE
REV00759,P0012,U0162,5,Great purchase,"Worth every rupee, quality exceeded my expectations.",Positive,2026-06-21,TRUE
REV00760,P0207,U0043,4,Excellent quality,"Excellent quality and fast delivery, will buy again.",Positive,2026-03-22,TRUE
REV00761,P0391,U0007,3,Okay for the price,"It's okay, not the best but not the worst either.",Neutral,2026-07-12,TRUE
REV00762,P0312,U0356,3,Could be better,"Decent quality, meets basic expectations.",Neutral,2026-04-21,TRUE
REV00763,P0168,U0453,4,Best in this price range,"Great value for money, exactly as described.",Positive,2026-07-03,TRUE
REV00764,P0069,U0053,5,Highly recommended,Very satisfied with the build quality and finish.,Positive,2026-07-30,TRUE
REV00765,P0045,U0243,3,Okay for the price,"Good for the price, but there is room for improvement.",Neutral,2026-05-25,TRUE
REV00766,P0296,U0168,3,Decent,"Average product, does the job but nothing special.",Neutral,2026-06-26,TRUE
REV00767,P0329,U0423,5,Amazing product!,"Excellent quality and fast delivery, will buy again.",Positive,2026-05-10,TRUE
REV00768,P0355,U0078,4,Highly recommended,"Superb product, using it daily without any issues.",Positive,2026-02-15,TRUE
REV00769,P0206,U0256,4,Worth every rupee,"Excellent quality and fast delivery, will buy again.",Positive,2026-01-19,TRUE
REV00770,P0398,U0234,3,Decent,"Reasonable purchase, packaging could be improved though.",Neutral,2026-07-18,TRUE
REV00771,P0334,U0487,3,Decent,"Reasonable purchase, packaging could be improved though.",Neutral,2025-10-27,TRUE
REV00772,P0254,U0099,3,Could be better,"Reasonable purchase, packaging could be improved though.",Neutral,2026-07-09,TRUE
REV00773,P0215,U0130,4,Excellent quality,"Great value for money, exactly as described.",Positive,2026-06-08,TRUE
REV00774,P0145,U0356,4,Superb build quality,"Excellent quality and fast delivery, will buy again.",Positive,2026-02-05,TRUE
REV00775,P0112,U0041,5,Best in this price range,"Amazing battery life and performance, very happy with this purchase.",Positive,2026-08-03,TRUE
REV00776,P0099,U0323,5,Highly recommended,"Superb product, using it daily without any issues.",Positive,2026-06-17,TRUE
REV00777,P0106,U0356,4,Amazing product!,"Worth every rupee, quality exceeded my expectations.",Positive,2026-08-02,TRUE
REV00778,P0155,U0034,4,Highly recommended,"Amazing battery life and performance, very happy with this purchase.",Positive,2026-07-12,TRUE
REV00779,P0283,U0112,4,Highly recommended,"Great value for money, exactly as described.",Positive,2026-01-15,FALSE
REV00780,P0025,U0077,3,Decent,"Reasonable purchase, packaging could be improved though.",Neutral,2026-07-06,TRUE
REV00781,P0280,U0367,5,Worth every rupee,"Great value for money, exactly as described.",Positive,2025-11-02,TRUE
REV00782,P0139,U0068,4,Superb build quality,Works perfectly and looks great. Highly recommend to everyone.,Positive,2026-08-06,TRUE
REV00783,P0261,U0399,4,Great purchase,"Worth every rupee, quality exceeded my expectations.",Positive,2026-06-11,TRUE
REV00784,P0366,U0358,3,Could be better,"It's okay, not the best but not the worst either.",Neutral,2026-06-27,TRUE
REV00785,P0171,U0330,5,Loved it!,"Excellent quality and fast delivery, will buy again.",Positive,2026-02-09,TRUE
REV00786,P0175,U0396,5,Highly recommended,"Worth every rupee, quality exceeded my expectations.",Positive,2025-04-23,TRUE
REV00787,P0372,U0216,3,Could be better,"Good for the price, but there is room for improvement.",Neutral,2025-11-02,TRUE
REV00788,P0221,U0432,4,Great purchase,"Perfect for daily use, sturdy and reliable.",Positive,2026-06-30,TRUE
REV00789,P0158,U0411,4,Amazing product!,"Excellent quality and fast delivery, will buy again.",Positive,2025-09-28,TRUE
REV00790,P0092,U0409,3,Average product,"Reasonable purchase, packaging could be improved though.",Neutral,2026-04-17,TRUE
REV00791,P0295,U0268,3,Okay for the price,"Good for the price, but there is room for improvement.",Neutral,2026-08-02,FALSE
REV00792,P0127,U0070,4,Superb build quality,"Perfect for daily use, sturdy and reliable.",Positive,2025-11-01,TRUE
REV00793,P0081,U0175,3,Could be better,"It's okay, not the best but not the worst either.",Neutral,2026-03-10,TRUE
REV00794,P0167,U0143,3,Okay for the price,"Decent quality, meets basic expectations.",Neutral,2026-01-09,TRUE
REV00795,P0160,U0220,3,Could be better,"Decent quality, meets basic expectations.",Neutral,2026-03-08,TRUE
REV00796,P0065,U0143,5,Excellent quality,"Perfect for daily use, sturdy and reliable.",Positive,2026-01-13,TRUE
REV00797,P0252,U0395,4,Worth every rupee,"Perfect for daily use, sturdy and reliable.",Positive,2026-08-03,TRUE
REV00798,P0192,U0244,3,Okay for the price,"It's okay, not the best but not the worst either.",Neutral,2026-04-16,TRUE
REV00799,P0032,U0028,2,Waste of money,"Overpriced for the quality offered, expected better.",Negative,2026-06-05,TRUE
REV00800,P0393,U0128,4,Highly recommended,"Worth every rupee, quality exceeded my expectations.",Positive,2025-10-26,TRUE
REV00801,P0369,U0017,4,Superb build quality,"Great value for money, exactly as described.",Positive,2025-10-28,TRUE
REV00802,P0083,U0287,3,Could be better,"It's okay, not the best but not the worst either.",Neutral,2026-07-28,TRUE
REV00803,P0057,U0330,3,Could be better,"Average product, does the job but nothing special.",Neutral,2024-11-22,TRUE
REV00804,P0209,U0048,3,Could be better,"Decent quality, meets basic expectations.",Neutral,2026-06-24,TRUE
REV00805,P0048,U0102,4,Great purchase,Very satisfied with the build quality and finish.,Positive,2026-03-06,TRUE
REV00806,P0379,U0182,4,Worth every rupee,"Great value for money, exactly as described.",Positive,2025-07-08,TRUE
REV00807,P0229,U0216,3,Decent,"Reasonable purchase, packaging could be improved though.",Neutral,2026-03-19,TRUE
REV00808,P0012,U0245,3,Could be better,"Good for the price, but there is room for improvement.",Neutral,2026-05-07,TRUE
REV00809,P0166,U0169,4,Loved it!,Very satisfied with the build quality and finish.,Positive,2026-06-25,TRUE
REV00810,P0306,U0493,5,Great purchase,"Great value for money, exactly as described.",Positive,2026-04-22,TRUE
REV00811,P0108,U0090,5,Superb build quality,"Superb product, using it daily without any issues.",Positive,2025-12-14,TRUE
REV00812,P0341,U0138,4,Superb build quality,"Excellent quality and fast delivery, will buy again.",Positive,2026-02-28,TRUE
REV00813,P0021,U0039,4,Excellent quality,"Superb product, using it daily without any issues.",Positive,2026-05-01,TRUE
REV00814,P0161,U0187,3,Okay for the price,"Decent quality, meets basic expectations.",Neutral,2026-03-30,TRUE
REV00815,P0391,U0127,3,Decent,"Decent quality, meets basic expectations.",Neutral,2025-12-22,FALSE
REV00816,P0013,U0356,5,Excellent quality,"Great value for money, exactly as described.",Positive,2025-11-29,TRUE
REV00817,P0344,U0126,4,Loved it!,Very satisfied with the build quality and finish.,Positive,2025-04-17,TRUE
REV00818,P0081,U0160,4,Amazing product!,"Superb product, using it daily without any issues.",Positive,2026-04-24,TRUE
REV00819,P0112,U0093,4,Highly recommended,"Perfect for daily use, sturdy and reliable.",Positive,2025-11-16,TRUE
REV00820,P0045,U0364,4,Excellent quality,Very satisfied with the build quality and finish.,Positive,2025-06-28,TRUE
REV00821,P0370,U0013,3,Decent,"It's okay, not the best but not the worst either.",Neutral,2026-03-05,TRUE
REV00822,P0128,U0177,3,Decent,"Good for the price, but there is room for improvement.",Neutral,2025-06-15,TRUE
REV00823,P0070,U0367,5,Excellent quality,"Amazing battery life and performance, very happy with this purchase.",Positive,2025-02-15,FALSE
REV00824,P0378,U0244,4,Worth every rupee,"Perfect for daily use, sturdy and reliable.",Positive,2026-05-07,TRUE
REV00825,P0013,U0028,4,Superb build quality,"Excellent quality and fast delivery, will buy again.",Positive,2026-07-07,TRUE
REV00826,P0089,U0424,3,Could be better,"It's okay, not the best but not the worst either.",Neutral,2026-08-03,TRUE
REV00827,P0301,U0169,4,Worth every rupee,"Great value for money, exactly as described.",Positive,2025-06-16,TRUE
REV00828,P0397,U0288,5,Worth every rupee,"Excellent quality and fast delivery, will buy again.",Positive,2026-08-06,TRUE
REV00829,P0088,U0045,3,Average product,"Decent quality, meets basic expectations.",Neutral,2026-07-28,TRUE
REV00830,P0297,U0200,4,Excellent quality,Works perfectly and looks great. Highly recommend to everyone.,Positive,2026-08-04,TRUE
REV00831,P0100,U0424,3,Okay for the price,"It's okay, not the best but not the worst either.",Neutral,2026-08-02,TRUE
REV00832,P0367,U0077,3,Decent,"Average product, does the job but nothing special.",Neutral,2026-04-17,TRUE
REV00833,P0012,U0347,4,Worth every rupee,"Great value for money, exactly as described.",Positive,2026-07-01,TRUE
REV00834,P0156,U0054,3,Average product,"Reasonable purchase, packaging could be improved though.",Neutral,2026-06-07,TRUE
REV00835,P0240,U0095,4,Great purchase,"Amazing battery life and performance, very happy with this purchase.",Positive,2026-07-29,TRUE
REV00836,P0103,U0350,4,Amazing product!,"Perfect for daily use, sturdy and reliable.",Positive,2025-12-14,TRUE
REV00837,P0391,U0099,3,Average product,"It's okay, not the best but not the worst either.",Neutral,2025-10-06,TRUE
REV00838,P0004,U0431,3,Average product,"Decent quality, meets basic expectations.",Neutral,2026-04-10,TRUE
REV00839,P0138,U0310,4,Superb build quality,"Great value for money, exactly as described.",Positive,2026-08-04,TRUE
REV00840,P0289,U0142,5,Best in this price range,Very satisfied with the build quality and finish.,Positive,2026-05-15,TRUE
REV00841,P0332,U0225,4,Worth every rupee,"Amazing battery life and performance, very happy with this purchase.",Positive,2026-07-16,FALSE
REV00842,P0259,U0062,3,Okay for the price,"Decent quality, meets basic expectations.",Neutral,2025-07-11,TRUE
REV00843,P0261,U0104,4,Worth every rupee,Works perfectly and looks great. Highly recommend to everyone.,Positive,2025-02-06,TRUE
REV00844,P0237,U0154,4,Worth every rupee,"Superb product, using it daily without any issues.",Positive,2026-05-31,TRUE
REV00845,P0125,U0319,3,Okay for the price,"Average product, does the job but nothing special.",Neutral,2026-08-06,TRUE
REV00846,P0211,U0174,3,Decent,"Good for the price, but there is room for improvement.",Neutral,2025-03-08,TRUE
REV00847,P0206,U0087,5,Best in this price range,"Perfect for daily use, sturdy and reliable.",Positive,2026-07-21,TRUE
REV00848,P0318,U0368,5,Worth every rupee,"Superb product, using it daily without any issues.",Positive,2025-10-08,TRUE
REV00849,P0186,U0319,3,Average product,"Decent quality, meets basic expectations.",Neutral,2026-08-06,TRUE
REV00850,P0295,U0483,5,Great purchase,"Excellent quality and fast delivery, will buy again.",Positive,2025-07-24,TRUE
REV00851,P0099,U0043,4,Highly recommended,"Worth every rupee, quality exceeded my expectations.",Positive,2026-05-02,FALSE
REV00852,P0192,U0188,5,Excellent quality,Very satisfied with the build quality and finish.,Positive,2024-09-06,TRUE
REV00853,P0370,U0224,4,Best in this price range,Works perfectly and looks great. Highly recommend to everyone.,Positive,2026-07-20,TRUE
REV00854,P0124,U0231,3,Average product,"Average product, does the job but nothing special.",Neutral,2026-05-10,TRUE
REV00855,P0029,U0412,3,Average product,"Decent quality, meets basic expectations.",Neutral,2025-10-07,TRUE
REV00856,P0326,U0313,3,Could be better,"Good for the price, but there is room for improvement.",Neutral,2026-08-06,TRUE
REV00857,P0354,U0263,3,Average product,"Reasonable purchase, packaging could be improved though.",Neutral,2025-10-19,TRUE
REV00858,P0239,U0101,4,Worth every rupee,"Superb product, using it daily without any issues.",Positive,2025-11-09,TRUE
REV00859,P0026,U0188,5,Superb build quality,Works perfectly and looks great. Highly recommend to everyone.,Positive,2025-11-18,FALSE
REV00860,P0043,U0199,4,Superb build quality,"Superb product, using it daily without any issues.",Positive,2026-05-06,TRUE
REV00861,P0358,U0047,5,Worth every rupee,"Perfect for daily use, sturdy and reliable.",Positive,2026-04-23,TRUE
REV00862,P0223,U0332,4,Great purchase,"Excellent quality and fast delivery, will buy again.",Positive,2025-08-11,TRUE
REV00863,P0199,U0192,4,Worth every rupee,"Excellent quality and fast delivery, will buy again.",Positive,2026-05-18,TRUE
REV00864,P0271,U0444,3,Could be better,"Reasonable purchase, packaging could be improved though.",Neutral,2026-04-19,TRUE
REV00865,P0233,U0112,3,Average product,"Decent quality, meets basic expectations.",Neutral,2026-04-30,FALSE
REV00866,P0197,U0084,3,Okay for the price,"Decent quality, meets basic expectations.",Neutral,2025-08-08,FALSE
REV00867,P0380,U0104,3,Okay for the price,"It's okay, not the best but not the worst either.",Neutral,2026-03-11,TRUE
REV00868,P0159,U0330,5,Great purchase,"Perfect for daily use, sturdy and reliable.",Positive,2026-02-20,TRUE
REV00869,P0345,U0372,5,Superb build quality,"Amazing battery life and performance, very happy with this purchase.",Positive,2026-04-10,FALSE
REV00870,P0243,U0225,5,Highly recommended,"Amazing battery life and performance, very happy with this purchase.",Positive,2026-07-09,TRUE
REV00871,P0376,U0263,3,Decent,"Average product, does the job but nothing special.",Neutral,2026-02-23,TRUE
REV00872,P0382,U0379,4,Highly recommended,"Amazing battery life and performance, very happy with this purchase.",Positive,2026-04-26,TRUE
REV00873,P0240,U0328,3,Decent,"Average product, does the job but nothing special.",Neutral,2026-05-09,TRUE
REV00874,P0259,U0286,3,Average product,"Decent quality, meets basic expectations.",Neutral,2025-10-25,TRUE
REV00875,P0306,U0409,4,Worth every rupee,"Worth every rupee, quality exceeded my expectations.",Positive,2026-05-14,TRUE
REV00876,P0219,U0043,4,Best in this price range,"Amazing battery life and performance, very happy with this purchase.",Positive,2026-04-17,TRUE
REV00877,P0307,U0156,4,Best in this price range,Very satisfied with the build quality and finish.,Positive,2025-12-23,TRUE
REV00878,P0154,U0329,3,Could be better,"Reasonable purchase, packaging could be improved though.",Neutral,2026-05-13,TRUE
REV00879,P0229,U0113,4,Excellent quality,"Perfect for daily use, sturdy and reliable.",Positive,2026-06-12,TRUE
REV00880,P0196,U0069,4,Loved it!,Works perfectly and looks great. Highly recommend to everyone.,Positive,2026-02-19,TRUE
REV00881,P0051,U0210,4,Great purchase,Works perfectly and looks great. Highly recommend to everyone.,Positive,2026-04-14,TRUE
REV00882,P0315,U0424,4,Amazing product!,"Worth every rupee, quality exceeded my expectations.",Positive,2026-08-03,TRUE
REV00883,P0386,U0200,5,Excellent quality,"Great value for money, exactly as described.",Positive,2026-04-22,TRUE
REV00884,P0245,U0259,3,Average product,"Average product, does the job but nothing special.",Neutral,2025-06-02,TRUE
REV00885,P0150,U0002,3,Could be better,"Good for the price, but there is room for improvement.",Neutral,2025-03-23,TRUE
REV00886,P0230,U0330,4,Great purchase,Very satisfied with the build quality and finish.,Positive,2024-12-08,TRUE
REV00887,P0337,U0189,5,Loved it!,Works perfectly and looks great. Highly recommend to everyone.,Positive,2026-04-08,TRUE
REV00888,P0067,U0113,2,Not worth it,"Overpriced for the quality offered, expected better.",Negative,2025-09-22,FALSE
REV00889,P0244,U0324,4,Highly recommended,Very satisfied with the build quality and finish.,Positive,2026-04-16,TRUE
REV00890,P0286,U0130,3,Average product,"Good for the price, but there is room for improvement.",Neutral,2025-11-09,TRUE
REV00891,P0193,U0303,3,Decent,"Reasonable purchase, packaging could be improved though.",Neutral,2026-07-29,TRUE
REV00892,P0089,U0323,2,Below expectations,"Packaging was damaged when it arrived, quality control issue.",Negative,2026-07-04,TRUE
REV00893,P0355,U0484,4,Loved it!,"Superb product, using it daily without any issues.",Positive,2025-12-20,TRUE
REV00894,P0051,U0448,4,Amazing product!,"Amazing battery life and performance, very happy with this purchase.",Positive,2026-07-25,TRUE
REV00895,P0039,U0442,3,Average product,"It's okay, not the best but not the worst either.",Neutral,2026-04-20,TRUE
REV00896,P0035,U0351,4,Worth every rupee,"Perfect for daily use, sturdy and reliable.",Positive,2026-07-28,TRUE
REV00897,P0296,U0060,4,Excellent quality,"Superb product, using it daily without any issues.",Positive,2026-06-10,TRUE
REV00898,P0234,U0465,4,Best in this price range,"Worth every rupee, quality exceeded my expectations.",Positive,2025-11-25,TRUE
REV00899,P0316,U0417,3,Okay for the price,"Reasonable purchase, packaging could be improved though.",Neutral,2026-02-26,TRUE
REV00900,P0282,U0116,4,Highly recommended,"Excellent quality and fast delivery, will buy again.",Positive,2025-11-27,FALSE
REV00901,P0074,U0261,3,Decent,"Good for the price, but there is room for improvement.",Neutral,2026-05-24,TRUE
REV00902,P0076,U0377,3,Okay for the price,"Average product, does the job but nothing special.",Neutral,2026-07-22,FALSE
REV00903,P0372,U0123,4,Worth every rupee,"Amazing battery life and performance, very happy with this purchase.",Positive,2025-06-27,TRUE
REV00904,P0320,U0310,3,Average product,"Average product, does the job but nothing special.",Neutral,2026-07-22,TRUE
REV00905,P0332,U0093,4,Best in this price range,"Excellent quality and fast delivery, will buy again.",Positive,2026-01-27,TRUE
REV00906,P0192,U0132,3,Okay for the price,"Reasonable purchase, packaging could be improved though.",Neutral,2025-10-15,TRUE
REV00907,P0214,U0110,4,Superb build quality,"Worth every rupee, quality exceeded my expectations.",Positive,2026-05-19,TRUE
REV00908,P0397,U0188,4,Superb build quality,"Worth every rupee, quality exceeded my expectations.",Positive,2025-12-29,TRUE
REV00909,P0167,U0470,3,Decent,"Decent quality, meets basic expectations.",Neutral,2026-01-29,TRUE
REV00910,P0096,U0373,5,Excellent quality,Works perfectly and looks great. Highly recommend to everyone.,Positive,2026-08-06,TRUE
REV00911,P0356,U0246,2,Disappointed,"Not as described, quite disappointed with this purchase.",Negative,2026-06-19,TRUE
REV00912,P0171,U0104,4,Excellent quality,Very satisfied with the build quality and finish.,Positive,2025-09-17,TRUE
REV00913,P0242,U0093,3,Average product,"Reasonable purchase, packaging could be improved though.",Neutral,2025-09-09,TRUE
REV00914,P0092,U0387,4,Worth every rupee,"Amazing battery life and performance, very happy with this purchase.",Positive,2026-02-17,TRUE
REV00915,P0014,U0064,5,Loved it!,Very satisfied with the build quality and finish.,Positive,2026-01-01,TRUE
REV00916,P0092,U0373,3,Average product,"Average product, does the job but nothing special.",Neutral,2026-02-28,TRUE
REV00917,P0008,U0075,3,Could be better,"Good for the price, but there is room for improvement.",Neutral,2026-04-28,TRUE
REV00918,P0214,U0123,4,Worth every rupee,"Superb product, using it daily without any issues.",Positive,2026-04-25,TRUE
REV00919,P0373,U0074,4,Excellent quality,"Amazing battery life and performance, very happy with this purchase.",Positive,2026-05-17,TRUE
REV00920,P0255,U0033,3,Okay for the price,"Decent quality, meets basic expectations.",Neutral,2026-03-10,TRUE
REV00921,P0315,U0160,3,Okay for the price,"Reasonable purchase, packaging could be improved though.",Neutral,2026-08-04,TRUE
REV00922,P0397,U0025,4,Best in this price range,"Superb product, using it daily without any issues.",Positive,2026-07-11,TRUE
REV00923,P0096,U0313,4,Worth every rupee,Very satisfied with the build quality and finish.,Positive,2026-08-04,FALSE
REV00924,P0019,U0387,3,Okay for the price,"It's okay, not the best but not the worst either.",Neutral,2025-11-13,TRUE
REV00925,P0155,U0060,4,Best in this price range,"Amazing battery life and performance, very happy with this purchase.",Positive,2026-04-04,TRUE
REV00926,P0146,U0261,4,Highly recommended,"Perfect for daily use, sturdy and reliable.",Positive,2026-05-05,TRUE
REV00927,P0139,U0343,3,Okay for the price,"It's okay, not the best but not the worst either.",Neutral,2026-07-14,FALSE
REV00928,P0111,U0244,5,Highly recommended,"Perfect for daily use, sturdy and reliable.",Positive,2025-04-05,TRUE
REV00929,P0342,U0290,3,Average product,"It's okay, not the best but not the worst either.",Neutral,2026-07-18,TRUE
REV00930,P0063,U0022,5,Superb build quality,Works perfectly and looks great. Highly recommend to everyone.,Positive,2026-06-17,FALSE
REV00931,P0299,U0308,4,Highly recommended,"Perfect for daily use, sturdy and reliable.",Positive,2026-07-15,TRUE
REV00932,P0257,U0115,3,Could be better,"Decent quality, meets basic expectations.",Neutral,2026-04-30,TRUE
REV00933,P0041,U0367,2,Disappointed,"Very poor build quality, broke within a week.",Negative,2024-09-26,TRUE
REV00934,P0055,U0130,2,Below expectations,"Very poor build quality, broke within a week.",Negative,2026-05-30,TRUE
REV00935,P0075,U0192,3,Decent,"Decent quality, meets basic expectations.",Neutral,2025-09-11,TRUE
REV00936,P0285,U0181,4,Loved it!,"Perfect for daily use, sturdy and reliable.",Positive,2025-07-01,TRUE
REV00937,P0096,U0324,5,Loved it!,"Superb product, using it daily without any issues.",Positive,2026-02-21,TRUE
REV00938,P0374,U0070,3,Okay for the price,"Decent quality, meets basic expectations.",Neutral,2025-02-03,TRUE
REV00939,P0009,U0070,5,Best in this price range,Very satisfied with the build quality and finish.,Positive,2026-03-13,TRUE
REV00940,P0262,U0206,3,Decent,"Reasonable purchase, packaging could be improved though.",Neutral,2026-03-21,TRUE
REV00941,P0149,U0279,3,Average product,"Good for the price, but there is room for improvement.",Neutral,2026-05-01,TRUE
REV00942,P0066,U0478,3,Could be better,"Decent quality, meets basic expectations.",Neutral,2025-11-03,TRUE
REV00943,P0180,U0251,4,Loved it!,"Amazing battery life and performance, very happy with this purchase.",Positive,2025-12-08,TRUE
REV00944,P0214,U0484,4,Highly recommended,"Superb product, using it daily without any issues.",Positive,2026-02-22,TRUE
REV00945,P0090,U0115,4,Worth every rupee,Very satisfied with the build quality and finish.,Positive,2026-01-13,TRUE
REV00946,P0045,U0383,3,Could be better,"Good for the price, but there is room for improvement.",Neutral,2025-09-07,TRUE
REV00947,P0157,U0288,4,Loved it!,"Superb product, using it daily without any issues.",Positive,2025-06-10,FALSE
REV00948,P0376,U0022,3,Decent,"It's okay, not the best but not the worst either.",Neutral,2026-02-14,TRUE
REV00949,P0347,U0279,3,Average product,"Decent quality, meets basic expectations.",Neutral,2025-11-15,TRUE
REV00950,P0260,U0479,3,Could be better,"Reasonable purchase, packaging could be improved though.",Neutral,2025-06-02,TRUE
REV00951,P0049,U0192,5,Loved it!,"Amazing battery life and performance, very happy with this purchase.",Positive,2025-05-14,FALSE
REV00952,P0019,U0095,3,Okay for the price,"Decent quality, meets basic expectations.",Neutral,2025-11-29,TRUE
REV00953,P0331,U0141,3,Could be better,"Reasonable purchase, packaging could be improved though.",Neutral,2025-10-08,TRUE
REV00954,P0315,U0069,3,Average product,"Good for the price, but there is room for improvement.",Neutral,2025-07-11,TRUE
REV00955,P0037,U0423,3,Could be better,"Average product, does the job but nothing special.",Neutral,2026-03-13,TRUE
REV00956,P0273,U0293,4,Best in this price range,"Excellent quality and fast delivery, will buy again.",Positive,2026-08-04,TRUE
REV00957,P0280,U0267,4,Loved it!,Works perfectly and looks great. Highly recommend to everyone.,Positive,2026-06-28,TRUE
REV00958,P0380,U0058,4,Loved it!,Works perfectly and looks great. Highly recommend to everyone.,Positive,2026-02-28,TRUE
REV00959,P0383,U0331,4,Superb build quality,"Worth every rupee, quality exceeded my expectations.",Positive,2025-01-10,TRUE
REV00960,P0286,U0156,2,Disappointed,"Packaging was damaged when it arrived, quality control issue.",Negative,2025-08-25,TRUE
REV00961,P0146,U0267,3,Could be better,"Reasonable purchase, packaging could be improved though.",Neutral,2025-06-05,FALSE
REV00962,P0328,U0138,3,Okay for the price,"Good for the price, but there is room for improvement.",Neutral,2025-08-10,TRUE
REV00963,P0275,U0419,4,Great purchase,"Perfect for daily use, sturdy and reliable.",Positive,2025-08-31,TRUE
REV00964,P0362,U0169,4,Amazing product!,Works perfectly and looks great. Highly recommend to everyone.,Positive,2025-05-18,TRUE
REV00965,P0172,U0099,4,Worth every rupee,"Worth every rupee, quality exceeded my expectations.",Positive,2026-05-23,TRUE
REV00966,P0384,U0094,3,Average product,"Good for the price, but there is room for improvement.",Neutral,2026-06-09,TRUE
REV00967,P0096,U0083,5,Amazing product!,"Superb product, using it daily without any issues.",Positive,2026-06-23,TRUE
REV00968,P0049,U0015,3,Average product,"Good for the price, but there is room for improvement.",Neutral,2026-05-20,TRUE
REV00969,P0329,U0394,4,Loved it!,"Perfect for daily use, sturdy and reliable.",Positive,2026-01-09,TRUE
REV00970,P0054,U0071,4,Amazing product!,"Worth every rupee, quality exceeded my expectations.",Positive,2026-02-22,TRUE
REV00971,P0283,U0442,3,Could be better,"Good for the price, but there is room for improvement.",Neutral,2026-07-26,TRUE
REV00972,P0159,U0247,5,Amazing product!,Very satisfied with the build quality and finish.,Positive,2025-08-29,TRUE
REV00973,P0176,U0485,4,Highly recommended,Very satisfied with the build quality and finish.,Positive,2026-05-18,TRUE
REV00974,P0203,U0087,4,Great purchase,"Perfect for daily use, sturdy and reliable.",Positive,2026-07-12,TRUE
REV00975,P0298,U0135,3,Could be better,"Average product, does the job but nothing special.",Neutral,2026-01-20,TRUE
REV00976,P0054,U0019,3,Okay for the price,"Good for the price, but there is room for improvement.",Neutral,2026-07-18,TRUE
REV00977,P0125,U0299,3,Decent,"Reasonable purchase, packaging could be improved though.",Neutral,2025-11-09,TRUE
REV00978,P0380,U0043,3,Average product,"Good for the price, but there is room for improvement.",Neutral,2026-04-03,TRUE
REV00979,P0192,U0480,4,Worth every rupee,Very satisfied with the build quality and finish.,Positive,2026-07-22,TRUE
REV00980,P0234,U0209,3,Average product,"Decent quality, meets basic expectations.",Neutral,2025-11-28,TRUE
REV00981,P0323,U0257,4,Superb build quality,"Superb product, using it daily without any issues.",Positive,2026-04-07,TRUE
REV00982,P0061,U0134,4,Highly recommended,"Amazing battery life and performance, very happy with this purchase.",Positive,2025-12-25,FALSE
REV00983,P0084,U0353,3,Average product,"Reasonable purchase, packaging could be improved though.",Neutral,2024-11-21,TRUE
REV00984,P0025,U0383,3,Okay for the price,"Decent quality, meets basic expectations.",Neutral,2025-10-26,TRUE
REV00985,P0339,U0058,4,Great purchase,"Amazing battery life and performance, very happy with this purchase.",Positive,2025-10-30,TRUE
REV00986,P0364,U0324,4,Loved it!,Very satisfied with the build quality and finish.,Positive,2025-12-22,TRUE
REV00987,P0044,U0270,4,Excellent quality,"Perfect for daily use, sturdy and reliable.",Positive,2025-01-26,TRUE
REV00988,P0311,U0355,4,Amazing product!,Works perfectly and looks great. Highly recommend to everyone.,Positive,2026-05-26,TRUE
REV00989,P0336,U0218,3,Could be better,"Good for the price, but there is room for improvement.",Neutral,2025-12-19,TRUE
REV00990,P0342,U0044,4,Excellent quality,Very satisfied with the build quality and finish.,Positive,2026-08-03,TRUE
REV00991,P0399,U0267,4,Highly recommended,"Superb product, using it daily without any issues.",Positive,2026-04-16,TRUE
REV00992,P0237,U0271,4,Worth every rupee,Works perfectly and looks great. Highly recommend to everyone.,Positive,2025-10-02,TRUE
REV00993,P0086,U0030,4,Loved it!,"Excellent quality and fast delivery, will buy again.",Positive,2026-05-12,TRUE
REV00994,P0003,U0306,5,Best in this price range,"Great value for money, exactly as described.",Positive,2026-04-07,TRUE
REV00995,P0340,U0043,4,Great purchase,"Perfect for daily use, sturdy and reliable.",Positive,2026-07-02,TRUE
REV00996,P0035,U0399,4,Best in this price range,Very satisfied with the build quality and finish.,Positive,2026-03-05,TRUE
REV00997,P0152,U0044,5,Best in this price range,Very satisfied with the build quality and finish.,Positive,2026-06-23,TRUE
REV00998,P0332,U0242,3,Average product,"Decent quality, meets basic expectations.",Neutral,2026-03-19,FALSE
REV00999,P0120,U0259,4,Highly recommended,"Worth every rupee, quality exceeded my expectations.",Positive,2025-06-11,TRUE
REV01000,P0396,U0116,5,Excellent quality,"Superb product, using it daily without any issues.",Positive,2025-10-27,TRUE
REV01001,P0128,U0484,4,Great purchase,Works perfectly and looks great. Highly recommend to everyone.,Positive,2026-05-15,TRUE
REV01002,P0318,U0308,4,Amazing product!,"Perfect for daily use, sturdy and reliable.",Positive,2025-11-17,TRUE
REV01003,P0321,U0220,4,Superb build quality,"Superb product, using it daily without any issues.",Positive,2026-05-19,TRUE
REV01004,P0313,U0014,3,Okay for the price,"Average product, does the job but nothing special.",Neutral,2026-05-03,FALSE
REV01005,P0016,U0087,5,Best in this price range,"Superb product, using it daily without any issues.",Positive,2026-07-06,TRUE
REV01006,P0096,U0190,4,Best in this price range,"Excellent quality and fast delivery, will buy again.",Positive,2025-05-21,TRUE
REV01007,P0032,U0432,2,Disappointed,"Stopped working after a few days, would not recommend.",Negative,2025-09-27,TRUE
REV01008,P0331,U0121,4,Best in this price range,Very satisfied with the build quality and finish.,Positive,2025-04-10,TRUE
REV01009,P0341,U0286,5,Excellent quality,"Amazing battery life and performance, very happy with this purchase.",Positive,2025-05-28,TRUE
REV01010,P0099,U0133,3,Average product,"It's okay, not the best but not the worst either.",Neutral,2026-01-03,TRUE
REV01011,P0170,U0243,3,Could be better,"It's okay, not the best but not the worst either.",Neutral,2026-04-12,TRUE
REV01012,P0242,U0163,4,Loved it!,"Perfect for daily use, sturdy and reliable.",Positive,2026-05-24,TRUE
REV01013,P0304,U0042,4,Amazing product!,Very satisfied with the build quality and finish.,Positive,2026-08-04,TRUE
REV01014,P0172,U0422,4,Superb build quality,"Amazing battery life and performance, very happy with this purchase.",Positive,2025-09-07,FALSE
REV01015,P0132,U0081,4,Amazing product!,"Excellent quality and fast delivery, will buy again.",Positive,2025-11-04,TRUE
REV01016,P0147,U0332,2,Not worth it,"Packaging was damaged when it arrived, quality control issue.",Negative,2026-01-29,FALSE
REV01017,P0099,U0175,5,Amazing product!,"Amazing battery life and performance, very happy with this purchase.",Positive,2026-04-15,FALSE
REV01018,P0298,U0076,3,Average product,"Good for the price, but there is room for improvement.",Neutral,2026-02-23,TRUE
REV01019,P0177,U0213,4,Worth every rupee,Works perfectly and looks great. Highly recommend to everyone.,Positive,2026-03-22,TRUE
REV01020,P0346,U0212,3,Decent,"It's okay, not the best but not the worst either.",Neutral,2025-06-25,TRUE
REV01021,P0030,U0002,3,Could be better,"Average product, does the job but nothing special.",Neutral,2025-12-22,TRUE
REV01022,P0381,U0493,3,Could be better,"Good for the price, but there is room for improvement.",Neutral,2026-02-28,TRUE
REV01023,P0272,U0308,4,Best in this price range,"Excellent quality and fast delivery, will buy again.",Positive,2026-02-25,TRUE
REV01024,P0389,U0431,3,Could be better,"Good for the price, but there is room for improvement.",Neutral,2025-06-04,TRUE
REV01025,P0208,U0041,3,Average product,"It's okay, not the best but not the worst either.",Neutral,2026-03-10,TRUE
REV01026,P0271,U0199,4,Excellent quality,"Perfect for daily use, sturdy and reliable.",Positive,2026-06-05,FALSE
REV01027,P0217,U0044,2,Not worth it,"Stopped working after a few days, would not recommend.",Negative,2026-04-17,TRUE
REV01028,P0065,U0128,4,Excellent quality,Works perfectly and looks great. Highly recommend to everyone.,Positive,2026-07-16,TRUE
REV01029,P0096,U0235,4,Highly recommended,"Amazing battery life and performance, very happy with this purchase.",Positive,2026-08-02,TRUE
REV01030,P0125,U0221,4,Loved it!,Works perfectly and looks great. Highly recommend to everyone.,Positive,2026-07-25,TRUE
REV01031,P0141,U0357,4,Superb build quality,Very satisfied with the build quality and finish.,Positive,2026-07-04,TRUE
REV01032,P0332,U0384,3,Could be better,"Reasonable purchase, packaging could be improved though.",Neutral,2026-07-31,TRUE
REV01033,P0096,U0189,5,Loved it!,Very satisfied with the build quality and finish.,Positive,2025-08-16,TRUE
REV01034,P0014,U0132,3,Decent,"Reasonable purchase, packaging could be improved though.",Neutral,2026-05-20,TRUE
REV01035,P0147,U0487,3,Could be better,"Decent quality, meets basic expectations.",Neutral,2025-06-27,TRUE
REV01036,P0288,U0310,4,Excellent quality,Very satisfied with the build quality and finish.,Positive,2026-07-26,TRUE
REV01037,P0234,U0119,4,Highly recommended,"Great value for money, exactly as described.",Positive,2025-11-15,TRUE
REV01038,P0372,U0472,4,Superb build quality,Very satisfied with the build quality and finish.,Positive,2025-10-03,TRUE
REV01039,P0126,U0195,2,Below expectations,"Packaging was damaged when it arrived, quality control issue.",Negative,2025-07-22,TRUE
REV01040,P0082,U0136,2,Disappointed,"Overpriced for the quality offered, expected better.",Negative,2026-02-07,TRUE
REV01041,P0355,U0400,3,Okay for the price,"Good for the price, but there is room for improvement.",Neutral,2026-06-02,TRUE
REV01042,P0125,U0103,2,Disappointed,"Battery drains quickly, not satisfied with performance.",Negative,2025-07-05,TRUE
REV01043,P0060,U0001,5,Amazing product!,"Superb product, using it daily without any issues.",Positive,2026-04-19,TRUE
REV01044,P0093,U0250,5,Worth every rupee,"Excellent quality and fast delivery, will buy again.",Positive,2026-02-28,TRUE
REV01045,P0055,U0161,3,Okay for the price,"It's okay, not the best but not the worst either.",Neutral,2026-08-06,FALSE
REV01046,P0397,U0133,4,Highly recommended,"Perfect for daily use, sturdy and reliable.",Positive,2026-07-25,TRUE
REV01047,P0230,U0027,4,Worth every rupee,"Amazing battery life and performance, very happy with this purchase.",Positive,2026-07-15,TRUE
REV01048,P0070,U0080,5,Highly recommended,"Amazing battery life and performance, very happy with this purchase.",Positive,2026-05-04,TRUE
REV01049,P0038,U0234,4,Loved it!,"Great value for money, exactly as described.",Positive,2026-07-12,TRUE
REV01050,P0203,U0263,3,Okay for the price,"Average product, does the job but nothing special.",Neutral,2025-09-04,TRUE
REV01051,P0146,U0054,3,Could be better,"Average product, does the job but nothing special.",Neutral,2026-03-28,TRUE
REV01052,P0005,U0078,5,Excellent quality,Very satisfied with the build quality and finish.,Positive,2026-04-15,TRUE
REV01053,P0023,U0435,5,Loved it!,"Superb product, using it daily without any issues.",Positive,2026-07-13,TRUE
REV01054,P0142,U0041,4,Superb build quality,"Superb product, using it daily without any issues.",Positive,2026-03-28,FALSE
REV01055,P0335,U0329,4,Excellent quality,"Perfect for daily use, sturdy and reliable.",Positive,2025-07-25,TRUE
REV01056,P0158,U0031,5,Excellent quality,Works perfectly and looks great. Highly recommend to everyone.,Positive,2025-09-29,TRUE
REV01057,P0276,U0206,3,Could be better,"Reasonable purchase, packaging could be improved though.",Neutral,2025-01-10,TRUE
REV01058,P0267,U0428,4,Excellent quality,"Excellent quality and fast delivery, will buy again.",Positive,2026-06-01,TRUE
REV01059,P0150,U0145,4,Great purchase,"Perfect for daily use, sturdy and reliable.",Positive,2025-08-24,TRUE
REV01060,P0345,U0050,5,Highly recommended,Very satisfied with the build quality and finish.,Positive,2025-10-21,TRUE
REV01061,P0210,U0234,4,Great purchase,"Great value for money, exactly as described.",Positive,2026-07-30,TRUE
REV01062,P0217,U0357,4,Excellent quality,"Worth every rupee, quality exceeded my expectations.",Positive,2025-10-16,TRUE
REV01063,P0349,U0052,3,Could be better,"It's okay, not the best but not the worst either.",Neutral,2025-08-06,TRUE
REV01064,P0178,U0274,5,Excellent quality,"Amazing battery life and performance, very happy with this purchase.",Positive,2026-07-24,TRUE
REV01065,P0161,U0464,3,Could be better,"Reasonable purchase, packaging could be improved though.",Neutral,2025-10-09,TRUE
REV01066,P0353,U0187,2,Not worth it,"Battery drains quickly, not satisfied with performance.",Negative,2025-07-09,TRUE
REV01067,P0100,U0484,3,Could be better,"Good for the price, but there is room for improvement.",Neutral,2026-08-05,TRUE
REV01068,P0374,U0480,4,Great purchase,"Great value for money, exactly as described.",Positive,2026-07-29,TRUE
REV01069,P0235,U0402,3,Decent,"Average product, does the job but nothing special.",Neutral,2026-02-22,TRUE
REV01070,P0090,U0273,5,Best in this price range,"Great value for money, exactly as described.",Positive,2025-10-17,TRUE
REV01071,P0063,U0377,4,Loved it!,"Worth every rupee, quality exceeded my expectations.",Positive,2026-07-24,TRUE
REV01072,P0221,U0209,4,Great purchase,Very satisfied with the build quality and finish.,Positive,2025-12-19,FALSE
REV01073,P0015,U0051,5,Best in this price range,"Great value for money, exactly as described.",Positive,2026-01-30,FALSE
REV01074,P0299,U0115,4,Best in this price range,"Amazing battery life and performance, very happy with this purchase.",Positive,2026-01-27,TRUE
REV01075,P0116,U0453,4,Great purchase,"Superb product, using it daily without any issues.",Positive,2026-07-14,TRUE
REV01076,P0303,U0415,3,Average product,"Average product, does the job but nothing special.",Neutral,2025-12-28,TRUE
REV01077,P0052,U0370,4,Excellent quality,"Excellent quality and fast delivery, will buy again.",Positive,2026-05-29,TRUE
REV01078,P0199,U0332,4,Highly recommended,"Amazing battery life and performance, very happy with this purchase.",Positive,2026-08-01,TRUE
REV01079,P0035,U0489,4,Amazing product!,Works perfectly and looks great. Highly recommend to everyone.,Positive,2026-06-25,FALSE
REV01080,P0227,U0162,2,Disappointed,"Battery drains quickly, not satisfied with performance.",Negative,2026-04-15,TRUE
REV01081,P0213,U0421,5,Great purchase,"Great value for money, exactly as described.",Positive,2026-08-05,TRUE
REV01082,P0364,U0078,4,Loved it!,"Great value for money, exactly as described.",Positive,2026-05-31,TRUE
REV01083,P0041,U0390,4,Excellent quality,"Superb product, using it daily without any issues.",Positive,2025-11-10,TRUE
REV01084,P0077,U0451,4,Great purchase,"Amazing battery life and performance, very happy with this purchase.",Positive,2026-07-01,FALSE
REV01085,P0296,U0225,3,Decent,"Reasonable purchase, packaging could be improved though.",Neutral,2026-07-10,TRUE
REV01086,P0384,U0087,3,Okay for the price,"Reasonable purchase, packaging could be improved though.",Neutral,2026-08-04,TRUE
REV01087,P0088,U0330,5,Great purchase,"Worth every rupee, quality exceeded my expectations.",Positive,2026-04-21,TRUE
REV01088,P0219,U0188,4,Best in this price range,"Worth every rupee, quality exceeded my expectations.",Positive,2025-02-03,TRUE
REV01089,P0099,U0190,5,Superb build quality,Works perfectly and looks great. Highly recommend to everyone.,Positive,2025-05-26,TRUE
REV01090,P0176,U0291,5,Best in this price range,"Worth every rupee, quality exceeded my expectations.",Positive,2026-06-17,FALSE
REV01091,P0223,U0007,3,Average product,"It's okay, not the best but not the worst either.",Neutral,2026-07-27,TRUE
REV01092,P0338,U0479,4,Highly recommended,"Amazing battery life and performance, very happy with this purchase.",Positive,2025-05-30,TRUE
REV01093,P0244,U0333,4,Loved it!,Works perfectly and looks great. Highly recommend to everyone.,Positive,2026-02-28,TRUE
REV01094,P0019,U0113,3,Okay for the price,"Average product, does the job but nothing special.",Neutral,2026-06-30,TRUE
REV01095,P0060,U0270,4,Loved it!,"Great value for money, exactly as described.",Positive,2026-03-12,TRUE
REV01096,P0089,U0284,3,Average product,"Decent quality, meets basic expectations.",Neutral,2026-05-22,TRUE
REV01097,P0036,U0094,4,Highly recommended,Very satisfied with the build quality and finish.,Positive,2026-07-04,FALSE
REV01098,P0048,U0087,4,Loved it!,"Worth every rupee, quality exceeded my expectations.",Positive,2026-07-23,TRUE
REV01099,P0341,U0046,3,Decent,"It's okay, not the best but not the worst either.",Neutral,2025-12-15,TRUE
REV01100,P0274,U0296,5,Best in this price range,"Superb product, using it daily without any issues.",Positive,2026-07-23,TRUE
REV01101,P0318,U0195,5,Superb build quality,"Great value for money, exactly as described.",Positive,2024-11-07,TRUE
REV01102,P0148,U0184,5,Highly recommended,"Superb product, using it daily without any issues.",Positive,2025-08-09,TRUE
REV01103,P0258,U0272,3,Could be better,"Average product, does the job but nothing special.",Neutral,2026-06-16,TRUE
REV01104,P0281,U0288,4,Worth every rupee,"Superb product, using it daily without any issues.",Positive,2026-07-25,TRUE
REV01105,P0377,U0235,5,Amazing product!,Works perfectly and looks great. Highly recommend to everyone.,Positive,2026-07-29,TRUE
REV01106,P0249,U0234,4,Highly recommended,"Amazing battery life and performance, very happy with this purchase.",Positive,2026-08-05,TRUE
REV01107,P0286,U0326,3,Okay for the price,"Average product, does the job but nothing special.",Neutral,2025-05-09,FALSE
REV01108,P0159,U0126,5,Great purchase,Very satisfied with the build quality and finish.,Positive,2025-01-07,TRUE
REV01109,P0345,U0213,4,Best in this price range,"Worth every rupee, quality exceeded my expectations.",Positive,2025-07-06,TRUE
REV01110,P0376,U0326,3,Decent,"Reasonable purchase, packaging could be improved though.",Neutral,2025-10-09,TRUE
REV01111,P0241,U0036,3,Decent,"Average product, does the job but nothing special.",Neutral,2026-06-18,TRUE
REV01112,P0174,U0409,4,Worth every rupee,"Amazing battery life and performance, very happy with this purchase.",Positive,2026-03-03,TRUE
REV01113,P0002,U0289,3,Average product,"Reasonable purchase, packaging could be improved though.",Neutral,2025-02-01,TRUE
REV01114,P0191,U0243,4,Great purchase,"Great value for money, exactly as described.",Positive,2026-05-20,TRUE
REV01115,P0318,U0161,3,Okay for the price,"It's okay, not the best but not the worst either.",Neutral,2026-08-04,FALSE
REV01116,P0293,U0314,3,Could be better,"It's okay, not the best but not the worst either.",Neutral,2026-05-11,FALSE
REV01117,P0016,U0428,5,Great purchase,Works perfectly and looks great. Highly recommend to everyone.,Positive,2026-01-26,TRUE
REV01118,P0362,U0261,3,Average product,"It's okay, not the best but not the worst either.",Neutral,2026-07-03,TRUE
REV01119,P0384,U0400,3,Okay for the price,"Reasonable purchase, packaging could be improved though.",Neutral,2026-07-10,TRUE
REV01120,P0132,U0494,4,Amazing product!,"Great value for money, exactly as described.",Positive,2025-05-14,TRUE
REV01121,P0206,U0115,5,Best in this price range,"Amazing battery life and performance, very happy with this purchase.",Positive,2026-03-11,TRUE
REV01122,P0338,U0111,4,Highly recommended,"Amazing battery life and performance, very happy with this purchase.",Positive,2025-06-03,TRUE
REV01123,P0382,U0083,4,Excellent quality,"Perfect for daily use, sturdy and reliable.",Positive,2026-06-09,TRUE
REV01124,P0258,U0169,3,Decent,"Average product, does the job but nothing special.",Neutral,2025-08-20,TRUE
REV01125,P0282,U0234,5,Great purchase,"Superb product, using it daily without any issues.",Positive,2026-07-24,TRUE
REV01126,P0010,U0095,3,Average product,"Reasonable purchase, packaging could be improved though.",Neutral,2026-05-20,TRUE
REV01127,P0354,U0363,4,Great purchase,Works perfectly and looks great. Highly recommend to everyone.,Positive,2026-07-23,TRUE
REV01128,P0114,U0044,2,Below expectations,"Battery drains quickly, not satisfied with performance.",Negative,2026-07-09,FALSE
REV01129,P0092,U0385,4,Amazing product!,Works perfectly and looks great. Highly recommend to everyone.,Positive,2025-10-30,TRUE
REV01130,P0132,U0199,5,Amazing product!,"Perfect for daily use, sturdy and reliable.",Positive,2026-01-31,TRUE
REV01131,P0314,U0175,5,Worth every rupee,Works perfectly and looks great. Highly recommend to everyone.,Positive,2026-03-18,TRUE
REV01132,P0320,U0431,4,Loved it!,Works perfectly and looks great. Highly recommend to everyone.,Positive,2025-05-27,TRUE
REV01133,P0091,U0128,3,Average product,"Good for the price, but there is room for improvement.",Neutral,2025-06-09,TRUE
REV01134,P0384,U0289,4,Amazing product!,"Amazing battery life and performance, very happy with this purchase.",Positive,2025-04-14,TRUE
REV01135,P0147,U0308,3,Average product,"Decent quality, meets basic expectations.",Neutral,2026-01-28,TRUE
REV01136,P0207,U0058,4,Great purchase,"Excellent quality and fast delivery, will buy again.",Positive,2025-06-18,TRUE
REV01137,P0331,U0427,4,Worth every rupee,Works perfectly and looks great. Highly recommend to everyone.,Positive,2026-03-15,FALSE
REV01138,P0080,U0129,5,Excellent quality,"Excellent quality and fast delivery, will buy again.",Positive,2025-11-05,TRUE
REV01139,P0302,U0043,3,Decent,"Good for the price, but there is room for improvement.",Neutral,2026-08-06,TRUE
REV01140,P0282,U0452,4,Excellent quality,"Excellent quality and fast delivery, will buy again.",Positive,2025-05-31,TRUE
REV01141,P0267,U0213,4,Best in this price range,"Worth every rupee, quality exceeded my expectations.",Positive,2025-04-16,TRUE
REV01142,P0268,U0484,5,Superb build quality,"Worth every rupee, quality exceeded my expectations.",Positive,2026-05-09,TRUE
REV01143,P0314,U0189,4,Superb build quality,"Excellent quality and fast delivery, will buy again.",Positive,2025-07-22,TRUE
REV01144,P0165,U0295,4,Best in this price range,"Superb product, using it daily without any issues.",Positive,2026-05-29,TRUE
REV01145,P0131,U0192,4,Great purchase,"Great value for money, exactly as described.",Positive,2025-08-05,TRUE
REV01146,P0051,U0279,3,Okay for the price,"Reasonable purchase, packaging could be improved though.",Neutral,2026-02-20,TRUE
REV01147,P0363,U0260,4,Best in this price range,"Superb product, using it daily without any issues.",Positive,2026-08-06,TRUE
REV01148,P0165,U0091,4,Best in this price range,"Excellent quality and fast delivery, will buy again.",Positive,2026-01-27,FALSE
REV01149,P0051,U0414,4,Superb build quality,"Amazing battery life and performance, very happy with this purchase.",Positive,2026-04-24,TRUE
REV01150,P0318,U0256,5,Excellent quality,"Amazing battery life and performance, very happy with this purchase.",Positive,2026-04-18,TRUE
REV01151,P0024,U0062,4,Loved it!,Very satisfied with the build quality and finish.,Positive,2025-06-15,TRUE
REV01152,P0333,U0079,3,Okay for the price,"Average product, does the job but nothing special.",Neutral,2026-04-30,FALSE
REV01153,P0263,U0388,3,Average product,"It's okay, not the best but not the worst either.",Neutral,2026-01-31,FALSE
REV01154,P0156,U0169,4,Highly recommended,Very satisfied with the build quality and finish.,Positive,2026-01-21,TRUE
REV01155,P0209,U0084,3,Could be better,"Decent quality, meets basic expectations.",Neutral,2025-05-25,TRUE
REV01156,P0062,U0279,5,Highly recommended,"Amazing battery life and performance, very happy with this purchase.",Positive,2026-05-01,FALSE
REV01157,P0360,U0395,3,Decent,"Decent quality, meets basic expectations.",Neutral,2026-04-06,TRUE
REV01158,P0291,U0482,3,Decent,"Decent quality, meets basic expectations.",Neutral,2025-04-19,TRUE
REV01159,P0038,U0484,3,Average product,"It's okay, not the best but not the worst either.",Neutral,2026-01-20,TRUE
REV01160,P0312,U0389,5,Best in this price range,"Excellent quality and fast delivery, will buy again.",Positive,2026-05-26,TRUE
REV01161,P0235,U0220,4,Excellent quality,"Great value for money, exactly as described.",Positive,2026-03-18,TRUE
REV01162,P0271,U0162,4,Loved it!,"Amazing battery life and performance, very happy with this purchase.",Positive,2026-07-26,TRUE
REV01163,P0370,U0210,5,Amazing product!,"Great value for money, exactly as described.",Positive,2026-08-01,FALSE
REV01164,P0319,U0442,3,Decent,"Decent quality, meets basic expectations.",Neutral,2026-05-21,FALSE
REV01165,P0395,U0173,4,Worth every rupee,Very satisfied with the build quality and finish.,Positive,2025-11-29,TRUE
REV01166,P0205,U0145,5,Superb build quality,"Perfect for daily use, sturdy and reliable.",Positive,2026-07-10,TRUE
REV01167,P0073,U0131,3,Okay for the price,"Decent quality, meets basic expectations.",Neutral,2026-07-17,TRUE
REV01168,P0162,U0210,4,Excellent quality,Works perfectly and looks great. Highly recommend to everyone.,Positive,2026-07-24,TRUE
REV01169,P0037,U0058,3,Okay for the price,"Reasonable purchase, packaging could be improved though.",Neutral,2025-09-27,TRUE
REV01170,P0130,U0299,4,Amazing product!,"Worth every rupee, quality exceeded my expectations.",Positive,2025-11-21,TRUE
REV01171,P0312,U0493,4,Excellent quality,"Worth every rupee, quality exceeded my expectations.",Positive,2025-12-24,TRUE
REV01172,P0266,U0041,4,Loved it!,"Worth every rupee, quality exceeded my expectations.",Positive,2025-11-07,TRUE
REV01173,P0033,U0385,3,Average product,"Decent quality, meets basic expectations.",Neutral,2025-08-13,TRUE
REV01174,P0173,U0068,5,Loved it!,"Great value for money, exactly as described.",Positive,2026-08-06,TRUE
REV01175,P0131,U0231,3,Average product,"Reasonable purchase, packaging could be improved though.",Neutral,2026-06-05,TRUE
REV01176,P0252,U0341,4,Great purchase,"Perfect for daily use, sturdy and reliable.",Positive,2026-07-20,TRUE
REV01177,P0119,U0083,4,Best in this price range,"Worth every rupee, quality exceeded my expectations.",Positive,2026-06-06,TRUE
REV01178,P0072,U0107,5,Highly recommended,"Perfect for daily use, sturdy and reliable.",Positive,2026-01-17,TRUE
REV01179,P0395,U0016,3,Okay for the price,"Decent quality, meets basic expectations.",Neutral,2026-06-30,TRUE
REV01180,P0176,U0464,4,Worth every rupee,"Worth every rupee, quality exceeded my expectations.",Positive,2026-04-05,TRUE
REV01181,P0372,U0129,4,Great purchase,Very satisfied with the build quality and finish.,Positive,2025-11-16,TRUE
REV01182,P0094,U0209,4,Loved it!,"Perfect for daily use, sturdy and reliable.",Positive,2025-11-25,TRUE
REV01183,P0284,U0206,2,Not worth it,"Packaging was damaged when it arrived, quality control issue.",Negative,2025-03-05,TRUE
REV01184,P0310,U0068,4,Loved it!,"Perfect for daily use, sturdy and reliable.",Positive,2026-08-06,FALSE
REV01185,P0186,U0306,3,Could be better,"It's okay, not the best but not the worst either.",Neutral,2026-02-19,TRUE
REV01186,P0021,U0421,4,Great purchase,"Excellent quality and fast delivery, will buy again.",Positive,2026-07-28,TRUE
REV01187,P0044,U0215,3,Okay for the price,"It's okay, not the best but not the worst either.",Neutral,2026-06-30,TRUE
REV01188,P0375,U0221,4,Highly recommended,"Superb product, using it daily without any issues.",Positive,2026-06-25,TRUE
REV01189,P0338,U0282,3,Could be better,"Average product, does the job but nothing special.",Neutral,2026-08-04,TRUE
REV01190,P0072,U0023,5,Worth every rupee,"Great value for money, exactly as described.",Positive,2025-08-16,TRUE
REV01191,P0304,U0296,4,Highly recommended,"Great value for money, exactly as described.",Positive,2026-07-11,FALSE
REV01192,P0230,U0405,5,Excellent quality,"Great value for money, exactly as described.",Positive,2026-01-30,TRUE
REV01193,P0004,U0123,4,Highly recommended,"Amazing battery life and performance, very happy with this purchase.",Positive,2025-10-01,TRUE
REV01194,P0390,U0135,5,Great purchase,Very satisfied with the build quality and finish.,Positive,2025-12-12,TRUE
REV01195,P0158,U0182,5,Superb build quality,Works perfectly and looks great. Highly recommend to everyone.,Positive,2026-01-09,TRUE
REV01196,P0242,U0484,5,Loved it!,Works perfectly and looks great. Highly recommend to everyone.,Positive,2026-03-17,TRUE
REV01197,P0366,U0129,4,Superb build quality,Very satisfied with the build quality and finish.,Positive,2026-07-28,TRUE
REV01198,P0231,U0428,4,Excellent quality,"Amazing battery life and performance, very happy with this purchase.",Positive,2026-08-04,TRUE
REV01199,P0347,U0428,3,Okay for the price,"Good for the price, but there is room for improvement.",Neutral,2025-12-19,FALSE
REV01200,P0255,U0400,3,Decent,"Reasonable purchase, packaging could be improved though.",Neutral,2026-06-05,TRUE
REV01201,P0161,U0087,4,Worth every rupee,"Worth every rupee, quality exceeded my expectations.",Positive,2026-07-25,TRUE
REV01202,P0210,U0382,3,Could be better,"Reasonable purchase, packaging could be improved though.",Neutral,2025-08-16,TRUE
REV01203,P0043,U0162,3,Average product,"Good for the price, but there is room for improvement.",Neutral,2026-04-03,TRUE
REV01204,P0271,U0151,3,Decent,"Average product, does the job but nothing special.",Neutral,2026-06-07,TRUE
REV01205,P0323,U0400,4,Great purchase,"Worth every rupee, quality exceeded my expectations.",Positive,2026-06-25,TRUE
REV01206,P0220,U0252,4,Excellent quality,Works perfectly and looks great. Highly recommend to everyone.,Positive,2026-05-24,TRUE
REV01207,P0154,U0140,4,Great purchase,"Perfect for daily use, sturdy and reliable.",Positive,2025-07-03,TRUE
REV01208,P0165,U0276,4,Loved it!,"Excellent quality and fast delivery, will buy again.",Positive,2026-07-23,TRUE
REV01209,P0307,U0276,3,Decent,"Reasonable purchase, packaging could be improved though.",Neutral,2026-07-20,TRUE
REV01210,P0321,U0161,3,Average product,"Good for the price, but there is room for improvement.",Neutral,2026-08-04,TRUE
REV01211,P0162,U0300,4,Amazing product!,Very satisfied with the build quality and finish.,Positive,2026-07-15,TRUE
REV01212,P0397,U0232,3,Decent,"Decent quality, meets basic expectations.",Neutral,2026-01-11,TRUE
REV01213,P0245,U0121,4,Excellent quality,"Perfect for daily use, sturdy and reliable.",Positive,2026-01-16,TRUE
REV01214,P0212,U0152,5,Highly recommended,"Amazing battery life and performance, very happy with this purchase.",Positive,2026-01-01,TRUE
REV01215,P0214,U0324,4,Worth every rupee,"Excellent quality and fast delivery, will buy again.",Positive,2026-07-14,TRUE
REV01216,P0379,U0346,3,Could be better,"It's okay, not the best but not the worst either.",Neutral,2026-07-21,TRUE
REV01217,P0301,U0273,3,Average product,"Good for the price, but there is room for improvement.",Neutral,2026-05-21,TRUE
REV01218,P0053,U0276,3,Decent,"Average product, does the job but nothing special.",Neutral,2026-07-29,TRUE
REV01219,P0013,U0271,3,Decent,"It's okay, not the best but not the worst either.",Neutral,2025-02-21,TRUE
REV01220,P0042,U0169,2,Disappointed,"Overpriced for the quality offered, expected better.",Negative,2026-06-04,TRUE
REV01221,P0102,U0246,4,Superb build quality,Very satisfied with the build quality and finish.,Positive,2026-06-17,TRUE
REV01222,P0351,U0003,4,Worth every rupee,"Perfect for daily use, sturdy and reliable.",Positive,2026-05-01,TRUE
REV01223,P0003,U0320,5,Loved it!,"Worth every rupee, quality exceeded my expectations.",Positive,2025-12-06,FALSE
REV01224,P0099,U0182,4,Superb build quality,"Perfect for daily use, sturdy and reliable.",Positive,2026-02-01,TRUE
REV01225,P0101,U0293,3,Okay for the price,"Average product, does the job but nothing special.",Neutral,2026-06-21,TRUE
REV01226,P0268,U0261,4,Best in this price range,"Amazing battery life and performance, very happy with this purchase.",Positive,2026-06-01,TRUE
REV01227,P0243,U0054,4,Great purchase,"Perfect for daily use, sturdy and reliable.",Positive,2026-04-20,TRUE
REV01228,P0123,U0363,4,Amazing product!,Very satisfied with the build quality and finish.,Positive,2026-07-22,TRUE
REV01229,P0026,U0034,4,Highly recommended,"Perfect for daily use, sturdy and reliable.",Positive,2026-06-12,TRUE
REV01230,P0209,U0190,4,Superb build quality,Very satisfied with the build quality and finish.,Positive,2025-01-11,TRUE
REV01231,P0273,U0205,3,Okay for the price,"It's okay, not the best but not the worst either.",Neutral,2025-09-13,TRUE
REV01232,P0325,U0183,5,Highly recommended,"Perfect for daily use, sturdy and reliable.",Positive,2026-08-05,TRUE
REV01233,P0002,U0485,4,Superb build quality,"Great value for money, exactly as described.",Positive,2026-04-25,TRUE
REV01234,P0236,U0419,3,Average product,"Average product, does the job but nothing special.",Neutral,2025-11-29,TRUE
REV01235,P0373,U0419,3,Okay for the price,"Average product, does the job but nothing special.",Neutral,2026-07-25,TRUE
REV01236,P0365,U0074,5,Superb build quality,"Great value for money, exactly as described.",Positive,2026-06-08,TRUE
REV01237,P0210,U0140,3,Could be better,"It's okay, not the best but not the worst either.",Neutral,2026-07-22,TRUE
REV01238,P0073,U0306,4,Loved it!,"Worth every rupee, quality exceeded my expectations.",Positive,2026-06-02,TRUE
REV01239,P0117,U0055,3,Okay for the price,"Decent quality, meets basic expectations.",Neutral,2025-05-25,TRUE
REV01240,P0285,U0263,4,Amazing product!,Very satisfied with the build quality and finish.,Positive,2026-07-19,FALSE
REV01241,P0264,U0097,4,Amazing product!,"Perfect for daily use, sturdy and reliable.",Positive,2026-07-07,TRUE
REV01242,P0147,U0361,2,Waste of money,"Stopped working after a few days, would not recommend.",Negative,2026-02-19,TRUE
REV01243,P0102,U0370,4,Amazing product!,Very satisfied with the build quality and finish.,Positive,2026-02-16,TRUE
REV01244,P0061,U0408,4,Excellent quality,Works perfectly and looks great. Highly recommend to everyone.,Positive,2026-04-21,TRUE
REV01245,P0064,U0045,4,Excellent quality,"Great value for money, exactly as described.",Positive,2026-07-31,TRUE
REV01246,P0350,U0299,4,Excellent quality,"Great value for money, exactly as described.",Positive,2026-01-13,FALSE
REV01247,P0294,U0326,4,Worth every rupee,Works perfectly and looks great. Highly recommend to everyone.,Positive,2025-05-17,TRUE
REV01248,P0148,U0467,4,Best in this price range,"Excellent quality and fast delivery, will buy again.",Positive,2026-05-21,TRUE
REV01249,P0368,U0028,3,Decent,"Average product, does the job but nothing special.",Neutral,2025-04-25,TRUE
REV01250,P0307,U0367,5,Great purchase,"Perfect for daily use, sturdy and reliable.",Positive,2025-03-16,FALSE
REV01251,P0307,U0162,4,Worth every rupee,"Great value for money, exactly as described.",Positive,2026-04-03,TRUE
REV01252,P0280,U0104,4,Superb build quality,"Perfect for daily use, sturdy and reliable.",Positive,2025-06-13,TRUE
REV01253,P0353,U0344,3,Could be better,"It's okay, not the best but not the worst either.",Neutral,2026-05-28,TRUE
REV01254,P0241,U0106,3,Could be better,"Good for the price, but there is room for improvement.",Neutral,2025-12-12,TRUE
REV01255,P0168,U0471,4,Loved it!,"Perfect for daily use, sturdy and reliable.",Positive,2026-07-13,TRUE
REV01256,P0352,U0363,5,Great purchase,Very satisfied with the build quality and finish.,Positive,2026-07-25,TRUE
REV01257,P0220,U0369,4,Great purchase,"Perfect for daily use, sturdy and reliable.",Positive,2025-04-20,TRUE
REV01258,P0029,U0178,3,Could be better,"Reasonable purchase, packaging could be improved though.",Neutral,2025-10-26,TRUE
REV01259,P0147,U0330,3,Average product,"Reasonable purchase, packaging could be improved though.",Neutral,2026-05-29,TRUE
REV01260,P0043,U0261,4,Highly recommended,"Excellent quality and fast delivery, will buy again.",Positive,2026-07-27,TRUE
REV01261,P0115,U0118,4,Excellent quality,"Perfect for daily use, sturdy and reliable.",Positive,2026-02-26,TRUE
REV01262,P0257,U0163,4,Highly recommended,"Worth every rupee, quality exceeded my expectations.",Positive,2026-05-28,TRUE
REV01263,P0209,U0023,2,Disappointed,"Stopped working after a few days, would not recommend.",Negative,2026-01-17,TRUE
REV01264,P0163,U0437,4,Highly recommended,Works perfectly and looks great. Highly recommend to everyone.,Positive,2026-07-15,TRUE
REV01265,P0011,U0414,4,Loved it!,Very satisfied with the build quality and finish.,Positive,2026-08-01,TRUE
REV01266,P0140,U0221,4,Superb build quality,Very satisfied with the build quality and finish.,Positive,2026-07-13,TRUE
REV01267,P0079,U0377,4,Great purchase,Very satisfied with the build quality and finish.,Positive,2026-07-13,TRUE
REV01268,P0314,U0173,5,Amazing product!,Works perfectly and looks great. Highly recommend to everyone.,Positive,2026-01-28,FALSE
REV01269,P0191,U0318,5,Excellent quality,"Amazing battery life and performance, very happy with this purchase.",Positive,2026-02-06,TRUE
REV01270,P0270,U0442,4,Worth every rupee,"Perfect for daily use, sturdy and reliable.",Positive,2026-07-08,FALSE
REV01271,P0032,U0279,3,Average product,"It's okay, not the best but not the worst either.",Neutral,2026-04-22,TRUE
REV01272,P0215,U0428,4,Loved it!,"Worth every rupee, quality exceeded my expectations.",Positive,2026-02-13,FALSE
REV01273,P0214,U0078,3,Decent,"Good for the price, but there is room for improvement.",Neutral,2026-02-15,TRUE
REV01274,P0053,U0287,3,Could be better,"Average product, does the job but nothing special.",Neutral,2026-07-02,TRUE
REV01275,P0219,U0351,3,Could be better,"Average product, does the job but nothing special.",Neutral,2026-07-31,TRUE
REV01276,P0044,U0330,4,Loved it!,Very satisfied with the build quality and finish.,Positive,2026-06-30,TRUE
REV01277,P0079,U0285,5,Superb build quality,"Excellent quality and fast delivery, will buy again.",Positive,2025-03-24,TRUE
REV01278,P0019,U0046,3,Decent,"Average product, does the job but nothing special.",Neutral,2026-01-02,TRUE
REV01279,P0370,U0286,3,Decent,"Good for the price, but there is room for improvement.",Neutral,2025-08-25,TRUE
REV01280,P0250,U0001,3,Decent,"Decent quality, meets basic expectations.",Neutral,2026-03-22,TRUE
REV01281,P0324,U0040,4,Best in this price range,"Worth every rupee, quality exceeded my expectations.",Positive,2025-10-23,TRUE
REV01282,P0097,U0434,4,Excellent quality,"Perfect for daily use, sturdy and reliable.",Positive,2026-02-14,TRUE
REV01283,P0062,U0340,5,Loved it!,"Excellent quality and fast delivery, will buy again.",Positive,2026-04-07,TRUE
REV01284,P0071,U0431,4,Highly recommended,"Worth every rupee, quality exceeded my expectations.",Positive,2026-01-21,TRUE
REV01285,P0184,U0087,5,Excellent quality,"Great value for money, exactly as described.",Positive,2026-07-03,TRUE
REV01286,P0006,U0148,3,Okay for the price,"Average product, does the job but nothing special.",Neutral,2026-01-08,TRUE
REV01287,P0340,U0246,5,Excellent quality,"Amazing battery life and performance, very happy with this purchase.",Positive,2026-07-19,TRUE
REV01288,P0047,U0074,3,Average product,"Decent quality, meets basic expectations.",Neutral,2026-05-27,TRUE
REV01289,P0175,U0099,3,Could be better,"Good for the price, but there is room for improvement.",Neutral,2026-08-01,TRUE
REV01290,P0027,U0469,3,Average product,"Good for the price, but there is room for improvement.",Neutral,2026-01-02,TRUE
REV01291,P0279,U0069,4,Loved it!,"Amazing battery life and performance, very happy with this purchase.",Positive,2025-07-31,TRUE
REV01292,P0375,U0052,5,Highly recommended,"Amazing battery life and performance, very happy with this purchase.",Positive,2026-01-25,TRUE
REV01293,P0317,U0471,4,Highly recommended,"Great value for money, exactly as described.",Positive,2026-07-28,TRUE
REV01294,P0182,U0035,5,Superb build quality,"Superb product, using it daily without any issues.",Positive,2026-05-29,TRUE
REV01295,P0356,U0102,4,Best in this price range,"Worth every rupee, quality exceeded my expectations.",Positive,2025-01-01,TRUE
REV01296,P0075,U0318,4,Excellent quality,"Worth every rupee, quality exceeded my expectations.",Positive,2026-02-10,TRUE
REV01297,P0370,U0126,3,Okay for the price,"Decent quality, meets basic expectations.",Neutral,2025-08-04,TRUE
REV01298,P0025,U0071,3,Could be better,"Good for the price, but there is room for improvement.",Neutral,2025-12-21,FALSE
REV01299,P0391,U0447,4,Excellent quality,"Amazing battery life and performance, very happy with this purchase.",Positive,2026-06-16,TRUE
REV01300,P0058,U0093,4,Loved it!,"Amazing battery life and performance, very happy with this purchase.",Positive,2026-01-15,TRUE
REV01301,P0263,U0465,3,Decent,"It's okay, not the best but not the worst either.",Neutral,2025-04-28,TRUE
REV01302,P0322,U0300,4,Amazing product!,Very satisfied with the build quality and finish.,Positive,2026-07-30,TRUE
REV01303,P0045,U0200,4,Amazing product!,Works perfectly and looks great. Highly recommend to everyone.,Positive,2026-02-12,FALSE
REV01304,P0123,U0238,3,Decent,"Reasonable purchase, packaging could be improved though.",Neutral,2025-05-10,TRUE
REV01305,P0182,U0444,4,Highly recommended,"Superb product, using it daily without any issues.",Positive,2025-10-04,TRUE
REV01306,P0136,U0169,4,Excellent quality,"Superb product, using it daily without any issues.",Positive,2025-08-19,TRUE
REV01307,P0097,U0360,4,Worth every rupee,"Great value for money, exactly as described.",Positive,2025-12-30,TRUE
REV01308,P0225,U0267,4,Great purchase,"Worth every rupee, quality exceeded my expectations.",Positive,2025-11-30,TRUE
REV01309,P0059,U0141,4,Highly recommended,"Great value for money, exactly as described.",Positive,2026-02-22,TRUE
REV01310,P0241,U0285,3,Average product,"It's okay, not the best but not the worst either.",Neutral,2025-12-13,TRUE
REV01311,P0282,U0256,5,Excellent quality,"Perfect for daily use, sturdy and reliable.",Positive,2026-04-20,TRUE
REV01312,P0307,U0138,3,Okay for the price,"Average product, does the job but nothing special.",Neutral,2025-07-16,TRUE
REV01313,P0161,U0329,3,Could be better,"It's okay, not the best but not the worst either.",Neutral,2026-01-02,TRUE
REV01314,P0125,U0477,3,Could be better,"Average product, does the job but nothing special.",Neutral,2026-01-24,FALSE
REV01315,P0386,U0411,3,Decent,"Reasonable purchase, packaging could be improved though.",Neutral,2025-05-06,TRUE
REV01316,P0096,U0115,5,Worth every rupee,"Great value for money, exactly as described.",Positive,2025-09-24,TRUE
REV01317,P0390,U0442,5,Loved it!,"Superb product, using it daily without any issues.",Positive,2026-03-12,TRUE
REV01318,P0091,U0062,3,Decent,"Good for the price, but there is room for improvement.",Neutral,2025-07-23,FALSE
REV01319,P0030,U0041,5,Loved it!,"Worth every rupee, quality exceeded my expectations.",Positive,2025-06-09,TRUE
REV01320,P0133,U0129,3,Average product,"Average product, does the job but nothing special.",Neutral,2026-02-19,TRUE
REV01321,P0186,U0073,4,Worth every rupee,"Excellent quality and fast delivery, will buy again.",Positive,2024-12-10,TRUE
REV01322,P0022,U0442,3,Okay for the price,"Good for the price, but there is room for improvement.",Neutral,2026-05-09,TRUE
REV01323,P0130,U0130,3,Average product,"Average product, does the job but nothing special.",Neutral,2026-04-24,TRUE
REV01324,P0279,U0459,4,Great purchase,"Perfect for daily use, sturdy and reliable.",Positive,2025-08-04,TRUE
REV01325,P0257,U0329,4,Best in this price range,"Perfect for daily use, sturdy and reliable.",Positive,2026-02-02,TRUE
REV01326,P0361,U0293,3,Okay for the price,"Average product, does the job but nothing special.",Neutral,2026-06-22,TRUE
REV01327,P0134,U0238,3,Average product,"Good for the price, but there is room for improvement.",Neutral,2026-02-04,TRUE
REV01328,P0226,U0480,4,Amazing product!,"Excellent quality and fast delivery, will buy again.",Positive,2026-08-01,TRUE
REV01329,P0324,U0329,4,Loved it!,"Amazing battery life and performance, very happy with this purchase.",Positive,2025-06-14,TRUE
REV01330,P0187,U0046,4,Amazing product!,Works perfectly and looks great. Highly recommend to everyone.,Positive,2026-07-11,TRUE
REV01331,P0248,U0283,3,Okay for the price,"Good for the price, but there is room for improvement.",Neutral,2025-10-24,TRUE
REV01332,P0387,U0464,4,Loved it!,"Perfect for daily use, sturdy and reliable.",Positive,2026-05-18,FALSE
REV01333,P0400,U0318,2,Waste of money,"Not as described, quite disappointed with this purchase.",Negative,2025-10-10,TRUE
REV01334,P0249,U0054,3,Could be better,"Average product, does the job but nothing special.",Neutral,2026-05-22,TRUE
REV01335,P0278,U0190,4,Amazing product!,Works perfectly and looks great. Highly recommend to everyone.,Positive,2024-12-19,TRUE
REV01336,P0392,U0184,3,Decent,"Reasonable purchase, packaging could be improved though.",Neutral,2025-01-02,TRUE
REV01337,P0122,U0238,4,Loved it!,"Perfect for daily use, sturdy and reliable.",Positive,2026-01-25,TRUE
REV01338,P0332,U0357,3,Average product,"Reasonable purchase, packaging could be improved though.",Neutral,2025-12-04,TRUE
REV01339,P0282,U0087,3,Decent,"Average product, does the job but nothing special.",Neutral,2026-08-06,TRUE
REV01340,P0093,U0194,4,Loved it!,"Amazing battery life and performance, very happy with this purchase.",Positive,2024-09-12,TRUE
REV01341,P0136,U0232,4,Highly recommended,"Excellent quality and fast delivery, will buy again.",Positive,2026-05-17,TRUE
REV01342,P0266,U0255,5,Superb build quality,"Excellent quality and fast delivery, will buy again.",Positive,2026-07-11,TRUE
REV01343,P0351,U0251,3,Decent,"Decent quality, meets basic expectations.",Neutral,2026-07-11,TRUE
REV01344,P0291,U0476,3,Decent,"It's okay, not the best but not the worst either.",Neutral,2026-05-14,TRUE
REV01345,P0171,U0484,5,Superb build quality,Works perfectly and looks great. Highly recommend to everyone.,Positive,2026-07-26,TRUE
REV01346,P0255,U0243,4,Loved it!,"Amazing battery life and performance, very happy with this purchase.",Positive,2026-04-12,TRUE
REV01347,P0337,U0350,5,Best in this price range,"Excellent quality and fast delivery, will buy again.",Positive,2025-10-13,TRUE
REV01348,P0211,U0397,4,Excellent quality,"Superb product, using it daily without any issues.",Positive,2026-04-27,FALSE
REV01349,P0153,U0481,4,Great purchase,"Worth every rupee, quality exceeded my expectations.",Positive,2025-08-23,TRUE
REV01350,P0041,U0222,3,Could be better,"Decent quality, meets basic expectations.",Neutral,2026-02-01,FALSE
REV01351,P0239,U0403,3,Average product,"Good for the price, but there is room for improvement.",Neutral,2026-07-22,TRUE
REV01352,P0229,U0190,3,Decent,"Reasonable purchase, packaging could be improved though.",Neutral,2025-02-01,TRUE
REV01353,P0389,U0195,3,Average product,"Average product, does the job but nothing special.",Neutral,2024-12-07,TRUE
REV01354,P0068,U0129,4,Amazing product!,Very satisfied with the build quality and finish.,Positive,2026-03-20,TRUE
REV01355,P0120,U0116,4,Worth every rupee,"Amazing battery life and performance, very happy with this purchase.",Positive,2026-07-19,TRUE
REV01356,P0312,U0312,4,Amazing product!,"Excellent quality and fast delivery, will buy again.",Positive,2026-06-19,FALSE
REV01357,P0160,U0224,4,Best in this price range,Very satisfied with the build quality and finish.,Positive,2026-07-16,FALSE
REV01358,P0180,U0314,4,Worth every rupee,"Perfect for daily use, sturdy and reliable.",Positive,2025-10-28,TRUE
REV01359,P0161,U0036,3,Okay for the price,"Average product, does the job but nothing special.",Neutral,2026-03-27,FALSE
REV01360,P0237,U0367,3,Could be better,"Reasonable purchase, packaging could be improved though.",Neutral,2026-08-06,TRUE
REV01361,P0005,U0308,4,Worth every rupee,Works perfectly and looks great. Highly recommend to everyone.,Positive,2025-12-31,TRUE
REV01362,P0129,U0159,4,Amazing product!,"Superb product, using it daily without any issues.",Positive,2026-06-07,TRUE
REV01363,P0296,U0151,3,Could be better,"Good for the price, but there is room for improvement.",Neutral,2026-07-11,TRUE
REV01364,P0138,U0141,3,Could be better,"Good for the price, but there is room for improvement.",Neutral,2025-11-23,TRUE
REV01365,P0121,U0040,2,Disappointed,"Very poor build quality, broke within a week.",Negative,2026-01-28,TRUE
REV01366,P0038,U0451,3,Average product,"It's okay, not the best but not the worst either.",Neutral,2026-06-18,TRUE
REV01367,P0337,U0401,3,Okay for the price,"Decent quality, meets basic expectations.",Neutral,2024-12-08,TRUE
REV01368,P0192,U0040,4,Excellent quality,Very satisfied with the build quality and finish.,Positive,2025-08-13,TRUE
REV01369,P0094,U0047,2,Below expectations,"Not as described, quite disappointed with this purchase.",Negative,2026-03-19,TRUE
REV01370,P0212,U0316,4,Excellent quality,"Worth every rupee, quality exceeded my expectations.",Positive,2025-12-26,TRUE
REV01371,P0045,U0376,4,Amazing product!,"Excellent quality and fast delivery, will buy again.",Positive,2026-07-18,TRUE
REV01372,P0076,U0286,4,Amazing product!,"Perfect for daily use, sturdy and reliable.",Positive,2026-02-08,TRUE
REV01373,P0114,U0350,4,Amazing product!,"Excellent quality and fast delivery, will buy again.",Positive,2026-04-18,TRUE
REV01374,P0234,U0464,3,Decent,"It's okay, not the best but not the worst either.",Neutral,2025-07-26,TRUE
REV01375,P0232,U0403,3,Okay for the price,"It's okay, not the best but not the worst either.",Neutral,2026-02-27,TRUE
REV01376,P0044,U0452,4,Excellent quality,"Great value for money, exactly as described.",Positive,2026-01-01,FALSE
REV01377,P0116,U0137,4,Excellent quality,"Amazing battery life and performance, very happy with this purchase.",Positive,2026-08-01,TRUE
REV01378,P0375,U0099,4,Superb build quality,"Superb product, using it daily without any issues.",Positive,2025-10-08,FALSE
REV01379,P0091,U0132,3,Decent,"Decent quality, meets basic expectations.",Neutral,2026-05-09,FALSE
REV01380,P0331,U0203,4,Worth every rupee,"Worth every rupee, quality exceeded my expectations.",Positive,2026-03-02,TRUE
REV01381,P0221,U0267,5,Superb build quality,Very satisfied with the build quality and finish.,Positive,2025-10-11,TRUE
REV01382,P0299,U0482,4,Amazing product!,"Great value for money, exactly as described.",Positive,2025-04-25,TRUE
REV01383,P0282,U0395,3,Decent,"Good for the price, but there is room for improvement.",Neutral,2026-05-19,TRUE
REV01384,P0345,U0431,5,Amazing product!,Works perfectly and looks great. Highly recommend to everyone.,Positive,2025-12-29,FALSE
REV01385,P0065,U0028,3,Okay for the price,"Reasonable purchase, packaging could be improved though.",Neutral,2026-01-19,TRUE
REV01386,P0188,U0069,5,Highly recommended,"Great value for money, exactly as described.",Positive,2025-08-05,FALSE
REV01387,P0328,U0044,4,Great purchase,"Perfect for daily use, sturdy and reliable.",Positive,2026-08-05,TRUE
REV01388,P0347,U0060,3,Could be better,"Good for the price, but there is room for improvement.",Neutral,2026-02-01,TRUE
REV01389,P0231,U0384,3,Decent,"Average product, does the job but nothing special.",Neutral,2025-12-23,TRUE
REV01390,P0235,U0090,3,Decent,"Average product, does the job but nothing special.",Neutral,2026-04-13,TRUE
REV01391,P0306,U0367,3,Okay for the price,"It's okay, not the best but not the worst either.",Neutral,2024-09-21,TRUE
REV01392,P0226,U0027,4,Highly recommended,Very satisfied with the build quality and finish.,Positive,2026-02-18,TRUE
REV01393,P0344,U0253,4,Best in this price range,"Superb product, using it daily without any issues.",Positive,2026-03-14,TRUE
REV01394,P0263,U0225,3,Average product,"Good for the price, but there is room for improvement.",Neutral,2026-07-25,TRUE
REV01395,P0304,U0074,3,Decent,"It's okay, not the best but not the worst either.",Neutral,2026-05-19,TRUE
REV01396,P0318,U0126,3,Could be better,"Decent quality, meets basic expectations.",Neutral,2026-05-31,TRUE
REV01397,P0027,U0087,3,Okay for the price,"Decent quality, meets basic expectations.",Neutral,2026-07-21,TRUE
REV01398,P0239,U0253,5,Great purchase,Very satisfied with the build quality and finish.,Positive,2026-05-31,TRUE
REV01399,P0109,U0245,5,Superb build quality,"Great value for money, exactly as described.",Positive,2026-02-10,TRUE
REV01400,P0231,U0314,4,Amazing product!,"Amazing battery life and performance, very happy with this purchase.",Positive,2026-07-26,TRUE
REV01401,P0065,U0040,3,Decent,"Good for the price, but there is room for improvement.",Neutral,2026-01-20,TRUE
REV01402,P0296,U0395,4,Excellent quality,Works perfectly and looks great. Highly recommend to everyone.,Positive,2026-04-14,TRUE
REV01403,P0075,U0257,4,Excellent quality,Works perfectly and looks great. Highly recommend to everyone.,Positive,2026-01-12,TRUE
REV01404,P0396,U0010,3,Decent,"It's okay, not the best but not the worst either.",Neutral,2026-08-06,TRUE
REV01405,P0347,U0390,3,Could be better,"Reasonable purchase, packaging could be improved though.",Neutral,2024-12-31,TRUE
REV01406,P0059,U0160,5,Great purchase,"Amazing battery life and performance, very happy with this purchase.",Positive,2026-05-19,TRUE
REV01407,P0062,U0256,4,Worth every rupee,"Perfect for daily use, sturdy and reliable.",Positive,2025-10-14,TRUE
REV01408,P0345,U0472,5,Great purchase,Very satisfied with the build quality and finish.,Positive,2025-07-03,TRUE
REV01409,P0197,U0069,2,Disappointed,"Battery drains quickly, not satisfied with performance.",Negative,2026-07-16,TRUE
REV01410,P0237,U0287,5,Best in this price range,"Great value for money, exactly as described.",Positive,2026-07-10,TRUE
REV01411,P0124,U0255,3,Decent,"Reasonable purchase, packaging could be improved though.",Neutral,2026-06-18,TRUE
REV01412,P0240,U0192,4,Superb build quality,"Excellent quality and fast delivery, will buy again.",Positive,2025-12-07,TRUE
REV01413,P0074,U0073,4,Great purchase,"Perfect for daily use, sturdy and reliable.",Positive,2025-03-13,TRUE
REV01414,P0133,U0127,4,Loved it!,"Amazing battery life and performance, very happy with this purchase.",Positive,2026-05-20,TRUE
REV01415,P0223,U0159,5,Worth every rupee,"Worth every rupee, quality exceeded my expectations.",Positive,2026-06-06,TRUE
REV01416,P0009,U0130,5,Highly recommended,"Great value for money, exactly as described.",Positive,2026-02-17,TRUE
REV01417,P0185,U0433,4,Excellent quality,Very satisfied with the build quality and finish.,Positive,2026-03-07,TRUE
REV01418,P0060,U0297,4,Loved it!,"Excellent quality and fast delivery, will buy again.",Positive,2026-03-27,TRUE
REV01419,P0265,U0221,4,Highly recommended,"Great value for money, exactly as described.",Positive,2026-07-17,TRUE
REV01420,P0236,U0272,5,Superb build quality,"Great value for money, exactly as described.",Positive,2026-06-10,TRUE
REV01421,P0339,U0212,4,Worth every rupee,"Excellent quality and fast delivery, will buy again.",Positive,2026-01-09,TRUE
REV01422,P0211,U0338,3,Okay for the price,"Good for the price, but there is room for improvement.",Neutral,2026-07-24,TRUE
REV01423,P0367,U0191,3,Could be better,"Good for the price, but there is room for improvement.",Neutral,2025-01-03,TRUE
REV01424,P0310,U0464,4,Highly recommended,Works perfectly and looks great. Highly recommend to everyone.,Positive,2026-05-01,FALSE
REV01425,P0383,U0142,5,Superb build quality,"Excellent quality and fast delivery, will buy again.",Positive,2026-01-24,TRUE
REV01426,P0368,U0176,3,Okay for the price,"Reasonable purchase, packaging could be improved though.",Neutral,2026-02-19,TRUE
REV01427,P0294,U0453,3,Okay for the price,"It's okay, not the best but not the worst either.",Neutral,2026-07-04,TRUE
REV01428,P0062,U0116,5,Worth every rupee,"Excellent quality and fast delivery, will buy again.",Positive,2025-12-01,TRUE
REV01429,P0059,U0290,5,Worth every rupee,"Amazing battery life and performance, very happy with this purchase.",Positive,2026-07-23,TRUE
REV01430,P0320,U0195,2,Below expectations,"Overpriced for the quality offered, expected better.",Negative,2025-10-03,TRUE
REV01431,P0214,U0257,3,Okay for the price,"Average product, does the job but nothing special.",Neutral,2026-05-02,TRUE
REV01432,P0211,U0339,3,Okay for the price,"It's okay, not the best but not the worst either.",Neutral,2026-07-27,TRUE
REV01433,P0038,U0195,5,Worth every rupee,"Superb product, using it daily without any issues.",Positive,2026-03-11,TRUE
REV01434,P0293,U0212,4,Great purchase,"Great value for money, exactly as described.",Positive,2026-06-26,TRUE
REV01435,P0371,U0247,4,Great purchase,"Great value for money, exactly as described.",Positive,2025-03-20,FALSE
REV01436,P0219,U0408,5,Amazing product!,"Amazing battery life and performance, very happy with this purchase.",Positive,2026-05-21,FALSE
REV01437,P0153,U0092,5,Great purchase,"Excellent quality and fast delivery, will buy again.",Positive,2026-06-08,TRUE
REV01438,P0177,U0043,3,Average product,"It's okay, not the best but not the worst either.",Neutral,2026-04-30,TRUE
REV01439,P0369,U0370,4,Excellent quality,"Amazing battery life and performance, very happy with this purchase.",Positive,2026-06-26,TRUE
REV01440,P0253,U0014,3,Could be better,"Decent quality, meets basic expectations.",Neutral,2025-11-20,TRUE
REV01441,P0169,U0384,4,Great purchase,"Worth every rupee, quality exceeded my expectations.",Positive,2026-07-01,TRUE
REV01442,P0347,U0128,3,Could be better,"Average product, does the job but nothing special.",Neutral,2025-08-12,TRUE
REV01443,P0293,U0087,3,Okay for the price,"Good for the price, but there is room for improvement.",Neutral,2026-07-11,TRUE
REV01444,P0285,U0098,3,Decent,"Good for the price, but there is room for improvement.",Neutral,2026-06-18,FALSE
REV01445,P0229,U0075,3,Decent,"Average product, does the job but nothing special.",Neutral,2026-01-31,TRUE
REV01446,P0086,U0099,5,Superb build quality,Very satisfied with the build quality and finish.,Positive,2026-06-10,TRUE
REV01447,P0392,U0054,3,Okay for the price,"Average product, does the job but nothing special.",Neutral,2026-05-21,TRUE
REV01448,P0057,U0348,4,Loved it!,"Worth every rupee, quality exceeded my expectations.",Positive,2026-07-14,TRUE
REV01449,P0250,U0480,5,Superb build quality,Works perfectly and looks great. Highly recommend to everyone.,Positive,2026-07-24,TRUE
REV01450,P0395,U0420,4,Highly recommended,"Perfect for daily use, sturdy and reliable.",Positive,2026-06-18,TRUE
REV01451,P0005,U0106,5,Loved it!,"Excellent quality and fast delivery, will buy again.",Positive,2026-03-13,TRUE
REV01452,P0155,U0424,5,Amazing product!,Works perfectly and looks great. Highly recommend to everyone.,Positive,2026-08-03,TRUE
REV01453,P0125,U0296,4,Amazing product!,"Worth every rupee, quality exceeded my expectations.",Positive,2026-07-11,FALSE
REV01454,P0322,U0098,4,Highly recommended,"Amazing battery life and performance, very happy with this purchase.",Positive,2026-07-31,TRUE
REV01455,P0281,U0350,3,Okay for the price,"Decent quality, meets basic expectations.",Neutral,2026-02-12,TRUE
REV01456,P0400,U0356,4,Excellent quality,"Great value for money, exactly as described.",Positive,2026-07-28,TRUE
REV01457,P0286,U0291,4,Excellent quality,"Great value for money, exactly as described.",Positive,2026-06-27,TRUE
REV01458,P0277,U0367,2,Below expectations,"Packaging was damaged when it arrived, quality control issue.",Negative,2026-04-03,TRUE
REV01459,P0383,U0191,4,Highly recommended,"Excellent quality and fast delivery, will buy again.",Positive,2025-01-12,TRUE
REV01460,P0233,U0028,4,Superb build quality,"Perfect for daily use, sturdy and reliable.",Positive,2024-12-10,TRUE
REV01461,P0030,U0163,4,Best in this price range,"Excellent quality and fast delivery, will buy again.",Positive,2026-06-04,FALSE
REV01462,P0243,U0267,3,Average product,"It's okay, not the best but not the worst either.",Neutral,2025-12-29,TRUE
REV01463,P0335,U0256,5,Highly recommended,Works perfectly and looks great. Highly recommend to everyone.,Positive,2026-08-05,TRUE
REV01464,P0258,U0238,4,Excellent quality,"Worth every rupee, quality exceeded my expectations.",Positive,2025-06-24,TRUE
REV01465,P0005,U0300,4,Best in this price range,"Amazing battery life and performance, very happy with this purchase.",Positive,2026-07-18,TRUE
REV01466,P0129,U0066,4,Amazing product!,Very satisfied with the build quality and finish.,Positive,2025-04-29,TRUE
REV01467,P0222,U0020,3,Decent,"Reasonable purchase, packaging could be improved though.",Neutral,2024-12-20,TRUE
REV01468,P0027,U0419,4,Worth every rupee,"Perfect for daily use, sturdy and reliable.",Positive,2026-02-28,TRUE
REV01469,P0074,U0104,3,Could be better,"Reasonable purchase, packaging could be improved though.",Neutral,2025-07-28,FALSE
REV01470,P0369,U0256,3,Could be better,"Average product, does the job but nothing special.",Neutral,2026-04-13,TRUE
REV01471,P0149,U0178,5,Loved it!,"Superb product, using it daily without any issues.",Positive,2024-11-20,TRUE
REV01472,P0280,U0225,4,Excellent quality,"Superb product, using it daily without any issues.",Positive,2026-07-07,TRUE
REV01473,P0283,U0272,3,Average product,"Decent quality, meets basic expectations.",Neutral,2026-07-22,TRUE
REV01474,P0329,U0169,4,Highly recommended,"Superb product, using it daily without any issues.",Positive,2025-04-21,TRUE
REV01475,P0141,U0471,4,Highly recommended,Very satisfied with the build quality and finish.,Positive,2026-07-21,TRUE
REV01476,P0397,U0411,4,Great purchase,"Amazing battery life and performance, very happy with this purchase.",Positive,2025-09-04,FALSE
REV01477,P0146,U0173,4,Great purchase,"Excellent quality and fast delivery, will buy again.",Positive,2026-06-15,TRUE
REV01478,P0212,U0267,4,Worth every rupee,Works perfectly and looks great. Highly recommend to everyone.,Positive,2026-04-30,TRUE
REV01479,P0167,U0427,4,Loved it!,"Worth every rupee, quality exceeded my expectations.",Positive,2026-04-11,TRUE
REV01480,P0209,U0330,3,Okay for the price,"Good for the price, but there is room for improvement.",Neutral,2025-04-25,FALSE
REV01481,P0275,U0216,4,Excellent quality,"Excellent quality and fast delivery, will buy again.",Positive,2026-07-07,TRUE
REV01482,P0244,U0307,3,Decent,"Reasonable purchase, packaging could be improved though.",Neutral,2026-02-09,TRUE
REV01483,P0017,U0267,4,Amazing product!,"Excellent quality and fast delivery, will buy again.",Positive,2025-05-02,TRUE
REV01484,P0149,U0183,3,Decent,"It's okay, not the best but not the worst either.",Neutral,2026-08-05,TRUE
REV01485,P0112,U0044,4,Excellent quality,"Amazing battery life and performance, very happy with this purchase.",Positive,2026-04-01,TRUE
REV01486,P0146,U0225,3,Could be better,"Average product, does the job but nothing special.",Neutral,2026-07-07,TRUE
REV01487,P0355,U0044,4,Loved it!,Very satisfied with the build quality and finish.,Positive,2026-07-23,TRUE
REV01488,P0044,U0386,5,Superb build quality,"Amazing battery life and performance, very happy with this purchase.",Positive,2025-12-31,TRUE
REV01489,P0039,U0252,4,Amazing product!,Works perfectly and looks great. Highly recommend to everyone.,Positive,2026-02-07,TRUE
REV01490,P0006,U0064,5,Amazing product!,Works perfectly and looks great. Highly recommend to everyone.,Positive,2026-02-08,TRUE
REV01491,P0201,U0427,4,Worth every rupee,"Perfect for daily use, sturdy and reliable.",Positive,2026-01-17,TRUE
REV01492,P0093,U0368,4,Worth every rupee,"Amazing battery life and performance, very happy with this purchase.",Positive,2025-11-03,TRUE
REV01493,P0319,U0016,3,Decent,"It's okay, not the best but not the worst either.",Neutral,2026-08-06,TRUE
REV01494,P0002,U0204,4,Highly recommended,Works perfectly and looks great. Highly recommend to everyone.,Positive,2026-04-06,TRUE
REV01495,P0024,U0078,4,Great purchase,"Worth every rupee, quality exceeded my expectations.",Positive,2026-04-17,TRUE
REV01496,P0374,U0188,3,Okay for the price,"Decent quality, meets basic expectations.",Neutral,2025-05-13,FALSE
REV01497,P0183,U0300,2,Poor quality,"Packaging was damaged when it arrived, quality control issue.",Negative,2026-07-18,TRUE
REV01498,P0168,U0313,3,Okay for the price,"Reasonable purchase, packaging could be improved though.",Neutral,2026-07-18,TRUE
REV01499,P0261,U0217,4,Excellent quality,"Perfect for daily use, sturdy and reliable.",Positive,2026-07-17,TRUE
REV01500,P0002,U0138,4,Highly recommended,"Superb product, using it daily without any issues.",Positive,2026-07-04,TRUE
REV01501,P0067,U0234,3,Decent,"Good for the price, but there is room for improvement.",Neutral,2026-07-22,TRUE
REV01502,P0271,U0483,3,Okay for the price,"It's okay, not the best but not the worst either.",Neutral,2026-02-11,TRUE
REV01503,P0037,U0191,4,Superb build quality,"Excellent quality and fast delivery, will buy again.",Positive,2026-04-09,TRUE
REV01504,P0121,U0231,3,Average product,"It's okay, not the best but not the worst either.",Neutral,2026-05-06,TRUE
REV01505,P0099,U0461,4,Superb build quality,"Perfect for daily use, sturdy and reliable.",Positive,2026-01-31,TRUE
REV01506,P0202,U0054,3,Okay for the price,"Decent quality, meets basic expectations.",Neutral,2026-01-29,TRUE
REV01507,P0099,U0087,3,Average product,"Reasonable purchase, packaging could be improved though.",Neutral,2026-07-20,TRUE
REV01508,P0389,U0113,4,Worth every rupee,Very satisfied with the build quality and finish.,Positive,2025-03-01,TRUE
REV01509,P0032,U0173,2,Disappointed,"Very poor build quality, broke within a week.",Negative,2026-06-19,TRUE
REV01510,P0319,U0322,4,Great purchase,Works perfectly and looks great. Highly recommend to everyone.,Positive,2026-07-11,TRUE
REV01511,P0103,U0069,3,Could be better,"Decent quality, meets basic expectations.",Neutral,2025-12-08,TRUE
REV01512,P0301,U0137,2,Poor quality,"Stopped working after a few days, would not recommend.",Negative,2026-08-03,TRUE
REV01513,P0124,U0319,3,Average product,"Reasonable purchase, packaging could be improved though.",Neutral,2026-08-06,FALSE
REV01514,P0288,U0141,4,Amazing product!,"Amazing battery life and performance, very happy with this purchase.",Positive,2025-03-21,TRUE
REV01515,P0226,U0039,3,Average product,"Reasonable purchase, packaging could be improved though.",Neutral,2026-06-27,TRUE
REV01516,P0367,U0455,3,Could be better,"Average product, does the job but nothing special.",Neutral,2026-08-06,TRUE
REV01517,P0226,U0190,4,Worth every rupee,"Worth every rupee, quality exceeded my expectations.",Positive,2026-05-07,TRUE
REV01518,P0230,U0111,5,Great purchase,"Superb product, using it daily without any issues.",Positive,2026-05-25,TRUE
REV01519,P0254,U0047,4,Excellent quality,"Excellent quality and fast delivery, will buy again.",Positive,2026-01-01,TRUE
REV01520,P0277,U0460,3,Okay for the price,"Reasonable purchase, packaging could be improved though.",Neutral,2026-03-27,TRUE
REV01521,P0021,U0439,4,Great purchase,"Superb product, using it daily without any issues.",Positive,2025-04-20,TRUE
REV01522,P0024,U0401,4,Best in this price range,"Superb product, using it daily without any issues.",Positive,2025-08-08,TRUE
REV01523,P0084,U0358,3,Could be better,"Decent quality, meets basic expectations.",Neutral,2026-01-30,TRUE
REV01524,P0258,U0490,4,Highly recommended,Very satisfied with the build quality and finish.,Positive,2026-07-18,TRUE
REV01525,P0322,U0395,5,Loved it!,"Great value for money, exactly as described.",Positive,2026-05-21,TRUE
REV01526,P0183,U0070,4,Worth every rupee,"Excellent quality and fast delivery, will buy again.",Positive,2025-05-23,TRUE
REV01527,P0286,U0041,4,Excellent quality,"Superb product, using it daily without any issues.",Positive,2025-11-12,TRUE
REV01528,P0135,U0205,4,Best in this price range,"Great value for money, exactly as described.",Positive,2025-02-28,TRUE
REV01529,P0055,U0400,3,Could be better,"Average product, does the job but nothing special.",Neutral,2026-07-30,TRUE
REV01530,P0053,U0024,3,Decent,"Reasonable purchase, packaging could be improved though.",Neutral,2026-04-20,FALSE
REV01531,P0089,U0073,4,Superb build quality,"Excellent quality and fast delivery, will buy again.",Positive,2026-05-09,TRUE
REV01532,P0263,U0318,4,Highly recommended,"Perfect for daily use, sturdy and reliable.",Positive,2026-05-26,TRUE
REV01533,P0375,U0427,5,Great purchase,"Superb product, using it daily without any issues.",Positive,2025-11-15,TRUE
REV01534,P0208,U0429,4,Amazing product!,"Excellent quality and fast delivery, will buy again.",Positive,2026-07-02,TRUE
REV01535,P0162,U0465,4,Loved it!,Very satisfied with the build quality and finish.,Positive,2025-09-29,FALSE
REV01536,P0181,U0095,3,Decent,"Reasonable purchase, packaging could be improved though.",Neutral,2025-09-25,TRUE
REV01537,P0060,U0400,3,Decent,"It's okay, not the best but not the worst either.",Neutral,2026-06-01,TRUE
REV01538,P0382,U0126,3,Decent,"Good for the price, but there is room for improvement.",Neutral,2025-10-29,TRUE
REV01539,P0336,U0041,4,Superb build quality,"Amazing battery life and performance, very happy with this purchase.",Positive,2026-05-01,TRUE
REV01540,P0286,U0075,4,Excellent quality,Works perfectly and looks great. Highly recommend to everyone.,Positive,2026-06-14,TRUE
REV01541,P0265,U0336,4,Worth every rupee,"Worth every rupee, quality exceeded my expectations.",Positive,2025-12-11,TRUE
REV01542,P0263,U0213,4,Amazing product!,Works perfectly and looks great. Highly recommend to everyone.,Positive,2025-02-28,TRUE
REV01543,P0302,U0350,2,Poor quality,"Very poor build quality, broke within a week.",Negative,2026-05-19,TRUE
REV01544,P0023,U0246,5,Best in this price range,"Superb product, using it daily without any issues.",Positive,2026-07-21,TRUE
REV01545,P0390,U0469,4,Superb build quality,"Superb product, using it daily without any issues.",Positive,2026-05-31,TRUE
REV01546,P0164,U0383,4,Great purchase,"Perfect for daily use, sturdy and reliable.",Positive,2025-11-04,TRUE
REV01547,P0022,U0352,5,Highly recommended,"Great value for money, exactly as described.",Positive,2025-10-07,TRUE
REV01548,P0314,U0052,5,Great purchase,"Amazing battery life and performance, very happy with this purchase.",Positive,2026-05-02,TRUE
REV01549,P0022,U0284,5,Best in this price range,"Worth every rupee, quality exceeded my expectations.",Positive,2026-07-17,FALSE
REV01550,P0314,U0401,4,Loved it!,"Excellent quality and fast delivery, will buy again.",Positive,2025-08-04,FALSE
REV01551,P0176,U0093,5,Excellent quality,Works perfectly and looks great. Highly recommend to everyone.,Positive,2025-11-14,TRUE
REV01552,P0293,U0012,3,Decent,"Average product, does the job but nothing special.",Neutral,2025-08-08,TRUE
REV01553,P0059,U0318,4,Superb build quality,Works perfectly and looks great. Highly recommend to everyone.,Positive,2024-11-20,TRUE
REV01554,P0198,U0149,4,Best in this price range,Works perfectly and looks great. Highly recommend to everyone.,Positive,2026-07-20,TRUE
REV01555,P0107,U0247,4,Amazing product!,Very satisfied with the build quality and finish.,Positive,2026-01-23,TRUE
REV01556,P0286,U0042,2,Not worth it,"Stopped working after a few days, would not recommend.",Negative,2026-07-27,TRUE
REV01557,P0103,U0173,2,Poor quality,"Not as described, quite disappointed with this purchase.",Negative,2026-02-07,TRUE
REV01558,P0302,U0308,2,Not worth it,"Very poor build quality, broke within a week.",Negative,2025-11-19,TRUE
REV01559,P0289,U0132,4,Loved it!,"Great value for money, exactly as described.",Positive,2025-11-27,TRUE
REV01560,P0366,U0330,4,Highly recommended,Works perfectly and looks great. Highly recommend to everyone.,Positive,2024-10-13,TRUE
REV01561,P0336,U0040,3,Okay for the price,"Decent quality, meets basic expectations.",Neutral,2026-04-26,TRUE
REV01562,P0034,U0179,4,Superb build quality,"Excellent quality and fast delivery, will buy again.",Positive,2026-01-18,TRUE
REV01563,P0321,U0126,4,Loved it!,"Worth every rupee, quality exceeded my expectations.",Positive,2025-10-13,TRUE
REV01564,P0340,U0407,4,Amazing product!,"Excellent quality and fast delivery, will buy again.",Positive,2026-03-22,TRUE
REV01565,P0156,U0223,2,Poor quality,"Overpriced for the quality offered, expected better.",Negative,2025-02-04,TRUE
REV01566,P0379,U0311,4,Amazing product!,"Amazing battery life and performance, very happy with this purchase.",Positive,2026-07-09,TRUE
REV01567,P0130,U0138,4,Great purchase,"Amazing battery life and performance, very happy with this purchase.",Positive,2025-07-14,TRUE
REV01568,P0181,U0289,3,Decent,"It's okay, not the best but not the worst either.",Neutral,2025-11-05,FALSE
REV01569,P0045,U0495,5,Highly recommended,Works perfectly and looks great. Highly recommend to everyone.,Positive,2025-06-14,TRUE
REV01570,P0186,U0125,3,Okay for the price,"Reasonable purchase, packaging could be improved though.",Neutral,2026-05-08,TRUE
REV01571,P0278,U0094,5,Superb build quality,"Worth every rupee, quality exceeded my expectations.",Positive,2026-07-21,TRUE
REV01572,P0363,U0333,4,Excellent quality,"Worth every rupee, quality exceeded my expectations.",Positive,2026-07-16,TRUE
REV01573,P0131,U0385,3,Could be better,"Reasonable purchase, packaging could be improved though.",Neutral,2025-10-08,TRUE
REV01574,P0050,U0073,3,Could be better,"It's okay, not the best but not the worst either.",Neutral,2026-01-02,TRUE
REV01575,P0035,U0459,4,Great purchase,"Perfect for daily use, sturdy and reliable.",Positive,2025-07-27,TRUE
REV01576,P0179,U0257,5,Excellent quality,"Superb product, using it daily without any issues.",Positive,2025-08-30,TRUE
REV01577,P0312,U0212,5,Best in this price range,"Great value for money, exactly as described.",Positive,2025-09-12,TRUE
REV01578,P0102,U0401,4,Worth every rupee,"Worth every rupee, quality exceeded my expectations.",Positive,2025-05-11,FALSE
REV01579,P0375,U0484,5,Best in this price range,"Great value for money, exactly as described.",Positive,2026-01-07,TRUE
REV01580,P0208,U0287,3,Decent,"Decent quality, meets basic expectations.",Neutral,2026-07-05,TRUE
REV01581,P0012,U0022,5,Great purchase,Very satisfied with the build quality and finish.,Positive,2026-01-21,TRUE
REV01582,P0329,U0247,4,Amazing product!,"Excellent quality and fast delivery, will buy again.",Positive,2026-06-01,TRUE
REV01583,P0370,U0294,4,Highly recommended,"Superb product, using it daily without any issues.",Positive,2026-05-05,TRUE
REV01584,P0058,U0278,5,Excellent quality,"Excellent quality and fast delivery, will buy again.",Positive,2026-07-29,TRUE
REV01585,P0393,U0479,3,Average product,"Good for the price, but there is room for improvement.",Neutral,2026-02-28,TRUE
REV01586,P0137,U0293,4,Great purchase,"Amazing battery life and performance, very happy with this purchase.",Positive,2026-06-19,TRUE
REV01587,P0240,U0481,5,Superb build quality,"Superb product, using it daily without any issues.",Positive,2025-01-01,FALSE
REV01588,P0373,U0128,3,Decent,"Reasonable purchase, packaging could be improved though.",Neutral,2025-11-07,TRUE
REV01589,P0389,U0126,3,Okay for the price,"Decent quality, meets basic expectations.",Neutral,2025-07-30,TRUE
REV01590,P0118,U0196,3,Okay for the price,"It's okay, not the best but not the worst either.",Neutral,2026-07-28,TRUE
REV01591,P0251,U0350,4,Excellent quality,"Worth every rupee, quality exceeded my expectations.",Positive,2026-07-30,TRUE
REV01592,P0397,U0146,4,Excellent quality,"Perfect for daily use, sturdy and reliable.",Positive,2026-03-24,TRUE
REV01593,P0318,U0225,4,Worth every rupee,"Great value for money, exactly as described.",Positive,2026-07-01,TRUE
REV01594,P0359,U0141,3,Decent,"Reasonable purchase, packaging could be improved though.",Neutral,2026-01-08,TRUE
REV01595,P0193,U0224,3,Decent,"Average product, does the job but nothing special.",Neutral,2026-07-29,TRUE
REV01596,P0178,U0087,4,Great purchase,"Perfect for daily use, sturdy and reliable.",Positive,2026-07-31,TRUE
REV01597,P0185,U0444,4,Loved it!,"Great value for money, exactly as described.",Positive,2026-01-29,TRUE
REV01598,P0105,U0128,3,Could be better,"Good for the price, but there is room for improvement.",Neutral,2025-10-19,TRUE
REV01599,P0057,U0313,4,Superb build quality,"Great value for money, exactly as described.",Positive,2026-08-04,FALSE
REV01600,P0074,U0159,4,Amazing product!,"Worth every rupee, quality exceeded my expectations.",Positive,2025-07-29,TRUE
REV01601,P0038,U0162,4,Loved it!,Very satisfied with the build quality and finish.,Positive,2026-03-19,TRUE
REV01602,P0073,U0478,3,Decent,"Reasonable purchase, packaging could be improved though.",Neutral,2026-01-04,TRUE
REV01603,P0161,U0195,3,Okay for the price,"Decent quality, meets basic expectations.",Neutral,2025-10-27,TRUE
REV01604,P0147,U0062,4,Highly recommended,"Superb product, using it daily without any issues.",Positive,2025-06-04,TRUE
REV01605,P0304,U0178,3,Okay for the price,"Average product, does the job but nothing special.",Neutral,2025-01-19,TRUE
REV01606,P0042,U0112,2,Disappointed,"Overpriced for the quality offered, expected better.",Negative,2026-06-16,TRUE
REV01607,P0076,U0193,4,Superb build quality,"Amazing battery life and performance, very happy with this purchase.",Positive,2026-04-30,TRUE
REV01608,P0395,U0441,5,Loved it!,"Excellent quality and fast delivery, will buy again.",Positive,2026-07-23,TRUE
REV01609,P0098,U0493,4,Great purchase,"Superb product, using it daily without any issues.",Positive,2025-08-05,TRUE
REV01610,P0193,U0025,4,Loved it!,"Excellent quality and fast delivery, will buy again.",Positive,2026-07-10,FALSE
REV01611,P0291,U0435,5,Highly recommended,"Excellent quality and fast delivery, will buy again.",Positive,2026-06-11,TRUE
REV01612,P0307,U0422,4,Excellent quality,"Perfect for daily use, sturdy and reliable.",Positive,2025-02-18,TRUE
REV01613,P0220,U0265,4,Best in this price range,Works perfectly and looks great. Highly recommend to everyone.,Positive,2026-07-06,TRUE
REV01614,P0045,U0074,3,Could be better,"Average product, does the job but nothing special.",Neutral,2026-05-20,TRUE
REV01615,P0192,U0470,4,Superb build quality,"Perfect for daily use, sturdy and reliable.",Positive,2025-08-01,TRUE
REV01616,P0027,U0060,5,Highly recommended,Works perfectly and looks great. Highly recommend to everyone.,Positive,2026-02-11,TRUE
REV01617,P0236,U0044,3,Decent,"It's okay, not the best but not the worst either.",Neutral,2026-04-30,TRUE
REV01618,P0101,U0401,4,Loved it!,Works perfectly and looks great. Highly recommend to everyone.,Positive,2025-05-17,TRUE
REV01619,P0275,U0241,4,Loved it!,"Worth every rupee, quality exceeded my expectations.",Positive,2026-07-23,TRUE
REV01620,P0260,U0084,3,Okay for the price,"It's okay, not the best but not the worst either.",Neutral,2024-12-26,TRUE
REV01621,P0243,U0386,4,Loved it!,Works perfectly and looks great. Highly recommend to everyone.,Positive,2026-07-24,TRUE
REV01622,P0046,U0027,3,Okay for the price,"Average product, does the job but nothing special.",Neutral,2025-09-10,TRUE
REV01623,P0297,U0320,3,Decent,"Average product, does the job but nothing special.",Neutral,2026-06-10,FALSE
REV01624,P0224,U0017,4,Best in this price range,Works perfectly and looks great. Highly recommend to everyone.,Positive,2026-05-08,TRUE
REV01625,P0037,U0078,5,Superb build quality,"Excellent quality and fast delivery, will buy again.",Positive,2026-07-22,TRUE
REV01626,P0073,U0450,4,Amazing product!,"Perfect for daily use, sturdy and reliable.",Positive,2026-08-06,TRUE
REV01627,P0175,U0282,5,Excellent quality,"Amazing battery life and performance, very happy with this purchase.",Positive,2026-07-04,TRUE
REV01628,P0136,U0160,4,Excellent quality,"Worth every rupee, quality exceeded my expectations.",Positive,2026-04-26,TRUE
REV01629,P0171,U0447,4,Highly recommended,"Amazing battery life and performance, very happy with this purchase.",Positive,2026-07-26,TRUE
REV01630,P0133,U0159,2,Below expectations,"Stopped working after a few days, would not recommend.",Negative,2025-12-09,TRUE
REV01631,P0223,U0296,4,Highly recommended,"Worth every rupee, quality exceeded my expectations.",Positive,2026-07-10,TRUE
REV01632,P0153,U0452,3,Okay for the price,"Reasonable purchase, packaging could be improved though.",Neutral,2026-01-02,TRUE
REV01633,P0216,U0169,4,Amazing product!,"Perfect for daily use, sturdy and reliable.",Positive,2026-01-10,TRUE
REV01634,P0206,U0342,5,Highly recommended,"Worth every rupee, quality exceeded my expectations.",Positive,2025-11-06,TRUE
REV01635,P0346,U0181,2,Below expectations,"Very poor build quality, broke within a week.",Negative,2026-05-20,TRUE
REV01636,P0052,U0464,3,Decent,"It's okay, not the best but not the worst either.",Neutral,2025-02-21,TRUE
REV01637,P0356,U0166,3,Average product,"Decent quality, meets basic expectations.",Neutral,2025-04-02,TRUE
REV01638,P0134,U0141,3,Decent,"Average product, does the job but nothing special.",Neutral,2026-05-06,TRUE
REV01639,P0018,U0093,2,Not worth it,"Not as described, quite disappointed with this purchase.",Negative,2026-05-07,TRUE
REV01640,P0376,U0213,3,Decent,"Good for the price, but there is room for improvement.",Neutral,2025-06-25,TRUE
REV01641,P0193,U0050,4,Amazing product!,"Perfect for daily use, sturdy and reliable.",Positive,2025-05-16,TRUE
REV01642,P0137,U0367,4,Worth every rupee,"Amazing battery life and performance, very happy with this purchase.",Positive,2026-04-23,TRUE
REV01643,P0381,U0479,4,Best in this price range,Works perfectly and looks great. Highly recommend to everyone.,Positive,2025-09-30,TRUE
REV01644,P0135,U0272,4,Loved it!,"Great value for money, exactly as described.",Positive,2026-05-31,TRUE
REV01645,P0104,U0166,5,Excellent quality,"Excellent quality and fast delivery, will buy again.",Positive,2025-09-01,TRUE
REV01646,P0313,U0492,4,Best in this price range,"Excellent quality and fast delivery, will buy again.",Positive,2026-05-16,TRUE
REV01647,P0348,U0279,5,Worth every rupee,Works perfectly and looks great. Highly recommend to everyone.,Positive,2025-11-02,TRUE
REV01648,P0300,U0138,5,Worth every rupee,Works perfectly and looks great. Highly recommend to everyone.,Positive,2025-07-12,TRUE
REV01649,P0256,U0403,5,Highly recommended,"Amazing battery life and performance, very happy with this purchase.",Positive,2026-02-21,TRUE
REV01650,P0399,U0424,5,Best in this price range,"Worth every rupee, quality exceeded my expectations.",Positive,2026-08-06,TRUE
REV01651,P0104,U0452,5,Excellent quality,"Excellent quality and fast delivery, will buy again.",Positive,2025-12-31,TRUE
REV01652,P0054,U0329,3,Okay for the price,"Good for the price, but there is room for improvement.",Neutral,2026-02-28,TRUE
REV01653,P0243,U0204,5,Best in this price range,"Worth every rupee, quality exceeded my expectations.",Positive,2026-03-18,TRUE
REV01654,P0348,U0414,5,Amazing product!,"Excellent quality and fast delivery, will buy again.",Positive,2026-03-13,TRUE
REV01655,P0279,U0268,5,Highly recommended,"Perfect for daily use, sturdy and reliable.",Positive,2026-07-09,TRUE
REV01656,P0296,U0245,3,Okay for the price,"Decent quality, meets basic expectations.",Neutral,2026-05-20,TRUE
REV01657,P0328,U0054,4,Highly recommended,Very satisfied with the build quality and finish.,Positive,2026-04-14,TRUE
REV01658,P0176,U0282,4,Best in this price range,"Amazing battery life and performance, very happy with this purchase.",Positive,2026-04-16,TRUE
REV01659,P0367,U0058,3,Average product,"It's okay, not the best but not the worst either.",Neutral,2026-08-03,TRUE
REV01660,P0318,U0121,4,Worth every rupee,"Excellent quality and fast delivery, will buy again.",Positive,2026-06-07,TRUE
REV01661,P0384,U0050,3,Average product,"It's okay, not the best but not the worst either.",Neutral,2025-07-07,TRUE
REV01662,P0100,U0279,4,Worth every rupee,"Worth every rupee, quality exceeded my expectations.",Positive,2026-02-03,TRUE
REV01663,P0331,U0464,4,Loved it!,"Great value for money, exactly as described.",Positive,2026-02-27,TRUE
REV01664,P0400,U0384,4,Superb build quality,"Great value for money, exactly as described.",Positive,2026-01-02,TRUE
REV01665,P0211,U0070,3,Could be better,"Average product, does the job but nothing special.",Neutral,2026-01-24,TRUE
REV01666,P0163,U0173,5,Excellent quality,"Superb product, using it daily without any issues.",Positive,2025-09-28,TRUE
REV01667,P0198,U0130,4,Worth every rupee,"Excellent quality and fast delivery, will buy again.",Positive,2026-05-10,TRUE
REV01668,P0178,U0250,5,Great purchase,"Amazing battery life and performance, very happy with this purchase.",Positive,2026-03-28,FALSE
REV01669,P0186,U0005,3,Could be better,"Decent quality, meets basic expectations.",Neutral,2026-08-06,FALSE
REV01670,P0288,U0325,4,Great purchase,"Perfect for daily use, sturdy and reliable.",Positive,2026-03-13,TRUE
REV01671,P0140,U0251,4,Amazing product!,Works perfectly and looks great. Highly recommend to everyone.,Positive,2026-02-06,TRUE
REV01672,P0382,U0139,2,Not worth it,"Packaging was damaged when it arrived, quality control issue.",Negative,2025-08-04,TRUE
REV01673,P0093,U0287,5,Excellent quality,Works perfectly and looks great. Highly recommend to everyone.,Positive,2026-07-11,TRUE
REV01674,P0275,U0310,5,Highly recommended,Very satisfied with the build quality and finish.,Positive,2026-07-13,TRUE
REV01675,P0378,U0238,5,Great purchase,Very satisfied with the build quality and finish.,Positive,2026-03-18,TRUE
REV01676,P0384,U0359,4,Amazing product!,Very satisfied with the build quality and finish.,Positive,2025-05-15,FALSE
REV01677,P0035,U0009,3,Could be better,"Average product, does the job but nothing special.",Neutral,2026-02-18,TRUE
REV01678,P0116,U0444,5,Superb build quality,"Amazing battery life and performance, very happy with this purchase.",Positive,2026-04-20,TRUE
REV01679,P0220,U0082,4,Best in this price range,"Excellent quality and fast delivery, will buy again.",Positive,2026-06-06,TRUE
REV01680,P0303,U0389,3,Decent,"Decent quality, meets basic expectations.",Neutral,2026-04-03,FALSE
REV01681,P0008,U0115,4,Superb build quality,"Perfect for daily use, sturdy and reliable.",Positive,2025-11-06,TRUE
REV01682,P0217,U0060,3,Okay for the price,"Decent quality, meets basic expectations.",Neutral,2026-07-27,TRUE
REV01683,P0343,U0382,4,Worth every rupee,"Great value for money, exactly as described.",Positive,2026-06-05,TRUE
REV01684,P0087,U0297,2,Not worth it,"Very poor build quality, broke within a week.",Negative,2026-07-19,TRUE
REV01685,P0132,U0444,3,Could be better,"Average product, does the job but nothing special.",Neutral,2025-09-03,FALSE
REV01686,P0171,U0179,4,Excellent quality,Works perfectly and looks great. Highly recommend to everyone.,Positive,2026-06-11,TRUE
REV01687,P0147,U0216,2,Poor quality,"Packaging was damaged when it arrived, quality control issue.",Negative,2025-09-15,TRUE
REV01688,P0260,U0341,2,Not worth it,"Packaging was damaged when it arrived, quality control issue.",Negative,2025-02-10,TRUE
REV01689,P0186,U0200,3,Okay for the price,"Decent quality, meets basic expectations.",Neutral,2026-04-27,TRUE
REV01690,P0059,U0066,5,Great purchase,"Great value for money, exactly as described.",Positive,2024-12-05,TRUE
REV01691,P0128,U0257,3,Okay for the price,"Good for the price, but there is room for improvement.",Neutral,2025-12-10,TRUE
REV01692,P0172,U0396,2,Not worth it,"Battery drains quickly, not satisfied with performance.",Negative,2026-01-05,TRUE
REV01693,P0275,U0052,4,Amazing product!,"Superb product, using it daily without any issues.",Positive,2026-05-27,TRUE
REV01694,P0104,U0053,3,Okay for the price,"Good for the price, but there is room for improvement.",Neutral,2026-07-22,TRUE
REV01695,P0159,U0159,3,Could be better,"Good for the price, but there is room for improvement.",Neutral,2025-09-09,TRUE
REV01696,P0141,U0441,3,Average product,"Good for the price, but there is room for improvement.",Neutral,2025-08-26,TRUE
REV01697,P0241,U0044,3,Okay for the price,"Decent quality, meets basic expectations.",Neutral,2026-06-14,TRUE
REV01698,P0394,U0428,4,Worth every rupee,"Perfect for daily use, sturdy and reliable.",Positive,2025-11-15,TRUE
REV01699,P0260,U0144,2,Poor quality,"Battery drains quickly, not satisfied with performance.",Negative,2025-11-25,TRUE
REV01700,P0152,U0134,5,Superb build quality,"Excellent quality and fast delivery, will buy again.",Positive,2026-04-30,TRUE
REV01701,P0037,U0408,4,Loved it!,"Perfect for daily use, sturdy and reliable.",Positive,2026-05-02,TRUE
REV01702,P0030,U0395,5,Superb build quality,"Excellent quality and fast delivery, will buy again.",Positive,2026-07-11,TRUE
REV01703,P0118,U0168,3,Could be better,"Reasonable purchase, packaging could be improved though.",Neutral,2026-07-28,TRUE
REV01704,P0159,U0286,3,Decent,"It's okay, not the best but not the worst either.",Neutral,2026-03-19,TRUE
REV01705,P0375,U0182,5,Best in this price range,Works perfectly and looks great. Highly recommend to everyone.,Positive,2026-05-03,TRUE
REV01706,P0184,U0271,3,Okay for the price,"Decent quality, meets basic expectations.",Neutral,2026-06-06,TRUE
REV01707,P0082,U0329,3,Decent,"Average product, does the job but nothing special.",Neutral,2026-07-30,TRUE
REV01708,P0185,U0234,3,Decent,"Reasonable purchase, packaging could be improved though.",Neutral,2026-07-28,FALSE
REV01709,P0126,U0488,3,Could be better,"It's okay, not the best but not the worst either.",Neutral,2025-09-07,TRUE
REV01710,P0248,U0413,3,Decent,"Good for the price, but there is room for improvement.",Neutral,2026-07-10,TRUE
REV01711,P0337,U0182,5,Superb build quality,"Perfect for daily use, sturdy and reliable.",Positive,2025-07-25,TRUE
REV01712,P0103,U0041,2,Not worth it,"Very poor build quality, broke within a week.",Negative,2026-04-28,TRUE
REV01713,P0041,U0377,4,Best in this price range,"Superb product, using it daily without any issues.",Positive,2026-07-21,TRUE
REV01714,P0256,U0190,5,Excellent quality,Very satisfied with the build quality and finish.,Positive,2025-06-08,TRUE
REV01715,P0135,U0378,3,Okay for the price,"Reasonable purchase, packaging could be improved though.",Neutral,2026-07-28,TRUE
REV01716,P0050,U0356,4,Loved it!,"Superb product, using it daily without any issues.",Positive,2025-12-30,TRUE
REV01717,P0068,U0310,4,Highly recommended,"Excellent quality and fast delivery, will buy again.",Positive,2026-06-18,TRUE
REV01718,P0065,U0223,5,Best in this price range,Very satisfied with the build quality and finish.,Positive,2026-02-25,TRUE
REV01719,P0040,U0433,3,Okay for the price,"It's okay, not the best but not the worst either.",Neutral,2026-04-26,TRUE
REV01720,P0246,U0430,4,Excellent quality,"Perfect for daily use, sturdy and reliable.",Positive,2025-10-28,TRUE
REV01721,P0070,U0181,5,Highly recommended,"Worth every rupee, quality exceeded my expectations.",Positive,2026-02-23,FALSE
REV01722,P0284,U0062,3,Could be better,"Good for the price, but there is room for improvement.",Neutral,2026-01-27,TRUE
REV01723,P0125,U0310,2,Not worth it,"Stopped working after a few days, would not recommend.",Negative,2026-07-20,TRUE
REV01724,P0349,U0492,3,Decent,"It's okay, not the best but not the worst either.",Neutral,2026-01-22,TRUE
REV01725,P0322,U0466,4,Loved it!,Works perfectly and looks great. Highly recommend to everyone.,Positive,2026-07-27,TRUE
REV01726,P0275,U0317,4,Loved it!,Very satisfied with the build quality and finish.,Positive,2026-04-22,TRUE
REV01727,P0221,U0172,3,Okay for the price,"Average product, does the job but nothing special.",Neutral,2026-07-24,TRUE
REV01728,P0217,U0332,4,Amazing product!,Works perfectly and looks great. Highly recommend to everyone.,Positive,2025-09-14,TRUE
REV01729,P0044,U0389,5,Worth every rupee,Works perfectly and looks great. Highly recommend to everyone.,Positive,2026-06-25,TRUE
REV01730,P0310,U0350,4,Excellent quality,"Perfect for daily use, sturdy and reliable.",Positive,2026-04-20,TRUE
REV01731,P0273,U0191,4,Worth every rupee,Very satisfied with the build quality and finish.,Positive,2025-12-19,TRUE
REV01732,P0340,U0296,4,Superb build quality,"Excellent quality and fast delivery, will buy again.",Positive,2026-07-26,TRUE
REV01733,P0203,U0261,3,Could be better,"Decent quality, meets basic expectations.",Neutral,2026-08-04,TRUE
REV01734,P0053,U0437,5,Worth every rupee,"Great value for money, exactly as described.",Positive,2026-07-24,FALSE
REV01735,P0072,U0385,4,Excellent quality,Works perfectly and looks great. Highly recommend to everyone.,Positive,2026-04-16,TRUE
REV01736,P0114,U0244,2,Waste of money,"Very poor build quality, broke within a week.",Negative,2025-03-06,FALSE
REV01737,P0180,U0250,4,Worth every rupee,"Worth every rupee, quality exceeded my expectations.",Positive,2026-06-09,TRUE
REV01738,P0054,U0400,4,Worth every rupee,"Great value for money, exactly as described.",Positive,2026-07-16,TRUE
REV01739,P0232,U0210,3,Could be better,"Good for the price, but there is room for improvement.",Neutral,2025-02-05,TRUE
REV01740,P0260,U0274,3,Decent,"Decent quality, meets basic expectations.",Neutral,2025-10-14,TRUE
REV01741,P0347,U0350,4,Great purchase,"Excellent quality and fast delivery, will buy again.",Positive,2025-10-08,TRUE
REV01742,P0305,U0115,4,Excellent quality,Works perfectly and looks great. Highly recommend to everyone.,Positive,2026-07-21,TRUE
REV01743,P0323,U0050,4,Loved it!,Very satisfied with the build quality and finish.,Positive,2025-11-14,TRUE
REV01744,P0228,U0282,4,Excellent quality,"Superb product, using it daily without any issues.",Positive,2026-05-05,TRUE
REV01745,P0274,U0408,5,Worth every rupee,"Superb product, using it daily without any issues.",Positive,2026-06-26,TRUE
REV01746,P0202,U0390,4,Best in this price range,"Worth every rupee, quality exceeded my expectations.",Positive,2025-04-24,TRUE
REV01747,P0343,U0224,4,Great purchase,"Amazing battery life and performance, very happy with this purchase.",Positive,2026-05-18,TRUE
REV01748,P0010,U0316,4,Worth every rupee,"Great value for money, exactly as described.",Positive,2026-02-17,TRUE
REV01749,P0069,U0044,3,Average product,"Good for the price, but there is room for improvement.",Neutral,2026-07-12,FALSE
REV01750,P0321,U0097,4,Excellent quality,"Amazing battery life and performance, very happy with this purchase.",Positive,2026-06-09,TRUE
REV01751,P0230,U0263,5,Amazing product!,"Amazing battery life and performance, very happy with this purchase.",Positive,2025-10-28,TRUE
REV01752,P0013,U0068,5,Great purchase,Very satisfied with the build quality and finish.,Positive,2026-08-06,TRUE
REV01753,P0219,U0480,4,Excellent quality,"Amazing battery life and performance, very happy with this purchase.",Positive,2026-06-11,TRUE
REV01754,P0126,U0330,4,Amazing product!,"Great value for money, exactly as described.",Positive,2024-11-09,TRUE
REV01755,P0242,U0408,3,Could be better,"Good for the price, but there is room for improvement.",Neutral,2026-01-30,TRUE
REV01756,P0086,U0332,4,Best in this price range,"Superb product, using it daily without any issues.",Positive,2026-02-16,TRUE
REV01757,P0316,U0356,4,Loved it!,Very satisfied with the build quality and finish.,Positive,2026-03-18,TRUE
REV01758,P0256,U0484,4,Superb build quality,"Amazing battery life and performance, very happy with this purchase.",Positive,2026-04-17,TRUE
REV01759,P0084,U0095,3,Okay for the price,"Decent quality, meets basic expectations.",Neutral,2026-02-26,TRUE
REV01760,P0229,U0447,3,Okay for the price,"Decent quality, meets basic expectations.",Neutral,2025-09-23,TRUE
REV01761,P0003,U0234,5,Great purchase,"Amazing battery life and performance, very happy with this purchase.",Positive,2026-07-27,TRUE
REV01762,P0187,U0160,3,Decent,"Average product, does the job but nothing special.",Neutral,2026-05-30,TRUE
REV01763,P0099,U0341,4,Superb build quality,"Amazing battery life and performance, very happy with this purchase.",Positive,2025-09-06,TRUE
REV01764,P0141,U0196,5,Worth every rupee,"Worth every rupee, quality exceeded my expectations.",Positive,2026-06-26,TRUE
REV01765,P0274,U0117,4,Great purchase,"Worth every rupee, quality exceeded my expectations.",Positive,2026-03-09,TRUE
REV01766,P0206,U0400,5,Loved it!,"Perfect for daily use, sturdy and reliable.",Positive,2026-06-19,FALSE
REV01767,P0240,U0367,3,Okay for the price,"Decent quality, meets basic expectations.",Neutral,2025-02-19,TRUE
REV01768,P0009,U0451,4,Best in this price range,"Worth every rupee, quality exceeded my expectations.",Positive,2026-08-03,FALSE
REV01769,P0240,U0170,4,Worth every rupee,"Great value for money, exactly as described.",Positive,2025-07-20,TRUE
REV01770,P0032,U0205,3,Okay for the price,"It's okay, not the best but not the worst either.",Neutral,2026-08-03,TRUE
REV01771,P0213,U0400,4,Superb build quality,"Superb product, using it daily without any issues.",Positive,2026-07-07,FALSE
REV01772,P0067,U0288,3,Could be better,"It's okay, not the best but not the worst either.",Neutral,2025-07-03,TRUE
REV01773,P0062,U0040,5,Great purchase,"Amazing battery life and performance, very happy with this purchase.",Positive,2025-12-18,FALSE
REV01774,P0364,U0350,5,Superb build quality,"Amazing battery life and performance, very happy with this purchase.",Positive,2026-05-27,TRUE
REV01775,P0123,U0381,4,Highly recommended,"Great value for money, exactly as described.",Positive,2025-09-20,TRUE
REV01776,P0288,U0157,4,Highly recommended,Works perfectly and looks great. Highly recommend to everyone.,Positive,2025-12-13,TRUE
REV01777,P0190,U0284,4,Best in this price range,Works perfectly and looks great. Highly recommend to everyone.,Positive,2026-07-19,TRUE
REV01778,P0077,U0188,2,Disappointed,"Stopped working after a few days, would not recommend.",Negative,2026-06-07,TRUE
REV01779,P0055,U0425,4,Superb build quality,"Perfect for daily use, sturdy and reliable.",Positive,2026-07-29,TRUE
REV01780,P0009,U0464,4,Loved it!,"Perfect for daily use, sturdy and reliable.",Positive,2026-06-18,TRUE
REV01781,P0176,U0028,5,Great purchase,"Perfect for daily use, sturdy and reliable.",Positive,2025-07-04,FALSE
REV01782,P0224,U0289,4,Best in this price range,"Perfect for daily use, sturdy and reliable.",Positive,2026-04-19,TRUE
REV01783,P0134,U0367,3,Average product,"Good for the price, but there is room for improvement.",Neutral,2026-03-04,TRUE
REV01784,P0092,U0179,3,Could be better,"It's okay, not the best but not the worst either.",Neutral,2025-04-09,TRUE
REV01785,P0351,U0260,4,Worth every rupee,"Worth every rupee, quality exceeded my expectations.",Positive,2026-08-06,TRUE
REV01786,P0007,U0428,5,Amazing product!,"Worth every rupee, quality exceeded my expectations.",Positive,2026-04-16,TRUE
REV01787,P0044,U0269,4,Great purchase,"Worth every rupee, quality exceeded my expectations.",Positive,2026-05-30,TRUE
REV01788,P0151,U0408,3,Could be better,"Average product, does the job but nothing special.",Neutral,2026-04-27,TRUE
REV01789,P0153,U0271,4,Highly recommended,"Perfect for daily use, sturdy and reliable.",Positive,2025-07-16,TRUE
REV01790,P0400,U0052,4,Excellent quality,"Great value for money, exactly as described.",Positive,2026-01-16,TRUE
REV01791,P0372,U0361,4,Highly recommended,Works perfectly and looks great. Highly recommend to everyone.,Positive,2026-06-27,TRUE
REV01792,P0069,U0330,4,Great purchase,"Great value for money, exactly as described.",Positive,2026-02-26,TRUE
REV01793,P0361,U0221,4,Highly recommended,"Perfect for daily use, sturdy and reliable.",Positive,2026-08-01,TRUE
REV01794,P0290,U0311,3,Average product,"Reasonable purchase, packaging could be improved though.",Neutral,2026-07-14,TRUE
REV01795,P0335,U0062,4,Excellent quality,Very satisfied with the build quality and finish.,Positive,2025-11-07,TRUE
REV01796,P0170,U0293,4,Worth every rupee,"Superb product, using it daily without any issues.",Positive,2026-07-02,TRUE
REV01797,P0290,U0493,3,Decent,"Decent quality, meets basic expectations.",Neutral,2026-06-28,TRUE
REV01798,P0299,U0329,5,Worth every rupee,Works perfectly and looks great. Highly recommend to everyone.,Positive,2025-06-11,TRUE
REV01799,P0138,U0206,4,Great purchase,Works perfectly and looks great. Highly recommend to everyone.,Positive,2025-03-14,TRUE
REV01800,P0156,U0052,3,Okay for the price,"Average product, does the job but nothing special.",Neutral,2026-02-12,TRUE
REV01801,P0175,U0182,5,Amazing product!,"Perfect for daily use, sturdy and reliable.",Positive,2026-07-26,TRUE
REV01802,P0085,U0171,4,Excellent quality,"Perfect for daily use, sturdy and reliable.",Positive,2026-06-22,TRUE
REV01803,P0049,U0078,4,Worth every rupee,"Perfect for daily use, sturdy and reliable.",Positive,2026-05-29,TRUE
REV01804,P0036,U0201,3,Okay for the price,"Good for the price, but there is room for improvement.",Neutral,2026-04-08,FALSE
REV01805,P0012,U0256,3,Could be better,"It's okay, not the best but not the worst either.",Neutral,2026-06-15,TRUE
REV01806,P0088,U0300,4,Excellent quality,"Perfect for daily use, sturdy and reliable.",Positive,2026-07-24,TRUE
REV01807,P0314,U0068,4,Excellent quality,Very satisfied with the build quality and finish.,Positive,2026-08-06,TRUE
REV01808,P0211,U0320,3,Average product,"Good for the price, but there is room for improvement.",Neutral,2026-07-16,TRUE
REV01809,P0211,U0169,3,Average product,"Decent quality, meets basic expectations.",Neutral,2026-03-18,TRUE
REV01810,P0185,U0175,4,Loved it!,Works perfectly and looks great. Highly recommend to everyone.,Positive,2026-03-06,TRUE
REV01811,P0101,U0128,4,Superb build quality,"Great value for money, exactly as described.",Positive,2026-07-02,TRUE
REV01812,P0078,U0325,2,Below expectations,"Battery drains quickly, not satisfied with performance.",Negative,2025-07-05,TRUE
REV01813,P0080,U0242,3,Decent,"Good for the price, but there is room for improvement.",Neutral,2026-05-14,TRUE
REV01814,P0258,U0465,4,Loved it!,"Excellent quality and fast delivery, will buy again.",Positive,2025-10-27,TRUE
REV01815,P0226,U0415,4,Excellent quality,"Excellent quality and fast delivery, will buy again.",Positive,2025-05-06,TRUE
REV01816,P0207,U0245,4,Great purchase,"Worth every rupee, quality exceeded my expectations.",Positive,2025-08-16,TRUE
REV01817,P0172,U0257,3,Okay for the price,"Decent quality, meets basic expectations.",Neutral,2025-11-12,TRUE
REV01818,P0262,U0410,5,Great purchase,"Superb product, using it daily without any issues.",Positive,2026-01-30,FALSE
REV01819,P0004,U0068,2,Waste of money,"Very poor build quality, broke within a week.",Negative,2026-08-06,TRUE
REV01820,P0039,U0169,5,Excellent quality,"Superb product, using it daily without any issues.",Positive,2026-04-29,TRUE
REV01821,P0099,U0089,3,Average product,"Decent quality, meets basic expectations.",Neutral,2026-01-09,TRUE
REV01822,P0111,U0304,5,Excellent quality,Works perfectly and looks great. Highly recommend to everyone.,Positive,2026-07-11,TRUE
REV01823,P0389,U0194,4,Superb build quality,"Superb product, using it daily without any issues.",Positive,2026-01-21,TRUE
REV01824,P0234,U0130,4,Excellent quality,"Worth every rupee, quality exceeded my expectations.",Positive,2026-03-06,FALSE
REV01825,P0100,U0383,3,Decent,"Decent quality, meets basic expectations.",Neutral,2025-10-29,TRUE
REV01826,P0369,U0296,4,Worth every rupee,"Excellent quality and fast delivery, will buy again.",Positive,2026-07-11,TRUE
REV01827,P0049,U0070,4,Great purchase,"Worth every rupee, quality exceeded my expectations.",Positive,2025-01-26,TRUE
REV01828,P0387,U0340,5,Superb build quality,Works perfectly and looks great. Highly recommend to everyone.,Positive,2026-01-02,FALSE
REV01829,P0007,U0213,5,Highly recommended,Very satisfied with the build quality and finish.,Positive,2025-08-30,TRUE
REV01830,P0229,U0449,3,Decent,"Good for the price, but there is room for improvement.",Neutral,2026-07-07,TRUE
REV01831,P0360,U0083,2,Disappointed,"Stopped working after a few days, would not recommend.",Negative,2026-06-18,TRUE
REV01832,P0131,U0374,4,Amazing product!,"Excellent quality and fast delivery, will buy again.",Positive,2026-01-03,TRUE
REV01833,P0157,U0182,4,Great purchase,"Worth every rupee, quality exceeded my expectations.",Positive,2026-01-22,TRUE
REV01834,P0221,U0020,3,Decent,"Good for the price, but there is room for improvement.",Neutral,2026-05-04,TRUE
REV01835,P0007,U0422,5,Excellent quality,Very satisfied with the build quality and finish.,Positive,2026-07-11,TRUE
REV01836,P0106,U0243,5,Highly recommended,"Perfect for daily use, sturdy and reliable.",Positive,2026-05-21,TRUE
REV01837,P0330,U0030,4,Highly recommended,"Amazing battery life and performance, very happy with this purchase.",Positive,2025-09-11,TRUE
REV01838,P0139,U0286,4,Amazing product!,"Superb product, using it daily without any issues.",Positive,2025-10-08,TRUE
REV01839,P0310,U0430,3,Okay for the price,"Decent quality, meets basic expectations.",Neutral,2026-04-11,TRUE
REV01840,P0214,U0283,4,Highly recommended,"Excellent quality and fast delivery, will buy again.",Positive,2026-06-20,TRUE
REV01841,P0255,U0210,5,Highly recommended,Very satisfied with the build quality and finish.,Positive,2025-06-24,TRUE
REV01842,P0379,U0383,5,Highly recommended,"Superb product, using it daily without any issues.",Positive,2025-07-03,TRUE
REV01843,P0062,U0346,5,Highly recommended,"Great value for money, exactly as described.",Positive,2026-03-23,TRUE
REV01844,P0152,U0105,3,Average product,"Reasonable purchase, packaging could be improved though.",Neutral,2026-07-27,TRUE
REV01845,P0146,U0422,4,Superb build quality,Works perfectly and looks great. Highly recommend to everyone.,Positive,2026-01-13,TRUE
REV01846,P0315,U0348,4,Highly recommended,"Amazing battery life and performance, very happy with this purchase.",Positive,2026-05-20,TRUE
REV01847,P0305,U0074,5,Great purchase,"Superb product, using it daily without any issues.",Positive,2026-07-22,TRUE
REV01848,P0326,U0401,4,Amazing product!,"Great value for money, exactly as described.",Positive,2026-04-18,TRUE
REV01849,P0323,U0243,5,Amazing product!,"Perfect for daily use, sturdy and reliable.",Positive,2026-06-04,TRUE
REV01850,P0390,U0182,4,Best in this price range,"Amazing battery life and performance, very happy with this purchase.",Positive,2025-12-15,TRUE
REV01851,P0237,U0235,3,Decent,"Average product, does the job but nothing special.",Neutral,2026-07-30,TRUE
REV01852,P0287,U0012,2,Below expectations,"Not as described, quite disappointed with this purchase.",Negative,2026-05-15,TRUE
REV01853,P0181,U0428,3,Decent,"It's okay, not the best but not the worst either.",Neutral,2026-01-07,TRUE
REV01854,P0095,U0330,2,Waste of money,"Very poor build quality, broke within a week.",Negative,2025-07-29,TRUE
REV01855,P0019,U0462,2,Waste of money,"Overpriced for the quality offered, expected better.",Negative,2025-10-18,FALSE
REV01856,P0092,U0161,5,Worth every rupee,Very satisfied with the build quality and finish.,Positive,2026-08-04,TRUE
REV01857,P0211,U0224,3,Average product,"It's okay, not the best but not the worst either.",Neutral,2026-05-01,TRUE
REV01858,P0123,U0022,3,Could be better,"Reasonable purchase, packaging could be improved though.",Neutral,2026-06-09,TRUE
REV01859,P0004,U0291,5,Amazing product!,"Perfect for daily use, sturdy and reliable.",Positive,2026-07-06,TRUE
REV01860,P0121,U0390,4,Loved it!,"Perfect for daily use, sturdy and reliable.",Positive,2025-11-25,TRUE
REV01861,P0139,U0272,4,Excellent quality,"Amazing battery life and performance, very happy with this purchase.",Positive,2026-07-11,TRUE
REV01862,P0229,U0293,4,Loved it!,"Perfect for daily use, sturdy and reliable.",Positive,2026-08-04,TRUE
REV01863,P0242,U0029,3,Okay for the price,"Average product, does the job but nothing special.",Neutral,2026-05-29,TRUE
REV01864,P0176,U0095,5,Amazing product!,"Worth every rupee, quality exceeded my expectations.",Positive,2025-08-01,TRUE
REV01865,P0199,U0115,3,Decent,"Good for the price, but there is room for improvement.",Neutral,2025-10-13,TRUE
REV01866,P0040,U0058,4,Highly recommended,"Excellent quality and fast delivery, will buy again.",Positive,2026-03-25,TRUE
REV01867,P0012,U0252,4,Great purchase,"Perfect for daily use, sturdy and reliable.",Positive,2026-04-25,TRUE
REV01868,P0361,U0003,4,Best in this price range,"Amazing battery life and performance, very happy with this purchase.",Positive,2025-07-03,TRUE
REV01869,P0169,U0288,4,Worth every rupee,"Superb product, using it daily without any issues.",Positive,2026-05-29,TRUE
REV01870,P0265,U0224,5,Superb build quality,Very satisfied with the build quality and finish.,Positive,2026-07-23,TRUE
REV01871,P0395,U0178,4,Excellent quality,Works perfectly and looks great. Highly recommend to everyone.,Positive,2025-10-27,TRUE
REV01872,P0159,U0455,3,Decent,"Reasonable purchase, packaging could be improved though.",Neutral,2026-07-23,TRUE
REV01873,P0211,U0441,4,Great purchase,Works perfectly and looks great. Highly recommend to everyone.,Positive,2024-10-07,TRUE
REV01874,P0141,U0210,5,Superb build quality,"Excellent quality and fast delivery, will buy again.",Positive,2024-10-19,TRUE
REV01875,P0312,U0123,5,Best in this price range,Very satisfied with the build quality and finish.,Positive,2026-01-22,TRUE
REV01876,P0324,U0367,3,Decent,"Decent quality, meets basic expectations.",Neutral,2025-11-09,TRUE
REV01877,P0147,U0078,4,Amazing product!,"Great value for money, exactly as described.",Positive,2026-07-10,FALSE
REV01878,P0171,U0191,3,Decent,"Reasonable purchase, packaging could be improved though.",Neutral,2026-04-07,TRUE
REV01879,P0072,U0070,5,Great purchase,"Great value for money, exactly as described.",Positive,2026-03-30,TRUE
REV01880,P0162,U0079,4,Amazing product!,"Great value for money, exactly as described.",Positive,2026-01-09,TRUE
REV01881,P0399,U0452,3,Okay for the price,"Average product, does the job but nothing special.",Neutral,2025-08-04,TRUE
REV01882,P0300,U0324,4,Loved it!,"Great value for money, exactly as described.",Positive,2025-12-01,FALSE
REV01883,P0360,U0102,3,Could be better,"Decent quality, meets basic expectations.",Neutral,2026-02-23,TRUE
REV01884,P0216,U0480,3,Could be better,"It's okay, not the best but not the worst either.",Neutral,2026-07-07,FALSE
REV01885,P0320,U0104,4,Loved it!,Very satisfied with the build quality and finish.,Positive,2026-05-26,TRUE
REV01886,P0336,U0256,4,Great purchase,"Great value for money, exactly as described.",Positive,2025-11-10,FALSE
REV01887,P0101,U0491,4,Superb build quality,"Amazing battery life and performance, very happy with this purchase.",Positive,2026-07-30,TRUE
REV01888,P0144,U0137,3,Okay for the price,"Reasonable purchase, packaging could be improved though.",Neutral,2026-08-06,TRUE
REV01889,P0077,U0161,2,Below expectations,"Battery drains quickly, not satisfied with performance.",Negative,2026-08-05,TRUE
REV01890,P0300,U0191,5,Excellent quality,Very satisfied with the build quality and finish.,Positive,2025-11-29,TRUE
REV01891,P0394,U0151,3,Okay for the price,"Reasonable purchase, packaging could be improved though.",Neutral,2026-04-28,FALSE
REV01892,P0046,U0380,3,Decent,"Average product, does the job but nothing special.",Neutral,2026-02-02,TRUE
REV01893,P0273,U0319,3,Could be better,"It's okay, not the best but not the worst either.",Neutral,2026-08-06,TRUE
REV01894,P0345,U0173,5,Excellent quality,"Amazing battery life and performance, very happy with this purchase.",Positive,2026-01-06,TRUE
REV01895,P0078,U0221,3,Could be better,"It's okay, not the best but not the worst either.",Neutral,2026-07-05,TRUE
REV01896,P0013,U0436,3,Average product,"It's okay, not the best but not the worst either.",Neutral,2025-12-19,TRUE
REV01897,P0019,U0004,4,Loved it!,"Perfect for daily use, sturdy and reliable.",Positive,2026-07-25,TRUE
REV01898,P0103,U0423,3,Decent,"Average product, does the job but nothing special.",Neutral,2026-05-04,TRUE
REV01899,P0258,U0334,4,Worth every rupee,"Superb product, using it daily without any issues.",Positive,2025-11-08,TRUE
REV01900,P0302,U0400,3,Decent,"Reasonable purchase, packaging could be improved though.",Neutral,2026-05-30,TRUE
REV01901,P0019,U0018,3,Could be better,"Decent quality, meets basic expectations.",Neutral,2026-04-05,TRUE
REV01902,P0302,U0163,3,Okay for the price,"It's okay, not the best but not the worst either.",Neutral,2026-06-25,TRUE
REV01903,P0386,U0074,4,Excellent quality,"Worth every rupee, quality exceeded my expectations.",Positive,2026-05-06,FALSE
REV01904,P0320,U0078,4,Loved it!,"Superb product, using it daily without any issues.",Positive,2026-07-28,TRUE
REV01905,P0099,U0126,3,Could be better,"Good for the price, but there is room for improvement.",Neutral,2026-03-22,TRUE
REV01906,P0007,U0247,4,Worth every rupee,"Perfect for daily use, sturdy and reliable.",Positive,2026-06-01,TRUE
REV01907,P0162,U0428,4,Best in this price range,Very satisfied with the build quality and finish.,Positive,2026-04-25,FALSE
REV01908,P0019,U0319,4,Loved it!,Works perfectly and looks great. Highly recommend to everyone.,Positive,2026-08-06,TRUE
REV01909,P0088,U0273,4,Best in this price range,"Superb product, using it daily without any issues.",Positive,2025-12-27,TRUE
REV01910,P0321,U0346,3,Average product,"Reasonable purchase, packaging could be improved though.",Neutral,2026-07-08,TRUE
REV01911,P0198,U0256,4,Amazing product!,"Perfect for daily use, sturdy and reliable.",Positive,2025-11-24,TRUE
REV01912,P0167,U0443,2,Below expectations,"Not as described, quite disappointed with this purchase.",Negative,2025-09-08,TRUE
REV01913,P0387,U0294,5,Worth every rupee,"Perfect for daily use, sturdy and reliable.",Positive,2026-04-30,TRUE
REV01914,P0280,U0087,5,Great purchase,Very satisfied with the build quality and finish.,Positive,2026-07-26,TRUE
REV01915,P0362,U0262,4,Highly recommended,"Great value for money, exactly as described.",Positive,2026-08-04,TRUE
REV01916,P0328,U0102,4,Great purchase,Works perfectly and looks great. Highly recommend to everyone.,Positive,2025-12-15,TRUE
REV01917,P0380,U0456,4,Superb build quality,Very satisfied with the build quality and finish.,Positive,2025-06-20,TRUE
REV01918,P0104,U0116,4,Best in this price range,Works perfectly and looks great. Highly recommend to everyone.,Positive,2025-10-08,TRUE
REV01919,P0238,U0493,4,Great purchase,"Perfect for daily use, sturdy and reliable.",Positive,2026-01-14,TRUE
REV01920,P0296,U0323,5,Highly recommended,"Excellent quality and fast delivery, will buy again.",Positive,2025-09-11,TRUE
REV01921,P0047,U0483,4,Superb build quality,"Worth every rupee, quality exceeded my expectations.",Positive,2025-10-13,TRUE
REV01922,P0250,U0191,4,Loved it!,"Excellent quality and fast delivery, will buy again.",Positive,2025-01-02,TRUE
REV01923,P0065,U0376,5,Highly recommended,"Perfect for daily use, sturdy and reliable.",Positive,2026-07-21,TRUE
REV01924,P0196,U0319,2,Waste of money,"Stopped working after a few days, would not recommend.",Negative,2026-08-06,TRUE
REV01925,P0154,U0297,4,Highly recommended,Very satisfied with the build quality and finish.,Positive,2026-07-12,TRUE
REV01926,P0215,U0008,4,Worth every rupee,"Great value for money, exactly as described.",Positive,2025-10-25,TRUE
REV01927,P0045,U0363,3,Decent,"Reasonable purchase, packaging could be improved though.",Neutral,2026-07-24,TRUE
REV01928,P0300,U0400,5,Superb build quality,"Worth every rupee, quality exceeded my expectations.",Positive,2026-06-22,TRUE
REV01929,P0095,U0027,4,Best in this price range,"Excellent quality and fast delivery, will buy again.",Positive,2025-06-19,TRUE
REV01930,P0349,U0069,4,Worth every rupee,Works perfectly and looks great. Highly recommend to everyone.,Positive,2025-03-13,TRUE
REV01931,P0314,U0034,5,Superb build quality,"Superb product, using it daily without any issues.",Positive,2026-06-30,TRUE
REV01932,P0381,U0045,2,Poor quality,"Very poor build quality, broke within a week.",Negative,2026-07-23,TRUE
REV01933,P0138,U0300,5,Best in this price range,Very satisfied with the build quality and finish.,Positive,2026-07-21,FALSE
REV01934,P0128,U0093,3,Decent,"Good for the price, but there is room for improvement.",Neutral,2026-07-03,TRUE
REV01935,P0084,U0493,2,Below expectations,"Packaging was damaged when it arrived, quality control issue.",Negative,2026-02-04,TRUE
REV01936,P0160,U0159,5,Worth every rupee,"Great value for money, exactly as described.",Positive,2025-11-09,TRUE
REV01937,P0069,U0261,4,Best in this price range,"Superb product, using it daily without any issues.",Positive,2026-05-13,TRUE
REV01938,P0170,U0130,3,Decent,"Reasonable purchase, packaging could be improved though.",Neutral,2026-05-17,TRUE
REV01939,P0093,U0261,3,Average product,"Average product, does the job but nothing special.",Neutral,2026-07-24,FALSE
REV01940,P0103,U0270,4,Worth every rupee,Very satisfied with the build quality and finish.,Positive,2025-03-17,TRUE
REV01941,P0256,U0198,5,Superb build quality,"Superb product, using it daily without any issues.",Positive,2025-09-09,TRUE
REV01942,P0241,U0462,2,Disappointed,"Not as described, quite disappointed with this purchase.",Negative,2025-08-17,TRUE
REV01943,P0173,U0190,4,Great purchase,"Excellent quality and fast delivery, will buy again.",Positive,2025-04-10,TRUE
REV01944,P0189,U0067,3,Average product,"Average product, does the job but nothing special.",Neutral,2026-03-11,TRUE
REV01945,P0163,U0160,3,Okay for the price,"Average product, does the job but nothing special.",Neutral,2026-03-18,TRUE
REV01946,P0242,U0437,4,Great purchase,"Superb product, using it daily without any issues.",Positive,2026-07-12,TRUE
REV01947,P0134,U0293,4,Great purchase,"Worth every rupee, quality exceeded my expectations.",Positive,2026-06-19,TRUE
REV01948,P0338,U0188,3,Okay for the price,"Reasonable purchase, packaging could be improved though.",Neutral,2025-12-23,TRUE
REV01949,P0087,U0178,3,Average product,"It's okay, not the best but not the worst either.",Neutral,2026-04-09,TRUE
REV01950,P0315,U0212,3,Average product,"Good for the price, but there is room for improvement.",Neutral,2025-07-27,TRUE
REV01951,P0023,U0181,3,Could be better,"Decent quality, meets basic expectations.",Neutral,2026-07-31,TRUE
REV01952,P0221,U0195,4,Worth every rupee,"Amazing battery life and performance, very happy with this purchase.",Positive,2025-11-06,TRUE
REV01953,P0073,U0261,3,Okay for the price,"Good for the price, but there is room for improvement.",Neutral,2026-03-22,TRUE
REV01954,P0129,U0044,4,Worth every rupee,"Worth every rupee, quality exceeded my expectations.",Positive,2026-08-05,TRUE
REV01955,P0323,U0270,4,Loved it!,Works perfectly and looks great. Highly recommend to everyone.,Positive,2025-09-22,TRUE
REV01956,P0230,U0068,3,Average product,"Reasonable purchase, packaging could be improved though.",Neutral,2026-08-06,TRUE
REV01957,P0118,U0367,4,Best in this price range,Works perfectly and looks great. Highly recommend to everyone.,Positive,2026-06-21,TRUE
REV01958,P0118,U0287,3,Could be better,"Good for the price, but there is room for improvement.",Neutral,2026-07-02,TRUE
REV01959,P0319,U0178,3,Decent,"Decent quality, meets basic expectations.",Neutral,2025-02-23,TRUE
REV01960,P0248,U0327,5,Highly recommended,"Worth every rupee, quality exceeded my expectations.",Positive,2026-03-14,TRUE
REV01961,P0234,U0133,3,Could be better,"Average product, does the job but nothing special.",Neutral,2026-06-29,TRUE
REV01962,P0140,U0428,2,Not worth it,"Not as described, quite disappointed with this purchase.",Negative,2025-10-31,TRUE
REV01963,P0076,U0052,4,Great purchase,Works perfectly and looks great. Highly recommend to everyone.,Positive,2026-03-03,TRUE
REV01964,P0373,U0094,3,Could be better,"It's okay, not the best but not the worst either.",Neutral,2026-07-09,TRUE
REV01965,P0233,U0225,3,Decent,"Average product, does the job but nothing special.",Neutral,2026-07-13,TRUE
REV01966,P0302,U0078,3,Okay for the price,"It's okay, not the best but not the worst either.",Neutral,2026-03-19,TRUE
REV01967,P0267,U0345,5,Amazing product!,"Worth every rupee, quality exceeded my expectations.",Positive,2026-08-05,TRUE
REV01968,P0071,U0313,4,Excellent quality,"Great value for money, exactly as described.",Positive,2026-07-24,TRUE
REV01969,P0233,U0421,4,Worth every rupee,Works perfectly and looks great. Highly recommend to everyone.,Positive,2026-08-05,TRUE
REV01970,P0164,U0199,3,Decent,"Decent quality, meets basic expectations.",Neutral,2025-12-29,TRUE
REV01971,P0355,U0337,3,Average product,"Good for the price, but there is room for improvement.",Neutral,2026-05-04,TRUE
REV01972,P0137,U0146,4,Excellent quality,Works perfectly and looks great. Highly recommend to everyone.,Positive,2026-07-21,TRUE
REV01973,P0269,U0319,4,Highly recommended,"Worth every rupee, quality exceeded my expectations.",Positive,2026-08-06,TRUE
REV01974,P0183,U0013,3,Decent,"Average product, does the job but nothing special.",Neutral,2026-02-11,TRUE
REV01975,P0312,U0259,3,Okay for the price,"Decent quality, meets basic expectations.",Neutral,2026-04-24,TRUE
REV01976,P0213,U0462,3,Could be better,"Reasonable purchase, packaging could be improved though.",Neutral,2025-11-13,TRUE
REV01977,P0257,U0206,5,Best in this price range,"Worth every rupee, quality exceeded my expectations.",Positive,2025-08-29,FALSE
REV01978,P0026,U0483,5,Best in this price range,Works perfectly and looks great. Highly recommend to everyone.,Positive,2025-06-18,TRUE
REV01979,P0306,U0350,4,Superb build quality,Very satisfied with the build quality and finish.,Positive,2025-12-20,TRUE
REV01980,P0121,U0395,3,Decent,"Reasonable purchase, packaging could be improved though.",Neutral,2026-04-25,TRUE
REV01981,P0126,U0081,3,Average product,"Average product, does the job but nothing special.",Neutral,2025-02-05,TRUE
REV01982,P0387,U0297,4,Amazing product!,"Worth every rupee, quality exceeded my expectations.",Positive,2025-12-16,TRUE
REV01983,P0074,U0464,5,Worth every rupee,"Worth every rupee, quality exceeded my expectations.",Positive,2026-01-31,FALSE
REV01984,P0134,U0382,3,Average product,"It's okay, not the best but not the worst either.",Neutral,2025-05-05,FALSE
REV01985,P0219,U0106,5,Highly recommended,"Worth every rupee, quality exceeded my expectations.",Positive,2025-09-27,TRUE
REV01986,P0214,U0194,3,Average product,"Reasonable purchase, packaging could be improved though.",Neutral,2025-09-04,TRUE
REV01987,P0246,U0326,4,Worth every rupee,"Excellent quality and fast delivery, will buy again.",Positive,2025-08-19,FALSE
REV01988,P0116,U0404,5,Superb build quality,"Perfect for daily use, sturdy and reliable.",Positive,2026-07-10,TRUE
REV01989,P0349,U0314,3,Decent,"It's okay, not the best but not the worst either.",Neutral,2026-04-11,FALSE
REV01990,P0370,U0077,4,Worth every rupee,"Amazing battery life and performance, very happy with this purchase.",Positive,2026-04-01,TRUE
REV01991,P0029,U0390,2,Disappointed,"Battery drains quickly, not satisfied with performance.",Negative,2025-04-29,TRUE
REV01992,P0383,U0436,5,Excellent quality,"Excellent quality and fast delivery, will buy again.",Positive,2025-02-09,FALSE
REV01993,P0146,U0251,3,Could be better,"Average product, does the job but nothing special.",Neutral,2026-01-04,FALSE
REV01994,P0379,U0409,4,Best in this price range,"Perfect for daily use, sturdy and reliable.",Positive,2025-12-27,TRUE
REV01995,P0066,U0115,3,Average product,"Good for the price, but there is room for improvement.",Neutral,2025-12-29,TRUE
REV01996,P0317,U0343,4,Amazing product!,Works perfectly and looks great. Highly recommend to everyone.,Positive,2026-06-01,TRUE
REV01997,P0063,U0380,4,Great purchase,Very satisfied with the build quality and finish.,Positive,2025-11-18,FALSE
REV01998,P0236,U0147,3,Could be better,"Reasonable purchase, packaging could be improved though.",Neutral,2026-05-05,TRUE
REV01999,P0098,U0439,3,Decent,"Good for the price, but there is room for improvement.",Neutral,2025-12-28,TRUE
REV02000,P0358,U0210,4,Worth every rupee,"Great value for money, exactly as described.",Positive,2026-03-06,TRUE
REV02001,P0180,U0124,4,Loved it!,"Worth every rupee, quality exceeded my expectations.",Positive,2026-06-05,TRUE
REV02002,P0054,U0324,3,Average product,"Good for the price, but there is room for improvement.",Neutral,2026-01-27,TRUE
REV02003,P0271,U0132,3,Decent,"Decent quality, meets basic expectations.",Neutral,2026-07-19,TRUE
REV02004,P0189,U0102,3,Could be better,"Decent quality, meets basic expectations.",Neutral,2026-05-28,TRUE
REV02005,P0322,U0043,3,Could be better,"Reasonable purchase, packaging could be improved though.",Neutral,2026-04-09,TRUE
REV02006,P0328,U0397,4,Loved it!,Works perfectly and looks great. Highly recommend to everyone.,Positive,2026-04-18,TRUE
REV02007,P0123,U0080,3,Decent,"Good for the price, but there is room for improvement.",Neutral,2026-01-13,TRUE
REV02008,P0205,U0381,5,Superb build quality,"Perfect for daily use, sturdy and reliable.",Positive,2026-03-19,TRUE
REV02009,P0309,U0488,4,Worth every rupee,Very satisfied with the build quality and finish.,Positive,2025-08-12,TRUE
REV02010,P0183,U0487,3,Decent,"Average product, does the job but nothing special.",Neutral,2025-06-04,FALSE
REV02011,P0278,U0308,4,Superb build quality,"Perfect for daily use, sturdy and reliable.",Positive,2026-03-13,TRUE
REV02012,P0395,U0329,4,Amazing product!,"Superb product, using it daily without any issues.",Positive,2025-05-21,FALSE
REV02013,P0016,U0233,3,Decent,"Average product, does the job but nothing special.",Neutral,2026-05-05,TRUE
REV02014,P0400,U0367,4,Worth every rupee,Works perfectly and looks great. Highly recommend to everyone.,Positive,2025-10-02,FALSE
REV02015,P0159,U0190,3,Could be better,"It's okay, not the best but not the worst either.",Neutral,2025-07-09,TRUE
REV02016,P0252,U0087,5,Best in this price range,"Excellent quality and fast delivery, will buy again.",Positive,2026-07-14,FALSE
REV02017,P0005,U0464,4,Highly recommended,"Perfect for daily use, sturdy and reliable.",Positive,2026-02-25,TRUE
REV02018,P0170,U0098,3,Average product,"It's okay, not the best but not the worst either.",Neutral,2026-07-05,TRUE
REV02019,P0045,U0062,4,Highly recommended,"Excellent quality and fast delivery, will buy again.",Positive,2025-07-25,TRUE
REV02020,P0108,U0242,3,Okay for the price,"It's okay, not the best but not the worst either.",Neutral,2026-05-28,TRUE
REV02021,P0041,U0206,3,Okay for the price,"Good for the price, but there is room for improvement.",Neutral,2025-02-19,TRUE
REV02022,P0087,U0138,4,Great purchase,Very satisfied with the build quality and finish.,Positive,2025-08-16,TRUE
REV02023,P0193,U0232,3,Average product,"It's okay, not the best but not the worst either.",Neutral,2025-08-04,TRUE
REV02024,P0272,U0080,4,Great purchase,"Worth every rupee, quality exceeded my expectations.",Positive,2026-04-21,TRUE
REV02025,P0337,U0094,4,Highly recommended,"Great value for money, exactly as described.",Positive,2026-06-01,TRUE
REV02026,P0327,U0015,3,Average product,"Reasonable purchase, packaging could be improved though.",Neutral,2025-03-20,FALSE
REV02027,P0137,U0443,2,Poor quality,"Battery drains quickly, not satisfied with performance.",Negative,2025-09-17,TRUE
REV02028,P0096,U0225,5,Amazing product!,"Worth every rupee, quality exceeded my expectations.",Positive,2026-07-08,TRUE
REV02029,P0346,U0080,3,Okay for the price,"Good for the price, but there is room for improvement.",Neutral,2025-12-08,TRUE
REV02030,P0180,U0028,3,Okay for the price,"Decent quality, meets basic expectations.",Neutral,2026-05-21,TRUE
REV02031,P0251,U0404,5,Best in this price range,"Excellent quality and fast delivery, will buy again.",Positive,2026-04-18,FALSE
REV02032,P0393,U0042,5,Loved it!,Very satisfied with the build quality and finish.,Positive,2026-07-30,FALSE
REV02033,P0035,U0041,5,Amazing product!,"Amazing battery life and performance, very happy with this purchase.",Positive,2026-06-09,TRUE
REV02034,P0283,U0400,4,Highly recommended,"Great value for money, exactly as described.",Positive,2026-07-19,TRUE
REV02035,P0294,U0134,3,Okay for the price,"Average product, does the job but nothing special.",Neutral,2026-04-23,TRUE
REV02036,P0029,U0367,3,Decent,"It's okay, not the best but not the worst either.",Neutral,2025-10-29,TRUE
REV02037,P0329,U0122,3,Could be better,"It's okay, not the best but not the worst either.",Neutral,2026-02-12,TRUE
REV02038,P0351,U0066,4,Worth every rupee,"Excellent quality and fast delivery, will buy again.",Positive,2025-01-23,TRUE
REV02039,P0142,U0419,4,Amazing product!,"Great value for money, exactly as described.",Positive,2026-04-22,TRUE
REV02040,P0010,U0052,4,Loved it!,"Superb product, using it daily without any issues.",Positive,2026-04-14,TRUE
REV02041,P0109,U0127,3,Decent,"Reasonable purchase, packaging could be improved though.",Neutral,2025-03-07,TRUE
REV02042,P0194,U0261,4,Loved it!,"Perfect for daily use, sturdy and reliable.",Positive,2026-05-16,TRUE
REV02043,P0132,U0437,3,Average product,"Average product, does the job but nothing special.",Neutral,2026-07-06,TRUE
REV02044,P0093,U0082,5,Superb build quality,"Excellent quality and fast delivery, will buy again.",Positive,2026-04-01,TRUE
REV02045,P0015,U0441,4,Best in this price range,Works perfectly and looks great. Highly recommend to everyone.,Positive,2025-08-15,TRUE
REV02046,P0187,U0242,4,Superb build quality,"Excellent quality and fast delivery, will buy again.",Positive,2026-05-21,TRUE
REV02047,P0341,U0132,5,Best in this price range,"Superb product, using it daily without any issues.",Positive,2026-02-26,TRUE
REV02048,P0352,U0169,4,Best in this price range,"Perfect for daily use, sturdy and reliable.",Positive,2025-06-06,TRUE
REV02049,P0248,U0102,4,Best in this price range,"Perfect for daily use, sturdy and reliable.",Positive,2026-04-04,TRUE
REV02050,P0018,U0342,3,Could be better,"Average product, does the job but nothing special.",Neutral,2026-01-24,TRUE
REV02051,P0076,U0173,3,Okay for the price,"Good for the price, but there is room for improvement.",Neutral,2026-06-25,TRUE
REV02052,P0031,U0279,4,Loved it!,"Worth every rupee, quality exceeded my expectations.",Positive,2025-12-26,TRUE
REV02053,P0136,U0216,5,Best in this price range,"Great value for money, exactly as described.",Positive,2025-08-13,TRUE
REV02054,P0016,U0039,5,Loved it!,Works perfectly and looks great. Highly recommend to everyone.,Positive,2026-02-08,TRUE
REV02055,P0139,U0132,5,Best in this price range,"Worth every rupee, quality exceeded my expectations.",Positive,2026-01-01,TRUE
REV02056,P0236,U0104,4,Loved it!,Very satisfied with the build quality and finish.,Positive,2026-03-27,TRUE
REV02057,P0181,U0159,4,Great purchase,"Amazing battery life and performance, very happy with this purchase.",Positive,2025-07-19,FALSE
REV02058,P0076,U0031,3,Could be better,"Good for the price, but there is room for improvement.",Neutral,2026-05-08,TRUE
REV02059,P0211,U0204,4,Highly recommended,"Superb product, using it daily without any issues.",Positive,2026-02-17,TRUE
REV02060,P0250,U0456,4,Great purchase,Works perfectly and looks great. Highly recommend to everyone.,Positive,2025-06-08,TRUE
REV02061,P0209,U0213,3,Could be better,"Reasonable purchase, packaging could be improved though.",Neutral,2026-06-09,TRUE
REV02062,P0116,U0210,5,Best in this price range,"Worth every rupee, quality exceeded my expectations.",Positive,2026-03-17,TRUE
REV02063,P0398,U0159,4,Highly recommended,"Excellent quality and fast delivery, will buy again.",Positive,2025-08-03,TRUE
REV02064,P0224,U0248,4,Amazing product!,Very satisfied with the build quality and finish.,Positive,2025-10-17,TRUE
REV02065,P0357,U0444,5,Amazing product!,"Great value for money, exactly as described.",Positive,2026-04-19,TRUE
REV02066,P0109,U0300,5,Excellent quality,"Amazing battery life and performance, very happy with this purchase.",Positive,2026-07-23,TRUE
REV02067,P0334,U0431,4,Highly recommended,"Excellent quality and fast delivery, will buy again.",Positive,2026-06-11,TRUE
REV02068,P0155,U0344,4,Amazing product!,"Worth every rupee, quality exceeded my expectations.",Positive,2025-10-09,TRUE
REV02069,P0370,U0241,3,Could be better,"Average product, does the job but nothing special.",Neutral,2026-08-06,TRUE
REV02070,P0124,U0460,4,Best in this price range,"Worth every rupee, quality exceeded my expectations.",Positive,2026-04-23,TRUE
REV02071,P0001,U0220,3,Average product,"Decent quality, meets basic expectations.",Neutral,2026-07-31,TRUE
REV02072,P0149,U0363,4,Best in this price range,Works perfectly and looks great. Highly recommend to everyone.,Positive,2026-07-30,TRUE
REV02073,P0325,U0419,5,Worth every rupee,"Great value for money, exactly as described.",Positive,2025-09-09,TRUE
REV02074,P0289,U0204,3,Could be better,"Good for the price, but there is room for improvement.",Neutral,2026-01-25,TRUE
REV02075,P0060,U0216,5,Excellent quality,"Amazing battery life and performance, very happy with this purchase.",Positive,2026-04-22,TRUE
REV02076,P0109,U0233,4,Highly recommended,"Amazing battery life and performance, very happy with this purchase.",Positive,2026-06-16,TRUE
REV02077,P0178,U0428,4,Great purchase,"Perfect for daily use, sturdy and reliable.",Positive,2026-07-09,TRUE
REV02078,P0143,U0173,3,Decent,"It's okay, not the best but not the worst either.",Neutral,2026-02-16,TRUE
REV02079,P0201,U0040,5,Worth every rupee,"Amazing battery life and performance, very happy with this purchase.",Positive,2026-05-24,TRUE
REV02080,P0265,U0019,4,Highly recommended,"Worth every rupee, quality exceeded my expectations.",Positive,2026-04-05,TRUE
REV02081,P0223,U0383,3,Okay for the price,"Average product, does the job but nothing special.",Neutral,2026-06-28,TRUE
REV02082,P0011,U0189,3,Could be better,"Good for the price, but there is room for improvement.",Neutral,2025-08-27,FALSE
REV02083,P0246,U0261,4,Great purchase,"Amazing battery life and performance, very happy with this purchase.",Positive,2026-08-05,TRUE
REV02084,P0090,U0280,4,Loved it!,"Amazing battery life and performance, very happy with this purchase.",Positive,2025-08-21,TRUE
REV02085,P0363,U0052,3,Okay for the price,"It's okay, not the best but not the worst either.",Neutral,2025-10-12,TRUE
REV02086,P0289,U0274,5,Excellent quality,Very satisfied with the build quality and finish.,Positive,2026-02-20,FALSE
REV02087,P0003,U0354,5,Worth every rupee,"Superb product, using it daily without any issues.",Positive,2025-07-11,FALSE
REV02088,P0108,U0442,4,Superb build quality,"Worth every rupee, quality exceeded my expectations.",Positive,2026-05-24,TRUE
REV02089,P0047,U0158,3,Decent,"Reasonable purchase, packaging could be improved though.",Neutral,2026-07-21,TRUE
REV02090,P0258,U0208,3,Average product,"It's okay, not the best but not the worst either.",Neutral,2026-07-19,TRUE
REV02091,P0329,U0434,4,Great purchase,Very satisfied with the build quality and finish.,Positive,2026-05-23,TRUE
REV02092,P0024,U0217,4,Great purchase,Works perfectly and looks great. Highly recommend to everyone.,Positive,2025-10-14,TRUE
REV02093,P0376,U0216,5,Amazing product!,"Excellent quality and fast delivery, will buy again.",Positive,2025-10-11,TRUE
REV02094,P0067,U0070,4,Excellent quality,"Amazing battery life and performance, very happy with this purchase.",Positive,2025-10-23,TRUE
REV02095,P0143,U0308,3,Could be better,"Average product, does the job but nothing special.",Neutral,2026-04-01,FALSE
REV02096,P0114,U0143,2,Poor quality,"Stopped working after a few days, would not recommend.",Negative,2026-04-26,TRUE
REV02097,P0306,U0402,4,Worth every rupee,Works perfectly and looks great. Highly recommend to everyone.,Positive,2026-03-29,TRUE
REV02098,P0349,U0128,2,Disappointed,"Battery drains quickly, not satisfied with performance.",Negative,2025-10-02,TRUE
REV02099,P0071,U0105,5,Best in this price range,"Worth every rupee, quality exceeded my expectations.",Positive,2026-07-06,TRUE
REV02100,P0251,U0087,4,Superb build quality,"Superb product, using it daily without any issues.",Positive,2026-07-31,TRUE
REV02101,P0371,U0377,4,Amazing product!,"Worth every rupee, quality exceeded my expectations.",Positive,2026-07-21,TRUE
REV02102,P0155,U0052,5,Loved it!,"Excellent quality and fast delivery, will buy again.",Positive,2026-04-10,TRUE
REV02103,P0181,U0218,4,Loved it!,"Perfect for daily use, sturdy and reliable.",Positive,2025-08-26,TRUE
REV02104,P0260,U0291,2,Disappointed,"Battery drains quickly, not satisfied with performance.",Negative,2026-07-06,TRUE
REV02105,P0109,U0083,4,Superb build quality,"Excellent quality and fast delivery, will buy again.",Positive,2026-06-15,TRUE
REV02106,P0207,U0308,4,Worth every rupee,"Great value for money, exactly as described.",Positive,2025-09-28,TRUE
REV02107,P0286,U0433,4,Loved it!,"Amazing battery life and performance, very happy with this purchase.",Positive,2026-03-03,TRUE
REV02108,P0133,U0044,4,Loved it!,"Superb product, using it daily without any issues.",Positive,2026-04-04,TRUE
REV02109,P0271,U0188,3,Okay for the price,"Good for the price, but there is room for improvement.",Neutral,2026-08-05,TRUE
REV02110,P0378,U0087,4,Excellent quality,Works perfectly and looks great. Highly recommend to everyone.,Positive,2026-07-21,TRUE
REV02111,P0219,U0210,3,Average product,"Reasonable purchase, packaging could be improved though.",Neutral,2026-01-02,TRUE
REV02112,P0225,U0208,4,Amazing product!,"Perfect for daily use, sturdy and reliable.",Positive,2026-02-21,TRUE
REV02113,P0192,U0098,4,Highly recommended,Works perfectly and looks great. Highly recommend to everyone.,Positive,2026-07-08,TRUE
REV02114,P0037,U0461,3,Decent,"Decent quality, meets basic expectations.",Neutral,2026-05-15,TRUE
REV02115,P0253,U0260,4,Highly recommended,"Perfect for daily use, sturdy and reliable.",Positive,2026-08-05,TRUE
REV02116,P0179,U0084,4,Great purchase,"Amazing battery life and performance, very happy with this purchase.",Positive,2025-12-03,TRUE
REV02117,P0202,U0308,4,Worth every rupee,"Excellent quality and fast delivery, will buy again.",Positive,2026-06-19,TRUE
REV02118,P0176,U0020,5,Loved it!,"Superb product, using it daily without any issues.",Positive,2026-07-12,TRUE
REV02119,P0257,U0267,4,Best in this price range,"Perfect for daily use, sturdy and reliable.",Positive,2025-12-26,TRUE
REV02120,P0355,U0367,4,Best in this price range,Very satisfied with the build quality and finish.,Positive,2025-04-27,TRUE
REV02121,P0117,U0309,4,Worth every rupee,Works perfectly and looks great. Highly recommend to everyone.,Positive,2025-03-17,TRUE
REV02122,P0156,U0464,4,Loved it!,Works perfectly and looks great. Highly recommend to everyone.,Positive,2026-01-29,TRUE
REV02123,P0367,U0098,3,Could be better,"Reasonable purchase, packaging could be improved though.",Neutral,2026-07-16,TRUE
REV02124,P0322,U0069,3,Okay for the price,"It's okay, not the best but not the worst either.",Neutral,2025-08-31,TRUE
REV02125,P0323,U0098,4,Amazing product!,"Worth every rupee, quality exceeded my expectations.",Positive,2026-06-17,TRUE
REV02126,P0345,U0054,4,Loved it!,"Amazing battery life and performance, very happy with this purchase.",Positive,2026-06-23,TRUE
REV02127,P0367,U0444,4,Worth every rupee,"Excellent quality and fast delivery, will buy again.",Positive,2026-05-17,TRUE
REV02128,P0098,U0452,4,Best in this price range,Very satisfied with the build quality and finish.,Positive,2025-09-21,TRUE
REV02129,P0353,U0176,4,Superb build quality,"Perfect for daily use, sturdy and reliable.",Positive,2026-01-29,TRUE
REV02130,P0102,U0083,3,Okay for the price,"Good for the price, but there is room for improvement.",Neutral,2026-05-19,FALSE
REV02131,P0179,U0033,5,Amazing product!,"Superb product, using it daily without any issues.",Positive,2026-06-12,FALSE
REV02132,P0010,U0035,4,Great purchase,Works perfectly and looks great. Highly recommend to everyone.,Positive,2026-07-21,TRUE
REV02133,P0354,U0168,5,Superb build quality,"Worth every rupee, quality exceeded my expectations.",Positive,2026-05-25,TRUE
REV02134,P0308,U0241,2,Below expectations,"Overpriced for the quality offered, expected better.",Negative,2026-06-26,TRUE
REV02135,P0221,U0309,4,Best in this price range,Works perfectly and looks great. Highly recommend to everyone.,Positive,2025-05-31,TRUE
REV02136,P0017,U0023,4,Loved it!,"Worth every rupee, quality exceeded my expectations.",Positive,2026-07-19,TRUE
REV02137,P0008,U0013,3,Could be better,"Reasonable purchase, packaging could be improved though.",Neutral,2026-03-18,TRUE
REV02138,P0045,U0040,3,Average product,"Reasonable purchase, packaging could be improved though.",Neutral,2026-04-29,TRUE
REV02139,P0060,U0419,4,Great purchase,Very satisfied with the build quality and finish.,Positive,2026-01-12,TRUE
REV02140,P0161,U0043,4,Loved it!,"Superb product, using it daily without any issues.",Positive,2026-04-22,TRUE
REV02141,P0139,U0382,4,Best in this price range,Works perfectly and looks great. Highly recommend to everyone.,Positive,2026-04-25,FALSE
REV02142,P0038,U0292,3,Average product,"Reasonable purchase, packaging could be improved though.",Neutral,2026-06-20,TRUE
REV02143,P0182,U0217,4,Excellent quality,"Perfect for daily use, sturdy and reliable.",Positive,2026-07-29,TRUE
REV02144,P0093,U0270,4,Worth every rupee,"Amazing battery life and performance, very happy with this purchase.",Positive,2025-02-28,TRUE
REV02145,P0188,U0316,4,Amazing product!,"Perfect for daily use, sturdy and reliable.",Positive,2025-09-29,TRUE
REV02146,P0392,U0484,3,Okay for the price,"Decent quality, meets basic expectations.",Neutral,2026-03-05,TRUE
REV02147,P0049,U0074,3,Decent,"Decent quality, meets basic expectations.",Neutral,2026-06-03,TRUE
REV02148,P0212,U0203,4,Superb build quality,"Worth every rupee, quality exceeded my expectations.",Positive,2026-08-01,TRUE
REV02149,P0136,U0444,4,Worth every rupee,"Great value for money, exactly as described.",Positive,2026-04-25,TRUE
REV02150,P0102,U0388,4,Great purchase,"Worth every rupee, quality exceeded my expectations.",Positive,2025-06-10,TRUE
REV02151,P0389,U0022,4,Loved it!,"Superb product, using it daily without any issues.",Positive,2025-12-16,TRUE
REV02152,P0044,U0424,4,Highly recommended,"Excellent quality and fast delivery, will buy again.",Positive,2026-08-04,TRUE
REV02153,P0224,U0194,5,Best in this price range,"Excellent quality and fast delivery, will buy again.",Positive,2025-10-18,TRUE
REV02154,P0102,U0099,4,Great purchase,"Great value for money, exactly as described.",Positive,2026-03-07,TRUE
REV02155,P0270,U0138,4,Best in this price range,"Amazing battery life and performance, very happy with this purchase.",Positive,2026-05-11,TRUE
REV02156,P0394,U0223,4,Highly recommended,"Great value for money, exactly as described.",Positive,2025-03-25,TRUE
REV02157,P0087,U0080,4,Superb build quality,"Great value for money, exactly as described.",Positive,2025-11-06,TRUE
REV02158,P0184,U0068,3,Okay for the price,"Average product, does the job but nothing special.",Neutral,2026-08-06,TRUE
REV02159,P0186,U0169,3,Average product,"Good for the price, but there is room for improvement.",Neutral,2024-12-15,TRUE
REV02160,P0241,U0490,2,Poor quality,"Packaging was damaged when it arrived, quality control issue.",Negative,2024-12-18,TRUE
REV02161,P0284,U0273,4,Superb build quality,Works perfectly and looks great. Highly recommend to everyone.,Positive,2026-07-01,TRUE
REV02162,P0184,U0405,4,Highly recommended,"Excellent quality and fast delivery, will buy again.",Positive,2025-11-01,TRUE
REV02163,P0138,U0299,3,Could be better,"Reasonable purchase, packaging could be improved though.",Neutral,2026-03-19,TRUE
REV02164,P0240,U0013,3,Could be better,"Reasonable purchase, packaging could be improved though.",Neutral,2025-03-14,TRUE
REV02165,P0128,U0474,3,Could be better,"It's okay, not the best but not the worst either.",Neutral,2026-05-31,TRUE
REV02166,P0087,U0384,4,Great purchase,Works perfectly and looks great. Highly recommend to everyone.,Positive,2026-01-15,TRUE
REV02167,P0136,U0356,5,Loved it!,Works perfectly and looks great. Highly recommend to everyone.,Positive,2026-01-26,TRUE
REV02168,P0072,U0409,3,Decent,"Reasonable purchase, packaging could be improved though.",Neutral,2026-07-24,TRUE
REV02169,P0148,U0102,3,Decent,"Decent quality, meets basic expectations.",Neutral,2025-07-19,TRUE
REV02170,P0141,U0183,4,Best in this price range,"Worth every rupee, quality exceeded my expectations.",Positive,2026-08-06,TRUE
REV02171,P0123,U0450,4,Best in this price range,"Excellent quality and fast delivery, will buy again.",Positive,2026-06-23,TRUE
REV02172,P0297,U0076,5,Superb build quality,"Excellent quality and fast delivery, will buy again.",Positive,2025-10-30,TRUE
REV02173,P0161,U0069,4,Great purchase,"Superb product, using it daily without any issues.",Positive,2025-03-11,TRUE
REV02174,P0346,U0028,2,Not worth it,"Packaging was damaged when it arrived, quality control issue.",Negative,2025-10-21,TRUE
REV02175,P0012,U0122,5,Highly recommended,"Perfect for daily use, sturdy and reliable.",Positive,2025-10-16,TRUE
REV02176,P0382,U0210,2,Below expectations,"Overpriced for the quality offered, expected better.",Negative,2026-07-21,TRUE
REV02177,P0392,U0389,4,Great purchase,"Perfect for daily use, sturdy and reliable.",Positive,2026-03-23,TRUE
REV02178,P0020,U0098,4,Loved it!,"Great value for money, exactly as described.",Positive,2026-07-11,TRUE
REV02179,P0294,U0058,3,Okay for the price,"Good for the price, but there is room for improvement.",Neutral,2025-12-04,TRUE
REV02180,P0327,U0314,3,Average product,"It's okay, not the best but not the worst either.",Neutral,2025-11-09,TRUE
REV02181,P0031,U0220,4,Highly recommended,"Superb product, using it daily without any issues.",Positive,2026-06-09,TRUE
REV02182,P0340,U0132,3,Could be better,"Average product, does the job but nothing special.",Neutral,2026-07-09,TRUE
REV02183,P0141,U0346,5,Best in this price range,Works perfectly and looks great. Highly recommend to everyone.,Positive,2026-05-01,TRUE
REV02184,P0045,U0160,5,Worth every rupee,"Great value for money, exactly as described.",Positive,2026-02-16,TRUE
REV02185,P0331,U0047,5,Best in this price range,Very satisfied with the build quality and finish.,Positive,2026-08-02,TRUE
REV02186,P0216,U0385,5,Excellent quality,"Worth every rupee, quality exceeded my expectations.",Positive,2025-10-18,TRUE
REV02187,P0090,U0257,3,Average product,"Good for the price, but there is room for improvement.",Neutral,2026-02-07,TRUE
REV02188,P0349,U0348,3,Okay for the price,"It's okay, not the best but not the worst either.",Neutral,2026-08-02,TRUE
REV02189,P0146,U0129,3,Okay for the price,"Decent quality, meets basic expectations.",Neutral,2025-12-27,TRUE
REV02190,P0030,U0397,3,Okay for the price,"Average product, does the job but nothing special.",Neutral,2026-06-01,TRUE
REV02191,P0118,U0271,3,Decent,"Reasonable purchase, packaging could be improved though.",Neutral,2024-12-10,TRUE
REV02192,P0153,U0078,4,Amazing product!,"Great value for money, exactly as described.",Positive,2026-02-04,TRUE
REV02193,P0273,U0013,4,Highly recommended,"Great value for money, exactly as described.",Positive,2025-06-21,TRUE
REV02194,P0391,U0365,3,Average product,"It's okay, not the best but not the worst either.",Neutral,2026-05-25,TRUE
REV02195,P0182,U0354,5,Highly recommended,"Amazing battery life and performance, very happy with this purchase.",Positive,2026-07-07,TRUE
REV02196,P0250,U0406,3,Okay for the price,"Good for the price, but there is room for improvement.",Neutral,2026-07-24,TRUE
REV02197,P0195,U0313,4,Loved it!,"Perfect for daily use, sturdy and reliable.",Positive,2026-07-22,TRUE
REV02198,P0362,U0318,4,Worth every rupee,"Excellent quality and fast delivery, will buy again.",Positive,2025-10-09,TRUE
REV02199,P0136,U0323,4,Highly recommended,Very satisfied with the build quality and finish.,Positive,2026-02-23,TRUE
REV02200,P0345,U0471,4,Loved it!,"Perfect for daily use, sturdy and reliable.",Positive,2026-07-22,FALSE
REV02201,P0357,U0210,4,Excellent quality,"Superb product, using it daily without any issues.",Positive,2026-05-24,TRUE
REV02202,P0217,U0154,3,Could be better,"Reasonable purchase, packaging could be improved though.",Neutral,2025-08-31,FALSE
REV02203,P0214,U0450,4,Superb build quality,"Superb product, using it daily without any issues.",Positive,2026-06-12,TRUE
REV02204,P0187,U0406,3,Decent,"Good for the price, but there is room for improvement.",Neutral,2026-07-31,TRUE
REV02205,P0030,U0040,3,Average product,"Good for the price, but there is room for improvement.",Neutral,2026-01-28,TRUE
REV02206,P0209,U0209,2,Below expectations,"Stopped working after a few days, would not recommend.",Negative,2026-03-01,TRUE
REV02207,P0296,U0250,2,Below expectations,"Overpriced for the quality offered, expected better.",Negative,2026-02-24,TRUE
REV02208,P0249,U0212,4,Amazing product!,Very satisfied with the build quality and finish.,Positive,2025-12-06,TRUE
REV02209,P0033,U0246,5,Best in this price range,"Worth every rupee, quality exceeded my expectations.",Positive,2026-08-04,TRUE
REV02210,P0282,U0442,5,Highly recommended,"Excellent quality and fast delivery, will buy again.",Positive,2026-03-29,TRUE
REV02211,P0357,U0246,5,Superb build quality,"Superb product, using it daily without any issues.",Positive,2026-07-15,TRUE
REV02212,P0041,U0484,4,Highly recommended,"Amazing battery life and performance, very happy with this purchase.",Positive,2026-04-06,TRUE
REV02213,P0154,U0159,4,Excellent quality,"Great value for money, exactly as described.",Positive,2026-01-19,TRUE
REV02214,P0296,U0017,4,Great purchase,"Amazing battery life and performance, very happy with this purchase.",Positive,2025-10-04,TRUE
REV02215,P0367,U0151,3,Decent,"Reasonable purchase, packaging could be improved though.",Neutral,2026-05-24,TRUE
REV02216,P0020,U0178,4,Superb build quality,"Perfect for daily use, sturdy and reliable.",Positive,2026-04-01,TRUE
REV02217,P0344,U0244,3,Could be better,"Average product, does the job but nothing special.",Neutral,2025-01-01,TRUE
REV02218,P0076,U0162,4,Best in this price range,"Excellent quality and fast delivery, will buy again.",Positive,2026-07-16,TRUE
REV02219,P0047,U0262,4,Loved it!,"Great value for money, exactly as described.",Positive,2026-07-30,TRUE
REV02220,P0011,U0232,5,Worth every rupee,"Excellent quality and fast delivery, will buy again.",Positive,2025-07-15,TRUE
REV02221,P0037,U0364,3,Okay for the price,"Decent quality, meets basic expectations.",Neutral,2026-05-23,TRUE
REV02222,P0099,U0437,3,Could be better,"Reasonable purchase, packaging could be improved though.",Neutral,2026-07-24,TRUE
REV02223,P0218,U0085,4,Loved it!,"Superb product, using it daily without any issues.",Positive,2026-01-04,TRUE
REV02224,P0167,U0186,3,Could be better,"It's okay, not the best but not the worst either.",Neutral,2025-11-10,TRUE
REV02225,P0038,U0181,4,Great purchase,"Superb product, using it daily without any issues.",Positive,2026-02-06,TRUE
REV02226,P0321,U0066,2,Poor quality,"Stopped working after a few days, would not recommend.",Negative,2024-12-09,TRUE
REV02227,P0339,U0036,4,Highly recommended,"Worth every rupee, quality exceeded my expectations.",Positive,2026-07-23,TRUE
REV02228,P0026,U0444,5,Worth every rupee,"Perfect for daily use, sturdy and reliable.",Positive,2025-09-08,TRUE
REV02229,P0059,U0159,4,Amazing product!,"Superb product, using it daily without any issues.",Positive,2025-04-14,FALSE
REV02230,P0361,U0243,3,Okay for the price,"It's okay, not the best but not the worst either.",Neutral,2026-05-21,TRUE
REV02231,P0153,U0453,4,Loved it!,"Worth every rupee, quality exceeded my expectations.",Positive,2026-08-06,TRUE
REV02232,P0143,U0161,4,Amazing product!,"Superb product, using it daily without any issues.",Positive,2026-08-05,TRUE
REV02233,P0219,U0158,3,Could be better,"Reasonable purchase, packaging could be improved though.",Neutral,2026-06-19,TRUE
REV02234,P0182,U0185,5,Great purchase,"Superb product, using it daily without any issues.",Positive,2024-12-29,TRUE
REV02235,P0358,U0058,3,Decent,"Average product, does the job but nothing special.",Neutral,2025-11-25,TRUE
REV02236,P0253,U0161,4,Worth every rupee,"Great value for money, exactly as described.",Positive,2026-08-04,TRUE
REV02237,P0387,U0491,4,Amazing product!,"Amazing battery life and performance, very happy with this purchase.",Positive,2025-09-19,FALSE
REV02238,P0146,U0334,3,Okay for the price,"It's okay, not the best but not the worst either.",Neutral,2026-02-11,TRUE
REV02239,P0078,U0183,3,Average product,"Good for the price, but there is room for improvement.",Neutral,2026-08-05,TRUE
REV02240,P0241,U0471,3,Could be better,"Average product, does the job but nothing special.",Neutral,2026-07-14,TRUE
REV02241,P0178,U0074,4,Highly recommended,"Great value for money, exactly as described.",Positive,2026-07-27,TRUE
REV02242,P0390,U0477,4,Great purchase,Very satisfied with the build quality and finish.,Positive,2026-07-27,TRUE
REV02243,P0290,U0399,5,Best in this price range,Works perfectly and looks great. Highly recommend to everyone.,Positive,2026-02-17,TRUE
REV02244,P0065,U0047,5,Worth every rupee,"Amazing battery life and performance, very happy with this purchase.",Positive,2026-01-19,TRUE
REV02245,P0025,U0111,5,Amazing product!,"Superb product, using it daily without any issues.",Positive,2025-04-16,TRUE
REV02246,P0316,U0156,3,Decent,"It's okay, not the best but not the worst either.",Neutral,2026-01-20,TRUE
REV02247,P0221,U0462,3,Okay for the price,"Reasonable purchase, packaging could be improved though.",Neutral,2025-05-30,TRUE
REV02248,P0120,U0190,4,Worth every rupee,"Excellent quality and fast delivery, will buy again.",Positive,2025-12-09,TRUE
REV02249,P0210,U0054,4,Worth every rupee,"Worth every rupee, quality exceeded my expectations.",Positive,2026-04-12,TRUE
REV02250,P0216,U0218,4,Great purchase,Very satisfied with the build quality and finish.,Positive,2025-12-16,TRUE
REV02251,P0090,U0484,3,Could be better,"Good for the price, but there is room for improvement.",Neutral,2026-05-25,TRUE
REV02252,P0152,U0161,4,Worth every rupee,"Worth every rupee, quality exceeded my expectations.",Positive,2026-08-06,TRUE
REV02253,P0218,U0159,5,Best in this price range,"Excellent quality and fast delivery, will buy again.",Positive,2026-03-15,FALSE
REV02254,P0030,U0296,5,Excellent quality,"Perfect for daily use, sturdy and reliable.",Positive,2026-06-30,FALSE
REV02255,P0098,U0210,4,Highly recommended,"Amazing battery life and performance, very happy with this purchase.",Positive,2025-04-10,TRUE
REV02256,P0166,U0083,4,Loved it!,"Amazing battery life and performance, very happy with this purchase.",Positive,2026-07-12,TRUE
REV02257,P0109,U0357,5,Highly recommended,"Superb product, using it daily without any issues.",Positive,2026-04-13,TRUE
REV02258,P0305,U0400,4,Great purchase,Very satisfied with the build quality and finish.,Positive,2026-07-08,TRUE
REV02259,P0301,U0408,3,Okay for the price,"It's okay, not the best but not the worst either.",Neutral,2026-01-31,TRUE
REV02260,P0340,U0342,5,Loved it!,Very satisfied with the build quality and finish.,Positive,2026-01-30,TRUE
REV02261,P0028,U0487,4,Amazing product!,"Worth every rupee, quality exceeded my expectations.",Positive,2025-10-15,TRUE
REV02262,P0348,U0112,3,Could be better,"It's okay, not the best but not the worst either.",Neutral,2026-01-24,TRUE
REV02263,P0396,U0128,4,Best in this price range,"Perfect for daily use, sturdy and reliable.",Positive,2025-03-24,TRUE
REV02264,P0051,U0195,5,Loved it!,"Worth every rupee, quality exceeded my expectations.",Positive,2025-06-30,TRUE
REV02265,P0031,U0277,5,Superb build quality,Very satisfied with the build quality and finish.,Positive,2026-06-10,TRUE
REV02266,P0188,U0485,5,Worth every rupee,"Excellent quality and fast delivery, will buy again.",Positive,2026-05-06,TRUE
REV02267,P0398,U0126,4,Great purchase,"Excellent quality and fast delivery, will buy again.",Positive,2025-05-11,TRUE
REV02268,P0108,U0410,5,Amazing product!,"Worth every rupee, quality exceeded my expectations.",Positive,2026-06-12,TRUE
REV02269,P0038,U0151,4,Highly recommended,"Superb product, using it daily without any issues.",Positive,2026-07-23,TRUE
REV02270,P0328,U0400,4,Excellent quality,"Amazing battery life and performance, very happy with this purchase.",Positive,2026-06-17,TRUE
REV02271,P0329,U0271,4,Excellent quality,Works perfectly and looks great. Highly recommend to everyone.,Positive,2025-08-04,TRUE
REV02272,P0212,U0040,3,Could be better,"Decent quality, meets basic expectations.",Neutral,2026-05-24,TRUE
REV02273,P0040,U0293,5,Great purchase,Works perfectly and looks great. Highly recommend to everyone.,Positive,2026-06-19,TRUE
REV02274,P0042,U0201,2,Poor quality,"Overpriced for the quality offered, expected better.",Negative,2025-06-03,TRUE
REV02275,P0254,U0395,5,Best in this price range,"Great value for money, exactly as described.",Positive,2026-06-30,TRUE
REV02276,P0238,U0495,5,Excellent quality,"Great value for money, exactly as described.",Positive,2025-08-04,TRUE
REV02277,P0359,U0292,3,Could be better,"Decent quality, meets basic expectations.",Neutral,2026-07-20,TRUE
REV02278,P0075,U0466,2,Below expectations,"Not as described, quite disappointed with this purchase.",Negative,2026-07-12,TRUE
REV02279,P0106,U0402,4,Superb build quality,"Amazing battery life and performance, very happy with this purchase.",Positive,2026-02-10,TRUE
REV02280,P0145,U0001,2,Disappointed,"Stopped working after a few days, would not recommend.",Negative,2025-09-10,TRUE
REV02281,P0117,U0473,5,Worth every rupee,"Amazing battery life and performance, very happy with this purchase.",Positive,2025-11-21,TRUE
REV02282,P0348,U0142,3,Could be better,"Decent quality, meets basic expectations.",Neutral,2026-03-12,TRUE
REV02283,P0045,U0020,4,Amazing product!,"Perfect for daily use, sturdy and reliable.",Positive,2025-10-07,TRUE
REV02284,P0176,U0070,4,Great purchase,"Amazing battery life and performance, very happy with this purchase.",Positive,2026-06-07,TRUE
REV02285,P0177,U0118,3,Average product,"Average product, does the job but nothing special.",Neutral,2026-04-17,TRUE
REV02286,P0244,U0040,3,Could be better,"It's okay, not the best but not the worst either.",Neutral,2026-02-24,TRUE
REV02287,P0101,U0267,3,Decent,"It's okay, not the best but not the worst either.",Neutral,2026-04-15,TRUE
REV02288,P0371,U0195,3,Average product,"Decent quality, meets basic expectations.",Neutral,2026-07-31,TRUE
REV02289,P0176,U0134,5,Worth every rupee,Works perfectly and looks great. Highly recommend to everyone.,Positive,2025-12-31,TRUE
REV02290,P0162,U0232,5,Amazing product!,Very satisfied with the build quality and finish.,Positive,2026-03-24,FALSE
REV02291,P0146,U0451,4,Loved it!,"Superb product, using it daily without any issues.",Positive,2026-05-13,TRUE
REV02292,P0335,U0107,4,Superb build quality,Works perfectly and looks great. Highly recommend to everyone.,Positive,2026-05-01,TRUE
REV02293,P0293,U0271,4,Worth every rupee,Works perfectly and looks great. Highly recommend to everyone.,Positive,2025-03-05,TRUE
REV02294,P0138,U0246,4,Great purchase,"Superb product, using it daily without any issues.",Positive,2026-06-12,TRUE
REV02295,P0155,U0181,5,Great purchase,"Superb product, using it daily without any issues.",Positive,2026-02-24,TRUE
REV02296,P0133,U0069,4,Excellent quality,"Excellent quality and fast delivery, will buy again.",Positive,2025-12-03,TRUE
REV02297,P0057,U0293,4,Best in this price range,"Excellent quality and fast delivery, will buy again.",Positive,2026-07-04,TRUE
REV02298,P0149,U0313,3,Okay for the price,"Decent quality, meets basic expectations.",Neutral,2026-07-22,TRUE
REV02299,P0167,U0104,3,Could be better,"It's okay, not the best but not the worst either.",Neutral,2025-10-19,TRUE
REV02300,P0177,U0383,4,Highly recommended,"Perfect for daily use, sturdy and reliable.",Positive,2026-05-11,TRUE
REV02301,P0288,U0069,5,Excellent quality,"Excellent quality and fast delivery, will buy again.",Positive,2025-09-03,FALSE
REV02302,P0366,U0267,4,Worth every rupee,"Excellent quality and fast delivery, will buy again.",Positive,2026-03-22,TRUE
REV02303,P0390,U0450,4,Amazing product!,"Excellent quality and fast delivery, will buy again.",Positive,2026-08-06,TRUE
REV02304,P0018,U0170,3,Average product,"Good for the price, but there is room for improvement.",Neutral,2025-12-08,FALSE
REV02305,P0044,U0474,4,Highly recommended,"Worth every rupee, quality exceeded my expectations.",Positive,2025-11-12,FALSE
REV02306,P0146,U0478,3,Average product,"Good for the price, but there is room for improvement.",Neutral,2025-12-18,FALSE
REV02307,P0245,U0462,5,Loved it!,Works perfectly and looks great. Highly recommend to everyone.,Positive,2026-07-17,TRUE
REV02308,P0309,U0130,5,Great purchase,Works perfectly and looks great. Highly recommend to everyone.,Positive,2025-11-14,TRUE
REV02309,P0199,U0421,5,Excellent quality,Very satisfied with the build quality and finish.,Positive,2026-08-01,TRUE
REV02310,P0166,U0223,4,Highly recommended,"Worth every rupee, quality exceeded my expectations.",Positive,2026-01-27,TRUE
REV02311,P0347,U0472,4,Excellent quality,Very satisfied with the build quality and finish.,Positive,2025-09-29,FALSE
REV02312,P0302,U0159,4,Superb build quality,Very satisfied with the build quality and finish.,Positive,2025-04-04,TRUE
REV02313,P0098,U0023,4,Superb build quality,"Great value for money, exactly as described.",Positive,2026-05-17,TRUE
REV02314,P0044,U0165,4,Worth every rupee,Very satisfied with the build quality and finish.,Positive,2025-11-13,TRUE
REV02315,P0153,U0190,4,Worth every rupee,"Worth every rupee, quality exceeded my expectations.",Positive,2026-08-04,TRUE
REV02316,P0318,U0055,3,Average product,"Good for the price, but there is room for improvement.",Neutral,2024-11-08,TRUE
REV02317,P0199,U0069,4,Loved it!,"Superb product, using it daily without any issues.",Positive,2025-10-30,TRUE
REV02318,P0014,U0422,4,Best in this price range,"Amazing battery life and performance, very happy with this purchase.",Positive,2025-05-23,TRUE
REV02319,P0108,U0027,5,Great purchase,"Worth every rupee, quality exceeded my expectations.",Positive,2025-10-21,TRUE
REV02320,P0322,U0070,3,Okay for the price,"Decent quality, meets basic expectations.",Neutral,2025-01-18,TRUE
REV02321,P0123,U0259,4,Worth every rupee,"Great value for money, exactly as described.",Positive,2025-08-09,TRUE
REV02322,P0174,U0323,2,Below expectations,"Battery drains quickly, not satisfied with performance.",Negative,2025-06-10,TRUE
REV02323,P0001,U0077,4,Superb build quality,"Worth every rupee, quality exceeded my expectations.",Positive,2026-04-12,TRUE
REV02324,P0320,U0225,3,Decent,"Decent quality, meets basic expectations.",Neutral,2026-06-23,TRUE
REV02325,P0179,U0224,4,Superb build quality,"Excellent quality and fast delivery, will buy again.",Positive,2026-06-26,TRUE
REV02326,P0223,U0241,4,Superb build quality,"Worth every rupee, quality exceeded my expectations.",Positive,2026-06-30,TRUE
REV02327,P0045,U0173,5,Amazing product!,"Excellent quality and fast delivery, will buy again.",Positive,2026-05-25,FALSE
REV02328,P0327,U0399,4,Great purchase,Very satisfied with the build quality and finish.,Positive,2026-05-27,FALSE
REV02329,P0168,U0480,3,Okay for the price,"It's okay, not the best but not the worst either.",Neutral,2026-06-04,TRUE
REV02330,P0004,U0400,3,Decent,"Average product, does the job but nothing special.",Neutral,2026-06-28,TRUE
REV02331,P0197,U0409,4,Excellent quality,"Amazing battery life and performance, very happy with this purchase.",Positive,2026-07-13,TRUE
REV02332,P0101,U0158,4,Best in this price range,"Great value for money, exactly as described.",Positive,2026-05-05,TRUE
REV02333,P0124,U0117,4,Highly recommended,"Perfect for daily use, sturdy and reliable.",Positive,2026-05-26,FALSE
REV02334,P0228,U0138,4,Superb build quality,"Excellent quality and fast delivery, will buy again.",Positive,2026-05-16,TRUE
REV02335,P0201,U0041,3,Okay for the price,"Average product, does the job but nothing special.",Neutral,2026-07-30,FALSE
REV02336,P0103,U0234,3,Decent,"Decent quality, meets basic expectations.",Neutral,2026-08-01,TRUE
REV02337,P0067,U0223,3,Decent,"Decent quality, meets basic expectations.",Neutral,2025-08-16,TRUE
REV02338,P0029,U0062,4,Loved it!,"Perfect for daily use, sturdy and reliable.",Positive,2026-06-07,TRUE
REV02339,P0201,U0282,4,Highly recommended,"Perfect for daily use, sturdy and reliable.",Positive,2026-01-15,TRUE
REV02340,P0159,U0151,5,Great purchase,"Excellent quality and fast delivery, will buy again.",Positive,2026-08-01,TRUE
REV02341,P0391,U0124,3,Okay for the price,"Average product, does the job but nothing special.",Neutral,2026-04-23,TRUE
REV02342,P0175,U0062,3,Could be better,"It's okay, not the best but not the worst either.",Neutral,2025-04-06,TRUE
REV02343,P0078,U0478,3,Average product,"Average product, does the job but nothing special.",Neutral,2025-12-29,TRUE
REV02344,P0386,U0299,3,Could be better,"Decent quality, meets basic expectations.",Neutral,2026-02-13,TRUE
REV02345,P0143,U0455,5,Highly recommended,Very satisfied with the build quality and finish.,Positive,2026-07-23,FALSE
REV02346,P0231,U0041,2,Disappointed,"Not as described, quite disappointed with this purchase.",Negative,2025-06-15,TRUE
REV02347,P0198,U0314,5,Superb build quality,"Worth every rupee, quality exceeded my expectations.",Positive,2025-12-10,TRUE
REV02348,P0217,U0388,4,Amazing product!,Works perfectly and looks great. Highly recommend to everyone.,Positive,2025-06-28,TRUE
REV02349,P0101,U0396,4,Great purchase,Very satisfied with the build quality and finish.,Positive,2025-12-02,TRUE
REV02350,P0295,U0346,3,Decent,"Average product, does the job but nothing special.",Neutral,2026-04-29,TRUE
REV02351,P0318,U0157,3,Decent,"Average product, does the job but nothing special.",Neutral,2026-02-28,TRUE
REV02352,P0056,U0183,5,Best in this price range,Very satisfied with the build quality and finish.,Positive,2026-08-05,TRUE
REV02353,P0130,U0013,5,Superb build quality,"Worth every rupee, quality exceeded my expectations.",Positive,2026-04-02,TRUE
REV02354,P0106,U0141,5,Highly recommended,"Perfect for daily use, sturdy and reliable.",Positive,2026-06-04,TRUE
REV02355,P0362,U0121,4,Superb build quality,"Worth every rupee, quality exceeded my expectations.",Positive,2025-02-01,TRUE
REV02356,P0008,U0369,3,Decent,"Reasonable purchase, packaging could be improved though.",Neutral,2025-12-28,TRUE
REV02357,P0019,U0354,2,Below expectations,"Stopped working after a few days, would not recommend.",Negative,2026-05-13,FALSE
REV02358,P0242,U0413,3,Could be better,"It's okay, not the best but not the worst either.",Neutral,2026-06-13,TRUE
REV02359,P0182,U0469,4,Excellent quality,"Excellent quality and fast delivery, will buy again.",Positive,2026-03-09,TRUE
REV02360,P0256,U0122,4,Loved it!,"Great value for money, exactly as described.",Positive,2025-10-17,TRUE
REV02361,P0391,U0355,4,Loved it!,"Superb product, using it daily without any issues.",Positive,2026-04-29,FALSE
REV02362,P0235,U0013,2,Below expectations,"Packaging was damaged when it arrived, quality control issue.",Negative,2025-12-11,TRUE
REV02363,P0175,U0287,3,Decent,"Reasonable purchase, packaging could be improved though.",Neutral,2026-07-14,TRUE
REV02364,P0128,U0356,4,Great purchase,"Excellent quality and fast delivery, will buy again.",Positive,2026-02-03,TRUE
REV02365,P0082,U0022,4,Superb build quality,"Amazing battery life and performance, very happy with this purchase.",Positive,2025-10-22,TRUE
REV02366,P0003,U0005,4,Loved it!,"Excellent quality and fast delivery, will buy again.",Positive,2026-07-24,TRUE
REV02367,P0090,U0087,3,Could be better,"Good for the price, but there is room for improvement.",Neutral,2026-07-15,TRUE
REV02368,P0274,U0152,5,Excellent quality,"Excellent quality and fast delivery, will buy again.",Positive,2026-04-23,TRUE
REV02369,P0286,U0129,4,Best in this price range,Very satisfied with the build quality and finish.,Positive,2025-10-31,TRUE
REV02370,P0258,U0432,4,Excellent quality,"Superb product, using it daily without any issues.",Positive,2026-01-21,FALSE
REV02371,P0146,U0350,3,Could be better,"Good for the price, but there is room for improvement.",Neutral,2026-06-02,TRUE
REV02372,P0003,U0155,4,Best in this price range,"Great value for money, exactly as described.",Positive,2025-06-01,TRUE
REV02373,P0138,U0106,3,Average product,"Average product, does the job but nothing special.",Neutral,2025-11-07,TRUE
REV02374,P0190,U0364,3,Okay for the price,"Good for the price, but there is room for improvement.",Neutral,2024-12-27,TRUE
REV02375,P0348,U0218,5,Worth every rupee,"Great value for money, exactly as described.",Positive,2025-10-29,FALSE
REV02376,P0186,U0467,3,Decent,"Decent quality, meets basic expectations.",Neutral,2025-11-26,FALSE
REV02377,P0362,U0255,4,Great purchase,"Worth every rupee, quality exceeded my expectations.",Positive,2026-06-19,TRUE
REV02378,P0356,U0400,3,Could be better,"It's okay, not the best but not the worst either.",Neutral,2026-08-01,TRUE
REV02379,P0122,U0301,3,Could be better,"Good for the price, but there is room for improvement.",Neutral,2026-05-18,TRUE
REV02380,P0160,U0286,3,Could be better,"It's okay, not the best but not the worst either.",Neutral,2025-09-16,TRUE
REV02381,P0292,U0179,4,Loved it!,"Worth every rupee, quality exceeded my expectations.",Positive,2026-02-18,TRUE
REV02382,P0145,U0377,3,Could be better,"Good for the price, but there is room for improvement.",Neutral,2026-07-02,TRUE
REV02383,P0113,U0242,5,Highly recommended,"Great value for money, exactly as described.",Positive,2026-05-13,TRUE
REV02384,P0075,U0487,4,Great purchase,Very satisfied with the build quality and finish.,Positive,2026-02-04,TRUE
REV02385,P0274,U0473,4,Worth every rupee,Very satisfied with the build quality and finish.,Positive,2026-05-26,TRUE
REV02386,P0333,U0329,4,Amazing product!,Very satisfied with the build quality and finish.,Positive,2026-04-13,TRUE
REV02387,P0156,U0484,4,Great purchase,"Great value for money, exactly as described.",Positive,2026-07-24,FALSE
REV02388,P0182,U0220,3,Decent,"It's okay, not the best but not the worst either.",Neutral,2026-01-20,TRUE
REV02389,P0028,U0155,3,Okay for the price,"Decent quality, meets basic expectations.",Neutral,2025-09-02,TRUE
REV02390,P0213,U0420,3,Decent,"It's okay, not the best but not the worst either.",Neutral,2026-06-27,TRUE
REV02391,P0191,U0412,3,Average product,"Decent quality, meets basic expectations.",Neutral,2025-12-05,TRUE
REV02392,P0109,U0132,5,Worth every rupee,"Perfect for daily use, sturdy and reliable.",Positive,2025-12-28,TRUE
REV02393,P0208,U0369,4,Loved it!,"Superb product, using it daily without any issues.",Positive,2025-02-17,FALSE
REV02394,P0213,U0271,4,Great purchase,"Worth every rupee, quality exceeded my expectations.",Positive,2025-08-19,TRUE
REV02395,P0153,U0416,5,Great purchase,"Worth every rupee, quality exceeded my expectations.",Positive,2026-05-09,TRUE
REV02396,P0316,U0122,3,Could be better,"Good for the price, but there is room for improvement.",Neutral,2026-04-30,TRUE
REV02397,P0263,U0127,3,Average product,"Average product, does the job but nothing special.",Neutral,2025-03-31,TRUE
REV02398,P0294,U0428,3,Okay for the price,"Average product, does the job but nothing special.",Neutral,2026-04-11,TRUE
REV02399,P0192,U0433,4,Highly recommended,"Amazing battery life and performance, very happy with this purchase.",Positive,2026-01-07,TRUE
REV02400,P0021,U0234,4,Loved it!,Very satisfied with the build quality and finish.,Positive,2026-07-13,TRUE
REV02401,P0059,U0015,5,Best in this price range,"Perfect for daily use, sturdy and reliable.",Positive,2025-11-22,TRUE
REV02402,P0183,U0303,2,Disappointed,"Battery drains quickly, not satisfied with performance.",Negative,2026-08-06,TRUE
REV02403,P0190,U0181,4,Amazing product!,"Great value for money, exactly as described.",Positive,2026-04-30,TRUE
REV02404,P0359,U0394,3,Average product,"Decent quality, meets basic expectations.",Neutral,2026-08-01,TRUE
REV02405,P0034,U0325,4,Best in this price range,"Superb product, using it daily without any issues.",Positive,2024-11-07,TRUE
REV02406,P0240,U0217,5,Loved it!,"Great value for money, exactly as described.",Positive,2025-11-21,TRUE
REV02407,P0319,U0463,4,Worth every rupee,"Amazing battery life and performance, very happy with this purchase.",Positive,2026-06-08,FALSE
REV02408,P0295,U0118,4,Great purchase,"Amazing battery life and performance, very happy with this purchase.",Positive,2026-04-15,TRUE
REV02409,P0181,U0199,4,Loved it!,Works perfectly and looks great. Highly recommend to everyone.,Positive,2026-05-16,TRUE
REV02410,P0197,U0349,3,Could be better,"Good for the price, but there is room for improvement.",Neutral,2026-07-06,TRUE
REV02411,P0350,U0479,4,Great purchase,"Superb product, using it daily without any issues.",Positive,2026-03-13,TRUE
REV02412,P0341,U0238,4,Loved it!,"Amazing battery life and performance, very happy with this purchase.",Positive,2025-08-31,TRUE
REV02413,P0212,U0252,4,Amazing product!,"Great value for money, exactly as described.",Positive,2026-03-30,TRUE
REV02414,P0122,U0103,4,Excellent quality,"Amazing battery life and performance, very happy with this purchase.",Positive,2026-01-13,TRUE
REV02415,P0333,U0385,3,Okay for the price,"Reasonable purchase, packaging could be improved though.",Neutral,2025-11-06,TRUE
REV02416,P0341,U0103,4,Worth every rupee,Very satisfied with the build quality and finish.,Positive,2026-07-29,TRUE
REV02417,P0215,U0444,4,Worth every rupee,"Great value for money, exactly as described.",Positive,2026-03-22,TRUE
REV02418,P0309,U0360,5,Superb build quality,"Worth every rupee, quality exceeded my expectations.",Positive,2025-10-14,TRUE
REV02419,P0263,U0130,3,Decent,"It's okay, not the best but not the worst either.",Neutral,2026-02-09,FALSE
REV02420,P0111,U0182,5,Worth every rupee,"Amazing battery life and performance, very happy with this purchase.",Positive,2026-01-05,TRUE
REV02421,P0139,U0126,4,Worth every rupee,Very satisfied with the build quality and finish.,Positive,2025-10-10,TRUE
REV02422,P0348,U0343,5,Highly recommended,"Great value for money, exactly as described.",Positive,2026-06-14,TRUE
REV02423,P0251,U0128,4,Great purchase,"Worth every rupee, quality exceeded my expectations.",Positive,2025-07-12,TRUE
REV02424,P0065,U0094,3,Could be better,"Reasonable purchase, packaging could be improved though.",Neutral,2026-07-25,TRUE
REV02425,P0329,U0397,3,Decent,"It's okay, not the best but not the worst either.",Neutral,2026-06-24,FALSE
REV02426,P0179,U0307,5,Loved it!,"Great value for money, exactly as described.",Positive,2025-11-10,TRUE
REV02427,P0269,U0377,2,Waste of money,"Overpriced for the quality offered, expected better.",Negative,2026-07-28,TRUE
REV02428,P0106,U0041,5,Loved it!,"Excellent quality and fast delivery, will buy again.",Positive,2025-10-18,TRUE
REV02429,P0253,U0095,4,Amazing product!,"Amazing battery life and performance, very happy with this purchase.",Positive,2025-12-17,TRUE
REV02430,P0310,U0058,5,Great purchase,"Superb product, using it daily without any issues.",Positive,2025-11-10,TRUE
REV02431,P0271,U0076,4,Superb build quality,"Amazing battery life and performance, very happy with this purchase.",Positive,2026-02-03,TRUE
REV02432,P0341,U0369,3,Decent,"Decent quality, meets basic expectations.",Neutral,2025-04-15,TRUE
REV02433,P0168,U0264,4,Superb build quality,"Excellent quality and fast delivery, will buy again.",Positive,2025-09-05,TRUE
REV02434,P0169,U0070,4,Worth every rupee,Very satisfied with the build quality and finish.,Positive,2025-07-08,TRUE
REV02435,P0394,U0253,3,Average product,"It's okay, not the best but not the worst either.",Neutral,2026-04-28,TRUE
REV02436,P0003,U0118,5,Amazing product!,"Perfect for daily use, sturdy and reliable.",Positive,2026-07-26,TRUE
REV02437,P0081,U0262,4,Superb build quality,Works perfectly and looks great. Highly recommend to everyone.,Positive,2026-08-01,TRUE
REV02438,P0160,U0069,4,Excellent quality,"Perfect for daily use, sturdy and reliable.",Positive,2025-04-16,TRUE
REV02439,P0030,U0068,4,Amazing product!,Very satisfied with the build quality and finish.,Positive,2026-08-06,TRUE
REV02440,P0313,U0428,4,Excellent quality,Very satisfied with the build quality and finish.,Positive,2026-05-14,TRUE
REV02441,P0113,U0019,3,Could be better,"Reasonable purchase, packaging could be improved though.",Neutral,2026-04-02,TRUE
REV02442,P0022,U0334,5,Worth every rupee,"Perfect for daily use, sturdy and reliable.",Positive,2026-03-31,TRUE
REV02443,P0225,U0064,4,Amazing product!,"Excellent quality and fast delivery, will buy again.",Positive,2025-04-26,TRUE
REV02444,P0365,U0337,4,Amazing product!,"Excellent quality and fast delivery, will buy again.",Positive,2026-04-21,TRUE
REV02445,P0328,U0159,4,Excellent quality,"Excellent quality and fast delivery, will buy again.",Positive,2025-12-02,TRUE
REV02446,P0047,U0250,5,Amazing product!,"Amazing battery life and performance, very happy with this purchase.",Positive,2025-09-27,TRUE
REV02447,P0170,U0138,4,Superb build quality,"Amazing battery life and performance, very happy with this purchase.",Positive,2026-02-15,TRUE
REV02448,P0393,U0390,4,Amazing product!,"Worth every rupee, quality exceeded my expectations.",Positive,2025-12-17,TRUE
REV02449,P0374,U0055,4,Superb build quality,"Great value for money, exactly as described.",Positive,2025-03-22,TRUE
REV02450,P0202,U0406,4,Amazing product!,"Excellent quality and fast delivery, will buy again.",Positive,2026-07-27,TRUE
REV02451,P0327,U0206,3,Average product,"It's okay, not the best but not the worst either.",Neutral,2025-05-23,TRUE
REV02452,P0308,U0327,4,Highly recommended,"Amazing battery life and performance, very happy with this purchase.",Positive,2026-06-02,TRUE
REV02453,P0241,U0217,3,Average product,"Decent quality, meets basic expectations.",Neutral,2026-04-10,TRUE
REV02454,P0097,U0054,3,Decent,"Reasonable purchase, packaging could be improved though.",Neutral,2026-07-03,TRUE
REV02455,P0299,U0480,4,Superb build quality,"Amazing battery life and performance, very happy with this purchase.",Positive,2026-06-01,TRUE
REV02456,P0389,U0184,4,Superb build quality,"Superb product, using it daily without any issues.",Positive,2025-08-06,FALSE
REV02457,P0045,U0094,4,Loved it!,"Superb product, using it daily without any issues.",Positive,2026-06-04,TRUE
REV02458,P0269,U0300,3,Decent,"Good for the price, but there is room for improvement.",Neutral,2026-07-16,TRUE
REV02459,P0119,U0404,3,Okay for the price,"Average product, does the job but nothing special.",Neutral,2026-04-04,TRUE
REV02460,P0155,U0340,5,Superb build quality,Works perfectly and looks great. Highly recommend to everyone.,Positive,2026-04-15,TRUE
REV02461,P0017,U0441,4,Superb build quality,"Excellent quality and fast delivery, will buy again.",Positive,2025-05-09,TRUE
REV02462,P0206,U0169,5,Great purchase,Very satisfied with the build quality and finish.,Positive,2025-05-30,TRUE
REV02463,P0097,U0252,4,Best in this price range,"Great value for money, exactly as described.",Positive,2025-12-20,TRUE
REV02464,P0231,U0469,3,Could be better,"Good for the price, but there is room for improvement.",Neutral,2025-09-09,TRUE
REV02465,P0225,U0409,3,Okay for the price,"Decent quality, meets basic expectations.",Neutral,2025-12-20,TRUE
REV02466,P0011,U0310,4,Highly recommended,"Great value for money, exactly as described.",Positive,2026-08-05,TRUE
REV02467,P0271,U0196,4,Best in this price range,"Perfect for daily use, sturdy and reliable.",Positive,2026-06-13,TRUE
REV02468,P0126,U0234,4,Loved it!,"Superb product, using it daily without any issues.",Positive,2026-07-15,TRUE
REV02469,P0275,U0142,3,Could be better,"Good for the price, but there is room for improvement.",Neutral,2026-03-07,TRUE
REV02470,P0311,U0210,3,Decent,"Good for the price, but there is room for improvement.",Neutral,2025-12-28,TRUE
REV02471,P0395,U0068,4,Superb build quality,"Excellent quality and fast delivery, will buy again.",Positive,2026-08-06,TRUE
REV02472,P0128,U0221,3,Decent,"Decent quality, meets basic expectations.",Neutral,2026-07-01,FALSE
REV02473,P0104,U0453,5,Excellent quality,"Superb product, using it daily without any issues.",Positive,2026-08-05,TRUE
REV02474,P0084,U0232,2,Waste of money,"Overpriced for the quality offered, expected better.",Negative,2025-11-22,TRUE
REV02475,P0256,U0332,5,Excellent quality,Very satisfied with the build quality and finish.,Positive,2025-06-17,TRUE
REV02476,P0076,U0353,2,Poor quality,"Battery drains quickly, not satisfied with performance.",Negative,2024-11-06,TRUE
REV02477,P0354,U0345,5,Excellent quality,Works perfectly and looks great. Highly recommend to everyone.,Positive,2026-08-03,TRUE
REV02478,P0170,U0147,3,Decent,"It's okay, not the best but not the worst either.",Neutral,2026-05-08,TRUE
REV02479,P0046,U0274,4,Best in this price range,Very satisfied with the build quality and finish.,Positive,2026-07-16,FALSE
REV02480,P0164,U0195,2,Waste of money,"Stopped working after a few days, would not recommend.",Negative,2025-08-11,TRUE
REV02481,P0256,U0126,5,Worth every rupee,"Great value for money, exactly as described.",Positive,2026-01-10,TRUE
REV02482,P0030,U0317,4,Amazing product!,"Excellent quality and fast delivery, will buy again.",Positive,2025-08-07,TRUE
REV02483,P0248,U0370,4,Loved it!,"Perfect for daily use, sturdy and reliable.",Positive,2026-04-26,TRUE
REV02484,P0011,U0422,4,Loved it!,"Perfect for daily use, sturdy and reliable.",Positive,2025-08-09,TRUE
REV02485,P0264,U0287,4,Loved it!,"Amazing battery life and performance, very happy with this purchase.",Positive,2026-07-08,TRUE
REV02486,P0294,U0464,3,Okay for the price,"It's okay, not the best but not the worst either.",Neutral,2025-09-07,TRUE
REV02487,P0400,U0398,3,Could be better,"Reasonable purchase, packaging could be improved though.",Neutral,2026-05-02,TRUE
REV02488,P0394,U0206,3,Could be better,"Good for the price, but there is room for improvement.",Neutral,2025-01-17,TRUE
REV02489,P0316,U0115,4,Worth every rupee,Works perfectly and looks great. Highly recommend to everyone.,Positive,2026-02-06,TRUE
REV02490,P0039,U0143,4,Loved it!,"Amazing battery life and performance, very happy with this purchase.",Positive,2025-10-17,TRUE
REV02491,P0210,U0442,3,Okay for the price,"Average product, does the job but nothing special.",Neutral,2026-03-29,TRUE
REV02492,P0373,U0156,3,Decent,"Reasonable purchase, packaging could be improved though.",Neutral,2025-10-17,TRUE
REV02493,P0059,U0289,5,Superb build quality,"Perfect for daily use, sturdy and reliable.",Positive,2025-05-11,TRUE
REV02494,P0173,U0051,5,Worth every rupee,"Worth every rupee, quality exceeded my expectations.",Positive,2026-04-23,TRUE
REV02495,P0206,U0160,5,Worth every rupee,"Perfect for daily use, sturdy and reliable.",Positive,2026-05-10,TRUE
REV02496,P0123,U0088,4,Excellent quality,"Excellent quality and fast delivery, will buy again.",Positive,2026-08-05,TRUE
REV02497,P0057,U0412,3,Decent,"Good for the price, but there is room for improvement.",Neutral,2025-11-06,TRUE
REV02498,P0243,U0455,5,Great purchase,"Superb product, using it daily without any issues.",Positive,2026-08-05,TRUE
REV02499,P0128,U0142,5,Worth every rupee,"Perfect for daily use, sturdy and reliable.",Positive,2026-02-06,TRUE
REV02500,P0168,U0133,3,Could be better,"Decent quality, meets basic expectations.",Neutral,2026-04-26,TRUE
REV02501,P0314,U0127,4,Superb build quality,"Superb product, using it daily without any issues.",Positive,2026-01-27,TRUE
REV02502,P0166,U0254,5,Great purchase,"Great value for money, exactly as described.",Positive,2026-05-29,TRUE
REV02503,P0076,U0141,3,Okay for the price,"It's okay, not the best but not the worst either.",Neutral,2026-01-30,TRUE
REV02504,P0166,U0123,4,Best in this price range,"Great value for money, exactly as described.",Positive,2026-08-02,TRUE
REV02505,P0188,U0263,3,Okay for the price,"It's okay, not the best but not the worst either.",Neutral,2025-10-06,TRUE
REV02506,P0348,U0109,5,Superb build quality,"Worth every rupee, quality exceeded my expectations.",Positive,2026-02-26,TRUE
REV02507,P0175,U0044,5,Best in this price range,"Perfect for daily use, sturdy and reliable.",Positive,2026-07-06,TRUE
REV02508,P0045,U0063,3,Average product,"It's okay, not the best but not the worst either.",Neutral,2026-05-30,TRUE
REV02509,P0022,U0388,4,Loved it!,"Great value for money, exactly as described.",Positive,2026-01-31,TRUE
REV02510,P0179,U0376,4,Loved it!,"Excellent quality and fast delivery, will buy again.",Positive,2026-07-29,TRUE
REV02511,P0043,U0350,3,Could be better,"Reasonable purchase, packaging could be improved though.",Neutral,2026-06-18,FALSE
REV02512,P0359,U0070,4,Amazing product!,"Worth every rupee, quality exceeded my expectations.",Positive,2025-08-04,TRUE
REV02513,P0187,U0349,3,Could be better,"Reasonable purchase, packaging could be improved though.",Neutral,2026-04-15,TRUE
REV02514,P0015,U0400,5,Amazing product!,"Perfect for daily use, sturdy and reliable.",Positive,2026-06-22,TRUE
REV02515,P0279,U0330,5,Excellent quality,Very satisfied with the build quality and finish.,Positive,2025-09-10,TRUE
REV02516,P0260,U0399,2,Not worth it,"Packaging was damaged when it arrived, quality control issue.",Negative,2026-01-20,TRUE
REV02517,P0349,U0066,3,Decent,"Decent quality, meets basic expectations.",Neutral,2025-04-12,TRUE
REV02518,P0075,U0270,4,Worth every rupee,"Superb product, using it daily without any issues.",Positive,2026-03-09,TRUE
REV02519,P0285,U0007,3,Average product,"Reasonable purchase, packaging could be improved though.",Neutral,2026-04-17,TRUE
REV02520,P0038,U0401,5,Great purchase,"Perfect for daily use, sturdy and reliable.",Positive,2025-10-17,TRUE
REV02521,P0035,U0089,5,Great purchase,"Great value for money, exactly as described.",Positive,2026-02-19,FALSE
REV02522,P0367,U0344,5,Superb build quality,Works perfectly and looks great. Highly recommend to everyone.,Positive,2026-06-06,TRUE
REV02523,P0263,U0313,3,Okay for the price,"Reasonable purchase, packaging could be improved though.",Neutral,2026-08-05,TRUE
REV02524,P0031,U0094,4,Great purchase,Works perfectly and looks great. Highly recommend to everyone.,Positive,2026-07-03,TRUE
REV02525,P0116,U0297,3,Could be better,"Good for the price, but there is room for improvement.",Neutral,2025-12-11,TRUE
REV02526,P0015,U0272,5,Amazing product!,Works perfectly and looks great. Highly recommend to everyone.,Positive,2026-05-06,TRUE
REV02527,P0310,U0356,5,Excellent quality,"Amazing battery life and performance, very happy with this purchase.",Positive,2025-11-16,TRUE
REV02528,P0312,U0195,5,Highly recommended,Works perfectly and looks great. Highly recommend to everyone.,Positive,2025-10-01,TRUE
REV02529,P0356,U0258,4,Superb build quality,"Perfect for daily use, sturdy and reliable.",Positive,2026-02-11,FALSE
REV02530,P0281,U0078,4,Amazing product!,"Superb product, using it daily without any issues.",Positive,2026-03-08,TRUE
REV02531,P0304,U0462,3,Okay for the price,"It's okay, not the best but not the worst either.",Neutral,2026-06-01,TRUE
REV02532,P0257,U0204,5,Great purchase,"Amazing battery life and performance, very happy with this purchase.",Positive,2025-12-30,TRUE
REV02533,P0110,U0161,3,Decent,"Good for the price, but there is room for improvement.",Neutral,2026-08-05,TRUE
REV02534,P0380,U0183,4,Worth every rupee,"Excellent quality and fast delivery, will buy again.",Positive,2026-08-06,TRUE
REV02535,P0266,U0380,3,Okay for the price,"Reasonable purchase, packaging could be improved though.",Neutral,2026-05-09,TRUE
REV02536,P0210,U0324,4,Superb build quality,"Amazing battery life and performance, very happy with this purchase.",Positive,2025-11-18,TRUE
REV02537,P0081,U0346,3,Could be better,"Good for the price, but there is room for improvement.",Neutral,2026-04-11,TRUE
REV02538,P0091,U0296,4,Superb build quality,"Worth every rupee, quality exceeded my expectations.",Positive,2026-07-31,TRUE
REV02539,P0365,U0043,4,Highly recommended,Works perfectly and looks great. Highly recommend to everyone.,Positive,2026-07-25,TRUE
REV02540,P0027,U0196,4,Great purchase,"Superb product, using it daily without any issues.",Positive,2026-07-16,TRUE
REV02541,P0219,U0299,4,Great purchase,"Great value for money, exactly as described.",Positive,2026-03-24,TRUE
REV02542,P0373,U0165,4,Loved it!,"Great value for money, exactly as described.",Positive,2026-01-31,TRUE
REV02543,P0095,U0367,4,Loved it!,"Superb product, using it daily without any issues.",Positive,2024-10-11,TRUE
REV02544,P0076,U0176,4,Highly recommended,"Superb product, using it daily without any issues.",Positive,2026-05-13,TRUE
REV02545,P0024,U0417,4,Excellent quality,"Excellent quality and fast delivery, will buy again.",Positive,2025-07-25,TRUE
REV02546,P0135,U0016,2,Not worth it,"Battery drains quickly, not satisfied with performance.",Negative,2026-06-29,TRUE
REV02547,P0069,U0224,4,Amazing product!,"Perfect for daily use, sturdy and reliable.",Positive,2026-05-18,TRUE
REV02548,P0108,U0208,4,Highly recommended,Works perfectly and looks great. Highly recommend to everyone.,Positive,2025-06-02,TRUE
REV02549,P0299,U0433,4,Best in this price range,Very satisfied with the build quality and finish.,Positive,2026-05-11,TRUE
REV02550,P0075,U0206,4,Great purchase,"Superb product, using it daily without any issues.",Positive,2024-10-21,TRUE
REV02551,P0391,U0052,4,Excellent quality,Works perfectly and looks great. Highly recommend to everyone.,Positive,2026-03-30,TRUE
REV02552,P0161,U0367,4,Great purchase,Works perfectly and looks great. Highly recommend to everyone.,Positive,2025-12-18,TRUE
REV02553,P0097,U0081,3,Okay for the price,"It's okay, not the best but not the worst either.",Neutral,2025-08-07,TRUE
REV02554,P0032,U0374,2,Disappointed,"Not as described, quite disappointed with this purchase.",Negative,2025-02-11,TRUE
REV02555,P0088,U0425,3,Decent,"Average product, does the job but nothing special.",Neutral,2026-06-14,TRUE
REV02556,P0225,U0035,3,Decent,"Good for the price, but there is room for improvement.",Neutral,2026-07-08,TRUE
REV02557,P0351,U0212,4,Worth every rupee,"Excellent quality and fast delivery, will buy again.",Positive,2025-09-11,TRUE
REV02558,P0182,U0077,3,Okay for the price,"Average product, does the job but nothing special.",Neutral,2026-06-21,FALSE
REV02559,P0070,U0128,5,Best in this price range,Works perfectly and looks great. Highly recommend to everyone.,Positive,2025-11-20,TRUE
REV02560,P0391,U0480,3,Okay for the price,"Average product, does the job but nothing special.",Neutral,2026-07-01,TRUE
REV02561,P0225,U0016,4,Loved it!,Works perfectly and looks great. Highly recommend to everyone.,Positive,2026-07-15,FALSE
REV02562,P0323,U0250,4,Best in this price range,Works perfectly and looks great. Highly recommend to everyone.,Positive,2026-06-30,TRUE
REV02563,P0281,U0003,3,Decent,"Average product, does the job but nothing special.",Neutral,2025-09-08,TRUE
REV02564,P0048,U0260,3,Could be better,"Average product, does the job but nothing special.",Neutral,2026-08-03,TRUE
REV02565,P0168,U0223,3,Could be better,"Good for the price, but there is room for improvement.",Neutral,2025-05-27,TRUE
REV02566,P0367,U0296,3,Average product,"It's okay, not the best but not the worst either.",Neutral,2026-07-13,TRUE
REV02567,P0217,U0203,3,Average product,"Average product, does the job but nothing special.",Neutral,2026-05-23,TRUE
REV02568,P0376,U0169,4,Loved it!,"Worth every rupee, quality exceeded my expectations.",Positive,2025-09-13,TRUE
REV02569,P0102,U0196,4,Highly recommended,Very satisfied with the build quality and finish.,Positive,2026-07-28,TRUE
REV02570,P0373,U0434,4,Excellent quality,"Perfect for daily use, sturdy and reliable.",Positive,2026-07-10,TRUE
REV02571,P0052,U0045,4,Worth every rupee,"Superb product, using it daily without any issues.",Positive,2026-07-20,TRUE
REV02572,P0056,U0070,4,Highly recommended,Works perfectly and looks great. Highly recommend to everyone.,Positive,2025-03-08,TRUE
REV02573,P0104,U0036,5,Best in this price range,"Superb product, using it daily without any issues.",Positive,2026-05-17,TRUE
REV02574,P0151,U0480,3,Could be better,"Decent quality, meets basic expectations.",Neutral,2026-06-04,TRUE
REV02575,P0328,U0147,4,Highly recommended,"Amazing battery life and performance, very happy with this purchase.",Positive,2026-05-05,TRUE
REV02576,P0052,U0128,4,Best in this price range,"Excellent quality and fast delivery, will buy again.",Positive,2026-05-21,TRUE
REV02577,P0156,U0156,4,Loved it!,"Amazing battery life and performance, very happy with this purchase.",Positive,2026-04-15,TRUE
REV02578,P0114,U0151,4,Loved it!,"Worth every rupee, quality exceeded my expectations.",Positive,2026-07-03,TRUE
REV02579,P0007,U0045,5,Loved it!,"Worth every rupee, quality exceeded my expectations.",Positive,2026-07-17,TRUE
REV02580,P0136,U0319,5,Amazing product!,"Worth every rupee, quality exceeded my expectations.",Positive,2026-08-06,TRUE
REV02581,P0071,U0270,3,Decent,"Average product, does the job but nothing special.",Neutral,2025-09-10,TRUE
REV02582,P0069,U0040,3,Decent,"Average product, does the job but nothing special.",Neutral,2025-11-26,TRUE
REV02583,P0027,U0156,4,Worth every rupee,"Excellent quality and fast delivery, will buy again.",Positive,2025-08-31,TRUE
REV02584,P0399,U0028,4,Superb build quality,"Great value for money, exactly as described.",Positive,2025-02-05,TRUE
REV02585,P0143,U0127,4,Excellent quality,"Amazing battery life and performance, very happy with this purchase.",Positive,2025-12-03,TRUE
REV02586,P0015,U0485,4,Great purchase,"Perfect for daily use, sturdy and reliable.",Positive,2026-05-07,TRUE
REV02587,P0169,U0144,4,Best in this price range,"Superb product, using it daily without any issues.",Positive,2025-10-20,TRUE
REV02588,P0307,U0028,4,Best in this price range,"Excellent quality and fast delivery, will buy again.",Positive,2026-05-25,TRUE
REV02589,P0248,U0340,5,Highly recommended,Works perfectly and looks great. Highly recommend to everyone.,Positive,2025-11-25,FALSE
REV02590,P0101,U0119,4,Excellent quality,"Amazing battery life and performance, very happy with this purchase.",Positive,2026-01-21,TRUE
REV02591,P0201,U0493,3,Could be better,"It's okay, not the best but not the worst either.",Neutral,2025-08-19,TRUE
REV02592,P0087,U0147,4,Worth every rupee,"Worth every rupee, quality exceeded my expectations.",Positive,2026-01-09,TRUE
REV02593,P0003,U0064,5,Superb build quality,"Great value for money, exactly as described.",Positive,2026-07-15,TRUE
REV02594,P0250,U0048,4,Great purchase,Works perfectly and looks great. Highly recommend to everyone.,Positive,2026-06-10,TRUE
REV02595,P0267,U0246,3,Could be better,"Average product, does the job but nothing special.",Neutral,2026-06-28,TRUE
REV02596,P0393,U0216,4,Superb build quality,Very satisfied with the build quality and finish.,Positive,2025-05-25,TRUE
REV02597,P0183,U0433,3,Average product,"Average product, does the job but nothing special.",Neutral,2026-04-16,TRUE
REV02598,P0128,U0102,4,Worth every rupee,Very satisfied with the build quality and finish.,Positive,2025-07-02,TRUE
REV02599,P0317,U0223,2,Not worth it,"Overpriced for the quality offered, expected better.",Negative,2025-09-17,TRUE
REV02600,P0308,U0248,4,Excellent quality,"Perfect for daily use, sturdy and reliable.",Positive,2026-03-16,TRUE
REV02601,P0087,U0479,3,Decent,"Reasonable purchase, packaging could be improved though.",Neutral,2025-07-06,TRUE
REV02602,P0041,U0287,4,Amazing product!,"Excellent quality and fast delivery, will buy again.",Positive,2026-07-26,TRUE
REV02603,P0259,U0334,3,Decent,"Good for the price, but there is room for improvement.",Neutral,2026-08-05,TRUE
REV02604,P0382,U0344,4,Amazing product!,"Perfect for daily use, sturdy and reliable.",Positive,2026-05-06,TRUE
REV02605,P0065,U0078,3,Average product,"Good for the price, but there is room for improvement.",Neutral,2026-05-04,TRUE
REV02606,P0212,U0404,4,Loved it!,"Perfect for daily use, sturdy and reliable.",Positive,2026-03-22,TRUE
REV02607,P0352,U0063,4,Loved it!,"Worth every rupee, quality exceeded my expectations.",Positive,2026-05-26,TRUE
REV02608,P0120,U0348,4,Excellent quality,"Great value for money, exactly as described.",Positive,2026-05-06,TRUE
REV02609,P0062,U0492,5,Worth every rupee,"Superb product, using it daily without any issues.",Positive,2026-07-25,FALSE
REV02610,P0054,U0203,3,Decent,"Reasonable purchase, packaging could be improved though.",Neutral,2025-11-03,TRUE
REV02611,P0114,U0409,3,Average product,"Good for the price, but there is room for improvement.",Neutral,2026-05-13,FALSE
REV02612,P0101,U0181,5,Best in this price range,Very satisfied with the build quality and finish.,Positive,2026-05-04,TRUE
REV02613,P0237,U0246,4,Worth every rupee,"Amazing battery life and performance, very happy with this purchase.",Positive,2026-07-22,TRUE
REV02614,P0114,U0261,2,Not worth it,"Very poor build quality, broke within a week.",Negative,2026-06-18,TRUE
REV02615,P0204,U0389,3,Decent,"Good for the price, but there is room for improvement.",Neutral,2026-04-20,TRUE
REV02616,P0268,U0451,3,Could be better,"Average product, does the job but nothing special.",Neutral,2026-03-17,TRUE
REV02617,P0016,U0434,4,Worth every rupee,"Amazing battery life and performance, very happy with this purchase.",Positive,2026-05-31,TRUE
REV02618,P0093,U0107,3,Decent,"Reasonable purchase, packaging could be improved though.",Neutral,2025-10-06,TRUE
REV02619,P0004,U0434,4,Loved it!,"Worth every rupee, quality exceeded my expectations.",Positive,2026-04-20,TRUE
REV02620,P0201,U0132,5,Highly recommended,Works perfectly and looks great. Highly recommend to everyone.,Positive,2025-11-09,TRUE
REV02621,P0128,U0242,4,Worth every rupee,Very satisfied with the build quality and finish.,Positive,2026-03-10,TRUE
REV02622,P0107,U0258,4,Excellent quality,"Amazing battery life and performance, very happy with this purchase.",Positive,2025-09-08,TRUE
REV02623,P0165,U0070,3,Okay for the price,"Average product, does the job but nothing special.",Neutral,2025-05-15,TRUE
REV02624,P0078,U0398,3,Decent,"Good for the price, but there is room for improvement.",Neutral,2026-07-09,FALSE
REV02625,P0200,U0213,4,Worth every rupee,"Excellent quality and fast delivery, will buy again.",Positive,2026-04-16,FALSE
REV02626,P0288,U0247,4,Superb build quality,"Superb product, using it daily without any issues.",Positive,2025-12-31,TRUE
REV02627,P0142,U0453,5,Loved it!,Works perfectly and looks great. Highly recommend to everyone.,Positive,2026-07-18,TRUE
REV02628,P0233,U0245,4,Great purchase,"Worth every rupee, quality exceeded my expectations.",Positive,2025-12-30,TRUE
REV02629,P0104,U0256,4,Amazing product!,"Amazing battery life and performance, very happy with this purchase.",Positive,2026-05-13,TRUE
REV02630,P0350,U0401,4,Best in this price range,Very satisfied with the build quality and finish.,Positive,2025-06-11,TRUE
REV02631,P0378,U0234,4,Superb build quality,"Great value for money, exactly as described.",Positive,2026-07-11,TRUE
REV02632,P0047,U0281,3,Could be better,"Average product, does the job but nothing special.",Neutral,2025-09-25,TRUE
REV02633,P0328,U0212,3,Average product,"It's okay, not the best but not the worst either.",Neutral,2026-02-03,FALSE
REV02634,P0247,U0174,4,Loved it!,"Superb product, using it daily without any issues.",Positive,2026-06-24,TRUE
REV02635,P0336,U0068,4,Great purchase,Very satisfied with the build quality and finish.,Positive,2026-08-06,TRUE
REV02636,P0331,U0045,4,Superb build quality,Works perfectly and looks great. Highly recommend to everyone.,Positive,2026-07-23,TRUE
REV02637,P0061,U0210,5,Excellent quality,"Excellent quality and fast delivery, will buy again.",Positive,2024-10-13,TRUE
REV02638,P0196,U0102,3,Could be better,"It's okay, not the best but not the worst either.",Neutral,2026-03-14,TRUE
REV02639,P0279,U0373,4,Excellent quality,"Perfect for daily use, sturdy and reliable.",Positive,2026-02-19,TRUE
REV02640,P0128,U0189,5,Superb build quality,Works perfectly and looks great. Highly recommend to everyone.,Positive,2025-02-04,TRUE
REV02641,P0159,U0416,4,Great purchase,"Excellent quality and fast delivery, will buy again.",Positive,2025-08-24,TRUE
REV02642,P0309,U0053,4,Amazing product!,Works perfectly and looks great. Highly recommend to everyone.,Positive,2026-08-03,TRUE
REV02643,P0292,U0483,4,Excellent quality,Works perfectly and looks great. Highly recommend to everyone.,Positive,2025-08-16,TRUE
REV02644,P0154,U0490,5,Best in this price range,"Excellent quality and fast delivery, will buy again.",Positive,2025-04-19,TRUE
REV02645,P0190,U0100,2,Not worth it,"Battery drains quickly, not satisfied with performance.",Negative,2026-04-05,FALSE
REV02646,P0214,U0443,3,Could be better,"Average product, does the job but nothing special.",Neutral,2026-06-09,TRUE
REV02647,P0095,U0447,4,Worth every rupee,"Great value for money, exactly as described.",Positive,2026-03-04,TRUE
REV02648,P0065,U0225,5,Superb build quality,Very satisfied with the build quality and finish.,Positive,2026-07-01,TRUE
REV02649,P0024,U0161,3,Could be better,"Good for the price, but there is room for improvement.",Neutral,2026-08-04,TRUE
REV02650,P0023,U0099,5,Best in this price range,Very satisfied with the build quality and finish.,Positive,2025-10-01,TRUE
REV02651,P0339,U0367,4,Excellent quality,Works perfectly and looks great. Highly recommend to everyone.,Positive,2025-09-23,FALSE
REV02652,P0390,U0288,4,Excellent quality,"Worth every rupee, quality exceeded my expectations.",Positive,2025-03-24,TRUE
REV02653,P0085,U0341,4,Worth every rupee,"Superb product, using it daily without any issues.",Positive,2025-04-27,TRUE
REV02654,P0088,U0066,5,Great purchase,"Great value for money, exactly as described.",Positive,2025-01-27,TRUE
REV02655,P0391,U0356,4,Worth every rupee,"Amazing battery life and performance, very happy with this purchase.",Positive,2026-04-12,TRUE
REV02656,P0130,U0033,5,Worth every rupee,Works perfectly and looks great. Highly recommend to everyone.,Positive,2025-05-28,TRUE
REV02657,P0088,U0345,3,Average product,"It's okay, not the best but not the worst either.",Neutral,2026-08-02,TRUE
REV02658,P0213,U0282,3,Average product,"Good for the price, but there is room for improvement.",Neutral,2026-04-08,TRUE
REV02659,P0296,U0239,4,Great purchase,"Excellent quality and fast delivery, will buy again.",Positive,2026-07-21,TRUE
REV02660,P0355,U0132,3,Average product,"Decent quality, meets basic expectations.",Neutral,2025-12-25,TRUE
REV02661,P0370,U0385,4,Amazing product!,"Great value for money, exactly as described.",Positive,2026-07-20,TRUE
REV02662,P0032,U0027,2,Disappointed,"Very poor build quality, broke within a week.",Negative,2025-07-08,TRUE
REV02663,P0208,U0439,4,Highly recommended,"Worth every rupee, quality exceeded my expectations.",Positive,2026-07-21,TRUE
REV02664,P0182,U0019,3,Decent,"It's okay, not the best but not the worst either.",Neutral,2026-03-21,TRUE
REV02665,P0215,U0480,4,Great purchase,Works perfectly and looks great. Highly recommend to everyone.,Positive,2026-08-05,TRUE
REV02666,P0263,U0153,3,Average product,"It's okay, not the best but not the worst either.",Neutral,2026-02-10,TRUE
REV02667,P0256,U0100,4,Great purchase,"Great value for money, exactly as described.",Positive,2026-03-28,TRUE
REV02668,P0325,U0083,4,Best in this price range,"Amazing battery life and performance, very happy with this purchase.",Positive,2026-06-11,TRUE
REV02669,P0133,U0191,3,Okay for the price,"It's okay, not the best but not the worst either.",Neutral,2025-06-07,TRUE
REV02670,P0039,U0155,4,Amazing product!,"Perfect for daily use, sturdy and reliable.",Positive,2025-11-01,FALSE
REV02671,P0221,U0167,5,Great purchase,"Great value for money, exactly as described.",Positive,2025-05-26,FALSE
REV02672,P0315,U0123,4,Highly recommended,"Amazing battery life and performance, very happy with this purchase.",Positive,2025-05-20,FALSE
REV02673,P0139,U0097,4,Best in this price range,"Perfect for daily use, sturdy and reliable.",Positive,2026-02-06,TRUE
REV02674,P0003,U0311,4,Loved it!,"Great value for money, exactly as described.",Positive,2026-07-30,TRUE
REV02675,P0199,U0356,4,Amazing product!,"Superb product, using it daily without any issues.",Positive,2026-03-03,FALSE
REV02676,P0336,U0074,4,Best in this price range,"Superb product, using it daily without any issues.",Positive,2026-05-27,TRUE
REV02677,P0029,U0058,3,Average product,"Reasonable purchase, packaging could be improved though.",Neutral,2026-05-03,TRUE
REV02678,P0200,U0285,4,Highly recommended,"Great value for money, exactly as described.",Positive,2026-07-01,TRUE
REV02679,P0344,U0295,4,Loved it!,Works perfectly and looks great. Highly recommend to everyone.,Positive,2026-05-14,TRUE
REV02680,P0373,U0428,4,Amazing product!,Works perfectly and looks great. Highly recommend to everyone.,Positive,2026-04-08,TRUE
REV02681,P0037,U0405,4,Great purchase,"Worth every rupee, quality exceeded my expectations.",Positive,2026-01-23,TRUE
REV02682,P0294,U0195,4,Worth every rupee,"Worth every rupee, quality exceeded my expectations.",Positive,2025-10-19,TRUE
REV02683,P0156,U0081,4,Great purchase,"Worth every rupee, quality exceeded my expectations.",Positive,2025-11-27,TRUE
REV02684,P0267,U0304,5,Superb build quality,Very satisfied with the build quality and finish.,Positive,2026-08-01,TRUE
REV02685,P0393,U0187,4,Worth every rupee,"Great value for money, exactly as described.",Positive,2026-03-05,TRUE
REV02686,P0268,U0203,4,Highly recommended,"Superb product, using it daily without any issues.",Positive,2026-08-05,TRUE
REV02687,P0128,U0178,3,Average product,"Decent quality, meets basic expectations.",Neutral,2025-07-21,TRUE
REV02688,P0141,U0094,4,Highly recommended,"Perfect for daily use, sturdy and reliable.",Positive,2026-05-27,FALSE
REV02689,P0205,U0405,4,Worth every rupee,"Worth every rupee, quality exceeded my expectations.",Positive,2026-02-11,TRUE
REV02690,P0390,U0310,5,Loved it!,"Amazing battery life and performance, very happy with this purchase.",Positive,2026-08-05,TRUE
REV02691,P0223,U0453,5,Loved it!,"Great value for money, exactly as described.",Positive,2026-07-01,TRUE
REV02692,P0276,U0383,3,Okay for the price,"Good for the price, but there is room for improvement.",Neutral,2025-12-24,TRUE
REV02693,P0386,U0407,3,Decent,"Reasonable purchase, packaging could be improved though.",Neutral,2026-02-02,TRUE
REV02694,P0195,U0179,4,Worth every rupee,"Superb product, using it daily without any issues.",Positive,2025-04-13,TRUE
REV02695,P0034,U0295,4,Best in this price range,Works perfectly and looks great. Highly recommend to everyone.,Positive,2025-07-07,TRUE
REV02696,P0080,U0345,4,Worth every rupee,"Perfect for daily use, sturdy and reliable.",Positive,2026-08-01,TRUE
REV02697,P0338,U0367,4,Amazing product!,"Excellent quality and fast delivery, will buy again.",Positive,2025-02-03,TRUE
REV02698,P0379,U0267,3,Okay for the price,"It's okay, not the best but not the worst either.",Neutral,2025-06-12,TRUE
REV02699,P0279,U0296,3,Decent,"Decent quality, meets basic expectations.",Neutral,2026-07-02,TRUE
REV02700,P0147,U0320,3,Decent,"Average product, does the job but nothing special.",Neutral,2025-12-01,TRUE
REV02701,P0388,U0090,3,Okay for the price,"Average product, does the job but nothing special.",Neutral,2026-04-01,TRUE
REV02702,P0137,U0316,4,Highly recommended,"Worth every rupee, quality exceeded my expectations.",Positive,2026-04-05,TRUE
REV02703,P0210,U0165,4,Highly recommended,"Worth every rupee, quality exceeded my expectations.",Positive,2025-03-19,TRUE
REV02704,P0032,U0067,3,Could be better,"Reasonable purchase, packaging could be improved though.",Neutral,2026-02-15,TRUE
REV02705,P0237,U0087,3,Decent,"Decent quality, meets basic expectations.",Neutral,2026-07-27,TRUE
REV02706,P0057,U0220,3,Could be better,"It's okay, not the best but not the worst either.",Neutral,2026-01-22,TRUE
REV02707,P0356,U0444,3,Decent,"Good for the price, but there is room for improvement.",Neutral,2026-03-08,TRUE
REV02708,P0197,U0274,2,Disappointed,"Battery drains quickly, not satisfied with performance.",Negative,2026-01-10,TRUE
REV02709,P0050,U0457,4,Best in this price range,"Amazing battery life and performance, very happy with this purchase.",Positive,2026-02-23,TRUE
REV02710,P0175,U0126,5,Great purchase,Very satisfied with the build quality and finish.,Positive,2025-12-14,TRUE
REV02711,P0096,U0087,5,Highly recommended,"Superb product, using it daily without any issues.",Positive,2026-08-03,FALSE
REV02712,P0385,U0041,5,Great purchase,"Worth every rupee, quality exceeded my expectations.",Positive,2026-06-19,TRUE
REV02713,P0240,U0278,4,Amazing product!,"Excellent quality and fast delivery, will buy again.",Positive,2025-12-29,TRUE
REV02714,P0140,U0195,4,Great purchase,Works perfectly and looks great. Highly recommend to everyone.,Positive,2025-01-10,TRUE
REV02715,P0210,U0257,4,Superb build quality,"Worth every rupee, quality exceeded my expectations.",Positive,2026-05-22,TRUE
REV02716,P0094,U0166,2,Poor quality,"Stopped working after a few days, would not recommend.",Negative,2025-08-10,TRUE
REV02717,P0072,U0027,4,Excellent quality,"Superb product, using it daily without any issues.",Positive,2026-01-06,TRUE
REV02718,P0165,U0357,3,Could be better,"Decent quality, meets basic expectations.",Neutral,2024-11-02,TRUE
REV02719,P0105,U0444,4,Highly recommended,Works perfectly and looks great. Highly recommend to everyone.,Positive,2026-01-31,TRUE
REV02720,P0235,U0115,3,Average product,"Good for the price, but there is room for improvement.",Neutral,2025-10-03,TRUE
REV02721,P0213,U0136,3,Okay for the price,"Good for the price, but there is room for improvement.",Neutral,2026-03-25,TRUE
REV02722,P0386,U0213,4,Great purchase,"Amazing battery life and performance, very happy with this purchase.",Positive,2026-08-02,FALSE
REV02723,P0330,U0213,3,Okay for the price,"Reasonable purchase, packaging could be improved though.",Neutral,2025-12-22,TRUE
REV02724,P0026,U0424,4,Great purchase,Works perfectly and looks great. Highly recommend to everyone.,Positive,2026-08-02,TRUE
REV02725,P0021,U0267,3,Average product,"Decent quality, meets basic expectations.",Neutral,2025-06-02,TRUE
REV02726,P0322,U0093,4,Superb build quality,"Superb product, using it daily without any issues.",Positive,2026-07-20,TRUE
REV02727,P0150,U0296,4,Excellent quality,Works perfectly and looks great. Highly recommend to everyone.,Positive,2026-08-02,TRUE
REV02728,P0271,U0409,4,Best in this price range,Very satisfied with the build quality and finish.,Positive,2026-01-31,TRUE
REV02729,P0276,U0083,4,Best in this price range,"Worth every rupee, quality exceeded my expectations.",Positive,2026-07-28,TRUE
REV02730,P0262,U0104,4,Amazing product!,"Excellent quality and fast delivery, will buy again.",Positive,2025-03-10,TRUE
REV02731,P0395,U0225,3,Decent,"Reasonable purchase, packaging could be improved though.",Neutral,2026-07-02,TRUE
REV02732,P0239,U0054,5,Excellent quality,Very satisfied with the build quality and finish.,Positive,2026-06-01,TRUE
REV02733,P0146,U0395,2,Poor quality,"Overpriced for the quality offered, expected better.",Negative,2026-05-29,FALSE
REV02734,P0098,U0409,4,Superb build quality,"Superb product, using it daily without any issues.",Positive,2026-01-04,FALSE
REV02735,P0162,U0388,5,Excellent quality,"Excellent quality and fast delivery, will buy again.",Positive,2025-11-11,TRUE
REV02736,P0087,U0319,4,Excellent quality,"Superb product, using it daily without any issues.",Positive,2026-08-06,TRUE
REV02737,P0160,U0310,3,Okay for the price,"It's okay, not the best but not the worst either.",Neutral,2026-07-09,TRUE
REV02738,P0256,U0472,4,Best in this price range,"Perfect for daily use, sturdy and reliable.",Positive,2025-07-28,TRUE
REV02739,P0287,U0015,2,Not worth it,"Stopped working after a few days, would not recommend.",Negative,2026-08-01,TRUE
REV02740,P0167,U0199,2,Poor quality,"Stopped working after a few days, would not recommend.",Negative,2025-12-09,TRUE
REV02741,P0221,U0252,4,Amazing product!,"Amazing battery life and performance, very happy with this purchase.",Positive,2026-04-27,TRUE
REV02742,P0223,U0492,4,Worth every rupee,"Great value for money, exactly as described.",Positive,2026-01-19,FALSE
REV02743,P0238,U0221,4,Great purchase,Very satisfied with the build quality and finish.,Positive,2026-07-17,TRUE
REV02744,P0297,U0356,3,Average product,"It's okay, not the best but not the worst either.",Neutral,2026-02-25,TRUE
REV02745,P0222,U0301,4,Best in this price range,"Great value for money, exactly as described.",Positive,2026-07-30,TRUE
REV02746,P0081,U0318,4,Superb build quality,"Worth every rupee, quality exceeded my expectations.",Positive,2026-05-24,TRUE
REV02747,P0321,U0259,4,Excellent quality,"Great value for money, exactly as described.",Positive,2026-02-15,TRUE
REV02748,P0365,U0244,4,Loved it!,"Great value for money, exactly as described.",Positive,2026-06-28,TRUE
REV02749,P0360,U0485,4,Excellent quality,"Great value for money, exactly as described.",Positive,2026-04-29,TRUE
REV02750,P0303,U0173,3,Decent,"Average product, does the job but nothing special.",Neutral,2026-03-31,TRUE
REV02751,P0392,U0347,4,Highly recommended,"Great value for money, exactly as described.",Positive,2026-06-16,TRUE
REV02752,P0274,U0261,3,Average product,"Good for the price, but there is room for improvement.",Neutral,2026-06-17,TRUE
REV02753,P0270,U0301,3,Decent,"Reasonable purchase, packaging could be improved though.",Neutral,2026-06-03,TRUE
REV02754,P0184,U0195,4,Worth every rupee,"Worth every rupee, quality exceeded my expectations.",Positive,2026-05-01,TRUE
REV02755,P0233,U0043,4,Highly recommended,"Excellent quality and fast delivery, will buy again.",Positive,2026-07-27,TRUE
REV02756,P0208,U0291,4,Superb build quality,"Perfect for daily use, sturdy and reliable.",Positive,2026-05-13,TRUE
REV02757,P0165,U0385,4,Amazing product!,"Amazing battery life and performance, very happy with this purchase.",Positive,2025-08-26,TRUE
REV02758,P0155,U0279,5,Superb build quality,"Great value for money, exactly as described.",Positive,2025-10-12,TRUE
REV02759,P0189,U0141,3,Could be better,"Decent quality, meets basic expectations.",Neutral,2025-12-24,TRUE
REV02760,P0359,U0195,4,Excellent quality,Works perfectly and looks great. Highly recommend to everyone.,Positive,2025-10-27,TRUE
REV02761,P0221,U0068,4,Great purchase,"Worth every rupee, quality exceeded my expectations.",Positive,2026-08-06,FALSE
REV02762,P0342,U0105,3,Decent,"Average product, does the job but nothing special.",Neutral,2026-08-02,TRUE
REV02763,P0019,U0191,2,Below expectations,"Stopped working after a few days, would not recommend.",Negative,2026-08-05,TRUE
REV02764,P0236,U0224,4,Highly recommended,Works perfectly and looks great. Highly recommend to everyone.,Positive,2026-05-20,TRUE
REV02765,P0176,U0330,5,Worth every rupee,"Superb product, using it daily without any issues.",Positive,2025-07-08,TRUE
REV02766,P0091,U0256,3,Average product,"Average product, does the job but nothing special.",Neutral,2025-12-11,TRUE
REV02767,P0226,U0189,5,Highly recommended,"Excellent quality and fast delivery, will buy again.",Positive,2025-05-11,TRUE
REV02768,P0029,U0232,4,Great purchase,"Perfect for daily use, sturdy and reliable.",Positive,2026-03-28,TRUE
REV02769,P0251,U0022,4,Amazing product!,"Worth every rupee, quality exceeded my expectations.",Positive,2026-07-29,TRUE
REV02770,P0262,U0215,4,Worth every rupee,"Amazing battery life and performance, very happy with this purchase.",Positive,2026-05-06,TRUE
REV02771,P0044,U0052,4,Loved it!,"Great value for money, exactly as described.",Positive,2026-07-15,TRUE
REV02772,P0069,U0435,3,Okay for the price,"Average product, does the job but nothing special.",Neutral,2026-03-30,TRUE
REV02773,P0253,U0117,4,Amazing product!,"Excellent quality and fast delivery, will buy again.",Positive,2026-03-06,TRUE
REV02774,P0221,U0183,4,Highly recommended,"Great value for money, exactly as described.",Positive,2026-08-05,TRUE
REV02775,P0231,U0470,2,Waste of money,"Battery drains quickly, not satisfied with performance.",Negative,2025-12-06,TRUE
REV02776,P0278,U0330,4,Great purchase,"Perfect for daily use, sturdy and reliable.",Positive,2024-09-08,TRUE
REV02777,P0127,U0234,4,Excellent quality,"Worth every rupee, quality exceeded my expectations.",Positive,2026-07-28,TRUE
REV02778,P0080,U0279,3,Could be better,"Decent quality, meets basic expectations.",Neutral,2026-03-02,TRUE
REV02779,P0082,U0043,3,Could be better,"Good for the price, but there is room for improvement.",Neutral,2026-04-04,TRUE
REV02780,P0369,U0438,3,Average product,"Reasonable purchase, packaging could be improved though.",Neutral,2025-09-12,TRUE
REV02781,P0364,U0204,4,Great purchase,"Excellent quality and fast delivery, will buy again.",Positive,2026-06-01,TRUE
REV02782,P0076,U0298,3,Could be better,"Reasonable purchase, packaging could be improved though.",Neutral,2026-06-24,TRUE
REV02783,P0141,U0190,5,Great purchase,"Great value for money, exactly as described.",Positive,2026-07-16,TRUE
REV02784,P0304,U0302,3,Okay for the price,"Good for the price, but there is room for improvement.",Neutral,2025-09-05,TRUE
REV02785,P0030,U0028,3,Could be better,"Reasonable purchase, packaging could be improved though.",Neutral,2026-03-11,TRUE
REV02786,P0105,U0063,4,Best in this price range,Very satisfied with the build quality and finish.,Positive,2026-04-27,TRUE
REV02787,P0228,U0091,5,Worth every rupee,"Great value for money, exactly as described.",Positive,2026-05-11,TRUE
REV02788,P0178,U0350,5,Highly recommended,Very satisfied with the build quality and finish.,Positive,2025-10-26,FALSE
REV02789,P0098,U0050,5,Best in this price range,"Perfect for daily use, sturdy and reliable.",Positive,2026-03-24,TRUE
REV02790,P0021,U0099,4,Loved it!,Works perfectly and looks great. Highly recommend to everyone.,Positive,2025-07-13,FALSE
REV02791,P0007,U0093,4,Best in this price range,"Worth every rupee, quality exceeded my expectations.",Positive,2025-11-12,TRUE
REV02792,P0337,U0012,3,Decent,"Average product, does the job but nothing special.",Neutral,2026-06-11,TRUE
REV02793,P0374,U0054,5,Highly recommended,"Superb product, using it daily without any issues.",Positive,2026-06-29,TRUE
REV02794,P0387,U0388,5,Highly recommended,Very satisfied with the build quality and finish.,Positive,2026-06-07,TRUE
REV02795,P0313,U0099,4,Great purchase,"Perfect for daily use, sturdy and reliable.",Positive,2026-02-03,TRUE
REV02796,P0379,U0324,4,Best in this price range,"Worth every rupee, quality exceeded my expectations.",Positive,2026-06-15,TRUE
REV02797,P0243,U0195,5,Amazing product!,"Amazing battery life and performance, very happy with this purchase.",Positive,2024-12-01,TRUE
REV02798,P0135,U0282,3,Okay for the price,"Good for the price, but there is room for improvement.",Neutral,2026-04-13,FALSE
REV02799,P0259,U0246,3,Could be better,"Reasonable purchase, packaging could be improved though.",Neutral,2026-07-04,TRUE
REV02800,P0136,U0330,4,Great purchase,"Excellent quality and fast delivery, will buy again.",Positive,2026-05-30,TRUE
REV02801,P0187,U0350,2,Waste of money,"Very poor build quality, broke within a week.",Negative,2026-03-25,TRUE
REV02802,P0163,U0132,3,Average product,"It's okay, not the best but not the worst either.",Neutral,2025-07-17,TRUE
REV02803,P0399,U0416,3,Could be better,"Good for the price, but there is room for improvement.",Neutral,2025-12-24,TRUE
REV02804,P0399,U0244,4,Superb build quality,"Great value for money, exactly as described.",Positive,2026-06-22,TRUE
REV02805,P0261,U0297,3,Okay for the price,"It's okay, not the best but not the worst either.",Neutral,2026-07-09,TRUE
REV02806,P0340,U0464,5,Best in this price range,"Excellent quality and fast delivery, will buy again.",Positive,2024-11-04,FALSE
REV02807,P0258,U0287,4,Worth every rupee,Works perfectly and looks great. Highly recommend to everyone.,Positive,2026-06-24,TRUE
REV02808,P0294,U0230,3,Could be better,"Reasonable purchase, packaging could be improved though.",Neutral,2026-05-17,TRUE
REV02809,P0378,U0043,4,Best in this price range,Very satisfied with the build quality and finish.,Positive,2026-07-22,TRUE
REV02810,P0378,U0469,5,Amazing product!,"Amazing battery life and performance, very happy with this purchase.",Positive,2026-04-09,TRUE
REV02811,P0152,U0083,4,Highly recommended,Works perfectly and looks great. Highly recommend to everyone.,Positive,2026-06-30,TRUE
REV02812,P0248,U0246,4,Worth every rupee,Works perfectly and looks great. Highly recommend to everyone.,Positive,2026-05-30,TRUE
REV02813,P0364,U0397,4,Worth every rupee,"Worth every rupee, quality exceeded my expectations.",Positive,2025-12-03,TRUE
REV02814,P0128,U0133,3,Decent,"Decent quality, meets basic expectations.",Neutral,2026-03-30,TRUE
REV02815,P0382,U0183,3,Decent,"Good for the price, but there is room for improvement.",Neutral,2026-08-06,TRUE
REV02816,P0104,U0173,4,Highly recommended,"Superb product, using it daily without any issues.",Positive,2025-12-19,TRUE
REV02817,P0396,U0208,5,Loved it!,"Superb product, using it daily without any issues.",Positive,2025-12-06,FALSE
REV02818,P0004,U0320,3,Could be better,"Decent quality, meets basic expectations.",Neutral,2024-11-10,FALSE
REV02819,P0243,U0044,4,Highly recommended,"Perfect for daily use, sturdy and reliable.",Positive,2026-04-12,TRUE
REV02820,P0026,U0162,5,Great purchase,"Perfect for daily use, sturdy and reliable.",Positive,2026-07-19,TRUE
REV02821,P0379,U0195,4,Highly recommended,"Superb product, using it daily without any issues.",Positive,2025-02-16,TRUE
REV02822,P0108,U0256,4,Great purchase,Works perfectly and looks great. Highly recommend to everyone.,Positive,2026-06-08,FALSE
REV02823,P0224,U0087,4,Best in this price range,"Amazing battery life and performance, very happy with this purchase.",Positive,2026-07-18,TRUE
REV02824,P0262,U0388,4,Great purchase,"Worth every rupee, quality exceeded my expectations.",Positive,2025-08-23,FALSE
REV02825,P0079,U0032,3,Average product,"It's okay, not the best but not the worst either.",Neutral,2026-02-11,TRUE
REV02826,P0337,U0367,4,Loved it!,Very satisfied with the build quality and finish.,Positive,2025-03-18,FALSE
REV02827,P0387,U0385,5,Best in this price range,"Perfect for daily use, sturdy and reliable.",Positive,2026-04-06,FALSE
REV02828,P0263,U0393,3,Okay for the price,"It's okay, not the best but not the worst either.",Neutral,2026-08-06,TRUE
REV02829,P0301,U0314,3,Average product,"Good for the price, but there is room for improvement.",Neutral,2026-03-13,TRUE
REV02830,P0289,U0127,4,Great purchase,Works perfectly and looks great. Highly recommend to everyone.,Positive,2026-01-17,TRUE
REV02831,P0025,U0356,3,Average product,"Average product, does the job but nothing special.",Neutral,2026-01-10,TRUE
REV02832,P0387,U0420,3,Average product,"Good for the price, but there is room for improvement.",Neutral,2025-05-26,TRUE
REV02833,P0078,U0133,4,Loved it!,"Superb product, using it daily without any issues.",Positive,2025-12-21,TRUE
REV02834,P0254,U0310,4,Amazing product!,"Superb product, using it daily without any issues.",Positive,2026-06-11,TRUE
REV02835,P0370,U0428,4,Amazing product!,"Excellent quality and fast delivery, will buy again.",Positive,2026-04-16,TRUE
REV02836,P0215,U0123,4,Highly recommended,"Perfect for daily use, sturdy and reliable.",Positive,2025-03-18,TRUE
REV02837,P0070,U0491,5,Highly recommended,Works perfectly and looks great. Highly recommend to everyone.,Positive,2025-12-26,TRUE
REV02838,P0131,U0450,3,Average product,"Average product, does the job but nothing special.",Neutral,2026-07-07,TRUE
REV02839,P0124,U0384,3,Decent,"It's okay, not the best but not the worst either.",Neutral,2026-01-19,FALSE
REV02840,P0101,U0453,4,Worth every rupee,"Amazing battery life and performance, very happy with this purchase.",Positive,2026-06-25,TRUE
REV02841,P0007,U0210,3,Could be better,"Average product, does the job but nothing special.",Neutral,2026-07-10,TRUE
REV02842,P0338,U0308,4,Worth every rupee,"Excellent quality and fast delivery, will buy again.",Positive,2026-02-14,TRUE
REV02843,P0071,U0164,3,Average product,"It's okay, not the best but not the worst either.",Neutral,2025-05-06,TRUE
REV02844,P0361,U0224,3,Average product,"Average product, does the job but nothing special.",Neutral,2026-08-01,TRUE
REV02845,P0139,U0151,3,Could be better,"Average product, does the job but nothing special.",Neutral,2026-03-24,TRUE
REV02846,P0238,U0099,5,Highly recommended,Works perfectly and looks great. Highly recommend to everyone.,Positive,2025-07-01,TRUE
REV02847,P0321,U0074,3,Could be better,"Good for the price, but there is room for improvement.",Neutral,2026-05-05,TRUE
REV02848,P0236,U0318,3,Decent,"Reasonable purchase, packaging could be improved though.",Neutral,2026-02-10,TRUE
REV02849,P0075,U0329,2,Waste of money,"Stopped working after a few days, would not recommend.",Negative,2026-02-19,TRUE
REV02850,P0075,U0369,4,Great purchase,"Worth every rupee, quality exceeded my expectations.",Positive,2025-04-23,TRUE
REV02851,P0125,U0179,3,Could be better,"It's okay, not the best but not the worst either.",Neutral,2025-04-19,TRUE
REV02852,P0257,U0190,4,Worth every rupee,"Worth every rupee, quality exceeded my expectations.",Positive,2026-04-21,FALSE
REV02853,P0217,U0183,2,Not worth it,"Stopped working after a few days, would not recommend.",Negative,2026-08-06,TRUE
REV02854,P0299,U0199,5,Superb build quality,"Superb product, using it daily without any issues.",Positive,2025-12-16,TRUE
REV02855,P0112,U0363,4,Highly recommended,"Great value for money, exactly as described.",Positive,2026-07-30,TRUE
REV02856,P0135,U0267,4,Loved it!,Very satisfied with the build quality and finish.,Positive,2025-07-01,TRUE
REV02857,P0245,U0017,4,Loved it!,"Perfect for daily use, sturdy and reliable.",Positive,2025-12-27,TRUE
REV02858,P0137,U0096,4,Best in this price range,Works perfectly and looks great. Highly recommend to everyone.,Positive,2026-05-15,TRUE
REV02859,P0285,U0428,3,Could be better,"Good for the price, but there is room for improvement.",Neutral,2026-02-25,TRUE
REV02860,P0029,U0350,3,Decent,"It's okay, not the best but not the worst either.",Neutral,2026-01-13,TRUE
REV02861,P0139,U0042,3,Decent,"Reasonable purchase, packaging could be improved though.",Neutral,2026-08-06,TRUE
REV02862,P0291,U0143,3,Okay for the price,"It's okay, not the best but not the worst either.",Neutral,2026-05-22,TRUE
REV02863,P0292,U0043,5,Amazing product!,Very satisfied with the build quality and finish.,Positive,2026-07-29,TRUE
REV02864,P0082,U0318,2,Not worth it,"Packaging was damaged when it arrived, quality control issue.",Negative,2025-11-13,TRUE
REV02865,P0311,U0054,4,Amazing product!,"Superb product, using it daily without any issues.",Positive,2026-03-21,TRUE
REV02866,P0199,U0287,4,Worth every rupee,"Worth every rupee, quality exceeded my expectations.",Positive,2026-07-07,TRUE
REV02867,P0154,U0282,3,Could be better,"Average product, does the job but nothing special.",Neutral,2026-06-22,TRUE
REV02868,P0265,U0096,4,Highly recommended,"Worth every rupee, quality exceeded my expectations.",Positive,2025-12-16,TRUE
REV02869,P0044,U0123,4,Excellent quality,"Amazing battery life and performance, very happy with this purchase.",Positive,2026-07-02,TRUE
REV02870,P0343,U0326,4,Excellent quality,"Great value for money, exactly as described.",Positive,2025-07-20,TRUE
REV02871,P0131,U0250,3,Could be better,"Average product, does the job but nothing special.",Neutral,2026-02-20,TRUE
REV02872,P0262,U0078,4,Worth every rupee,Very satisfied with the build quality and finish.,Positive,2026-05-12,TRUE
REV02873,P0284,U0462,3,Okay for the price,"Reasonable purchase, packaging could be improved though.",Neutral,2026-07-30,TRUE
REV02874,P0060,U0463,5,Best in this price range,"Superb product, using it daily without any issues.",Positive,2025-09-29,TRUE
REV02875,P0237,U0314,4,Worth every rupee,"Perfect for daily use, sturdy and reliable.",Positive,2025-12-26,TRUE
REV02876,P0249,U0063,4,Amazing product!,"Amazing battery life and performance, very happy with this purchase.",Positive,2026-07-14,TRUE
REV02877,P0290,U0487,5,Worth every rupee,"Excellent quality and fast delivery, will buy again.",Positive,2026-01-26,TRUE
REV02878,P0040,U0077,3,Average product,"Average product, does the job but nothing special.",Neutral,2026-05-24,TRUE
REV02879,P0286,U0459,3,Could be better,"Decent quality, meets basic expectations.",Neutral,2026-08-01,TRUE
REV02880,P0306,U0190,5,Loved it!,"Excellent quality and fast delivery, will buy again.",Positive,2025-10-27,TRUE
REV02881,P0169,U0226,4,Best in this price range,Very satisfied with the build quality and finish.,Positive,2026-03-25,TRUE
REV02882,P0069,U0384,4,Superb build quality,Works perfectly and looks great. Highly recommend to everyone.,Positive,2025-12-15,FALSE
REV02883,P0203,U0141,3,Average product,"Decent quality, meets basic expectations.",Neutral,2025-07-31,TRUE
REV02884,P0091,U0478,3,Average product,"Average product, does the job but nothing special.",Neutral,2025-11-08,TRUE
REV02885,P0297,U0001,5,Best in this price range,"Amazing battery life and performance, very happy with this purchase.",Positive,2025-06-01,TRUE
REV02886,P0078,U0087,4,Great purchase,"Great value for money, exactly as described.",Positive,2026-08-06,TRUE
REV02887,P0380,U0314,3,Decent,"Reasonable purchase, packaging could be improved though.",Neutral,2025-11-28,TRUE
REV02888,P0360,U0430,2,Waste of money,"Overpriced for the quality offered, expected better.",Negative,2025-11-22,TRUE
REV02889,P0375,U0043,5,Loved it!,Works perfectly and looks great. Highly recommend to everyone.,Positive,2026-05-20,TRUE
REV02890,P0064,U0194,5,Worth every rupee,"Amazing battery life and performance, very happy with this purchase.",Positive,2025-10-18,TRUE
REV02891,P0187,U0221,4,Excellent quality,"Great value for money, exactly as described.",Positive,2026-06-25,TRUE
REV02892,P0288,U0324,4,Great purchase,"Amazing battery life and performance, very happy with this purchase.",Positive,2026-08-02,TRUE
REV02893,P0035,U0467,4,Highly recommended,"Amazing battery life and performance, very happy with this purchase.",Positive,2026-01-12,FALSE
REV02894,P0302,U0493,3,Okay for the price,"Reasonable purchase, packaging could be improved though.",Neutral,2026-07-16,TRUE
REV02895,P0363,U0367,3,Decent,"Average product, does the job but nothing special.",Neutral,2024-11-16,FALSE
REV02896,P0202,U0267,2,Disappointed,"Overpriced for the quality offered, expected better.",Negative,2025-09-12,TRUE
REV02897,P0187,U0311,3,Average product,"Good for the price, but there is room for improvement.",Neutral,2026-08-02,TRUE
REV02898,P0267,U0129,4,Worth every rupee,"Superb product, using it daily without any issues.",Positive,2026-05-31,TRUE
REV02899,P0395,U0024,5,Superb build quality,"Amazing battery life and performance, very happy with this purchase.",Positive,2025-10-15,FALSE
REV02900,P0258,U0183,5,Best in this price range,"Perfect for daily use, sturdy and reliable.",Positive,2026-08-05,TRUE
REV02901,P0241,U0168,3,Okay for the price,"Good for the price, but there is room for improvement.",Neutral,2026-06-28,TRUE
REV02902,P0339,U0318,5,Excellent quality,"Excellent quality and fast delivery, will buy again.",Positive,2025-09-24,TRUE
REV02903,P0265,U0206,5,Worth every rupee,"Perfect for daily use, sturdy and reliable.",Positive,2025-01-14,TRUE
REV02904,P0042,U0247,2,Waste of money,"Battery drains quickly, not satisfied with performance.",Negative,2025-03-14,TRUE
REV02905,P0328,U0377,4,Superb build quality,"Worth every rupee, quality exceeded my expectations.",Positive,2026-07-07,TRUE
REV02906,P0167,U0133,3,Could be better,"Reasonable purchase, packaging could be improved though.",Neutral,2026-02-11,TRUE
REV02907,P0320,U0329,3,Okay for the price,"Average product, does the job but nothing special.",Neutral,2026-07-27,TRUE
REV02908,P0230,U0477,3,Average product,"It's okay, not the best but not the worst either.",Neutral,2026-04-04,TRUE
REV02909,P0290,U0188,4,Best in this price range,"Superb product, using it daily without any issues.",Positive,2026-05-26,TRUE
REV02910,P0287,U0444,2,Not worth it,"Not as described, quite disappointed with this purchase.",Negative,2026-04-01,TRUE
REV02911,P0037,U0472,3,Average product,"Reasonable purchase, packaging could be improved though.",Neutral,2026-01-31,TRUE
REV02912,P0350,U0432,4,Amazing product!,"Superb product, using it daily without any issues.",Positive,2025-10-12,TRUE
REV02913,P0305,U0260,4,Amazing product!,Works perfectly and looks great. Highly recommend to everyone.,Positive,2026-08-04,TRUE
REV02914,P0316,U0273,2,Below expectations,"Battery drains quickly, not satisfied with performance.",Negative,2026-01-12,TRUE
REV02915,P0087,U0117,4,Loved it!,"Excellent quality and fast delivery, will buy again.",Positive,2026-07-04,TRUE
REV02916,P0319,U0074,3,Decent,"Decent quality, meets basic expectations.",Neutral,2026-08-01,TRUE
REV02917,P0254,U0295,5,Superb build quality,"Perfect for daily use, sturdy and reliable.",Positive,2026-07-29,TRUE
REV02918,P0100,U0138,4,Great purchase,Works perfectly and looks great. Highly recommend to everyone.,Positive,2025-05-26,TRUE
REV02919,P0173,U0188,5,Highly recommended,Works perfectly and looks great. Highly recommend to everyone.,Positive,2025-09-01,TRUE
REV02920,P0248,U0433,4,Amazing product!,Works perfectly and looks great. Highly recommend to everyone.,Positive,2026-04-19,TRUE
REV02921,P0327,U0202,4,Loved it!,"Excellent quality and fast delivery, will buy again.",Positive,2026-01-26,TRUE
REV02922,P0325,U0414,5,Highly recommended,Works perfectly and looks great. Highly recommend to everyone.,Positive,2026-07-17,TRUE
REV02923,P0166,U0060,3,Decent,"Good for the price, but there is room for improvement.",Neutral,2026-08-04,TRUE
REV02924,P0221,U0053,4,Worth every rupee,Very satisfied with the build quality and finish.,Positive,2026-07-26,TRUE
REV02925,P0350,U0330,4,Worth every rupee,"Worth every rupee, quality exceeded my expectations.",Positive,2025-01-16,TRUE
REV02926,P0200,U0452,4,Great purchase,"Worth every rupee, quality exceeded my expectations.",Positive,2025-09-20,TRUE
REV02927,P0280,U0047,4,Loved it!,Very satisfied with the build quality and finish.,Positive,2026-05-31,TRUE
REV02928,P0040,U0160,5,Highly recommended,Very satisfied with the build quality and finish.,Positive,2026-05-30,TRUE
REV02929,P0337,U0428,5,Best in this price range,Very satisfied with the build quality and finish.,Positive,2025-11-08,TRUE
REV02930,P0233,U0326,5,Highly recommended,Works perfectly and looks great. Highly recommend to everyone.,Positive,2025-07-24,TRUE
REV02931,P0031,U0042,3,Okay for the price,"Decent quality, meets basic expectations.",Neutral,2026-07-29,FALSE
REV02932,P0255,U0295,4,Superb build quality,"Worth every rupee, quality exceeded my expectations.",Positive,2026-01-14,TRUE
REV02933,P0141,U0080,4,Worth every rupee,"Excellent quality and fast delivery, will buy again.",Positive,2026-02-14,TRUE
REV02934,P0121,U0306,3,Decent,"Average product, does the job but nothing special.",Neutral,2025-12-15,TRUE
REV02935,P0108,U0169,4,Amazing product!,Very satisfied with the build quality and finish.,Positive,2025-11-16,TRUE
REV02936,P0399,U0261,3,Average product,"Decent quality, meets basic expectations.",Neutral,2026-06-04,TRUE
REV02937,P0113,U0313,5,Best in this price range,"Perfect for daily use, sturdy and reliable.",Positive,2026-07-21,TRUE
REV02938,P0368,U0475,3,Okay for the price,"It's okay, not the best but not the worst either.",Neutral,2025-12-22,TRUE
REV02939,P0261,U0314,5,Best in this price range,Works perfectly and looks great. Highly recommend to everyone.,Positive,2026-05-13,TRUE
REV02940,P0122,U0482,2,Poor quality,"Stopped working after a few days, would not recommend.",Negative,2025-01-05,TRUE
REV02941,P0387,U0489,3,Okay for the price,"It's okay, not the best but not the worst either.",Neutral,2026-03-10,TRUE
REV02942,P0347,U0234,4,Best in this price range,"Great value for money, exactly as described.",Positive,2026-08-01,TRUE
REV02943,P0292,U0221,4,Amazing product!,"Great value for money, exactly as described.",Positive,2026-08-03,TRUE
REV02944,P0199,U0106,4,Loved it!,Very satisfied with the build quality and finish.,Positive,2026-06-11,TRUE
REV02945,P0123,U0444,3,Okay for the price,"Good for the price, but there is room for improvement.",Neutral,2025-10-12,TRUE
REV02946,P0266,U0399,5,Best in this price range,"Worth every rupee, quality exceeded my expectations.",Positive,2026-04-26,TRUE
REV02947,P0123,U0479,4,Amazing product!,Works perfectly and looks great. Highly recommend to everyone.,Positive,2025-02-06,TRUE
REV02948,P0293,U0206,3,Could be better,"Reasonable purchase, packaging could be improved though.",Neutral,2026-06-30,TRUE
REV02949,P0275,U0270,3,Average product,"Good for the price, but there is room for improvement.",Neutral,2026-01-09,TRUE
REV02950,P0335,U0012,5,Excellent quality,"Great value for money, exactly as described.",Positive,2025-12-16,TRUE
REV02951,P0223,U0033,4,Amazing product!,Very satisfied with the build quality and finish.,Positive,2025-05-05,TRUE
REV02952,P0128,U0171,4,Loved it!,Works perfectly and looks great. Highly recommend to everyone.,Positive,2026-05-16,FALSE
REV02953,P0145,U0181,3,Decent,"It's okay, not the best but not the worst either.",Neutral,2025-08-10,TRUE
REV02954,P0381,U0122,3,Decent,"Good for the price, but there is room for improvement.",Neutral,2025-08-27,TRUE
REV02955,P0217,U0415,3,Decent,"Decent quality, meets basic expectations.",Neutral,2026-02-06,TRUE
REV02956,P0192,U0161,4,Best in this price range,"Amazing battery life and performance, very happy with this purchase.",Positive,2026-08-06,TRUE
REV02957,P0386,U0013,3,Decent,"Reasonable purchase, packaging could be improved though.",Neutral,2026-06-11,TRUE
REV02958,P0016,U0386,4,Loved it!,"Worth every rupee, quality exceeded my expectations.",Positive,2026-05-09,TRUE
REV02959,P0084,U0252,3,Okay for the price,"Decent quality, meets basic expectations.",Neutral,2026-01-12,TRUE
REV02960,P0301,U0339,4,Superb build quality,Very satisfied with the build quality and finish.,Positive,2026-02-26,TRUE
REV02961,P0089,U0226,2,Waste of money,"Packaging was damaged when it arrived, quality control issue.",Negative,2026-03-06,TRUE
REV02962,P0161,U0074,4,Amazing product!,Very satisfied with the build quality and finish.,Positive,2026-07-23,TRUE
REV02963,P0233,U0179,3,Decent,"Average product, does the job but nothing special.",Neutral,2025-08-26,TRUE
REV02964,P0038,U0468,4,Amazing product!,"Amazing battery life and performance, very happy with this purchase.",Positive,2026-07-30,TRUE
REV02965,P0222,U0087,3,Average product,"Decent quality, meets basic expectations.",Neutral,2026-07-13,TRUE
REV02966,P0345,U0480,5,Superb build quality,"Great value for money, exactly as described.",Positive,2026-07-22,TRUE
REV02967,P0013,U0330,5,Highly recommended,"Worth every rupee, quality exceeded my expectations.",Positive,2026-03-28,TRUE
REV02968,P0241,U0239,2,Disappointed,"Battery drains quickly, not satisfied with performance.",Negative,2026-05-07,TRUE
REV02969,P0039,U0284,3,Could be better,"Average product, does the job but nothing special.",Neutral,2026-07-21,TRUE
REV02970,P0398,U0421,4,Amazing product!,"Superb product, using it daily without any issues.",Positive,2026-08-04,TRUE
REV02971,P0325,U0099,4,Loved it!,"Amazing battery life and performance, very happy with this purchase.",Positive,2025-11-02,TRUE
REV02972,P0260,U0293,3,Okay for the price,"It's okay, not the best but not the worst either.",Neutral,2026-07-19,TRUE
REV02973,P0201,U0296,4,Amazing product!,"Perfect for daily use, sturdy and reliable.",Positive,2026-07-18,TRUE
REV02974,P0015,U0113,5,Amazing product!,"Perfect for daily use, sturdy and reliable.",Positive,2025-06-28,TRUE
REV02975,P0373,U0263,4,Excellent quality,Works perfectly and looks great. Highly recommend to everyone.,Positive,2025-07-03,FALSE
REV02976,P0343,U0062,3,Average product,"Decent quality, meets basic expectations.",Neutral,2025-03-21,TRUE
REV02977,P0232,U0323,3,Could be better,"It's okay, not the best but not the worst either.",Neutral,2025-10-11,TRUE
REV02978,P0070,U0147,4,Highly recommended,"Amazing battery life and performance, very happy with this purchase.",Positive,2026-06-09,TRUE
REV02979,P0400,U0010,4,Best in this price range,"Worth every rupee, quality exceeded my expectations.",Positive,2026-04-18,TRUE
REV02980,P0360,U0060,3,Okay for the price,"Decent quality, meets basic expectations.",Neutral,2025-10-08,TRUE
REV02981,P0398,U0282,3,Could be better,"Reasonable purchase, packaging could be improved though.",Neutral,2026-04-23,TRUE
REV02982,P0113,U0115,4,Loved it!,"Amazing battery life and performance, very happy with this purchase.",Positive,2025-11-20,TRUE
REV02983,P0089,U0130,4,Amazing product!,"Excellent quality and fast delivery, will buy again.",Positive,2026-06-06,TRUE
REV02984,P0259,U0289,4,Great purchase,"Great value for money, exactly as described.",Positive,2025-06-29,TRUE
REV02985,P0348,U0278,4,Best in this price range,"Amazing battery life and performance, very happy with this purchase.",Positive,2026-01-13,TRUE
REV02986,P0264,U0493,3,Okay for the price,"Good for the price, but there is room for improvement.",Neutral,2025-11-16,TRUE
REV02987,P0068,U0463,5,Worth every rupee,"Superb product, using it daily without any issues.",Positive,2025-09-24,TRUE
REV02988,P0071,U0078,4,Amazing product!,"Great value for money, exactly as described.",Positive,2026-07-26,TRUE
REV02989,P0281,U0116,3,Okay for the price,"Good for the price, but there is room for improvement.",Neutral,2026-05-02,TRUE
REV02990,P0065,U0344,4,Loved it!,"Perfect for daily use, sturdy and reliable.",Positive,2026-04-21,TRUE
REV02991,P0048,U0037,4,Worth every rupee,"Superb product, using it daily without any issues.",Positive,2026-03-28,FALSE
REV02992,P0191,U0405,4,Highly recommended,Works perfectly and looks great. Highly recommend to everyone.,Positive,2025-11-30,TRUE
REV02993,P0195,U0484,5,Worth every rupee,"Superb product, using it daily without any issues.",Positive,2026-05-17,TRUE
REV02994,P0050,U0355,4,Highly recommended,Very satisfied with the build quality and finish.,Positive,2026-06-02,TRUE
REV02995,P0169,U0421,4,Highly recommended,"Superb product, using it daily without any issues.",Positive,2026-07-29,TRUE
REV02996,P0160,U0158,3,Average product,"It's okay, not the best but not the worst either.",Neutral,2026-06-18,TRUE
REV02997,P0090,U0295,3,Okay for the price,"Good for the price, but there is room for improvement.",Neutral,2026-06-11,TRUE
REV02998,P0202,U0289,3,Could be better,"Good for the price, but there is room for improvement.",Neutral,2025-02-01,TRUE
REV02999,P0372,U0334,4,Superb build quality,"Worth every rupee, quality exceeded my expectations.",Positive,2026-01-01,TRUE
REV03000,P0396,U0013,4,Great purchase,"Amazing battery life and performance, very happy with this purchase.",Positive,2026-02-27,TRUE
