product_id,product_name,brand,category,sub_category,description,price,cost_price,discount_percentage,final_price,stock_quantity,reorder_level,supplier_name,sku,rating,total_reviews,total_sold,warranty_months,weight,color,specifications,launch_date,status,image_url
P0001,Penguin Non-Fiction,Penguin,Books,Non-Fiction,"A budget-friendly yet durable non-fiction from Penguin, ideal for households looking for good value.",261.0,208.89,0,261.0,318,37,Penguin India Distributors,SKU-BOO-0001,3.7,3,32,0,9.45,Beige,"Beige, 9.45kg",2024-08-14,Active,https://source.unsplash.com/400x400/?nonfiction+book&sig=1
P0002,Allen Solly Saree,Allen Solly,Fashion,Saree,"This saree by Allen Solly combines quality materials with an attractive design, perfect for daily needs.",4210.0,3020.28,20,3368.0,137,15,Allen Solly India Distributors,SKU-FAS-0002,3.7,6,45,0,10.02,Gold,"Gold, 10.02kg",2026-06-19,Active,https://source.unsplash.com/400x400/?saree+indian&sig=2
P0003,boAt Galaxy M14,boAt,Electronics,Smartphone,"A budget-friendly yet durable smartphone from boAt, ideal for households looking for good value.",79590.0,64567.71,0,79590.0,186,33,boAt India Distributors,SKU-ELE-0003,4.6,12,57,24,21.74,Grey,"Grey, 21.74kg, Warranty: 24 months",2024-12-10,Active,https://source.unsplash.com/400x400/?smartphone&sig=3
P0004,boAt Bluetooth Speaker,boAt,Electronics,Bluetooth Speaker,"A reliable bluetooth speaker from boAt, designed for everyday use with a great balance of performance and value.",5860.0,4613.21,25,4395.0,234,24,boAt India Distributors,SKU-ELE-0004,3.3,9,39,36,9.07,Black,"Black, 9.07kg, Warranty: 36 months",2026-05-17,Out of Stock,https://source.unsplash.com/400x400/?bluetooth+speaker&sig=4
P0005,MDH Cooking Oil,MDH,Groceries,Cooking Oil,"Experience top performance with the MDH cooking oil, trusted by thousands of happy customers across India.",658.0,458.44,25,493.5,170,26,MDH India Distributors,SKU-GRO-0005,4.4,8,44,0,21.44,White,"White, 21.44kg",2026-06-12,Out of Stock,https://source.unsplash.com/400x400/?cooking+oil+bottle&sig=5
P0006,Pepperfry Chair,Pepperfry,Furniture,Chair,"A reliable chair from Pepperfry, designed for everyday use with a great balance of performance and value.",5470.0,3768.91,5,5196.5,425,46,Pepperfry India Distributors,SKU-FUR-0006,4.0,5,30,6,12.5,White,"White, 12.5kg, Warranty: 6 months",2024-12-15,Out of Stock,https://source.unsplash.com/400x400/?chair+furniture&sig=6
P0007,Mamaearth Shampoo,Mamaearth,Beauty,Shampoo,"Mamaearth brings you this premium shampoo, built to last with modern features that customers love.",1186.0,881.63,25,889.5,465,30,Mamaearth India Distributors,SKU-BEA-0007,4.4,7,33,0,18.86,Pink,"Pink, 18.86kg",2025-01-28,Out of Stock,https://source.unsplash.com/400x400/?shampoo+hair+care&sig=7
P0008,Tata Rice,Tata,Groceries,Rice,"Tata brings you this premium rice, built to last with modern features that customers love.",427.0,362.38,0,427.0,56,13,Tata India Distributors,SKU-GRO-0008,3.4,5,36,0,16.68,Pink,"Pink, 16.68kg",2025-04-27,Active,https://source.unsplash.com/400x400/?rice+grains&sig=8
P0009,Whirlpool Vacuum Cleaner,Whirlpool,Home Appliances,Vacuum Cleaner,"A budget-friendly yet durable vacuum cleaner from Whirlpool, ideal for households looking for good value.",18690.0,14516.7,25,14017.5,29,7,Whirlpool India Distributors,SKU-HOM-0009,4.3,6,27,24,16.14,Green,"Green, 16.14kg, Warranty: 24 months",2024-10-12,Out of Stock,https://source.unsplash.com/400x400/?vacuum+cleaner&sig=9
P0010,Havells Water Purifier,Havells,Home Appliances,Water Purifier,"A reliable water purifier from Havells, designed for everyday use with a great balance of performance and value.",14460.0,11669.46,20,11568.0,391,31,Havells India Distributors,SKU-HOM-0010,4.2,6,32,0,8.57,Gold,"Gold, 8.57kg",2024-11-06,Out of Stock,https://source.unsplash.com/400x400/?water+purifier&sig=10
P0011,Samsung Microwave Oven,Samsung,Home Appliances,Microwave Oven,"A budget-friendly yet durable microwave oven from Samsung, ideal for households looking for good value.",16460.0,11118.46,15,13991.0,453,43,Samsung India Distributors,SKU-HOM-0011,4.2,10,45,12,4.83,Green,"Green, 4.83kg, Warranty: 12 months",2026-02-06,Active,https://source.unsplash.com/400x400/?microwave+oven&sig=11
P0012,Biba Jacket,Biba,Fashion,Jacket,"A reliable jacket from Biba, designed for everyday use with a great balance of performance and value.",4990.0,4175.56,5,4740.5,235,32,Biba India Distributors,SKU-FAS-0012,4.1,8,41,0,21.32,Silver,"Silver, 21.32kg",2026-02-09,Active,https://source.unsplash.com/400x400/?jacket+fashion&sig=12
P0013,Rupa Publications Fiction,Rupa Publications,Books,Fiction,"A budget-friendly yet durable fiction from Rupa Publications, ideal for households looking for good value.",861.0,645.72,25,645.75,44,9,Rupa Publications India Distributors,SKU-BOO-0013,4.1,7,41,0,7.79,White,"White, 7.79kg",2025-06-30,Active,https://source.unsplash.com/400x400/?fiction+books&sig=13
P0014,Oxford Press Children's Books,Oxford Press,Books,Children's Books,"Oxford Press brings you this premium children's books, built to last with modern features that customers love.",387.0,300.4,10,348.3,232,20,Oxford Press India Distributors,SKU-BOO-0014,4.0,4,31,0,21.22,Red,"Red, 21.22kg",2025-03-10,Out of Stock,https://source.unsplash.com/400x400/?children+books&sig=14
P0015,Godrej Interio Bed,Godrej Interio,Furniture,Bed,"A reliable bed from Godrej Interio, designed for everyday use with a great balance of performance and value.",42080.0,33883.14,25,31560.0,338,34,Godrej Interio India Distributors,SKU-FUR-0015,4.6,7,44,24,9.87,Green,"Green, 9.87kg, Warranty: 24 months",2026-02-19,Active,https://source.unsplash.com/400x400/?bed+furniture&sig=15
P0016,Biba Handbag,Biba,Fashion,Handbag,"Experience top performance with the Biba handbag, trusted by thousands of happy customers across India.",3930.0,2861.88,30,2751.0,332,29,Biba India Distributors,SKU-FAS-0016,4.4,8,50,0,3.36,Gold,"Gold, 3.36kg",2024-11-14,Active,https://source.unsplash.com/400x400/?handbag&sig=16
P0017,Dove Sunscreen,Dove,Beauty,Sunscreen,"Dove brings you this premium sunscreen, built to last with modern features that customers love.",1415.0,1005.8,5,1344.25,273,19,Dove India Distributors,SKU-BEA-0017,4.2,4,32,0,20.13,Red,"Red, 20.13kg",2025-03-18,Out of Stock,https://source.unsplash.com/400x400/?sunscreen+spf&sig=17
P0018,Nike Cycling Helmet,Nike,Sports,Cycling Helmet,"Nike brings you this premium cycling helmet, built to last with modern features that customers love.",730.0,580.49,0,730.0,314,45,Nike India Distributors,SKU-SPO-0018,2.7,3,43,0,2.49,Brown,"Brown, 2.49kg",2024-10-03,Active,https://source.unsplash.com/400x400/?cycling+helmet&sig=18
P0019,Lakme Perfume,Lakme,Beauty,Perfume,"Lakme brings you this premium perfume, built to last with modern features that customers love.",880.0,662.72,15,748.0,273,29,Lakme India Distributors,SKU-BEA-0019,2.9,12,40,0,3.06,Green,"Green, 3.06kg",2024-09-10,Active,https://source.unsplash.com/400x400/?perfume+bottle&sig=19
P0020,MDH Snacks,MDH,Groceries,Snacks,"Experience top performance with the MDH snacks, trusted by thousands of happy customers across India.",285.0,239.66,20,228.0,375,48,MDH India Distributors,SKU-GRO-0020,4.3,3,32,0,9.61,Pink,"Pink, 9.61kg",2026-06-03,Out of Stock,https://source.unsplash.com/400x400/?snacks+chips&sig=20
P0021,Amul Beverages,Amul,Groceries,Beverages,"A reliable beverages from Amul, designed for everyday use with a great balance of performance and value.",246.0,165.8,0,246.0,34,7,Amul India Distributors,SKU-GRO-0021,3.9,7,38,0,14.37,Gold,"Gold, 14.37kg",2026-03-30,Active,https://source.unsplash.com/400x400/?beverage+drink&sig=21
P0022,MDH Dairy Products,MDH,Groceries,Dairy Products,"A budget-friendly yet durable dairy products from MDH, ideal for households looking for good value.",356.0,238.13,5,338.2,160,20,MDH India Distributors,SKU-GRO-0022,4.1,9,46,0,2.58,White,"White, 2.58kg",2024-12-13,Out of Stock,https://source.unsplash.com/400x400/?dairy+milk+products&sig=22
P0023,Adidas Dumbbells,Adidas,Sports,Dumbbells,"A reliable dumbbells from Adidas, designed for everyday use with a great balance of performance and value.",4870.0,3345.58,0,4870.0,194,22,Adidas India Distributors,SKU-SPO-0023,4.5,4,17,0,20.94,Beige,"Beige, 20.94kg",2026-01-20,Out of Stock,https://source.unsplash.com/400x400/?dumbbells+gym&sig=23
P0024,Dove Hair Oil,Dove,Beauty,Hair Oil,"A reliable hair oil from Dove, designed for everyday use with a great balance of performance and value.",653.0,440.66,10,587.7,313,48,Dove India Distributors,SKU-BEA-0024,3.7,7,34,0,11.24,Silver,"Silver, 11.24kg",2026-02-26,Active,https://source.unsplash.com/400x400/?hair+oil+beauty&sig=24
P0025,Levis T-Shirt,Levis,Fashion,T-Shirt,"A reliable t-shirt from Levis, designed for everyday use with a great balance of performance and value.",519.0,358.76,5,493.05,18,5,Levis India Distributors,SKU-FAS-0025,3.4,7,36,0,7.53,Beige,"Beige, 7.53kg",2026-01-07,Active,https://source.unsplash.com/400x400/?tshirt+fashion&sig=25
P0026,Cosco Badminton Racket,Cosco,Sports,Badminton Racket,"Experience top performance with the Cosco badminton racket, trusted by thousands of happy customers across India.",7830.0,6120.18,10,7047.0,121,8,Cosco India Distributors,SKU-SPO-0026,4.6,7,42,0,14.47,Silver,"Silver, 14.47kg",2024-12-28,Inactive,https://source.unsplash.com/400x400/?badminton+racket&sig=26
P0027,boAt Smartwatch,boAt,Electronics,Smartwatch,"This smartwatch by boAt combines quality materials with an attractive design, perfect for daily needs.",15750.0,11845.86,0,15750.0,310,46,boAt India Distributors,SKU-ELE-0027,3.8,6,39,12,23.94,Gold,"Gold, 23.94kg, Warranty: 12 months",2025-03-15,Active,https://source.unsplash.com/400x400/?smartwatch&sig=27
P0028,Prestige Air Conditioner,Prestige,Home Appliances,Air Conditioner,"Experience top performance with the Prestige air conditioner, trusted by thousands of happy customers across India.",37480.0,29827.37,20,29984.0,16,5,Prestige India Distributors,SKU-HOM-0028,3.2,6,37,24,2.17,Grey,"Grey, 2.17kg, Warranty: 24 months",2025-11-17,Active,https://source.unsplash.com/400x400/?air+conditioner&sig=28
P0029,Britannia Spices,Britannia,Groceries,Spices,"A budget-friendly yet durable spices from Britannia, ideal for households looking for good value.",114.0,78.75,10,102.6,261,39,Britannia India Distributors,SKU-GRO-0029,3.2,11,73,0,4.18,Blue,"Blue, 4.18kg",2026-04-18,Active,https://source.unsplash.com/400x400/?spices+indian&sig=29
P0030,Bloomsbury Biography,Bloomsbury,Books,Biography,"Experience top performance with the Bloomsbury biography, trusted by thousands of happy customers across India.",503.0,423.93,10,452.7,6,5,Bloomsbury India Distributors,SKU-BOO-0030,3.9,10,43,0,8.3,White,"White, 8.3kg",2024-10-13,Active,https://source.unsplash.com/400x400/?biography+book&sig=30
P0031,LOreal Lipstick,LOreal,Beauty,Lipstick,"A reliable lipstick from LOreal, designed for everyday use with a great balance of performance and value.",1200.0,815.12,10,1080.0,111,7,LOreal India Distributors,SKU-BEA-0031,3.8,6,39,0,4.48,Grey,"Grey, 4.48kg",2024-12-11,Inactive,https://source.unsplash.com/400x400/?lipstick+makeup&sig=31
P0032,Allen Solly Jeans,Allen Solly,Fashion,Jeans,"This jeans by Allen Solly combines quality materials with an attractive design, perfect for daily needs.",970.0,698.19,10,873.0,244,22,Allen Solly India Distributors,SKU-FAS-0032,2.5,11,48,0,4.6,Pink,"Pink, 4.6kg",2025-09-09,Inactive,https://source.unsplash.com/400x400/?jeans+fashion&sig=32
P0033,Philips Washing Machine,Philips,Home Appliances,Washing Machine,"Philips brings you this premium washing machine, built to last with modern features that customers love.",40540.0,33239.8,25,30405.0,287,19,Philips India Distributors,SKU-HOM-0033,4.0,3,26,0,9.53,Grey,"Grey, 9.53kg",2024-12-31,Out of Stock,https://source.unsplash.com/400x400/?washing+machine&sig=33
P0034,Nike Football,Nike,Sports,Football,"This football by Nike combines quality materials with an attractive design, perfect for daily needs.",2940.0,2327.01,10,2646.0,305,39,Nike India Distributors,SKU-SPO-0034,4.2,6,52,0,12.61,Grey,"Grey, 12.61kg",2025-11-29,Active,https://source.unsplash.com/400x400/?football&sig=34
P0035,Durian Wardrobe,Durian,Furniture,Wardrobe,"This wardrobe by Durian combines quality materials with an attractive design, perfect for daily needs.",38020.0,31415.07,10,34218.0,101,18,Durian India Distributors,SKU-FUR-0035,4.2,11,65,24,15.9,White,"White, 15.9kg, Warranty: 24 months",2024-11-07,Active,https://source.unsplash.com/400x400/?wardrobe+furniture&sig=35
P0036,Penguin Academic,Penguin,Books,Academic,"A budget-friendly yet durable academic from Penguin, ideal for households looking for good value.",660.0,436.58,10,594.0,264,41,Penguin India Distributors,SKU-BOO-0036,3.7,3,29,0,12.04,Beige,"Beige, 12.04kg",2024-12-24,Out of Stock,https://source.unsplash.com/400x400/?textbook+study&sig=36
P0037,Ray-Ban Sunglasses,Ray-Ban,Fashion,Sunglasses,"This sunglasses by Ray-Ban combines quality materials with an attractive design, perfect for daily needs.",2910.0,2127.48,10,2619.0,430,63,Ray-Ban India Distributors,SKU-FAS-0037,3.6,10,46,0,24.86,Pink,"Pink, 24.86kg",2025-04-14,Inactive,https://source.unsplash.com/400x400/?sunglasses&sig=37
P0038,Maybelline Face Cream,Maybelline,Beauty,Face Cream,"A reliable face cream from Maybelline, designed for everyday use with a great balance of performance and value.",1277.0,985.17,5,1213.15,326,50,Maybelline India Distributors,SKU-BEA-0038,3.9,10,29,0,21.0,Beige,"Beige, 21.0kg",2025-08-17,Active,https://source.unsplash.com/400x400/?face+cream+skincare&sig=38
P0039,Dell Tablet,Dell,Electronics,Tablet,"This tablet by Dell combines quality materials with an attractive design, perfect for daily needs.",29980.0,21760.05,15,25483.0,23,5,Dell India Distributors,SKU-ELE-0039,3.9,9,44,0,12.13,Grey,"Grey, 12.13kg",2025-06-09,Active,https://source.unsplash.com/400x400/?tablet&sig=39
P0040,Nikon Camera,Nikon,Electronics,Camera,"A budget-friendly yet durable camera from Nikon, ideal for households looking for good value.",100210.0,73025.46,10,90189.0,456,69,Nikon India Distributors,SKU-ELE-0040,4.0,6,29,12,1.53,Black,"Black, 1.53kg, Warranty: 12 months",2025-12-19,Active,https://source.unsplash.com/400x400/?camera&sig=40
P0041,Nilkamal Sofa,Nilkamal,Furniture,Sofa,"Experience top performance with the Nilkamal sofa, trusted by thousands of happy customers across India.",23510.0,15785.39,15,19983.5,425,56,Nilkamal India Distributors,SKU-FUR-0041,3.4,7,40,12,5.02,Beige,"Beige, 5.02kg, Warranty: 12 months",2025-12-23,Active,https://source.unsplash.com/400x400/?sofa+furniture&sig=41
P0042,Cosco Yoga Mat,Cosco,Sports,Yoga Mat,"This yoga mat by Cosco combines quality materials with an attractive design, perfect for daily needs.",511.0,381.96,5,485.45,362,46,Cosco India Distributors,SKU-SPO-0042,2.4,5,41,0,10.77,Blue,"Blue, 10.77kg",2025-08-15,Inactive,https://source.unsplash.com/400x400/?yoga+mat&sig=42
P0043,Adidas Cricket Bat,Adidas,Sports,Cricket Bat,"Adidas brings you this premium cricket bat, built to last with modern features that customers love.",4630.0,3925.66,25,3472.5,57,5,Adidas India Distributors,SKU-SPO-0043,3.5,6,35,0,4.82,Black,"Black, 4.82kg",2024-11-28,Active,https://source.unsplash.com/400x400/?cricket+bat&sig=43
P0044,Pepperfry Table,Pepperfry,Furniture,Table,"A reliable table from Pepperfry, designed for everyday use with a great balance of performance and value.",11970.0,8573.43,0,11970.0,36,10,Pepperfry India Distributors,SKU-FUR-0044,4.2,13,56,36,12.28,Brown,"Brown, 12.28kg, Warranty: 36 months",2025-10-12,Out of Stock,https://source.unsplash.com/400x400/?table+furniture&sig=44
P0045,Whirlpool Mixer Grinder,Whirlpool,Home Appliances,Mixer Grinder,"A reliable mixer grinder from Whirlpool, designed for everyday use with a great balance of performance and value.",3610.0,2898.39,20,2888.0,201,32,Whirlpool India Distributors,SKU-HOM-0045,3.8,17,65,0,19.84,Blue,"Blue, 19.84kg",2024-11-25,Active,https://source.unsplash.com/400x400/?mixer+grinder+kitchen&sig=45
P0046,Ray-Ban Shoes,Ray-Ban,Fashion,Shoes,"Experience top performance with the Ray-Ban shoes, trusted by thousands of happy customers across India.",900.0,708.2,0,900.0,314,47,Ray-Ban India Distributors,SKU-FAS-0046,3.2,6,43,0,7.31,Brown,"Brown, 7.31kg",2025-12-11,Active,https://source.unsplash.com/400x400/?shoes&sig=46
P0047,Pepperfry Bookshelf,Pepperfry,Furniture,Bookshelf,"Experience top performance with the Pepperfry bookshelf, trusted by thousands of happy customers across India.",5220.0,3552.21,30,3654.0,46,7,Pepperfry India Distributors,SKU-FUR-0047,3.8,9,59,24,11.9,White,"White, 11.9kg, Warranty: 24 months",2025-02-26,Out of Stock,https://source.unsplash.com/400x400/?bookshelf&sig=47
P0048,Xiaomi Power Bank,Xiaomi,Electronics,Power Bank,"Xiaomi brings you this premium power bank, built to last with modern features that customers love.",2330.0,1602.42,5,2213.5,89,7,Xiaomi India Distributors,SKU-ELE-0048,4.0,7,38,0,0.54,Red,"Red, 0.54kg",2025-10-17,Active,https://source.unsplash.com/400x400/?power+bank&sig=48
P0049,Havells Refrigerator,Havells,Home Appliances,Refrigerator,"A reliable refrigerator from Havells, designed for everyday use with a great balance of performance and value.",41470.0,29497.16,10,37323.0,78,10,Havells India Distributors,SKU-HOM-0049,3.7,6,45,6,2.84,Silver,"Silver, 2.84kg, Warranty: 6 months",2025-06-14,Active,https://source.unsplash.com/400x400/?refrigerator&sig=49
P0050,Nikon MacBook Air,Nikon,Electronics,Laptop,"Nikon brings you this premium laptop, built to last with modern features that customers love.",66460.0,47450.33,0,66460.0,59,5,Nikon India Distributors,SKU-ELE-0050,3.6,5,44,0,11.85,Gold,"Gold, 11.85kg",2025-05-26,Active,https://source.unsplash.com/400x400/?laptop&sig=50
P0051,Lenovo Headphones,Lenovo,Electronics,Headphones,"Lenovo brings you this premium headphones, built to last with modern features that customers love.",4160.0,3112.75,15,3536.0,121,10,Lenovo India Distributors,SKU-ELE-0051,4.0,5,44,24,9.08,Silver,"Silver, 9.08kg, Warranty: 24 months",2025-07-12,Inactive,https://source.unsplash.com/400x400/?headphones&sig=51
P0052,Scholastic Self-Help,Scholastic,Books,Self-Help,"A budget-friendly yet durable self-help from Scholastic, ideal for households looking for good value.",663.0,462.54,10,596.7,79,12,Scholastic India Distributors,SKU-BOO-0052,3.8,4,38,0,1.12,Pink,"Pink, 1.12kg",2024-12-08,Active,https://source.unsplash.com/400x400/?self+help+book&sig=52
P0053,Adidas Kurta,Adidas,Fashion,Kurta,"Adidas brings you this premium kurta, built to last with modern features that customers love.",2260.0,1887.33,0,2260.0,451,51,Adidas India Distributors,SKU-FAS-0053,3.8,8,41,0,18.05,Black,"Black, 18.05kg",2026-02-04,Active,https://source.unsplash.com/400x400/?kurta+indian+fashion&sig=53
P0054,Yonex Cycling Helmet,Yonex,Sports,Cycling Helmet,"Experience top performance with the Yonex cycling helmet, trusted by thousands of happy customers across India.",2290.0,1814.41,30,1603.0,114,26,Yonex India Distributors,SKU-SPO-0054,3.5,8,73,0,12.12,Beige,"Beige, 12.12kg",2024-10-15,Inactive,https://source.unsplash.com/400x400/?cycling+helmet&sig=54
P0055,LG Microwave Oven,LG,Home Appliances,Microwave Oven,"Experience top performance with the LG microwave oven, trusted by thousands of happy customers across India.",8340.0,5878.28,5,7923.0,114,8,LG India Distributors,SKU-HOM-0055,3.0,4,44,0,17.15,Beige,"Beige, 17.15kg",2025-12-26,Active,https://source.unsplash.com/400x400/?microwave+oven&sig=55
P0056,Allen Solly Jacket,Allen Solly,Fashion,Jacket,"A budget-friendly yet durable jacket from Allen Solly, ideal for households looking for good value.",4750.0,3452.44,20,3800.0,183,23,Allen Solly India Distributors,SKU-FAS-0056,3.8,4,32,0,14.84,Black,"Black, 14.84kg",2025-03-18,Inactive,https://source.unsplash.com/400x400/?jacket+fashion&sig=56
P0057,OnePlus Power Bank,OnePlus,Electronics,Power Bank,"A reliable power bank from OnePlus, designed for everyday use with a great balance of performance and value.",2010.0,1596.17,10,1809.0,129,22,OnePlus India Distributors,SKU-ELE-0057,3.4,8,36,0,5.68,Beige,"Beige, 5.68kg",2025-01-29,Active,https://source.unsplash.com/400x400/?power+bank&sig=57
P0058,Levis Shoes,Levis,Fashion,Shoes,"Levis brings you this premium shoes, built to last with modern features that customers love.",5410.0,4535.79,10,4869.0,441,30,Levis India Distributors,SKU-FAS-0058,4.2,5,43,0,2.99,Pink,"Pink, 2.99kg",2026-02-05,Active,https://source.unsplash.com/400x400/?shoes&sig=58
P0059,Woodland T-Shirt,Woodland,Fashion,T-Shirt,"This t-shirt by Woodland combines quality materials with an attractive design, perfect for daily needs.",1953.0,1396.22,30,1367.1,115,17,Woodland India Distributors,SKU-FAS-0059,4.5,11,30,0,15.69,Black,"Black, 15.69kg",2024-10-04,Active,https://source.unsplash.com/400x400/?tshirt+fashion&sig=59
P0060,Nivea Sunscreen,Nivea,Beauty,Sunscreen,"Experience top performance with the Nivea sunscreen, trusted by thousands of happy customers across India.",1150.0,811.83,10,1035.0,1,5,Nivea India Distributors,SKU-BEA-0060,4.1,9,54,0,6.51,Pink,"Pink, 6.51kg",2026-06-07,Out of Stock,https://source.unsplash.com/400x400/?sunscreen+spf&sig=60
P0061,Mamaearth Perfume,Mamaearth,Beauty,Perfume,"Experience top performance with the Mamaearth perfume, trusted by thousands of happy customers across India.",2660.0,2163.56,10,2394.0,153,13,Mamaearth India Distributors,SKU-BEA-0061,4.5,4,23,0,18.27,Green,"Green, 18.27kg",2025-04-01,Active,https://source.unsplash.com/400x400/?perfume+bottle&sig=61
P0062,Lenovo Headphones,Lenovo,Electronics,Headphones,"Experience top performance with the Lenovo headphones, trusted by thousands of happy customers across India.",13580.0,9081.46,5,12901.0,194,16,Lenovo India Distributors,SKU-ELE-0062,4.9,8,51,6,16.22,Black,"Black, 16.22kg, Warranty: 6 months",2025-02-07,Active,https://source.unsplash.com/400x400/?headphones&sig=62
P0063,Yonex Football,Yonex,Sports,Football,"A reliable football from Yonex, designed for everyday use with a great balance of performance and value.",2540.0,2000.18,10,2286.0,6,5,Yonex India Distributors,SKU-SPO-0063,4.3,3,39,0,3.52,Black,"Black, 3.52kg",2026-01-28,Inactive,https://source.unsplash.com/400x400/?football&sig=63
P0064,SG Cricket Bat,SG,Sports,Cricket Bat,"A reliable cricket bat from SG, designed for everyday use with a great balance of performance and value.",6170.0,4036.06,0,6170.0,376,53,SG India Distributors,SKU-SPO-0064,4.3,3,24,0,3.65,Pink,"Pink, 3.65kg",2025-05-08,Inactive,https://source.unsplash.com/400x400/?cricket+bat&sig=64
P0065,SG Badminton Racket,SG,Sports,Badminton Racket,"SG brings you this premium badminton racket, built to last with modern features that customers love.",6460.0,4211.14,0,6460.0,246,35,SG India Distributors,SKU-SPO-0065,4.1,11,41,0,12.06,Gold,"Gold, 12.06kg",2024-12-27,Active,https://source.unsplash.com/400x400/?badminton+racket&sig=65
P0066,Urban Ladder Sofa,Urban Ladder,Furniture,Sofa,"A reliable sofa from Urban Ladder, designed for everyday use with a great balance of performance and value.",23980.0,17883.84,10,21582.0,4,5,Urban Ladder India Distributors,SKU-FUR-0066,3.0,6,38,0,2.66,Grey,"Grey, 2.66kg",2024-09-21,Inactive,https://source.unsplash.com/400x400/?sofa+furniture&sig=66
P0067,Bloomsbury Self-Help,Bloomsbury,Books,Self-Help,"Bloomsbury brings you this premium self-help, built to last with modern features that customers love.",270.0,224.76,0,270.0,85,11,Bloomsbury India Distributors,SKU-BOO-0067,2.8,6,41,0,9.68,White,"White, 9.68kg",2026-07-08,Active,https://source.unsplash.com/400x400/?self+help+book&sig=67
P0068,Fortune Dairy Products,Fortune,Groceries,Dairy Products,"A reliable dairy products from Fortune, designed for everyday use with a great balance of performance and value.",496.0,344.67,10,446.4,156,11,Fortune India Distributors,SKU-GRO-0068,4.3,6,36,0,3.86,Green,"Green, 3.86kg",2026-04-18,Inactive,https://source.unsplash.com/400x400/?dairy+milk+products&sig=68
P0069,Rupa Publications Children's Books,Rupa Publications,Books,Children's Books,"A reliable children's books from Rupa Publications, designed for everyday use with a great balance of performance and value.",400.0,314.35,5,380.0,429,54,Rupa Publications India Distributors,SKU-BOO-0069,3.8,8,38,0,22.91,Pink,"Pink, 22.91kg",2025-05-11,Active,https://source.unsplash.com/400x400/?children+books&sig=69
P0070,LOreal Face Cream,LOreal,Beauty,Face Cream,"This face cream by LOreal combines quality materials with an attractive design, perfect for daily needs.",1650.0,1307.23,0,1650.0,366,20,LOreal India Distributors,SKU-BEA-0070,4.7,13,47,0,9.83,Brown,"Brown, 9.83kg",2025-01-05,Active,https://source.unsplash.com/400x400/?face+cream+skincare&sig=70
P0071,Samsung Water Purifier,Samsung,Home Appliances,Water Purifier,"This water purifier by Samsung combines quality materials with an attractive design, perfect for daily needs.",13250.0,11155.4,10,11925.0,55,5,Samsung India Distributors,SKU-HOM-0071,3.9,7,29,24,12.41,Brown,"Brown, 12.41kg, Warranty: 24 months",2025-06-29,Active,https://source.unsplash.com/400x400/?water+purifier&sig=71
P0072,Mamaearth Shampoo,Mamaearth,Beauty,Shampoo,"A budget-friendly yet durable shampoo from Mamaearth, ideal for households looking for good value.",973.0,697.34,10,875.7,161,18,Mamaearth India Distributors,SKU-BEA-0072,4.3,9,45,0,20.55,Green,"Green, 20.55kg",2026-02-07,Active,https://source.unsplash.com/400x400/?shampoo+hair+care&sig=72
P0073,Havells Air Conditioner,Havells,Home Appliances,Air Conditioner,"This air conditioner by Havells combines quality materials with an attractive design, perfect for daily needs.",48710.0,39227.06,10,43839.0,325,21,Havells India Distributors,SKU-HOM-0073,3.6,8,44,0,11.9,Blue,"Blue, 11.9kg",2026-03-01,Active,https://source.unsplash.com/400x400/?air+conditioner&sig=73
P0074,Nivia Dumbbells,Nivia,Sports,Dumbbells,"Nivia brings you this premium dumbbells, built to last with modern features that customers love.",2480.0,2033.27,5,2356.0,130,15,Nivia India Distributors,SKU-SPO-0074,3.7,7,30,0,20.71,Black,"Black, 20.71kg",2025-03-10,Out of Stock,https://source.unsplash.com/400x400/?dumbbells+gym&sig=74
P0075,Whirlpool Mixer Grinder,Whirlpool,Home Appliances,Mixer Grinder,"A reliable mixer grinder from Whirlpool, designed for everyday use with a great balance of performance and value.",2260.0,1783.49,5,2147.0,153,25,Whirlpool India Distributors,SKU-HOM-0075,3.4,10,50,0,2.74,Gold,"Gold, 2.74kg",2026-07-26,Active,https://source.unsplash.com/400x400/?mixer+grinder+kitchen&sig=75
P0076,Whirlpool Washing Machine,Whirlpool,Home Appliances,Washing Machine,"Whirlpool brings you this premium washing machine, built to last with modern features that customers love.",13450.0,9725.01,0,13450.0,101,7,Whirlpool India Distributors,SKU-HOM-0076,3.5,13,34,24,18.61,Beige,"Beige, 18.61kg, Warranty: 24 months",2025-12-01,Active,https://source.unsplash.com/400x400/?washing+machine&sig=76
P0077,Amul Rice,Amul,Groceries,Rice,"A budget-friendly yet durable rice from Amul, ideal for households looking for good value.",794.0,569.67,0,794.0,108,9,Amul India Distributors,SKU-GRO-0077,3.0,5,48,0,12.63,Black,"Black, 12.63kg",2025-01-31,Active,https://source.unsplash.com/400x400/?rice+grains&sig=77
P0078,Adidas Yoga Mat,Adidas,Sports,Yoga Mat,"This yoga mat by Adidas combines quality materials with an attractive design, perfect for daily needs.",1020.0,856.44,25,765.0,244,35,Adidas India Distributors,SKU-SPO-0078,3.1,8,49,0,10.65,Blue,"Blue, 10.65kg",2025-03-27,Active,https://source.unsplash.com/400x400/?yoga+mat&sig=78
P0079,Tata Cooking Oil,Tata,Groceries,Cooking Oil,"Tata brings you this premium cooking oil, built to last with modern features that customers love.",541.0,457.46,5,513.95,348,27,Tata India Distributors,SKU-GRO-0079,3.8,4,42,0,15.17,White,"White, 15.17kg",2026-03-02,Out of Stock,https://source.unsplash.com/400x400/?cooking+oil+bottle&sig=79
P0080,IFB Refrigerator,IFB,Home Appliances,Refrigerator,"IFB brings you this premium refrigerator, built to last with modern features that customers love.",46030.0,35928.26,20,36824.0,389,38,IFB India Distributors,SKU-HOM-0080,3.5,6,44,6,2.8,White,"White, 2.8kg, Warranty: 6 months",2025-05-10,Inactive,https://source.unsplash.com/400x400/?refrigerator&sig=80
P0081,Biba Saree,Biba,Fashion,Saree,"A budget-friendly yet durable saree from Biba, ideal for households looking for good value.",1000.0,706.44,30,700.0,21,5,Biba India Distributors,SKU-FAS-0081,3.6,8,43,0,16.0,Black,"Black, 16.0kg",2025-03-01,Active,https://source.unsplash.com/400x400/?saree+indian&sig=81
P0082,MDH Snacks,MDH,Groceries,Snacks,"A reliable snacks from MDH, designed for everyday use with a great balance of performance and value.",61.0,46.61,0,61.0,235,44,MDH India Distributors,SKU-GRO-0082,3.0,7,63,0,0.31,Silver,"Silver, 0.31kg",2025-06-19,Active,https://source.unsplash.com/400x400/?snacks+chips&sig=82
P0083,Pepperfry Chair,Pepperfry,Furniture,Chair,"This chair by Pepperfry combines quality materials with an attractive design, perfect for daily needs.",8250.0,5881.38,20,6600.0,353,32,Pepperfry India Distributors,SKU-FUR-0083,3.4,5,28,0,22.42,Beige,"Beige, 22.42kg",2025-09-28,Inactive,https://source.unsplash.com/400x400/?chair+furniture&sig=83
P0084,Urban Ladder Bed,Urban Ladder,Furniture,Bed,"Experience top performance with the Urban Ladder bed, trusted by thousands of happy customers across India.",7900.0,6392.79,25,5925.0,274,42,Urban Ladder India Distributors,SKU-FUR-0084,2.6,9,36,24,22.14,White,"White, 22.14kg, Warranty: 24 months",2024-10-26,Active,https://source.unsplash.com/400x400/?bed+furniture&sig=84
P0085,Adidas Jeans,Adidas,Fashion,Jeans,"This jeans by Adidas combines quality materials with an attractive design, perfect for daily needs.",2960.0,2311.3,5,2812.0,233,27,Adidas India Distributors,SKU-FAS-0085,4.0,2,33,0,19.66,Silver,"Silver, 19.66kg",2025-11-08,Active,https://source.unsplash.com/400x400/?jeans+fashion&sig=85
P0086,boAt Bluetooth Speaker,boAt,Electronics,Bluetooth Speaker,"A budget-friendly yet durable bluetooth speaker from boAt, ideal for households looking for good value.",7780.0,6519.86,0,7780.0,425,56,boAt India Distributors,SKU-ELE-0086,4.2,5,41,12,1.97,Blue,"Blue, 1.97kg, Warranty: 12 months",2026-04-20,Out of Stock,https://source.unsplash.com/400x400/?bluetooth+speaker&sig=86
P0087,Allen Solly Handbag,Allen Solly,Fashion,Handbag,"A reliable handbag from Allen Solly, designed for everyday use with a great balance of performance and value.",1030.0,672.58,10,927.0,240,39,Allen Solly India Distributors,SKU-FAS-0087,3.5,10,50,0,7.91,Grey,"Grey, 7.91kg",2025-11-15,Active,https://source.unsplash.com/400x400/?handbag&sig=87
P0088,HP Camera,HP,Electronics,Camera,"This camera by HP combines quality materials with an attractive design, perfect for daily needs.",52820.0,38171.2,0,52820.0,15,5,HP India Distributors,SKU-ELE-0088,3.9,9,50,0,16.29,Blue,"Blue, 16.29kg",2025-11-02,Inactive,https://source.unsplash.com/400x400/?camera&sig=88
P0089,Pepperfry Table,Pepperfry,Furniture,Table,"This table by Pepperfry combines quality materials with an attractive design, perfect for daily needs.",3390.0,2785.9,20,2712.0,187,29,Pepperfry India Distributors,SKU-FUR-0089,2.9,7,32,6,21.14,Silver,"Silver, 21.14kg, Warranty: 6 months",2026-01-13,Active,https://source.unsplash.com/400x400/?table+furniture&sig=89
P0090,Havells Vacuum Cleaner,Havells,Home Appliances,Vacuum Cleaner,"A reliable vacuum cleaner from Havells, designed for everyday use with a great balance of performance and value.",11600.0,8149.76,0,11600.0,286,48,Havells India Distributors,SKU-HOM-0090,3.6,7,41,12,21.34,Grey,"Grey, 21.34kg, Warranty: 12 months",2025-01-12,Active,https://source.unsplash.com/400x400/?vacuum+cleaner&sig=90
P0091,Haldiram's Spices,Haldiram's,Groceries,Spices,"A budget-friendly yet durable spices from Haldiram's, ideal for households looking for good value.",230.0,152.86,20,184.0,408,43,Haldiram's India Distributors,SKU-GRO-0091,3.1,7,49,0,2.82,Blue,"Blue, 2.82kg",2025-11-26,Out of Stock,https://source.unsplash.com/400x400/?spices+indian&sig=91
P0092,Lakme Hair Oil,Lakme,Beauty,Hair Oil,"Experience top performance with the Lakme hair oil, trusted by thousands of happy customers across India.",742.0,619.2,20,593.6,71,10,Lakme India Distributors,SKU-BEA-0092,3.7,6,41,0,17.59,Brown,"Brown, 17.59kg",2025-03-12,Active,https://source.unsplash.com/400x400/?hair+oil+beauty&sig=92
P0093,Rupa Publications Biography,Rupa Publications,Books,Biography,"Experience top performance with the Rupa Publications biography, trusted by thousands of happy customers across India.",564.0,428.09,25,423.0,32,9,Rupa Publications India Distributors,SKU-BOO-0093,4.0,10,52,0,23.42,Silver,"Silver, 23.42kg",2024-10-09,Active,https://source.unsplash.com/400x400/?biography+book&sig=93
P0094,OnePlus Note 12,OnePlus,Electronics,Smartphone,"A reliable smartphone from OnePlus, designed for everyday use with a great balance of performance and value.",25500.0,17653.61,0,25500.0,467,62,OnePlus India Distributors,SKU-ELE-0094,3.0,4,30,0,1.82,Green,"Green, 1.82kg",2024-12-30,Active,https://source.unsplash.com/400x400/?smartphone&sig=94
P0095,Nikon Tablet,Nikon,Electronics,Tablet,"Experience top performance with the Nikon tablet, trusted by thousands of happy customers across India.",31470.0,23097.23,10,28323.0,307,49,Nikon India Distributors,SKU-ELE-0095,3.4,7,45,0,24.09,Grey,"Grey, 24.09kg",2025-07-23,Active,https://source.unsplash.com/400x400/?tablet&sig=95
P0096,Nilkamal Wardrobe,Nilkamal,Furniture,Wardrobe,"A budget-friendly yet durable wardrobe from Nilkamal, ideal for households looking for good value.",38030.0,28382.74,30,26621.0,308,46,Nilkamal India Distributors,SKU-FUR-0096,4.7,10,54,36,20.59,Beige,"Beige, 20.59kg, Warranty: 36 months",2025-09-09,Inactive,https://source.unsplash.com/400x400/?wardrobe+furniture&sig=96
P0097,Urban Ladder Bookshelf,Urban Ladder,Furniture,Bookshelf,"A reliable bookshelf from Urban Ladder, designed for everyday use with a great balance of performance and value.",3010.0,2358.61,5,2859.5,150,20,Urban Ladder India Distributors,SKU-FUR-0097,3.5,6,25,12,22.42,Blue,"Blue, 22.42kg, Warranty: 12 months",2025-01-08,Active,https://source.unsplash.com/400x400/?bookshelf&sig=97
P0098,Penguin Fiction,Penguin,Books,Fiction,"A budget-friendly yet durable fiction from Penguin, ideal for households looking for good value.",822.0,645.1,10,739.8,225,33,Penguin India Distributors,SKU-BOO-0098,4.3,10,51,0,1.01,Red,"Red, 1.01kg",2024-11-14,Active,https://source.unsplash.com/400x400/?fiction+books&sig=98
P0099,Ray-Ban Sunglasses,Ray-Ban,Fashion,Sunglasses,"A reliable sunglasses from Ray-Ban, designed for everyday use with a great balance of performance and value.",3190.0,2456.9,10,2871.0,138,13,Ray-Ban India Distributors,SKU-FAS-0099,3.8,13,50,0,20.36,Black,"Black, 20.36kg",2025-08-21,Active,https://source.unsplash.com/400x400/?sunglasses&sig=99
P0100,Fabindia Kurta,Fabindia,Fashion,Kurta,"A budget-friendly yet durable kurta from Fabindia, ideal for households looking for good value.",1760.0,1449.45,25,1320.0,300,51,Fabindia India Distributors,SKU-FAS-0100,3.3,7,42,0,13.13,Silver,"Silver, 13.13kg",2025-10-17,Active,https://source.unsplash.com/400x400/?kurta+indian+fashion&sig=100
P0101,HarperCollins Non-Fiction,HarperCollins,Books,Non-Fiction,"This non-fiction by HarperCollins combines quality materials with an attractive design, perfect for daily needs.",659.0,477.53,30,461.3,276,20,HarperCollins India Distributors,SKU-BOO-0101,3.8,11,38,0,15.55,White,"White, 15.55kg",2026-07-26,Active,https://source.unsplash.com/400x400/?nonfiction+book&sig=101
P0102,Everest Beverages,Everest,Groceries,Beverages,"A budget-friendly yet durable beverages from Everest, ideal for households looking for good value.",509.0,339.98,0,509.0,287,46,Everest India Distributors,SKU-GRO-0102,3.8,8,38,0,15.87,Beige,"Beige, 15.87kg",2024-11-17,Inactive,https://source.unsplash.com/400x400/?beverage+drink&sig=102
P0103,JBL IdeaPad Slim 3,JBL,Electronics,Laptop,"JBL brings you this premium laptop, built to last with modern features that customers love.",31000.0,21947.41,20,24800.0,64,8,JBL India Distributors,SKU-ELE-0103,3.3,10,54,36,23.77,Silver,"Silver, 23.77kg, Warranty: 36 months",2025-11-30,Active,https://source.unsplash.com/400x400/?laptop&sig=103
P0104,Himalaya Lipstick,Himalaya,Beauty,Lipstick,"This lipstick by Himalaya combines quality materials with an attractive design, perfect for daily needs.",1376.0,1071.87,20,1100.8,8,5,Himalaya India Distributors,SKU-BEA-0104,4.4,8,51,0,6.69,Green,"Green, 6.69kg",2026-06-12,Out of Stock,https://source.unsplash.com/400x400/?lipstick+makeup&sig=104
P0105,Samsung Smartwatch,Samsung,Electronics,Smartwatch,"This smartwatch by Samsung combines quality materials with an attractive design, perfect for daily needs.",1600.0,1330.9,0,1600.0,9,5,Samsung India Distributors,SKU-ELE-0105,3.8,5,29,12,4.34,Gold,"Gold, 4.34kg, Warranty: 12 months",2025-07-16,Active,https://source.unsplash.com/400x400/?smartwatch&sig=105
P0106,Scholastic Academic,Scholastic,Books,Academic,"Experience top performance with the Scholastic academic, trusted by thousands of happy customers across India.",2440.0,1680.02,20,1952.0,394,23,Scholastic India Distributors,SKU-BOO-0106,4.4,9,40,0,10.14,Silver,"Silver, 10.14kg",2025-01-31,Inactive,https://source.unsplash.com/400x400/?textbook+study&sig=106
P0107,Lenovo Power Bank,Lenovo,Electronics,Power Bank,"A budget-friendly yet durable power bank from Lenovo, ideal for households looking for good value.",1810.0,1212.55,5,1719.5,240,16,Lenovo India Distributors,SKU-ELE-0107,3.7,3,28,0,23.72,Red,"Red, 23.72kg",2025-01-16,Active,https://source.unsplash.com/400x400/?power+bank&sig=107
P0108,Dell iPhone 13,Dell,Electronics,Smartphone,"Experience top performance with the Dell smartphone, trusted by thousands of happy customers across India.",43870.0,34033.42,5,41676.5,19,5,Dell India Distributors,SKU-ELE-0108,4.2,10,52,12,18.58,Blue,"Blue, 18.58kg, Warranty: 12 months",2024-09-01,Out of Stock,https://source.unsplash.com/400x400/?smartphone&sig=108
P0109,Oxford Press Academic,Oxford Press,Books,Academic,"This academic by Oxford Press combines quality materials with an attractive design, perfect for daily needs.",2010.0,1381.5,10,1809.0,129,11,Oxford Press India Distributors,SKU-BOO-0109,4.6,9,33,0,1.39,White,"White, 1.39kg",2026-06-13,Active,https://source.unsplash.com/400x400/?textbook+study&sig=109
P0110,Maybelline Hair Oil,Maybelline,Beauty,Hair Oil,"This hair oil by Maybelline combines quality materials with an attractive design, perfect for daily needs.",116.0,98.25,0,116.0,22,6,Maybelline India Distributors,SKU-BEA-0110,3.2,4,44,0,22.38,White,"White, 22.38kg",2025-05-02,Active,https://source.unsplash.com/400x400/?hair+oil+beauty&sig=110
P0111,Cosco Badminton Racket,Cosco,Sports,Badminton Racket,"Experience top performance with the Cosco badminton racket, trusted by thousands of happy customers across India.",6850.0,5702.93,10,6165.0,167,12,Cosco India Distributors,SKU-SPO-0111,4.6,5,43,0,2.0,Pink,"Pink, 2.0kg",2026-05-09,Active,https://source.unsplash.com/400x400/?badminton+racket&sig=111
P0112,Amul Rice,Amul,Groceries,Rice,"A budget-friendly yet durable rice from Amul, ideal for households looking for good value.",1368.0,1062.54,25,1026.0,396,27,Amul India Distributors,SKU-GRO-0112,4.2,4,27,0,3.02,Silver,"Silver, 3.02kg",2024-09-08,Active,https://source.unsplash.com/400x400/?rice+grains&sig=112
P0113,Amul Spices,Amul,Groceries,Spices,"A budget-friendly yet durable spices from Amul, ideal for households looking for good value.",498.0,383.46,0,498.0,47,9,Amul India Distributors,SKU-GRO-0113,3.9,7,44,0,13.45,Beige,"Beige, 13.45kg",2024-09-06,Inactive,https://source.unsplash.com/400x400/?spices+indian&sig=113
P0114,Urban Ladder Bookshelf,Urban Ladder,Furniture,Bookshelf,"This bookshelf by Urban Ladder combines quality materials with an attractive design, perfect for daily needs.",4810.0,3477.52,10,4329.0,13,5,Urban Ladder India Distributors,SKU-FUR-0114,2.8,9,70,6,12.09,White,"White, 12.09kg, Warranty: 6 months",2025-05-14,Out of Stock,https://source.unsplash.com/400x400/?bookshelf&sig=114
P0115,Haldiram's Cooking Oil,Haldiram's,Groceries,Cooking Oil,"Haldiram's brings you this premium cooking oil, built to last with modern features that customers love.",639.0,475.04,25,479.25,174,23,Haldiram's India Distributors,SKU-GRO-0115,4.2,5,59,0,17.21,Grey,"Grey, 17.21kg",2025-02-25,Active,https://source.unsplash.com/400x400/?cooking+oil+bottle&sig=115
P0116,Puma T-Shirt,Puma,Fashion,T-Shirt,"Experience top performance with the Puma t-shirt, trusted by thousands of happy customers across India.",1292.0,1037.85,10,1162.8,61,12,Puma India Distributors,SKU-FAS-0116,4.4,8,33,0,14.95,Grey,"Grey, 14.95kg",2025-10-14,Active,https://source.unsplash.com/400x400/?tshirt+fashion&sig=116
P0117,Mamaearth Shampoo,Mamaearth,Beauty,Shampoo,"Mamaearth brings you this premium shampoo, built to last with modern features that customers love.",218.0,158.4,10,196.2,260,25,Mamaearth India Distributors,SKU-BEA-0117,3.8,4,40,0,23.96,Grey,"Grey, 23.96kg",2024-09-10,Inactive,https://source.unsplash.com/400x400/?shampoo+hair+care&sig=117
P0118,Sony Smartwatch,Sony,Electronics,Smartwatch,"Sony brings you this premium smartwatch, built to last with modern features that customers love.",8400.0,6848.83,30,5880.0,147,17,Sony India Distributors,SKU-ELE-0118,3.2,6,43,24,6.21,Red,"Red, 6.21kg, Warranty: 24 months",2025-08-08,Active,https://source.unsplash.com/400x400/?smartwatch&sig=118
P0119,Biba Jacket,Biba,Fashion,Jacket,"A budget-friendly yet durable jacket from Biba, ideal for households looking for good value.",1730.0,1233.3,0,1730.0,129,20,Biba India Distributors,SKU-FAS-0119,3.7,7,44,0,22.48,Beige,"Beige, 22.48kg",2025-07-02,Active,https://source.unsplash.com/400x400/?jacket+fashion&sig=119
P0120,Havells Microwave Oven,Havells,Home Appliances,Microwave Oven,"A budget-friendly yet durable microwave oven from Havells, ideal for households looking for good value.",10670.0,7388.28,10,9603.0,27,6,Havells India Distributors,SKU-HOM-0120,4.3,6,35,6,10.6,Green,"Green, 10.6kg, Warranty: 6 months",2026-05-30,Active,https://source.unsplash.com/400x400/?microwave+oven&sig=120
P0121,Adidas Shoes,Adidas,Fashion,Shoes,"Adidas brings you this premium shoes, built to last with modern features that customers love.",2220.0,1799.41,25,1665.0,19,5,Adidas India Distributors,SKU-FAS-0121,3.0,6,37,0,8.24,Green,"Green, 8.24kg",2026-04-14,Active,https://source.unsplash.com/400x400/?shoes&sig=121
P0122,Woodland Kurta,Woodland,Fashion,Kurta,"A budget-friendly yet durable kurta from Woodland, ideal for households looking for good value.",550.0,359.46,0,550.0,440,45,Woodland India Distributors,SKU-FAS-0122,3.2,4,36,0,1.07,Pink,"Pink, 1.07kg",2026-01-29,Active,https://source.unsplash.com/400x400/?kurta+indian+fashion&sig=122
P0123,Tata Beverages,Tata,Groceries,Beverages,"A reliable beverages from Tata, designed for everyday use with a great balance of performance and value.",303.0,247.24,20,242.4,318,30,Tata India Distributors,SKU-GRO-0123,3.6,11,62,0,19.39,Brown,"Brown, 19.39kg",2026-02-27,Inactive,https://source.unsplash.com/400x400/?beverage+drink&sig=123
P0124,Dell Inspiron 15,Dell,Electronics,Laptop,"A budget-friendly yet durable laptop from Dell, ideal for households looking for good value.",64190.0,50664.61,25,48142.5,225,35,Dell India Distributors,SKU-ELE-0124,3.4,7,37,36,0.83,Black,"Black, 0.83kg, Warranty: 36 months",2024-11-20,Active,https://source.unsplash.com/400x400/?laptop&sig=124
P0125,Yonex Football,Yonex,Sports,Football,"A reliable football from Yonex, designed for everyday use with a great balance of performance and value.",760.0,543.07,20,608.0,91,8,Yonex India Distributors,SKU-SPO-0125,3.0,10,34,0,21.71,Grey,"Grey, 21.71kg",2026-07-12,Active,https://source.unsplash.com/400x400/?football&sig=125
P0126,Godrej Interio Bed,Godrej Interio,Furniture,Bed,"Godrej Interio brings you this premium bed, built to last with modern features that customers love.",8820.0,6269.77,10,7938.0,134,21,Godrej Interio India Distributors,SKU-FUR-0126,3.0,8,44,0,14.63,White,"White, 14.63kg",2024-12-26,Active,https://source.unsplash.com/400x400/?bed+furniture&sig=126
P0127,Nike Sunglasses,Nike,Fashion,Sunglasses,"A budget-friendly yet durable sunglasses from Nike, ideal for households looking for good value.",3110.0,2573.71,20,2488.0,299,31,Nike India Distributors,SKU-FAS-0127,3.7,3,37,0,16.57,Grey,"Grey, 16.57kg",2025-12-09,Active,https://source.unsplash.com/400x400/?sunglasses&sig=127
P0128,Oxford Press Self-Help,Oxford Press,Books,Self-Help,"A reliable self-help from Oxford Press, designed for everyday use with a great balance of performance and value.",560.0,374.28,10,504.0,300,21,Oxford Press India Distributors,SKU-BOO-0128,3.8,18,74,0,24.3,Black,"Black, 24.3kg",2024-10-22,Active,https://source.unsplash.com/400x400/?self+help+book&sig=128
P0129,Penguin Children's Books,Penguin,Books,Children's Books,"A budget-friendly yet durable children's books from Penguin, ideal for households looking for good value.",435.0,323.48,20,348.0,69,10,Penguin India Distributors,SKU-BOO-0129,3.8,4,37,0,19.04,Grey,"Grey, 19.04kg",2025-06-23,Out of Stock,https://source.unsplash.com/400x400/?children+books&sig=129
P0130,Cosco Dumbbells,Cosco,Sports,Dumbbells,"A budget-friendly yet durable dumbbells from Cosco, ideal for households looking for good value.",4100.0,3360.2,0,4100.0,428,30,Cosco India Distributors,SKU-SPO-0130,4.1,7,50,0,5.16,Green,"Green, 5.16kg",2026-01-14,Active,https://source.unsplash.com/400x400/?dumbbells+gym&sig=130
P0131,HP Tablet,HP,Electronics,Tablet,"A reliable tablet from HP, designed for everyday use with a great balance of performance and value.",22450.0,15329.74,10,20205.0,460,68,HP India Distributors,SKU-ELE-0131,3.3,6,37,0,6.09,Brown,"Brown, 6.09kg",2024-11-27,Active,https://source.unsplash.com/400x400/?tablet&sig=131
P0132,Lakme Face Cream,Lakme,Beauty,Face Cream,"Lakme brings you this premium face cream, built to last with modern features that customers love.",1031.0,779.62,15,876.35,102,8,Lakme India Distributors,SKU-BEA-0132,3.7,7,43,0,9.98,Green,"Green, 9.98kg",2025-01-08,Inactive,https://source.unsplash.com/400x400/?face+cream+skincare&sig=132
P0133,Nilkamal Sofa,Nilkamal,Furniture,Sofa,"This sofa by Nilkamal combines quality materials with an attractive design, perfect for daily needs.",10760.0,7580.61,0,10760.0,5,5,Nilkamal India Distributors,SKU-FUR-0133,3.3,7,34,6,10.13,Gold,"Gold, 10.13kg, Warranty: 6 months",2025-02-16,Inactive,https://source.unsplash.com/400x400/?sofa+furniture&sig=133
P0134,IFB Water Purifier,IFB,Home Appliances,Water Purifier,"A reliable water purifier from IFB, designed for everyday use with a great balance of performance and value.",12300.0,8263.59,0,12300.0,296,25,IFB India Distributors,SKU-HOM-0134,3.2,8,44,12,6.73,White,"White, 6.73kg, Warranty: 12 months",2026-03-19,Active,https://source.unsplash.com/400x400/?water+purifier&sig=134
P0135,Nilkamal Wardrobe,Nilkamal,Furniture,Wardrobe,"Experience top performance with the Nilkamal wardrobe, trusted by thousands of happy customers across India.",13700.0,10604.4,20,10960.0,174,18,Nilkamal India Distributors,SKU-FUR-0135,3.4,8,36,6,4.36,Red,"Red, 4.36kg, Warranty: 6 months",2025-03-05,Out of Stock,https://source.unsplash.com/400x400/?wardrobe+furniture&sig=135
P0136,MDH Dairy Products,MDH,Groceries,Dairy Products,"This dairy products by MDH combines quality materials with an attractive design, perfect for daily needs.",362.0,256.15,0,362.0,19,5,MDH India Distributors,SKU-GRO-0136,4.3,10,39,0,6.04,Silver,"Silver, 6.04kg",2026-07-12,Out of Stock,https://source.unsplash.com/400x400/?dairy+milk+products&sig=136
P0137,Samsung Vacuum Cleaner,Samsung,Home Appliances,Vacuum Cleaner,"A reliable vacuum cleaner from Samsung, designed for everyday use with a great balance of performance and value.",5830.0,4176.79,25,4372.5,50,11,Samsung India Distributors,SKU-HOM-0137,3.5,8,32,0,24.36,White,"White, 24.36kg",2025-02-04,Out of Stock,https://source.unsplash.com/400x400/?vacuum+cleaner&sig=137
P0138,Penguin Non-Fiction,Penguin,Books,Non-Fiction,"A budget-friendly yet durable non-fiction from Penguin, ideal for households looking for good value.",794.0,670.06,0,794.0,217,35,Penguin India Distributors,SKU-BOO-0138,3.7,9,43,0,24.76,Red,"Red, 24.76kg",2026-07-04,Inactive,https://source.unsplash.com/400x400/?nonfiction+book&sig=138
P0139,Philips Mixer Grinder,Philips,Home Appliances,Mixer Grinder,"This mixer grinder by Philips combines quality materials with an attractive design, perfect for daily needs.",2590.0,1759.43,0,2590.0,14,5,Philips India Distributors,SKU-HOM-0139,3.8,13,47,6,6.51,Brown,"Brown, 6.51kg, Warranty: 6 months",2026-02-16,Active,https://source.unsplash.com/400x400/?mixer+grinder+kitchen&sig=139
P0140,Himalaya Perfume,Himalaya,Beauty,Perfume,"A reliable perfume from Himalaya, designed for everyday use with a great balance of performance and value.",460.0,331.44,15,391.0,435,47,Himalaya India Distributors,SKU-BEA-0140,3.3,7,31,0,17.18,Pink,"Pink, 17.18kg",2025-05-10,Active,https://source.unsplash.com/400x400/?perfume+bottle&sig=140
P0141,Whirlpool Refrigerator,Whirlpool,Home Appliances,Refrigerator,"This refrigerator by Whirlpool combines quality materials with an attractive design, perfect for daily needs.",78610.0,64558.71,5,74679.5,136,19,Whirlpool India Distributors,SKU-HOM-0141,4.4,11,56,12,18.63,Red,"Red, 18.63kg, Warranty: 12 months",2025-03-06,Out of Stock,https://source.unsplash.com/400x400/?refrigerator&sig=141
P0142,Puma Jeans,Puma,Fashion,Jeans,"This jeans by Puma combines quality materials with an attractive design, perfect for daily needs.",3400.0,2806.46,30,2380.0,443,66,Puma India Distributors,SKU-FAS-0142,4.3,3,27,0,8.79,Silver,"Silver, 8.79kg",2026-07-03,Active,https://source.unsplash.com/400x400/?jeans+fashion&sig=142
P0143,Decathlon Cycling Helmet,Decathlon,Sports,Cycling Helmet,"A reliable cycling helmet from Decathlon, designed for everyday use with a great balance of performance and value.",2290.0,1943.73,10,2061.0,71,5,Decathlon India Distributors,SKU-SPO-0143,3.6,7,36,0,19.9,Gold,"Gold, 19.9kg",2025-10-24,Active,https://source.unsplash.com/400x400/?cycling+helmet&sig=143
P0144,Apple Bluetooth Speaker,Apple,Electronics,Bluetooth Speaker,"A budget-friendly yet durable bluetooth speaker from Apple, ideal for households looking for good value.",2030.0,1322.88,5,1928.5,214,29,Apple India Distributors,SKU-ELE-0144,3.3,3,34,6,4.15,Brown,"Brown, 4.15kg, Warranty: 6 months",2026-06-18,Active,https://source.unsplash.com/400x400/?bluetooth+speaker&sig=144
P0145,Adidas Yoga Mat,Adidas,Sports,Yoga Mat,"A reliable yoga mat from Adidas, designed for everyday use with a great balance of performance and value.",801.0,593.36,10,720.9,116,20,Adidas India Distributors,SKU-SPO-0145,3.2,5,38,0,8.87,Black,"Black, 8.87kg",2025-10-21,Active,https://source.unsplash.com/400x400/?yoga+mat&sig=145
P0146,LOreal Lipstick,LOreal,Beauty,Lipstick,"LOreal brings you this premium lipstick, built to last with modern features that customers love.",336.0,277.45,30,235.2,281,51,LOreal India Distributors,SKU-BEA-0146,3.4,18,69,0,10.86,White,"White, 10.86kg",2025-02-24,Active,https://source.unsplash.com/400x400/?lipstick+makeup&sig=146
P0147,Voltas Air Conditioner,Voltas,Home Appliances,Air Conditioner,"This air conditioner by Voltas combines quality materials with an attractive design, perfect for daily needs.",26450.0,22127.72,10,23805.0,377,50,Voltas India Distributors,SKU-HOM-0147,2.8,11,48,12,14.97,Blue,"Blue, 14.97kg, Warranty: 12 months",2025-06-12,Active,https://source.unsplash.com/400x400/?air+conditioner&sig=147
P0148,Oxford Press Biography,Oxford Press,Books,Biography,"Oxford Press brings you this premium biography, built to last with modern features that customers love.",901.0,730.6,5,855.95,326,45,Oxford Press India Distributors,SKU-BOO-0148,3.8,4,33,0,7.69,Grey,"Grey, 7.69kg",2025-06-11,Inactive,https://source.unsplash.com/400x400/?biography+book&sig=148
P0149,Allen Solly Saree,Allen Solly,Fashion,Saree,"This saree by Allen Solly combines quality materials with an attractive design, perfect for daily needs.",4730.0,3430.16,20,3784.0,18,5,Allen Solly India Distributors,SKU-FAS-0149,3.5,8,45,0,8.92,Brown,"Brown, 8.92kg",2025-11-29,Active,https://source.unsplash.com/400x400/?saree+indian&sig=149
P0150,Amul Snacks,Amul,Groceries,Snacks,"This snacks by Amul combines quality materials with an attractive design, perfect for daily needs.",201.0,167.33,0,201.0,459,63,Amul India Distributors,SKU-GRO-0150,3.8,6,41,0,14.55,Silver,"Silver, 14.55kg",2025-04-12,Active,https://source.unsplash.com/400x400/?snacks+chips&sig=150
P0151,Realme Headphones,Realme,Electronics,Headphones,"Experience top performance with the Realme headphones, trusted by thousands of happy customers across India.",8380.0,6394.9,10,7542.0,11,5,Realme India Distributors,SKU-ELE-0151,3.8,4,29,0,11.56,Black,"Black, 11.56kg",2026-01-19,Active,https://source.unsplash.com/400x400/?headphones&sig=151
P0152,Rupa Publications Fiction,Rupa Publications,Books,Fiction,"A reliable fiction from Rupa Publications, designed for everyday use with a great balance of performance and value.",855.0,666.88,15,726.75,275,18,Rupa Publications India Distributors,SKU-BOO-0152,4.2,5,39,0,18.54,Pink,"Pink, 18.54kg",2024-12-09,Inactive,https://source.unsplash.com/400x400/?fiction+books&sig=152
P0153,Maybelline Sunscreen,Maybelline,Beauty,Sunscreen,"Maybelline brings you this premium sunscreen, built to last with modern features that customers love.",1132.0,894.64,30,792.4,27,8,Maybelline India Distributors,SKU-BEA-0153,4.2,10,56,0,15.74,Black,"Black, 15.74kg",2025-06-11,Active,https://source.unsplash.com/400x400/?sunscreen+spf&sig=153
P0154,Durian Chair,Durian,Furniture,Chair,"Durian brings you this premium chair, built to last with modern features that customers love.",10780.0,7254.31,0,10780.0,34,9,Durian India Distributors,SKU-FUR-0154,3.9,9,54,12,11.9,Beige,"Beige, 11.9kg, Warranty: 12 months",2024-11-21,Active,https://source.unsplash.com/400x400/?chair+furniture&sig=154
P0155,LG Washing Machine,LG,Home Appliances,Washing Machine,"A budget-friendly yet durable washing machine from LG, ideal for households looking for good value.",56450.0,40078.64,25,42337.5,54,13,LG India Distributors,SKU-HOM-0155,4.6,11,50,12,11.03,Pink,"Pink, 11.03kg, Warranty: 12 months",2026-07-05,Active,https://source.unsplash.com/400x400/?washing+machine&sig=155
P0156,Pepperfry Table,Pepperfry,Furniture,Table,"Pepperfry brings you this premium table, built to last with modern features that customers love.",5790.0,3788.58,5,5500.5,366,53,Pepperfry India Distributors,SKU-FUR-0156,3.3,15,63,24,12.06,Grey,"Grey, 12.06kg, Warranty: 24 months",2025-12-07,Active,https://source.unsplash.com/400x400/?table+furniture&sig=156
P0157,Realme Camera,Realme,Electronics,Camera,"Realme brings you this premium camera, built to last with modern features that customers love.",81550.0,63897.68,20,65240.0,176,24,Realme India Distributors,SKU-ELE-0157,3.7,3,31,12,7.16,White,"White, 7.16kg, Warranty: 12 months",2024-09-04,Active,https://source.unsplash.com/400x400/?camera&sig=157
P0158,Levis Handbag,Levis,Fashion,Handbag,"Experience top performance with the Levis handbag, trusted by thousands of happy customers across India.",3150.0,2068.97,25,2362.5,3,5,Levis India Distributors,SKU-FAS-0158,4.4,5,41,0,0.33,Blue,"Blue, 0.33kg",2025-05-17,Active,https://source.unsplash.com/400x400/?handbag&sig=158
P0159,Decathlon Cricket Bat,Decathlon,Sports,Cricket Bat,"Decathlon brings you this premium cricket bat, built to last with modern features that customers love.",12950.0,9720.8,15,11007.5,420,56,Decathlon India Distributors,SKU-SPO-0159,4.0,10,52,0,16.43,Gold,"Gold, 16.43kg",2025-08-02,Active,https://source.unsplash.com/400x400/?cricket+bat&sig=159
P0160,Amul Dairy Products,Amul,Groceries,Dairy Products,"Experience top performance with the Amul dairy products, trusted by thousands of happy customers across India.",366.0,295.49,10,329.4,376,51,Amul India Distributors,SKU-GRO-0160,3.5,8,35,0,24.07,Gold,"Gold, 24.07kg",2025-08-27,Out of Stock,https://source.unsplash.com/400x400/?dairy+milk+products&sig=160
P0161,Nivea Lipstick,Nivea,Beauty,Lipstick,"A budget-friendly yet durable lipstick from Nivea, ideal for households looking for good value.",928.0,775.33,30,649.6,93,8,Nivea India Distributors,SKU-BEA-0161,3.5,14,49,0,20.76,White,"White, 20.76kg",2026-05-01,Active,https://source.unsplash.com/400x400/?lipstick+makeup&sig=161
P0162,Dell Camera,Dell,Electronics,Camera,"Dell brings you this premium camera, built to last with modern features that customers love.",130020.0,88652.31,0,130020.0,305,21,Dell India Distributors,SKU-ELE-0162,4.3,7,45,24,2.73,Blue,"Blue, 2.73kg, Warranty: 24 months",2025-04-06,Active,https://source.unsplash.com/400x400/?camera&sig=162
P0163,Dove Hair Oil,Dove,Beauty,Hair Oil,"Experience top performance with the Dove hair oil, trusted by thousands of happy customers across India.",781.0,651.73,0,781.0,287,24,Dove India Distributors,SKU-BEA-0163,3.9,7,36,0,15.2,Black,"Black, 15.2kg",2025-08-25,Active,https://source.unsplash.com/400x400/?hair+oil+beauty&sig=163
P0164,Nivia Football,Nivia,Sports,Football,"Experience top performance with the Nivia football, trusted by thousands of happy customers across India.",770.0,569.72,5,731.5,308,36,Nivia India Distributors,SKU-SPO-0164,2.8,5,28,0,7.22,Red,"Red, 7.22kg",2026-07-03,Out of Stock,https://source.unsplash.com/400x400/?football&sig=164
P0165,Nike Handbag,Nike,Fashion,Handbag,"Nike brings you this premium handbag, built to last with modern features that customers love.",2510.0,1896.82,10,2259.0,8,5,Nike India Distributors,SKU-FAS-0165,3.7,11,48,0,20.27,Black,"Black, 20.27kg",2024-09-10,Active,https://source.unsplash.com/400x400/?handbag&sig=165
P0166,Dove Perfume,Dove,Beauty,Perfume,"Experience top performance with the Dove perfume, trusted by thousands of happy customers across India.",2070.0,1571.78,0,2070.0,145,12,Dove India Distributors,SKU-BEA-0166,3.8,11,39,0,20.83,Gold,"Gold, 20.83kg",2025-02-17,Active,https://source.unsplash.com/400x400/?perfume+bottle&sig=166
P0167,Ray-Ban Jacket,Ray-Ban,Fashion,Jacket,"A reliable jacket from Ray-Ban, designed for everyday use with a great balance of performance and value.",2760.0,2135.4,30,1932.0,395,28,Ray-Ban India Distributors,SKU-FAS-0167,3.0,11,51,0,2.05,Beige,"Beige, 2.05kg",2026-03-12,Active,https://source.unsplash.com/400x400/?jacket+fashion&sig=167
P0168,Godrej Interio Bed,Godrej Interio,Furniture,Bed,"Experience top performance with the Godrej Interio bed, trusted by thousands of happy customers across India.",11480.0,7991.4,30,8036.0,127,9,Godrej Interio India Distributors,SKU-FUR-0168,3.4,9,52,6,9.01,Blue,"Blue, 9.01kg, Warranty: 6 months",2026-07-28,Active,https://source.unsplash.com/400x400/?bed+furniture&sig=168
P0169,Decathlon Cricket Bat,Decathlon,Sports,Cricket Bat,"A budget-friendly yet durable cricket bat from Decathlon, ideal for households looking for good value.",8970.0,7361.13,30,6279.0,119,15,Decathlon India Distributors,SKU-SPO-0169,4.0,6,50,0,23.43,Grey,"Grey, 23.43kg",2025-12-02,Out of Stock,https://source.unsplash.com/400x400/?cricket+bat&sig=169
P0170,LG Water Purifier,LG,Home Appliances,Water Purifier,"This water purifier by LG combines quality materials with an attractive design, perfect for daily needs.",4520.0,3318.95,10,4068.0,144,25,LG India Distributors,SKU-HOM-0170,3.1,7,37,0,22.82,Black,"Black, 22.82kg",2026-06-17,Active,https://source.unsplash.com/400x400/?water+purifier&sig=170
P0171,Samsung Refrigerator,Samsung,Home Appliances,Refrigerator,"A reliable refrigerator from Samsung, designed for everyday use with a great balance of performance and value.",67370.0,51387.9,0,67370.0,137,27,Samsung India Distributors,SKU-HOM-0171,4.0,8,50,6,12.02,Blue,"Blue, 12.02kg, Warranty: 6 months",2026-02-22,Out of Stock,https://source.unsplash.com/400x400/?refrigerator&sig=171
P0172,SG Dumbbells,SG,Sports,Dumbbells,"A reliable dumbbells from SG, designed for everyday use with a great balance of performance and value.",1070.0,801.77,10,963.0,297,29,SG India Distributors,SKU-SPO-0172,3.2,4,45,0,19.36,Red,"Red, 19.36kg",2024-09-02,Inactive,https://source.unsplash.com/400x400/?dumbbells+gym&sig=172
P0173,Haldiram's Spices,Haldiram's,Groceries,Spices,"Experience top performance with the Haldiram's spices, trusted by thousands of happy customers across India.",437.0,343.65,0,437.0,246,28,Haldiram's India Distributors,SKU-GRO-0173,4.3,7,46,0,10.73,Blue,"Blue, 10.73kg",2026-07-26,Active,https://source.unsplash.com/400x400/?spices+indian&sig=173
P0174,Himalaya Face Cream,Himalaya,Beauty,Face Cream,"Himalaya brings you this premium face cream, built to last with modern features that customers love.",368.0,284.51,15,312.8,133,13,Himalaya India Distributors,SKU-BEA-0174,3.2,4,57,0,14.76,Red,"Red, 14.76kg",2024-11-09,Active,https://source.unsplash.com/400x400/?face+cream+skincare&sig=174
P0175,Durian Sofa,Durian,Furniture,Sofa,"Durian brings you this premium sofa, built to last with modern features that customers love.",37540.0,31840.97,0,37540.0,419,55,Durian India Distributors,SKU-FUR-0175,4.0,10,38,6,4.6,Black,"Black, 4.6kg, Warranty: 6 months",2025-10-30,Active,https://source.unsplash.com/400x400/?sofa+furniture&sig=175
P0176,Voltas Air Conditioner,Voltas,Home Appliances,Air Conditioner,"A budget-friendly yet durable air conditioner from Voltas, ideal for households looking for good value.",69910.0,47255.19,20,55928.0,209,29,Voltas India Distributors,SKU-HOM-0176,4.6,13,46,36,12.42,Silver,"Silver, 12.42kg, Warranty: 36 months",2025-03-05,Active,https://source.unsplash.com/400x400/?air+conditioner&sig=176
P0177,Himalaya Shampoo,Himalaya,Beauty,Shampoo,"A budget-friendly yet durable shampoo from Himalaya, ideal for households looking for good value.",884.0,741.04,30,618.8,112,21,Himalaya India Distributors,SKU-BEA-0177,3.6,5,47,0,2.7,Silver,"Silver, 2.7kg",2026-01-04,Active,https://source.unsplash.com/400x400/?shampoo+hair+care&sig=177
P0178,Nikon Note 12,Nikon,Electronics,Smartphone,"This smartphone by Nikon combines quality materials with an attractive design, perfect for daily needs.",85950.0,64225.41,0,85950.0,73,16,Nikon India Distributors,SKU-ELE-0178,4.5,6,41,24,5.35,Silver,"Silver, 5.35kg, Warranty: 24 months",2026-02-24,Active,https://source.unsplash.com/400x400/?smartphone&sig=178
P0179,SG Cycling Helmet,SG,Sports,Cycling Helmet,"This cycling helmet by SG combines quality materials with an attractive design, perfect for daily needs.",4420.0,3490.33,25,3315.0,442,30,SG India Distributors,SKU-SPO-0179,4.4,9,55,0,9.67,White,"White, 9.67kg",2026-04-01,Active,https://source.unsplash.com/400x400/?cycling+helmet&sig=179
P0180,Apple Bluetooth Speaker,Apple,Electronics,Bluetooth Speaker,"Experience top performance with the Apple bluetooth speaker, trusted by thousands of happy customers across India.",10370.0,7536.78,0,10370.0,418,39,Apple India Distributors,SKU-ELE-0180,3.8,5,33,0,16.53,Beige,"Beige, 16.53kg",2025-02-11,Out of Stock,https://source.unsplash.com/400x400/?bluetooth+speaker&sig=180
P0181,Rupa Publications Self-Help,Rupa Publications,Books,Self-Help,"Rupa Publications brings you this premium self-help, built to last with modern features that customers love.",177.0,142.06,0,177.0,430,52,Rupa Publications India Distributors,SKU-BOO-0181,3.4,7,45,0,8.59,Gold,"Gold, 8.59kg",2024-09-04,Active,https://source.unsplash.com/400x400/?self+help+book&sig=181
P0182,Bloomsbury Children's Books,Bloomsbury,Books,Children's Books,"A budget-friendly yet durable children's books from Bloomsbury, ideal for households looking for good value.",491.0,410.34,0,491.0,375,25,Bloomsbury India Distributors,SKU-BOO-0182,4.0,9,48,0,10.65,Gold,"Gold, 10.65kg",2025-11-24,Inactive,https://source.unsplash.com/400x400/?children+books&sig=182
P0183,Fabindia Jeans,Fabindia,Fashion,Jeans,"A reliable jeans from Fabindia, designed for everyday use with a great balance of performance and value.",1160.0,842.46,10,1044.0,40,10,Fabindia India Distributors,SKU-FAS-0183,3.0,9,37,0,19.31,Grey,"Grey, 19.31kg",2025-04-19,Active,https://source.unsplash.com/400x400/?jeans+fashion&sig=183
P0184,Durian Wardrobe,Durian,Furniture,Wardrobe,"A reliable wardrobe from Durian, designed for everyday use with a great balance of performance and value.",19420.0,15013.79,15,16507.0,104,17,Durian India Distributors,SKU-FUR-0184,4.0,9,43,36,14.25,Silver,"Silver, 14.25kg, Warranty: 36 months",2025-06-17,Active,https://source.unsplash.com/400x400/?wardrobe+furniture&sig=184
P0185,Lenovo Power Bank,Lenovo,Electronics,Power Bank,"Lenovo brings you this premium power bank, built to last with modern features that customers love.",1830.0,1195.82,0,1830.0,216,13,Lenovo India Distributors,SKU-ELE-0185,3.9,7,32,6,1.56,White,"White, 1.56kg, Warranty: 6 months",2025-09-29,Inactive,https://source.unsplash.com/400x400/?power+bank&sig=185
P0186,Xiaomi IdeaPad Slim 3,Xiaomi,Electronics,Laptop,"Xiaomi brings you this premium laptop, built to last with modern features that customers love.",56890.0,37707.19,5,54045.5,89,17,Xiaomi India Distributors,SKU-ELE-0186,3.2,10,53,24,4.44,Gold,"Gold, 4.44kg, Warranty: 24 months",2026-05-14,Active,https://source.unsplash.com/400x400/?laptop&sig=186
P0187,Urban Ladder Chair,Urban Ladder,Furniture,Chair,"A reliable chair from Urban Ladder, designed for everyday use with a great balance of performance and value.",3050.0,2005.99,30,2135.0,385,42,Urban Ladder India Distributors,SKU-FUR-0187,3.2,12,65,24,24.38,Black,"Black, 24.38kg, Warranty: 24 months",2025-04-29,Active,https://source.unsplash.com/400x400/?chair+furniture&sig=187
P0188,Durian Table,Durian,Furniture,Table,"Durian brings you this premium table, built to last with modern features that customers love.",18660.0,14370.36,15,15861.0,28,5,Durian India Distributors,SKU-FUR-0188,4.0,8,37,36,8.21,Silver,"Silver, 8.21kg, Warranty: 36 months",2025-03-03,Out of Stock,https://source.unsplash.com/400x400/?table+furniture&sig=188
P0189,Pepperfry Bookshelf,Pepperfry,Furniture,Bookshelf,"Experience top performance with the Pepperfry bookshelf, trusted by thousands of happy customers across India.",2930.0,2154.41,10,2637.0,34,5,Pepperfry India Distributors,SKU-FUR-0189,2.8,4,49,12,9.43,Grey,"Grey, 9.43kg, Warranty: 12 months",2026-06-05,Active,https://source.unsplash.com/400x400/?bookshelf&sig=189
P0190,Yonex Badminton Racket,Yonex,Sports,Badminton Racket,"A budget-friendly yet durable badminton racket from Yonex, ideal for households looking for good value.",3330.0,2358.22,5,3163.5,438,51,Yonex India Distributors,SKU-SPO-0190,3.2,5,38,0,19.61,Silver,"Silver, 19.61kg",2026-01-09,Active,https://source.unsplash.com/400x400/?badminton+racket&sig=190
P0191,Bloomsbury Biography,Bloomsbury,Books,Biography,"A budget-friendly yet durable biography from Bloomsbury, ideal for households looking for good value.",865.0,567.89,5,821.75,163,25,Bloomsbury India Distributors,SKU-BOO-0191,4.0,4,42,0,24.95,Pink,"Pink, 24.95kg",2026-01-04,Inactive,https://source.unsplash.com/400x400/?biography+book&sig=191
P0192,Britannia Snacks,Britannia,Groceries,Snacks,"Experience top performance with the Britannia snacks, trusted by thousands of happy customers across India.",185.0,147.37,30,129.5,353,23,Britannia India Distributors,SKU-GRO-0192,3.8,13,65,0,6.8,Gold,"Gold, 6.8kg",2025-06-27,Active,https://source.unsplash.com/400x400/?snacks+chips&sig=192
P0193,Voltas Mixer Grinder,Voltas,Home Appliances,Mixer Grinder,"Experience top performance with the Voltas mixer grinder, trusted by thousands of happy customers across India.",3640.0,2947.68,15,3094.0,86,12,Voltas India Distributors,SKU-HOM-0193,3.8,10,42,12,9.11,Silver,"Silver, 9.11kg, Warranty: 12 months",2025-09-30,Inactive,https://source.unsplash.com/400x400/?mixer+grinder+kitchen&sig=193
P0194,Samsung Washing Machine,Samsung,Home Appliances,Washing Machine,"Samsung brings you this premium washing machine, built to last with modern features that customers love.",55900.0,43639.23,10,50310.0,207,30,Samsung India Distributors,SKU-HOM-0194,4.0,1,32,0,16.89,Pink,"Pink, 16.89kg",2025-09-28,Inactive,https://source.unsplash.com/400x400/?washing+machine&sig=194
P0195,MDH Rice,MDH,Groceries,Rice,"Experience top performance with the MDH rice, trusted by thousands of happy customers across India.",1255.0,901.48,0,1255.0,26,5,MDH India Distributors,SKU-GRO-0195,4.0,4,25,0,22.05,Red,"Red, 22.05kg",2026-05-16,Active,https://source.unsplash.com/400x400/?rice+grains&sig=195
P0196,IFB Vacuum Cleaner,IFB,Home Appliances,Vacuum Cleaner,"IFB brings you this premium vacuum cleaner, built to last with modern features that customers love.",3260.0,2197.75,10,2934.0,354,42,IFB India Distributors,SKU-HOM-0196,3.2,4,47,24,20.86,Black,"Black, 20.86kg, Warranty: 24 months",2024-09-10,Active,https://source.unsplash.com/400x400/?vacuum+cleaner&sig=196
P0197,Penguin Academic,Penguin,Books,Academic,"Penguin brings you this premium academic, built to last with modern features that customers love.",590.0,485.79,20,472.0,426,43,Penguin India Distributors,SKU-BOO-0197,3.0,6,46,0,3.06,Silver,"Silver, 3.06kg",2025-06-03,Inactive,https://source.unsplash.com/400x400/?textbook+study&sig=197
P0198,Haldiram's Beverages,Haldiram's,Groceries,Beverages,"Experience top performance with the Haldiram's beverages, trusted by thousands of happy customers across India.",385.0,326.8,0,385.0,4,5,Haldiram's India Distributors,SKU-GRO-0198,4.0,5,43,0,7.3,Brown,"Brown, 7.3kg",2025-10-27,Out of Stock,https://source.unsplash.com/400x400/?beverage+drink&sig=198
P0199,Lenovo Headphones,Lenovo,Electronics,Headphones,"Experience top performance with the Lenovo headphones, trusted by thousands of happy customers across India.",11130.0,8845.47,30,7791.0,6,5,Lenovo India Distributors,SKU-ELE-0199,4.0,8,55,12,8.08,Blue,"Blue, 8.08kg, Warranty: 12 months",2025-08-30,Out of Stock,https://source.unsplash.com/400x400/?headphones&sig=199
P0200,Woodland Saree,Woodland,Fashion,Saree,"A budget-friendly yet durable saree from Woodland, ideal for households looking for good value.",2810.0,2260.93,10,2529.0,137,16,Woodland India Distributors,SKU-FAS-0200,3.5,4,25,0,21.12,Green,"Green, 21.12kg",2026-01-09,Active,https://source.unsplash.com/400x400/?saree+indian&sig=200
P0201,Rupa Publications Non-Fiction,Rupa Publications,Books,Non-Fiction,"Experience top performance with the Rupa Publications non-fiction, trusted by thousands of happy customers across India.",584.0,468.05,5,554.8,15,5,Rupa Publications India Distributors,SKU-BOO-0201,3.9,10,56,0,7.03,Gold,"Gold, 7.03kg",2026-01-20,Active,https://source.unsplash.com/400x400/?nonfiction+book&sig=201
P0202,Puma T-Shirt,Puma,Fashion,T-Shirt,"This t-shirt by Puma combines quality materials with an attractive design, perfect for daily needs.",890.0,607.98,10,801.0,99,14,Puma India Distributors,SKU-FAS-0202,3.3,9,51,0,18.86,Red,"Red, 18.86kg",2026-04-19,Out of Stock,https://source.unsplash.com/400x400/?tshirt+fashion&sig=202
P0203,Fabindia Kurta,Fabindia,Fashion,Kurta,"A budget-friendly yet durable kurta from Fabindia, ideal for households looking for good value.",850.0,587.66,30,595.0,361,26,Fabindia India Distributors,SKU-FAS-0203,3.2,5,35,0,0.27,Black,"Black, 0.27kg",2025-02-22,Active,https://source.unsplash.com/400x400/?kurta+indian+fashion&sig=203
P0204,Voltas Microwave Oven,Voltas,Home Appliances,Microwave Oven,"A reliable microwave oven from Voltas, designed for everyday use with a great balance of performance and value.",10640.0,8933.09,20,8512.0,367,36,Voltas India Distributors,SKU-HOM-0204,3.0,2,17,12,11.17,Green,"Green, 11.17kg, Warranty: 12 months",2024-12-07,Active,https://source.unsplash.com/400x400/?microwave+oven&sig=204
P0205,SG Yoga Mat,SG,Sports,Yoga Mat,"This yoga mat by SG combines quality materials with an attractive design, perfect for daily needs.",1770.0,1502.05,0,1770.0,145,24,SG India Distributors,SKU-SPO-0205,4.2,5,46,0,12.73,Grey,"Grey, 12.73kg",2025-01-14,Active,https://source.unsplash.com/400x400/?yoga+mat&sig=205
P0206,Oxford Press Fiction,Oxford Press,Books,Fiction,"A reliable fiction from Oxford Press, designed for everyday use with a great balance of performance and value.",774.0,607.14,0,774.0,322,44,Oxford Press India Distributors,SKU-BOO-0206,4.7,10,49,0,8.01,Beige,"Beige, 8.01kg",2026-01-22,Out of Stock,https://source.unsplash.com/400x400/?fiction+books&sig=206
P0207,Levis Shoes,Levis,Fashion,Shoes,"This shoes by Levis combines quality materials with an attractive design, perfect for daily needs.",7630.0,5916.74,10,6867.0,33,8,Levis India Distributors,SKU-FAS-0207,4.2,5,47,0,3.87,Blue,"Blue, 3.87kg",2025-12-01,Out of Stock,https://source.unsplash.com/400x400/?shoes&sig=207
P0208,OnePlus Smartwatch,OnePlus,Electronics,Smartwatch,"Experience top performance with the OnePlus smartwatch, trusted by thousands of happy customers across India.",8140.0,5614.28,0,8140.0,453,50,OnePlus India Distributors,SKU-ELE-0208,3.9,9,43,0,12.32,Gold,"Gold, 12.32kg",2024-10-14,Out of Stock,https://source.unsplash.com/400x400/?smartwatch&sig=208
P0209,Lenovo Tablet,Lenovo,Electronics,Tablet,"Lenovo brings you this premium tablet, built to last with modern features that customers love.",10020.0,7891.72,20,8016.0,284,36,Lenovo India Distributors,SKU-ELE-0209,2.8,8,49,24,21.03,Grey,"Grey, 21.03kg, Warranty: 24 months",2025-06-10,Active,https://source.unsplash.com/400x400/?tablet&sig=209
P0210,Himalaya Sunscreen,Himalaya,Beauty,Sunscreen,"Experience top performance with the Himalaya sunscreen, trusted by thousands of happy customers across India.",1236.0,900.35,15,1050.6,233,28,Himalaya India Distributors,SKU-BEA-0210,3.7,11,55,0,8.2,Pink,"Pink, 8.2kg",2025-11-07,Active,https://source.unsplash.com/400x400/?sunscreen+spf&sig=210
P0211,Puma Sunglasses,Puma,Fashion,Sunglasses,"A budget-friendly yet durable sunglasses from Puma, ideal for households looking for good value.",1030.0,866.5,0,1030.0,143,22,Puma India Distributors,SKU-FAS-0211,3.3,10,44,0,17.21,Black,"Black, 17.21kg",2025-10-02,Active,https://source.unsplash.com/400x400/?sunglasses&sig=211
P0212,MDH Cooking Oil,MDH,Groceries,Cooking Oil,"Experience top performance with the MDH cooking oil, trusted by thousands of happy customers across India.",531.0,439.65,20,424.8,19,5,MDH India Distributors,SKU-GRO-0212,4.0,7,39,0,20.24,Green,"Green, 20.24kg",2025-09-11,Active,https://source.unsplash.com/400x400/?cooking+oil+bottle&sig=212
P0213,MDH Spices,MDH,Groceries,Spices,"MDH brings you this premium spices, built to last with modern features that customers love.",461.0,324.39,10,414.9,149,20,MDH India Distributors,SKU-GRO-0213,3.6,7,34,0,21.9,Beige,"Beige, 21.9kg",2026-03-16,Active,https://source.unsplash.com/400x400/?spices+indian&sig=213
P0214,JBL Smartwatch,JBL,Electronics,Smartwatch,"Experience top performance with the JBL smartwatch, trusted by thousands of happy customers across India.",16190.0,13592.73,15,13761.5,26,8,JBL India Distributors,SKU-ELE-0214,3.6,12,50,6,19.53,Silver,"Silver, 19.53kg, Warranty: 6 months",2024-11-07,Inactive,https://source.unsplash.com/400x400/?smartwatch&sig=214
P0215,Samsung Vacuum Cleaner,Samsung,Home Appliances,Vacuum Cleaner,"Samsung brings you this premium vacuum cleaner, built to last with modern features that customers love.",14130.0,10650.2,15,12010.5,232,19,Samsung India Distributors,SKU-HOM-0215,3.8,8,52,6,20.05,Silver,"Silver, 20.05kg, Warranty: 6 months",2025-05-31,Active,https://source.unsplash.com/400x400/?vacuum+cleaner&sig=215
P0216,Samsung Power Bank,Samsung,Electronics,Power Bank,"A budget-friendly yet durable power bank from Samsung, ideal for households looking for good value.",2160.0,1511.44,0,2160.0,1,5,Samsung India Distributors,SKU-ELE-0216,4.2,5,52,0,19.8,Black,"Black, 19.8kg",2025-09-18,Active,https://source.unsplash.com/400x400/?power+bank&sig=216
P0217,Rupa Publications Biography,Rupa Publications,Books,Biography,"Rupa Publications brings you this premium biography, built to last with modern features that customers love.",219.0,170.01,10,197.1,13,5,Rupa Publications India Distributors,SKU-BOO-0217,3.1,13,57,0,21.56,White,"White, 21.56kg",2025-05-10,Active,https://source.unsplash.com/400x400/?biography+book&sig=217
P0218,Scholastic Fiction,Scholastic,Books,Fiction,"A reliable fiction from Scholastic, designed for everyday use with a great balance of performance and value.",763.0,612.29,20,610.4,13,5,Scholastic India Distributors,SKU-BOO-0218,4.0,3,30,0,19.84,Red,"Red, 19.84kg",2026-04-01,Inactive,https://source.unsplash.com/400x400/?fiction+books&sig=218
P0219,Nilkamal Chair,Nilkamal,Furniture,Chair,"Experience top performance with the Nilkamal chair, trusted by thousands of happy customers across India.",12090.0,8886.52,0,12090.0,108,12,Nilkamal India Distributors,SKU-FUR-0219,3.8,12,56,0,7.35,White,"White, 7.35kg",2025-08-27,Active,https://source.unsplash.com/400x400/?chair+furniture&sig=219
P0220,Decathlon Football,Decathlon,Sports,Football,"This football by Decathlon combines quality materials with an attractive design, perfect for daily needs.",1200.0,848.26,30,840.0,235,20,Decathlon India Distributors,SKU-SPO-0220,3.6,7,34,0,17.89,Brown,"Brown, 17.89kg",2026-02-17,Active,https://source.unsplash.com/400x400/?football&sig=220
P0221,Woodland Shoes,Woodland,Fashion,Shoes,"This shoes by Woodland combines quality materials with an attractive design, perfect for daily needs.",7820.0,5704.45,10,7038.0,182,20,Woodland India Distributors,SKU-FAS-0221,4.1,15,56,0,20.26,White,"White, 20.26kg",2025-01-01,Active,https://source.unsplash.com/400x400/?shoes&sig=221
P0222,Ray-Ban T-Shirt,Ray-Ban,Fashion,T-Shirt,"A budget-friendly yet durable t-shirt from Ray-Ban, ideal for households looking for good value.",588.0,483.9,25,441.0,270,23,Ray-Ban India Distributors,SKU-FAS-0222,3.4,5,43,0,19.04,Black,"Black, 19.04kg",2026-03-10,Active,https://source.unsplash.com/400x400/?tshirt+fashion&sig=222
P0223,Nivia Yoga Mat,Nivia,Sports,Yoga Mat,"This yoga mat by Nivia combines quality materials with an attractive design, perfect for daily needs.",1000.0,798.1,5,950.0,5,5,Nivia India Distributors,SKU-SPO-0223,4.0,9,44,0,5.31,Beige,"Beige, 5.31kg",2026-07-14,Active,https://source.unsplash.com/400x400/?yoga+mat&sig=223
P0224,Xiaomi Galaxy M14,Xiaomi,Electronics,Smartphone,"A reliable smartphone from Xiaomi, designed for everyday use with a great balance of performance and value.",48980.0,41236.02,10,44082.0,118,16,Xiaomi India Distributors,SKU-ELE-0224,3.9,8,56,0,17.51,Green,"Green, 17.51kg",2025-10-16,Active,https://source.unsplash.com/400x400/?smartphone&sig=224
P0225,Yonex Cycling Helmet,Yonex,Sports,Cycling Helmet,"Yonex brings you this premium cycling helmet, built to last with modern features that customers love.",2680.0,1807.11,10,2412.0,173,32,Yonex India Distributors,SKU-SPO-0225,3.7,7,61,0,20.1,Brown,"Brown, 20.1kg",2026-05-10,Active,https://source.unsplash.com/400x400/?cycling+helmet&sig=225
P0226,Nikon Bluetooth Speaker,Nikon,Electronics,Bluetooth Speaker,"A budget-friendly yet durable bluetooth speaker from Nikon, ideal for households looking for good value.",10590.0,7769.14,0,10590.0,98,9,Nikon India Distributors,SKU-ELE-0226,4.1,8,63,12,15.42,Silver,"Silver, 15.42kg, Warranty: 12 months",2025-07-03,Out of Stock,https://source.unsplash.com/400x400/?bluetooth+speaker&sig=226
P0227,HarperCollins Non-Fiction,HarperCollins,Books,Non-Fiction,"This non-fiction by HarperCollins combines quality materials with an attractive design, perfect for daily needs.",342.0,258.09,10,307.8,388,46,HarperCollins India Distributors,SKU-BOO-0227,2.5,2,33,0,11.63,Silver,"Silver, 11.63kg",2025-12-03,Out of Stock,https://source.unsplash.com/400x400/?nonfiction+book&sig=227
P0228,Nikon ThinkPad E14,Nikon,Electronics,Laptop,"Nikon brings you this premium laptop, built to last with modern features that customers love.",119650.0,99975.75,5,113667.5,246,33,Nikon India Distributors,SKU-ELE-0228,4.2,4,32,6,11.82,Black,"Black, 11.82kg, Warranty: 6 months",2025-01-07,Out of Stock,https://source.unsplash.com/400x400/?laptop&sig=228
P0229,Voltas Water Purifier,Voltas,Home Appliances,Water Purifier,"A reliable water purifier from Voltas, designed for everyday use with a great balance of performance and value.",7190.0,4808.45,25,5392.5,143,10,Voltas India Distributors,SKU-HOM-0229,3.3,7,36,6,15.94,Red,"Red, 15.94kg, Warranty: 6 months",2025-07-31,Out of Stock,https://source.unsplash.com/400x400/?water+purifier&sig=229
P0230,Dell Camera,Dell,Electronics,Camera,"A budget-friendly yet durable camera from Dell, ideal for households looking for good value.",140260.0,98871.54,20,112208.0,258,37,Dell India Distributors,SKU-ELE-0230,4.1,10,51,0,16.08,Red,"Red, 16.08kg",2026-02-12,Inactive,https://source.unsplash.com/400x400/?camera&sig=230
P0231,Whirlpool Mixer Grinder,Whirlpool,Home Appliances,Mixer Grinder,"Experience top performance with the Whirlpool mixer grinder, trusted by thousands of happy customers across India.",2170.0,1504.44,5,2061.5,81,15,Whirlpool India Distributors,SKU-HOM-0231,2.9,11,63,12,14.43,Gold,"Gold, 14.43kg, Warranty: 12 months",2025-07-11,Active,https://source.unsplash.com/400x400/?mixer+grinder+kitchen&sig=231
P0232,IFB Refrigerator,IFB,Home Appliances,Refrigerator,"IFB brings you this premium refrigerator, built to last with modern features that customers love.",28600.0,18605.28,10,25740.0,79,7,IFB India Distributors,SKU-HOM-0232,3.6,7,41,0,21.88,Silver,"Silver, 21.88kg",2025-12-06,Active,https://source.unsplash.com/400x400/?refrigerator&sig=232
P0233,Fortune Cooking Oil,Fortune,Groceries,Cooking Oil,"Experience top performance with the Fortune cooking oil, trusted by thousands of happy customers across India.",534.0,394.06,25,400.5,123,14,Fortune India Distributors,SKU-GRO-0233,3.8,10,54,0,19.37,Brown,"Brown, 19.37kg",2025-08-28,Active,https://source.unsplash.com/400x400/?cooking+oil+bottle&sig=233
P0234,Fabindia Handbag,Fabindia,Fashion,Handbag,"Fabindia brings you this premium handbag, built to last with modern features that customers love.",4290.0,3060.46,0,4290.0,427,51,Fabindia India Distributors,SKU-FAS-0234,3.8,8,35,0,14.06,Brown,"Brown, 14.06kg",2025-10-28,Out of Stock,https://source.unsplash.com/400x400/?handbag&sig=234
P0235,Adidas Badminton Racket,Adidas,Sports,Badminton Racket,"This badminton racket by Adidas combines quality materials with an attractive design, perfect for daily needs.",2450.0,1651.42,20,1960.0,312,29,Adidas India Distributors,SKU-SPO-0235,3.0,6,31,0,5.42,Beige,"Beige, 5.42kg",2025-10-15,Active,https://source.unsplash.com/400x400/?badminton+racket&sig=235
P0236,Pepperfry Bookshelf,Pepperfry,Furniture,Bookshelf,"This bookshelf by Pepperfry combines quality materials with an attractive design, perfect for daily needs.",6860.0,5739.34,0,6860.0,53,10,Pepperfry India Distributors,SKU-FUR-0236,3.5,11,57,6,2.44,Silver,"Silver, 2.44kg, Warranty: 6 months",2025-07-09,Inactive,https://source.unsplash.com/400x400/?bookshelf&sig=236
P0237,Godrej Interio Sofa,Godrej Interio,Furniture,Sofa,"This sofa by Godrej Interio combines quality materials with an attractive design, perfect for daily needs.",39550.0,25972.71,10,35595.0,297,33,Godrej Interio India Distributors,SKU-FUR-0237,3.8,9,41,36,1.52,Gold,"Gold, 1.52kg, Warranty: 36 months",2026-05-09,Active,https://source.unsplash.com/400x400/?sofa+furniture&sig=237
P0238,Pepperfry Wardrobe,Pepperfry,Furniture,Wardrobe,"A reliable wardrobe from Pepperfry, designed for everyday use with a great balance of performance and value.",39910.0,30988.04,25,29932.5,65,9,Pepperfry India Distributors,SKU-FUR-0238,4.7,6,33,24,0.82,Blue,"Blue, 0.82kg, Warranty: 24 months",2025-08-20,Out of Stock,https://source.unsplash.com/400x400/?wardrobe+furniture&sig=238
P0239,Fortune Snacks,Fortune,Groceries,Snacks,"This snacks by Fortune combines quality materials with an attractive design, perfect for daily needs.",352.0,238.07,20,281.6,405,58,Fortune India Distributors,SKU-GRO-0239,4.2,6,32,0,21.46,Grey,"Grey, 21.46kg",2024-11-14,Active,https://source.unsplash.com/400x400/?snacks+chips&sig=239
P0240,Canon Headphones,Canon,Electronics,Headphones,"A budget-friendly yet durable headphones from Canon, ideal for households looking for good value.",9400.0,6141.35,15,7990.0,414,56,Canon India Distributors,SKU-ELE-0240,3.9,11,55,12,23.52,Green,"Green, 23.52kg, Warranty: 12 months",2024-08-21,Out of Stock,https://source.unsplash.com/400x400/?headphones&sig=240
P0241,Maybelline Shampoo,Maybelline,Beauty,Shampoo,"This shampoo by Maybelline combines quality materials with an attractive design, perfect for daily needs.",168.0,115.68,30,117.6,38,10,Maybelline India Distributors,SKU-BEA-0241,2.7,12,47,0,5.05,Beige,"Beige, 5.05kg",2026-04-22,Active,https://source.unsplash.com/400x400/?shampoo+hair+care&sig=241
P0242,HarperCollins Self-Help,HarperCollins,Books,Self-Help,"A budget-friendly yet durable self-help from HarperCollins, ideal for households looking for good value.",689.0,563.89,0,689.0,131,13,HarperCollins India Distributors,SKU-BOO-0242,3.9,10,38,0,2.24,Brown,"Brown, 2.24kg",2026-07-21,Active,https://source.unsplash.com/400x400/?self+help+book&sig=242
P0243,Lakme Lipstick,Lakme,Beauty,Lipstick,"A reliable lipstick from Lakme, designed for everyday use with a great balance of performance and value.",1389.0,953.55,0,1389.0,30,8,Lakme India Distributors,SKU-BEA-0243,4.5,11,75,0,15.98,Brown,"Brown, 15.98kg",2025-03-17,Active,https://source.unsplash.com/400x400/?lipstick+makeup&sig=243
P0244,Voltas Washing Machine,Voltas,Home Appliances,Washing Machine,"This washing machine by Voltas combines quality materials with an attractive design, perfect for daily needs.",26770.0,21045.99,10,24093.0,350,49,Voltas India Distributors,SKU-HOM-0244,3.5,4,42,6,7.05,Gold,"Gold, 7.05kg, Warranty: 6 months",2025-02-05,Active,https://source.unsplash.com/400x400/?washing+machine&sig=244
P0245,Nivea Hair Oil,Nivea,Beauty,Hair Oil,"A reliable hair oil from Nivea, designed for everyday use with a great balance of performance and value.",685.0,482.62,10,616.5,49,14,Nivea India Distributors,SKU-BEA-0245,3.8,5,51,0,8.94,Silver,"Silver, 8.94kg",2025-12-21,Active,https://source.unsplash.com/400x400/?hair+oil+beauty&sig=245
P0246,Oxford Press Academic,Oxford Press,Books,Academic,"A budget-friendly yet durable academic from Oxford Press, ideal for households looking for good value.",1450.0,1183.06,5,1377.5,20,5,Oxford Press India Distributors,SKU-BOO-0246,3.8,4,37,0,24.84,Green,"Green, 24.84kg",2025-03-10,Active,https://source.unsplash.com/400x400/?textbook+study&sig=246
P0247,Bajaj Microwave Oven,Bajaj,Home Appliances,Microwave Oven,"Bajaj brings you this premium microwave oven, built to last with modern features that customers love.",9150.0,7227.87,30,6405.0,257,38,Bajaj India Distributors,SKU-HOM-0247,3.8,4,35,0,5.53,Grey,"Grey, 5.53kg",2025-04-28,Active,https://source.unsplash.com/400x400/?microwave+oven&sig=247
P0248,Durian Table,Durian,Furniture,Table,"A reliable table from Durian, designed for everyday use with a great balance of performance and value.",17310.0,11896.91,5,16444.5,209,27,Durian India Distributors,SKU-FUR-0248,3.9,12,40,6,17.56,Pink,"Pink, 17.56kg, Warranty: 6 months",2025-07-03,Active,https://source.unsplash.com/400x400/?table+furniture&sig=248
P0249,Nivea Sunscreen,Nivea,Beauty,Sunscreen,"Nivea brings you this premium sunscreen, built to last with modern features that customers love.",748.0,536.27,0,748.0,60,14,Nivea India Distributors,SKU-BEA-0249,3.5,8,45,0,11.03,Gold,"Gold, 11.03kg",2024-08-29,Active,https://source.unsplash.com/400x400/?sunscreen+spf&sig=249
P0250,Haldiram's Beverages,Haldiram's,Groceries,Beverages,"This beverages by Haldiram's combines quality materials with an attractive design, perfect for daily needs.",363.0,267.53,20,290.4,223,33,Haldiram's India Distributors,SKU-GRO-0250,3.9,7,29,0,17.0,Grey,"Grey, 17.0kg",2025-12-14,Active,https://source.unsplash.com/400x400/?beverage+drink&sig=250
P0251,Urban Ladder Bed,Urban Ladder,Furniture,Bed,"A budget-friendly yet durable bed from Urban Ladder, ideal for households looking for good value.",36000.0,29886.23,30,25200.0,0,5,Urban Ladder India Distributors,SKU-FUR-0251,4.1,12,67,6,4.18,Blue,"Blue, 4.18kg, Warranty: 6 months",2024-09-05,Out of Stock,https://source.unsplash.com/400x400/?bed+furniture&sig=251
P0252,Britannia Rice,Britannia,Groceries,Rice,"This rice by Britannia combines quality materials with an attractive design, perfect for daily needs.",1431.0,986.95,5,1359.45,28,8,Britannia India Distributors,SKU-GRO-0252,4.0,6,48,0,20.06,Brown,"Brown, 20.06kg",2024-12-29,Active,https://source.unsplash.com/400x400/?rice+grains&sig=252
P0253,Nike Kurta,Nike,Fashion,Kurta,"Nike brings you this premium kurta, built to last with modern features that customers love.",1650.0,1289.84,10,1485.0,400,31,Nike India Distributors,SKU-FAS-0253,3.6,8,62,0,2.35,Red,"Red, 2.35kg",2025-10-28,Active,https://source.unsplash.com/400x400/?kurta+indian+fashion&sig=253
P0254,Ray-Ban Jeans,Ray-Ban,Fashion,Jeans,"Ray-Ban brings you this premium jeans, built to last with modern features that customers love.",3070.0,2225.29,25,2302.5,58,7,Ray-Ban India Distributors,SKU-FAS-0254,4.2,6,33,0,16.74,Brown,"Brown, 16.74kg",2025-12-03,Out of Stock,https://source.unsplash.com/400x400/?jeans+fashion&sig=254
P0255,Voltas Air Conditioner,Voltas,Home Appliances,Air Conditioner,"Experience top performance with the Voltas air conditioner, trusted by thousands of happy customers across India.",59340.0,39708.25,5,56373.0,121,21,Voltas India Distributors,SKU-HOM-0255,3.7,7,51,6,9.91,White,"White, 9.91kg, Warranty: 6 months",2026-04-10,Active,https://source.unsplash.com/400x400/?air+conditioner&sig=255
P0256,Nike Cricket Bat,Nike,Sports,Cricket Bat,"This cricket bat by Nike combines quality materials with an attractive design, perfect for daily needs.",11310.0,8678.0,10,10179.0,415,51,Nike India Distributors,SKU-SPO-0256,4.6,12,48,0,20.6,Gold,"Gold, 20.6kg",2026-01-02,Inactive,https://source.unsplash.com/400x400/?cricket+bat&sig=256
P0257,Bloomsbury Children's Books,Bloomsbury,Books,Children's Books,"This children's books by Bloomsbury combines quality materials with an attractive design, perfect for daily needs.",557.0,433.97,5,529.15,228,18,Bloomsbury India Distributors,SKU-BOO-0257,4.1,7,37,0,16.39,Green,"Green, 16.39kg",2025-09-04,Active,https://source.unsplash.com/400x400/?children+books&sig=257
P0258,MDH Dairy Products,MDH,Groceries,Dairy Products,"Experience top performance with the MDH dairy products, trusted by thousands of happy customers across India.",176.0,138.17,25,132.0,11,5,MDH India Distributors,SKU-GRO-0258,3.9,14,54,0,12.98,White,"White, 12.98kg",2026-07-06,Active,https://source.unsplash.com/400x400/?dairy+milk+products&sig=258
P0259,Adidas Dumbbells,Adidas,Sports,Dumbbells,"This dumbbells by Adidas combines quality materials with an attractive design, perfect for daily needs.",950.0,747.85,0,950.0,291,47,Adidas India Distributors,SKU-SPO-0259,3.2,8,54,0,14.41,Green,"Green, 14.41kg",2024-12-16,Out of Stock,https://source.unsplash.com/400x400/?dumbbells+gym&sig=259
P0260,Allen Solly Sunglasses,Allen Solly,Fashion,Sunglasses,"A budget-friendly yet durable sunglasses from Allen Solly, ideal for households looking for good value.",440.0,343.54,20,352.0,163,28,Allen Solly India Distributors,SKU-FAS-0260,2.4,10,63,0,12.6,Brown,"Brown, 12.6kg",2025-11-11,Out of Stock,https://source.unsplash.com/400x400/?sunglasses&sig=260
P0261,Biba Saree,Biba,Fashion,Saree,"Biba brings you this premium saree, built to last with modern features that customers love.",6880.0,5809.16,0,6880.0,362,27,Biba India Distributors,SKU-FAS-0261,3.9,9,50,0,8.49,Gold,"Gold, 8.49kg",2024-08-14,Active,https://source.unsplash.com/400x400/?saree+indian&sig=261
P0262,Nivea Face Cream,Nivea,Beauty,Face Cream,"Experience top performance with the Nivea face cream, trusted by thousands of happy customers across India.",1103.0,852.51,25,827.25,179,12,Nivea India Distributors,SKU-BEA-0262,3.9,9,53,0,1.35,Gold,"Gold, 1.35kg",2025-08-17,Out of Stock,https://source.unsplash.com/400x400/?face+cream+skincare&sig=262
P0263,LOreal Perfume,LOreal,Beauty,Perfume,"This perfume by LOreal combines quality materials with an attractive design, perfect for daily needs.",1430.0,1026.01,10,1287.0,352,53,LOreal India Distributors,SKU-BEA-0263,3.3,11,50,0,0.54,Silver,"Silver, 0.54kg",2025-10-08,Active,https://source.unsplash.com/400x400/?perfume+bottle&sig=263
P0264,Levis Jacket,Levis,Fashion,Jacket,"A reliable jacket from Levis, designed for everyday use with a great balance of performance and value.",3980.0,2871.37,0,3980.0,249,34,Levis India Distributors,SKU-FAS-0264,3.8,4,33,0,18.2,Pink,"Pink, 18.2kg",2024-12-14,Active,https://source.unsplash.com/400x400/?jacket+fashion&sig=264
P0265,Sony Tablet,Sony,Electronics,Tablet,"A budget-friendly yet durable tablet from Sony, ideal for households looking for good value.",54420.0,39132.18,25,40815.0,313,40,Sony India Distributors,SKU-ELE-0265,4.4,10,49,6,1.11,Silver,"Silver, 1.11kg, Warranty: 6 months",2025-11-19,Active,https://source.unsplash.com/400x400/?tablet&sig=265
P0266,Urban Ladder Bed,Urban Ladder,Furniture,Bed,"Experience top performance with the Urban Ladder bed, trusted by thousands of happy customers across India.",30160.0,23970.02,0,30160.0,152,20,Urban Ladder India Distributors,SKU-FUR-0266,4.1,7,53,24,0.66,Grey,"Grey, 0.66kg, Warranty: 24 months",2025-09-21,Out of Stock,https://source.unsplash.com/400x400/?bed+furniture&sig=266
P0267,Samsung Refrigerator,Samsung,Home Appliances,Refrigerator,"A budget-friendly yet durable refrigerator from Samsung, ideal for households looking for good value.",69400.0,51126.08,0,69400.0,379,28,Samsung India Distributors,SKU-HOM-0267,3.9,10,37,24,21.37,Red,"Red, 21.37kg, Warranty: 24 months",2026-02-10,Active,https://source.unsplash.com/400x400/?refrigerator&sig=267
P0268,Nilkamal Table,Nilkamal,Furniture,Table,"A reliable table from Nilkamal, designed for everyday use with a great balance of performance and value.",15400.0,10672.84,20,12320.0,119,18,Nilkamal India Distributors,SKU-FUR-0268,4.0,4,31,24,10.03,Blue,"Blue, 10.03kg, Warranty: 24 months",2026-04-18,Active,https://source.unsplash.com/400x400/?table+furniture&sig=268
P0269,Fabindia Handbag,Fabindia,Fashion,Handbag,"A reliable handbag from Fabindia, designed for everyday use with a great balance of performance and value.",620.0,428.68,20,496.0,309,21,Fabindia India Distributors,SKU-FAS-0269,3.2,5,37,0,5.7,Silver,"Silver, 5.7kg",2025-03-21,Active,https://source.unsplash.com/400x400/?handbag&sig=269
P0270,SG Cycling Helmet,SG,Sports,Cycling Helmet,"Experience top performance with the SG cycling helmet, trusted by thousands of happy customers across India.",3020.0,2402.81,25,2265.0,258,28,SG India Distributors,SKU-SPO-0270,4.1,8,53,0,0.41,Silver,"Silver, 0.41kg",2026-03-01,Active,https://source.unsplash.com/400x400/?cycling+helmet&sig=270
P0271,LOreal Perfume,LOreal,Beauty,Perfume,"Experience top performance with the LOreal perfume, trusted by thousands of happy customers across India.",3770.0,2564.94,25,2827.5,63,12,LOreal India Distributors,SKU-BEA-0271,3.7,12,54,0,16.55,Gold,"Gold, 16.55kg",2024-09-09,Active,https://source.unsplash.com/400x400/?perfume+bottle&sig=271
P0272,Maybelline Shampoo,Maybelline,Beauty,Shampoo,"This shampoo by Maybelline combines quality materials with an attractive design, perfect for daily needs.",635.0,537.84,0,635.0,71,14,Maybelline India Distributors,SKU-BEA-0272,4.3,3,45,0,16.9,Black,"Black, 16.9kg",2025-11-12,Active,https://source.unsplash.com/400x400/?shampoo+hair+care&sig=272
P0273,Woodland Jeans,Woodland,Fashion,Jeans,"Experience top performance with the Woodland jeans, trusted by thousands of happy customers across India.",2340.0,1813.16,20,1872.0,175,33,Woodland India Distributors,SKU-FAS-0273,3.7,6,47,0,9.44,Beige,"Beige, 9.44kg",2025-04-04,Active,https://source.unsplash.com/400x400/?jeans+fashion&sig=273
P0274,Sony Power Bank,Sony,Electronics,Power Bank,"Sony brings you this premium power bank, built to last with modern features that customers love.",2320.0,1902.25,0,2320.0,149,15,Sony India Distributors,SKU-ELE-0274,4.1,8,63,12,19.2,Green,"Green, 19.2kg, Warranty: 12 months",2025-01-16,Active,https://source.unsplash.com/400x400/?power+bank&sig=274
P0275,Nilkamal Sofa,Nilkamal,Furniture,Sofa,"A budget-friendly yet durable sofa from Nilkamal, ideal for households looking for good value.",47070.0,34532.25,10,42363.0,113,21,Nilkamal India Distributors,SKU-FUR-0275,3.9,11,60,36,13.36,Red,"Red, 13.36kg, Warranty: 36 months",2026-02-06,Active,https://source.unsplash.com/400x400/?sofa+furniture&sig=275
P0276,IFB Washing Machine,IFB,Home Appliances,Washing Machine,"A budget-friendly yet durable washing machine from IFB, ideal for households looking for good value.",48330.0,34181.72,25,36247.5,57,12,IFB India Distributors,SKU-HOM-0276,3.3,3,33,0,19.1,Pink,"Pink, 19.1kg",2025-07-15,Out of Stock,https://source.unsplash.com/400x400/?washing+machine&sig=276
P0277,Tata Beverages,Tata,Groceries,Beverages,"A budget-friendly yet durable beverages from Tata, ideal for households looking for good value.",255.0,199.06,20,204.0,190,15,Tata India Distributors,SKU-GRO-0277,2.3,3,30,0,12.63,White,"White, 12.63kg",2026-05-03,Inactive,https://source.unsplash.com/400x400/?beverage+drink&sig=277
P0278,Scholastic Children's Books,Scholastic,Books,Children's Books,"This children's books by Scholastic combines quality materials with an attractive design, perfect for daily needs.",466.0,391.02,15,396.1,303,24,Scholastic India Distributors,SKU-BOO-0278,4.2,4,19,0,18.6,Pink,"Pink, 18.6kg",2024-08-30,Active,https://source.unsplash.com/400x400/?children+books&sig=278
P0279,Haldiram's Dairy Products,Haldiram's,Groceries,Dairy Products,"Haldiram's brings you this premium dairy products, built to last with modern features that customers love.",270.0,185.92,5,256.5,220,21,Haldiram's India Distributors,SKU-GRO-0279,4.1,8,24,0,3.4,White,"White, 3.4kg",2025-07-03,Active,https://source.unsplash.com/400x400/?dairy+milk+products&sig=279
P0280,Urban Ladder Bookshelf,Urban Ladder,Furniture,Bookshelf,"A budget-friendly yet durable bookshelf from Urban Ladder, ideal for households looking for good value.",9510.0,7054.88,25,7132.5,99,17,Urban Ladder India Distributors,SKU-FUR-0280,4.4,8,34,0,21.81,Blue,"Blue, 21.81kg",2025-07-12,Active,https://source.unsplash.com/400x400/?bookshelf&sig=280
P0281,Samsung Water Purifier,Samsung,Home Appliances,Water Purifier,"Experience top performance with the Samsung water purifier, trusted by thousands of happy customers across India.",4110.0,2698.07,20,3288.0,428,46,Samsung India Distributors,SKU-HOM-0281,3.4,5,25,0,22.1,Beige,"Beige, 22.1kg",2025-04-30,Out of Stock,https://source.unsplash.com/400x400/?water+purifier&sig=281
P0282,JBL Bluetooth Speaker,JBL,Electronics,Bluetooth Speaker,"A reliable bluetooth speaker from JBL, designed for everyday use with a great balance of performance and value.",7600.0,6443.6,0,7600.0,182,22,JBL India Distributors,SKU-ELE-0282,4.0,8,52,24,10.05,Beige,"Beige, 10.05kg, Warranty: 24 months",2025-08-14,Out of Stock,https://source.unsplash.com/400x400/?bluetooth+speaker&sig=282
P0283,OnePlus Tablet,OnePlus,Electronics,Tablet,"This tablet by OnePlus combines quality materials with an attractive design, perfect for daily needs.",30290.0,20440.04,5,28775.5,413,33,OnePlus India Distributors,SKU-ELE-0283,3.5,4,30,0,16.45,Blue,"Blue, 16.45kg",2025-10-03,Active,https://source.unsplash.com/400x400/?tablet&sig=283
P0284,Fortune Spices,Fortune,Groceries,Spices,"This spices by Fortune combines quality materials with an attractive design, perfect for daily needs.",169.0,121.0,0,169.0,198,34,Fortune India Distributors,SKU-GRO-0284,3.2,6,46,0,17.26,Silver,"Silver, 17.26kg",2025-06-05,Active,https://source.unsplash.com/400x400/?spices+indian&sig=284
P0285,Oxford Press Academic,Oxford Press,Books,Academic,"This academic by Oxford Press combines quality materials with an attractive design, perfect for daily needs.",870.0,613.4,0,870.0,350,25,Oxford Press India Distributors,SKU-BOO-0285,3.3,6,49,0,9.13,Grey,"Grey, 9.13kg",2026-03-07,Active,https://source.unsplash.com/400x400/?textbook+study&sig=285
P0286,Nikon Smartwatch,Nikon,Electronics,Smartwatch,"Nikon brings you this premium smartwatch, built to last with modern features that customers love.",5220.0,4054.79,25,3915.0,340,35,Nikon India Distributors,SKU-ELE-0286,3.4,11,35,6,7.38,Green,"Green, 7.38kg, Warranty: 6 months",2026-04-21,Out of Stock,https://source.unsplash.com/400x400/?smartwatch&sig=286
P0287,Samsung iPhone 13,Samsung,Electronics,Smartphone,"A budget-friendly yet durable smartphone from Samsung, ideal for households looking for good value.",10300.0,7131.02,10,9270.0,29,9,Samsung India Distributors,SKU-ELE-0287,2.7,6,56,6,11.98,Blue,"Blue, 11.98kg, Warranty: 6 months",2025-09-26,Out of Stock,https://source.unsplash.com/400x400/?smartphone&sig=287
P0288,Nike Saree,Nike,Fashion,Saree,"A budget-friendly yet durable saree from Nike, ideal for households looking for good value.",5030.0,3773.6,30,3521.0,171,17,Nike India Distributors,SKU-FAS-0288,4.1,7,30,0,4.47,Green,"Green, 4.47kg",2025-12-13,Active,https://source.unsplash.com/400x400/?saree+indian&sig=288
P0289,Canon Headphones,Canon,Electronics,Headphones,"Canon brings you this premium headphones, built to last with modern features that customers love.",14230.0,10223.88,10,12807.0,80,8,Canon India Distributors,SKU-ELE-0289,4.3,6,35,24,12.52,Gold,"Gold, 12.52kg, Warranty: 24 months",2025-08-07,Active,https://source.unsplash.com/400x400/?headphones&sig=289
P0290,Everest Snacks,Everest,Groceries,Snacks,"Experience top performance with the Everest snacks, trusted by thousands of happy customers across India.",306.0,249.02,30,214.2,413,34,Everest India Distributors,SKU-GRO-0290,3.9,7,56,0,2.56,Silver,"Silver, 2.56kg",2026-05-10,Inactive,https://source.unsplash.com/400x400/?snacks+chips&sig=290
P0291,Samsung Mixer Grinder,Samsung,Home Appliances,Mixer Grinder,"A budget-friendly yet durable mixer grinder from Samsung, ideal for households looking for good value.",3260.0,2746.0,30,2282.0,430,26,Samsung India Distributors,SKU-HOM-0291,3.6,5,26,24,6.19,Blue,"Blue, 6.19kg, Warranty: 24 months",2025-04-17,Out of Stock,https://source.unsplash.com/400x400/?mixer+grinder+kitchen&sig=291
P0292,Dove Hair Oil,Dove,Beauty,Hair Oil,"A reliable hair oil from Dove, designed for everyday use with a great balance of performance and value.",272.0,214.32,25,204.0,73,5,Dove India Distributors,SKU-BEA-0292,4.2,4,27,0,18.36,White,"White, 18.36kg",2025-02-17,Active,https://source.unsplash.com/400x400/?hair+oil+beauty&sig=292
P0293,Ray-Ban Sunglasses,Ray-Ban,Fashion,Sunglasses,"A reliable sunglasses from Ray-Ban, designed for everyday use with a great balance of performance and value.",1490.0,1030.4,10,1341.0,268,38,Ray-Ban India Distributors,SKU-FAS-0293,3.4,8,41,0,19.77,White,"White, 19.77kg",2025-06-29,Active,https://source.unsplash.com/400x400/?sunglasses&sig=293
P0294,Himalaya Sunscreen,Himalaya,Beauty,Sunscreen,"A budget-friendly yet durable sunscreen from Himalaya, ideal for households looking for good value.",351.0,234.0,10,315.9,21,6,Himalaya India Distributors,SKU-BEA-0294,3.1,11,40,0,14.58,White,"White, 14.58kg",2024-08-16,Out of Stock,https://source.unsplash.com/400x400/?sunscreen+spf&sig=294
P0295,Allen Solly Jacket,Allen Solly,Fashion,Jacket,"Allen Solly brings you this premium jacket, built to last with modern features that customers love.",4890.0,3369.01,25,3667.5,5,5,Allen Solly India Distributors,SKU-FAS-0295,3.8,8,37,0,12.73,Beige,"Beige, 12.73kg",2025-07-09,Active,https://source.unsplash.com/400x400/?jacket+fashion&sig=295
P0296,Britannia Cooking Oil,Britannia,Groceries,Cooking Oil,"A reliable cooking oil from Britannia, designed for everyday use with a great balance of performance and value.",375.0,308.79,10,337.5,131,14,Britannia India Distributors,SKU-GRO-0296,3.5,11,53,0,12.24,Silver,"Silver, 12.24kg",2025-02-09,Inactive,https://source.unsplash.com/400x400/?cooking+oil+bottle&sig=296
P0297,Cosco Badminton Racket,Cosco,Sports,Badminton Racket,"A budget-friendly yet durable badminton racket from Cosco, ideal for households looking for good value.",4270.0,2928.19,20,3416.0,300,28,Cosco India Distributors,SKU-SPO-0297,4.0,5,54,0,4.92,White,"White, 4.92kg",2025-02-10,Active,https://source.unsplash.com/400x400/?badminton+racket&sig=297
P0298,HarperCollins Biography,HarperCollins,Books,Biography,"A budget-friendly yet durable biography from HarperCollins, ideal for households looking for good value.",446.0,317.14,30,312.2,208,15,HarperCollins India Distributors,SKU-BOO-0298,2.8,5,43,0,3.95,Blue,"Blue, 3.95kg",2026-06-26,Active,https://source.unsplash.com/400x400/?biography+book&sig=298
P0299,Bloomsbury Self-Help,Bloomsbury,Books,Self-Help,"Experience top performance with the Bloomsbury self-help, trusted by thousands of happy customers across India.",817.0,670.33,5,776.15,130,25,Bloomsbury India Distributors,SKU-BOO-0299,4.3,7,46,0,5.8,Grey,"Grey, 5.8kg",2025-05-09,Active,https://source.unsplash.com/400x400/?self+help+book&sig=299
P0300,Adidas Yoga Mat,Adidas,Sports,Yoga Mat,"This yoga mat by Adidas combines quality materials with an attractive design, perfect for daily needs.",1719.0,1244.83,10,1547.1,122,22,Adidas India Distributors,SKU-SPO-0300,4.8,4,58,0,14.13,Green,"Green, 14.13kg",2025-10-16,Active,https://source.unsplash.com/400x400/?yoga+mat&sig=300
P0301,Bloomsbury Fiction,Bloomsbury,Books,Fiction,"Bloomsbury brings you this premium fiction, built to last with modern features that customers love.",197.0,144.16,5,187.15,206,30,Bloomsbury India Distributors,SKU-BOO-0301,3.3,7,37,0,17.95,Grey,"Grey, 17.95kg",2026-06-15,Active,https://source.unsplash.com/400x400/?fiction+books&sig=301
P0302,SG Dumbbells,SG,Sports,Dumbbells,"A budget-friendly yet durable dumbbells from SG, ideal for households looking for good value.",2270.0,1834.58,15,1929.5,248,31,SG India Distributors,SKU-SPO-0302,3.2,11,47,0,21.42,White,"White, 21.42kg",2025-10-31,Active,https://source.unsplash.com/400x400/?dumbbells+gym&sig=302
P0303,Fortune Rice,Fortune,Groceries,Rice,"Experience top performance with the Fortune rice, trusted by thousands of happy customers across India.",493.0,391.72,25,369.75,460,73,Fortune India Distributors,SKU-GRO-0303,2.8,6,37,0,7.08,Gold,"Gold, 7.08kg",2025-04-19,Inactive,https://source.unsplash.com/400x400/?rice+grains&sig=303
P0304,Sony ThinkPad E14,Sony,Electronics,Laptop,"Experience top performance with the Sony laptop, trusted by thousands of happy customers across India.",33460.0,22124.52,15,28441.0,99,15,Sony India Distributors,SKU-ELE-0304,3.2,8,52,6,22.03,White,"White, 22.03kg, Warranty: 6 months",2024-12-22,Out of Stock,https://source.unsplash.com/400x400/?laptop&sig=304
P0305,Pepperfry Chair,Pepperfry,Furniture,Chair,"A budget-friendly yet durable chair from Pepperfry, ideal for households looking for good value.",12630.0,10417.1,10,11367.0,265,21,Pepperfry India Distributors,SKU-FUR-0305,4.4,5,38,12,19.09,Grey,"Grey, 19.09kg, Warranty: 12 months",2026-02-17,Inactive,https://source.unsplash.com/400x400/?chair+furniture&sig=305
P0306,Fabindia T-Shirt,Fabindia,Fashion,T-Shirt,"Experience top performance with the Fabindia t-shirt, trusted by thousands of happy customers across India.",1472.0,998.15,0,1472.0,407,58,Fabindia India Distributors,SKU-FAS-0306,4.1,9,48,0,4.69,Brown,"Brown, 4.69kg",2025-03-14,Active,https://source.unsplash.com/400x400/?tshirt+fashion&sig=306
P0307,Allen Solly Kurta,Allen Solly,Fashion,Kurta,"Experience top performance with the Allen Solly kurta, trusted by thousands of happy customers across India.",1410.0,972.61,10,1269.0,87,15,Allen Solly India Distributors,SKU-FAS-0307,4.0,9,53,0,9.97,Brown,"Brown, 9.97kg",2025-10-18,Active,https://source.unsplash.com/400x400/?kurta+indian+fashion&sig=307
P0308,Durian Wardrobe,Durian,Furniture,Wardrobe,"A budget-friendly yet durable wardrobe from Durian, ideal for households looking for good value.",8050.0,6825.83,15,6842.5,14,5,Durian India Distributors,SKU-FUR-0308,3.5,4,40,24,7.14,Silver,"Silver, 7.14kg, Warranty: 24 months",2025-12-23,Active,https://source.unsplash.com/400x400/?wardrobe+furniture&sig=308
P0309,Puma Shoes,Puma,Fashion,Shoes,"Experience top performance with the Puma shoes, trusted by thousands of happy customers across India.",4870.0,4114.4,0,4870.0,242,18,Puma India Distributors,SKU-FAS-0309,4.4,5,40,0,16.29,Red,"Red, 16.29kg",2026-04-23,Active,https://source.unsplash.com/400x400/?shoes&sig=309
P0310,Havells Vacuum Cleaner,Havells,Home Appliances,Vacuum Cleaner,"Experience top performance with the Havells vacuum cleaner, trusted by thousands of happy customers across India.",16900.0,12559.12,5,16055.0,314,28,Havells India Distributors,SKU-HOM-0310,4.3,7,29,0,19.55,Green,"Green, 19.55kg",2026-01-29,Active,https://source.unsplash.com/400x400/?vacuum+cleaner&sig=310
P0311,Realme Camera,Realme,Electronics,Camera,"Realme brings you this premium camera, built to last with modern features that customers love.",54660.0,42347.18,20,43728.0,5,5,Realme India Distributors,SKU-ELE-0311,3.4,9,42,12,16.9,Silver,"Silver, 16.9kg, Warranty: 12 months",2026-03-28,Active,https://source.unsplash.com/400x400/?camera&sig=311
P0312,Nike Football,Nike,Sports,Football,"Nike brings you this premium football, built to last with modern features that customers love.",2160.0,1736.61,15,1836.0,436,64,Nike India Distributors,SKU-SPO-0312,4.2,8,31,0,7.78,White,"White, 7.78kg",2025-03-06,Active,https://source.unsplash.com/400x400/?football&sig=312
P0313,Mamaearth Lipstick,Mamaearth,Beauty,Lipstick,"Mamaearth brings you this premium lipstick, built to last with modern features that customers love.",963.0,788.64,5,914.85,250,24,Mamaearth India Distributors,SKU-BEA-0313,3.8,5,36,0,7.64,Green,"Green, 7.64kg",2025-03-01,Active,https://source.unsplash.com/400x400/?lipstick+makeup&sig=313
P0314,Nivea Face Cream,Nivea,Beauty,Face Cream,"Experience top performance with the Nivea face cream, trusted by thousands of happy customers across India.",1882.0,1305.07,15,1599.7,15,5,Nivea India Distributors,SKU-BEA-0314,4.5,8,40,0,11.15,Red,"Red, 11.15kg",2024-09-02,Active,https://source.unsplash.com/400x400/?face+cream+skincare&sig=314
P0315,Penguin Non-Fiction,Penguin,Books,Non-Fiction,"A budget-friendly yet durable non-fiction from Penguin, ideal for households looking for good value.",647.0,472.2,10,582.3,368,35,Penguin India Distributors,SKU-BOO-0315,3.7,9,36,0,18.14,White,"White, 18.14kg",2026-03-22,Active,https://source.unsplash.com/400x400/?nonfiction+book&sig=315
P0316,Voltas Microwave Oven,Voltas,Home Appliances,Microwave Oven,"A budget-friendly yet durable microwave oven from Voltas, ideal for households looking for good value.",7410.0,5541.36,15,6298.5,350,58,Voltas India Distributors,SKU-HOM-0316,3.2,8,43,0,12.0,Beige,"Beige, 12.0kg",2025-08-10,Active,https://source.unsplash.com/400x400/?microwave+oven&sig=316
P0317,SG Cricket Bat,SG,Sports,Cricket Bat,"Experience top performance with the SG cricket bat, trusted by thousands of happy customers across India.",900.0,729.61,20,720.0,411,26,SG India Distributors,SKU-SPO-0317,3.4,5,38,0,7.59,White,"White, 7.59kg",2026-06-05,Out of Stock,https://source.unsplash.com/400x400/?cricket+bat&sig=317
P0318,Havells Air Conditioner,Havells,Home Appliances,Air Conditioner,"Havells brings you this premium air conditioner, built to last with modern features that customers love.",64420.0,42077.21,10,57978.0,318,43,Havells India Distributors,SKU-HOM-0318,4.0,13,65,0,0.33,Beige,"Beige, 0.33kg",2026-03-08,Active,https://source.unsplash.com/400x400/?air+conditioner&sig=318
P0319,Nike Badminton Racket,Nike,Sports,Badminton Racket,"Nike brings you this premium badminton racket, built to last with modern features that customers love.",4080.0,2683.82,10,3672.0,411,56,Nike India Distributors,SKU-SPO-0319,3.2,8,42,0,4.39,Beige,"Beige, 4.39kg",2025-10-10,Active,https://source.unsplash.com/400x400/?badminton+racket&sig=319
P0320,Whirlpool Air Conditioner,Whirlpool,Home Appliances,Air Conditioner,"This air conditioner by Whirlpool combines quality materials with an attractive design, perfect for daily needs.",41430.0,34593.67,5,39358.5,3,5,Whirlpool India Distributors,SKU-HOM-0320,3.4,8,40,6,8.09,Black,"Black, 8.09kg, Warranty: 6 months",2026-05-05,Active,https://source.unsplash.com/400x400/?air+conditioner&sig=320
P0321,Himalaya Face Cream,Himalaya,Beauty,Face Cream,"Himalaya brings you this premium face cream, built to last with modern features that customers love.",213.0,175.6,20,170.4,9,5,Himalaya India Distributors,SKU-BEA-0321,3.3,12,57,0,2.59,Silver,"Silver, 2.59kg",2025-01-15,Active,https://source.unsplash.com/400x400/?face+cream+skincare&sig=321
P0322,HP Smartwatch,HP,Electronics,Smartwatch,"HP brings you this premium smartwatch, built to last with modern features that customers love.",11370.0,7541.32,25,8527.5,200,36,HP India Distributors,SKU-ELE-0322,3.5,11,47,6,20.25,Black,"Black, 20.25kg, Warranty: 6 months",2026-04-16,Active,https://source.unsplash.com/400x400/?smartwatch&sig=322
P0323,Allen Solly Handbag,Allen Solly,Fashion,Handbag,"Experience top performance with the Allen Solly handbag, trusted by thousands of happy customers across India.",4560.0,3198.26,15,3876.0,292,35,Allen Solly India Distributors,SKU-FAS-0323,4.0,8,54,0,18.74,Gold,"Gold, 18.74kg",2025-12-24,Active,https://source.unsplash.com/400x400/?handbag&sig=323
P0324,HarperCollins Self-Help,HarperCollins,Books,Self-Help,"This self-help by HarperCollins combines quality materials with an attractive design, perfect for daily needs.",336.0,227.12,5,319.2,86,14,HarperCollins India Distributors,SKU-BOO-0324,3.8,4,39,0,2.72,Red,"Red, 2.72kg",2026-04-28,Active,https://source.unsplash.com/400x400/?self+help+book&sig=324
P0325,Yonex Dumbbells,Yonex,Sports,Dumbbells,"This dumbbells by Yonex combines quality materials with an attractive design, perfect for daily needs.",4520.0,3210.2,25,3390.0,304,38,Yonex India Distributors,SKU-SPO-0325,4.2,9,48,0,9.43,Blue,"Blue, 9.43kg",2025-10-13,Inactive,https://source.unsplash.com/400x400/?dumbbells+gym&sig=325
P0326,Oxford Press Non-Fiction,Oxford Press,Books,Non-Fiction,"Oxford Press brings you this premium non-fiction, built to last with modern features that customers love.",1135.0,745.52,20,908.0,299,18,Oxford Press India Distributors,SKU-BOO-0326,4.0,3,34,0,0.95,Red,"Red, 0.95kg",2026-05-18,Active,https://source.unsplash.com/400x400/?nonfiction+book&sig=326
P0327,Amul Beverages,Amul,Groceries,Beverages,"Experience top performance with the Amul beverages, trusted by thousands of happy customers across India.",221.0,168.94,25,165.75,395,37,Amul India Distributors,SKU-GRO-0327,3.3,7,54,0,11.38,Grey,"Grey, 11.38kg",2025-03-14,Inactive,https://source.unsplash.com/400x400/?beverage+drink&sig=327
P0328,Cosco Cycling Helmet,Cosco,Sports,Cycling Helmet,"This cycling helmet by Cosco combines quality materials with an attractive design, perfect for daily needs.",1150.0,811.74,30,805.0,437,40,Cosco India Distributors,SKU-SPO-0328,3.8,11,46,0,19.32,Brown,"Brown, 19.32kg",2025-12-19,Out of Stock,https://source.unsplash.com/400x400/?cycling+helmet&sig=328
P0329,Tata Rice,Tata,Groceries,Rice,"A budget-friendly yet durable rice from Tata, ideal for households looking for good value.",1102.0,791.76,30,771.4,82,8,Tata India Distributors,SKU-GRO-0329,3.8,10,62,0,2.46,Brown,"Brown, 2.46kg",2024-12-14,Active,https://source.unsplash.com/400x400/?rice+grains&sig=329
P0330,Penguin Biography,Penguin,Books,Biography,"Penguin brings you this premium biography, built to last with modern features that customers love.",640.0,453.85,15,544.0,121,15,Penguin India Distributors,SKU-BOO-0330,4.0,4,46,0,20.52,Beige,"Beige, 20.52kg",2025-09-18,Active,https://source.unsplash.com/400x400/?biography+book&sig=330
P0331,Nike Jacket,Nike,Fashion,Jacket,"A budget-friendly yet durable jacket from Nike, ideal for households looking for good value.",5200.0,3610.73,0,5200.0,67,13,Nike India Distributors,SKU-FAS-0331,4.0,10,44,0,13.17,Beige,"Beige, 13.17kg",2026-02-01,Active,https://source.unsplash.com/400x400/?jacket+fashion&sig=331
P0332,Xiaomi Camera,Xiaomi,Electronics,Camera,"Xiaomi brings you this premium camera, built to last with modern features that customers love.",46110.0,38706.24,30,32277.0,65,8,Xiaomi India Distributors,SKU-ELE-0332,3.3,6,30,12,13.57,Gold,"Gold, 13.57kg, Warranty: 12 months",2025-01-09,Active,https://source.unsplash.com/400x400/?camera&sig=332
P0333,Bajaj Washing Machine,Bajaj,Home Appliances,Washing Machine,"Experience top performance with the Bajaj washing machine, trusted by thousands of happy customers across India.",14350.0,12108.95,20,11480.0,118,14,Bajaj India Distributors,SKU-HOM-0333,3.3,3,43,0,3.49,Grey,"Grey, 3.49kg",2025-07-02,Active,https://source.unsplash.com/400x400/?washing+machine&sig=333
P0334,Rupa Publications Children's Books,Rupa Publications,Books,Children's Books,"Experience top performance with the Rupa Publications children's books, trusted by thousands of happy customers across India.",454.0,355.77,10,408.6,448,59,Rupa Publications India Distributors,SKU-BOO-0334,3.7,3,34,0,3.68,Blue,"Blue, 3.68kg",2024-12-28,Active,https://source.unsplash.com/400x400/?children+books&sig=334
P0335,Amul Spices,Amul,Groceries,Spices,"This spices by Amul combines quality materials with an attractive design, perfect for daily needs.",404.0,314.8,20,323.2,265,21,Amul India Distributors,SKU-GRO-0335,4.4,5,47,0,22.33,White,"White, 22.33kg",2024-12-28,Out of Stock,https://source.unsplash.com/400x400/?spices+indian&sig=335
P0336,Maybelline Perfume,Maybelline,Beauty,Perfume,"A reliable perfume from Maybelline, designed for everyday use with a great balance of performance and value.",2800.0,2196.5,10,2520.0,187,15,Maybelline India Distributors,SKU-BEA-0336,3.6,13,50,0,7.85,White,"White, 7.85kg",2026-01-22,Out of Stock,https://source.unsplash.com/400x400/?perfume+bottle&sig=336
P0337,Woodland Shoes,Woodland,Fashion,Shoes,"A reliable shoes from Woodland, designed for everyday use with a great balance of performance and value.",4190.0,3276.93,10,3771.0,378,26,Woodland India Distributors,SKU-FAS-0337,4.0,11,52,0,21.89,Black,"Black, 21.89kg",2025-07-22,Active,https://source.unsplash.com/400x400/?shoes&sig=337
P0338,Bajaj Vacuum Cleaner,Bajaj,Home Appliances,Vacuum Cleaner,"Bajaj brings you this premium vacuum cleaner, built to last with modern features that customers love.",4920.0,3657.06,5,4674.0,415,55,Bajaj India Distributors,SKU-HOM-0338,3.5,8,43,12,2.67,Gold,"Gold, 2.67kg, Warranty: 12 months",2026-01-24,Active,https://source.unsplash.com/400x400/?vacuum+cleaner&sig=338
P0339,Yonex Yoga Mat,Yonex,Sports,Yoga Mat,"This yoga mat by Yonex combines quality materials with an attractive design, perfect for daily needs.",1778.0,1392.14,20,1422.4,174,12,Yonex India Distributors,SKU-SPO-0339,4.2,8,51,0,12.74,Green,"Green, 12.74kg",2026-05-24,Out of Stock,https://source.unsplash.com/400x400/?yoga+mat&sig=339
P0340,Fabindia Saree,Fabindia,Fashion,Saree,"A budget-friendly yet durable saree from Fabindia, ideal for households looking for good value.",7880.0,5252.96,0,7880.0,330,48,Fabindia India Distributors,SKU-FAS-0340,4.3,9,45,0,16.67,White,"White, 16.67kg",2025-10-25,Out of Stock,https://source.unsplash.com/400x400/?saree+indian&sig=340
P0341,OnePlus Bluetooth Speaker,OnePlus,Electronics,Bluetooth Speaker,"A budget-friendly yet durable bluetooth speaker from OnePlus, ideal for households looking for good value.",7080.0,5787.78,20,5664.0,269,32,OnePlus India Distributors,SKU-ELE-0341,4.0,8,51,0,14.8,Pink,"Pink, 14.8kg",2024-11-25,Inactive,https://source.unsplash.com/400x400/?bluetooth+speaker&sig=341
P0342,Lakme Shampoo,Lakme,Beauty,Shampoo,"A reliable shampoo from Lakme, designed for everyday use with a great balance of performance and value.",229.0,183.84,15,194.65,265,35,Lakme India Distributors,SKU-BEA-0342,3.2,5,42,0,16.21,Brown,"Brown, 16.21kg",2025-07-28,Active,https://source.unsplash.com/400x400/?shampoo+hair+care&sig=342
P0343,Haldiram's Snacks,Haldiram's,Groceries,Snacks,"Haldiram's brings you this premium snacks, built to last with modern features that customers love.",349.0,229.45,20,279.2,395,55,Haldiram's India Distributors,SKU-GRO-0343,3.8,4,31,0,4.6,Pink,"Pink, 4.6kg",2026-03-10,Active,https://source.unsplash.com/400x400/?snacks+chips&sig=343
P0344,Samsung Microwave Oven,Samsung,Home Appliances,Microwave Oven,"This microwave oven by Samsung combines quality materials with an attractive design, perfect for daily needs.",10850.0,7946.85,0,10850.0,351,36,Samsung India Distributors,SKU-HOM-0344,3.6,5,32,6,6.99,Black,"Black, 6.99kg, Warranty: 6 months",2025-04-18,Active,https://source.unsplash.com/400x400/?microwave+oven&sig=344
P0345,Maybelline Sunscreen,Maybelline,Beauty,Sunscreen,"Experience top performance with the Maybelline sunscreen, trusted by thousands of happy customers across India.",1488.0,1045.52,5,1413.6,51,12,Maybelline India Distributors,SKU-BEA-0345,4.6,11,66,0,19.55,Blue,"Blue, 19.55kg",2025-07-29,Active,https://source.unsplash.com/400x400/?sunscreen+spf&sig=345
P0346,Penguin Academic,Penguin,Books,Academic,"Experience top performance with the Penguin academic, trusted by thousands of happy customers across India.",1030.0,796.48,10,927.0,145,22,Penguin India Distributors,SKU-BOO-0346,2.8,6,27,0,15.58,Pink,"Pink, 15.58kg",2025-06-23,Active,https://source.unsplash.com/400x400/?textbook+study&sig=346
P0347,Van Heusen Kurta,Van Heusen,Fashion,Kurta,"Van Heusen brings you this premium kurta, built to last with modern features that customers love.",1010.0,829.41,25,757.5,144,15,Van Heusen India Distributors,SKU-FAS-0347,3.3,9,45,0,0.5,Red,"Red, 0.5kg",2025-07-03,Inactive,https://source.unsplash.com/400x400/?kurta+indian+fashion&sig=347
P0348,Bajaj Water Purifier,Bajaj,Home Appliances,Water Purifier,"A reliable water purifier from Bajaj, designed for everyday use with a great balance of performance and value.",18540.0,14647.45,30,12978.0,94,20,Bajaj India Distributors,SKU-HOM-0348,4.3,11,67,24,2.42,Gold,"Gold, 2.42kg, Warranty: 24 months",2025-02-26,Active,https://source.unsplash.com/400x400/?water+purifier&sig=348
P0349,Bajaj Mixer Grinder,Bajaj,Home Appliances,Mixer Grinder,"A budget-friendly yet durable mixer grinder from Bajaj, ideal for households looking for good value.",2450.0,1759.18,15,2082.5,169,13,Bajaj India Distributors,SKU-HOM-0349,3.0,7,44,0,24.27,Silver,"Silver, 24.27kg",2026-03-13,Active,https://source.unsplash.com/400x400/?mixer+grinder+kitchen&sig=349
P0350,Dell Tablet,Dell,Electronics,Tablet,"Dell brings you this premium tablet, built to last with modern features that customers love.",20790.0,14158.04,10,18711.0,16,5,Dell India Distributors,SKU-ELE-0350,3.9,7,37,0,16.23,Red,"Red, 16.23kg",2025-10-31,Active,https://source.unsplash.com/400x400/?tablet&sig=350
P0351,Apple Power Bank,Apple,Electronics,Power Bank,"Experience top performance with the Apple power bank, trusted by thousands of happy customers across India.",1230.0,804.61,25,922.5,409,41,Apple India Distributors,SKU-ELE-0351,3.7,6,30,12,21.21,Gold,"Gold, 21.21kg, Warranty: 12 months",2025-02-13,Out of Stock,https://source.unsplash.com/400x400/?power+bank&sig=351
P0352,Realme ThinkPad E14,Realme,Electronics,Laptop,"This laptop by Realme combines quality materials with an attractive design, perfect for daily needs.",109750.0,92829.43,10,98775.0,338,48,Realme India Distributors,SKU-ELE-0352,4.5,4,33,6,22.51,Red,"Red, 22.51kg, Warranty: 6 months",2025-08-15,Inactive,https://source.unsplash.com/400x400/?laptop&sig=352
P0353,Biba Jeans,Biba,Fashion,Jeans,"Biba brings you this premium jeans, built to last with modern features that customers love.",920.0,725.55,15,782.0,419,59,Biba India Distributors,SKU-FAS-0353,3.3,6,31,0,24.53,Beige,"Beige, 24.53kg",2024-11-13,Out of Stock,https://source.unsplash.com/400x400/?jeans+fashion&sig=353
P0354,Amul Dairy Products,Amul,Groceries,Dairy Products,"Experience top performance with the Amul dairy products, trusted by thousands of happy customers across India.",282.0,189.21,10,253.8,340,32,Amul India Distributors,SKU-GRO-0354,4.0,5,38,0,14.4,Black,"Black, 14.4kg",2025-05-09,Active,https://source.unsplash.com/400x400/?dairy+milk+products&sig=354
P0355,Haldiram's Cooking Oil,Haldiram's,Groceries,Cooking Oil,"A reliable cooking oil from Haldiram's, designed for everyday use with a great balance of performance and value.",478.0,367.21,0,478.0,451,74,Haldiram's India Distributors,SKU-GRO-0355,3.3,10,47,0,11.97,Blue,"Blue, 11.97kg",2025-07-28,Active,https://source.unsplash.com/400x400/?cooking+oil+bottle&sig=355
P0356,Nilkamal Wardrobe,Nilkamal,Furniture,Wardrobe,"Experience top performance with the Nilkamal wardrobe, trusted by thousands of happy customers across India.",8220.0,6524.82,10,7398.0,456,69,Nilkamal India Distributors,SKU-FUR-0356,3.0,7,39,24,24.66,Red,"Red, 24.66kg, Warranty: 24 months",2024-12-21,Active,https://source.unsplash.com/400x400/?wardrobe+furniture&sig=356
P0357,Nivia Cricket Bat,Nivia,Sports,Cricket Bat,"A budget-friendly yet durable cricket bat from Nivia, ideal for households looking for good value.",8450.0,6632.69,15,7182.5,93,13,Nivia India Distributors,SKU-SPO-0357,4.1,7,36,0,14.71,Black,"Black, 14.71kg",2026-07-05,Inactive,https://source.unsplash.com/400x400/?cricket+bat&sig=357
P0358,Lakme Lipstick,Lakme,Beauty,Lipstick,"Lakme brings you this premium lipstick, built to last with modern features that customers love.",1111.0,801.78,0,1111.0,364,59,Lakme India Distributors,SKU-BEA-0358,4.2,5,42,0,6.3,Gold,"Gold, 6.3kg",2025-02-22,Active,https://source.unsplash.com/400x400/?lipstick+makeup&sig=358
P0359,Whirlpool Refrigerator,Whirlpool,Home Appliances,Refrigerator,"Experience top performance with the Whirlpool refrigerator, trusted by thousands of happy customers across India.",16920.0,14141.15,0,16920.0,135,10,Whirlpool India Distributors,SKU-HOM-0359,3.5,11,44,36,17.44,Blue,"Blue, 17.44kg, Warranty: 36 months",2025-09-01,Active,https://source.unsplash.com/400x400/?refrigerator&sig=359
P0360,Nike T-Shirt,Nike,Fashion,T-Shirt,"Nike brings you this premium t-shirt, built to last with modern features that customers love.",463.0,333.84,20,370.4,404,34,Nike India Distributors,SKU-FAS-0360,3.0,8,56,0,8.84,Pink,"Pink, 8.84kg",2025-03-27,Out of Stock,https://source.unsplash.com/400x400/?tshirt+fashion&sig=360
P0361,Godrej Interio Chair,Godrej Interio,Furniture,Chair,"This chair by Godrej Interio combines quality materials with an attractive design, perfect for daily needs.",6090.0,4874.21,30,4263.0,88,7,Godrej Interio India Distributors,SKU-FUR-0361,3.4,5,53,0,4.3,Beige,"Beige, 4.3kg",2024-11-12,Active,https://source.unsplash.com/400x400/?chair+furniture&sig=361
P0362,Nilkamal Table,Nilkamal,Furniture,Table,"Experience top performance with the Nilkamal table, trusted by thousands of happy customers across India.",11160.0,7315.72,15,9486.0,399,25,Nilkamal India Distributors,SKU-FUR-0362,3.9,8,50,0,13.43,Silver,"Silver, 13.43kg",2025-02-09,Out of Stock,https://source.unsplash.com/400x400/?table+furniture&sig=362
P0363,Urban Ladder Bed,Urban Ladder,Furniture,Bed,"Experience top performance with the Urban Ladder bed, trusted by thousands of happy customers across India.",29790.0,22783.3,25,22342.5,344,49,Urban Ladder India Distributors,SKU-FUR-0363,4.0,7,27,36,15.59,Beige,"Beige, 15.59kg, Warranty: 36 months",2024-09-07,Active,https://source.unsplash.com/400x400/?bed+furniture&sig=363
P0364,JBL Galaxy M14,JBL,Electronics,Smartphone,"Experience top performance with the JBL smartphone, trusted by thousands of happy customers across India.",84610.0,70819.12,0,84610.0,155,22,JBL India Distributors,SKU-ELE-0364,4.3,6,33,6,15.13,Gold,"Gold, 15.13kg, Warranty: 6 months",2025-02-20,Active,https://source.unsplash.com/400x400/?smartphone&sig=364
P0365,Durian Sofa,Durian,Furniture,Sofa,"Durian brings you this premium sofa, built to last with modern features that customers love.",51250.0,41349.14,0,51250.0,315,37,Durian India Distributors,SKU-FUR-0365,4.2,5,37,0,4.79,Green,"Green, 4.79kg",2025-12-22,Active,https://source.unsplash.com/400x400/?sofa+furniture&sig=365
P0366,Godrej Interio Bookshelf,Godrej Interio,Furniture,Bookshelf,"A budget-friendly yet durable bookshelf from Godrej Interio, ideal for households looking for good value.",13920.0,11612.41,0,13920.0,394,45,Godrej Interio India Distributors,SKU-FUR-0366,3.8,5,50,12,17.58,Beige,"Beige, 17.58kg, Warranty: 12 months",2026-03-18,Inactive,https://source.unsplash.com/400x400/?bookshelf&sig=366
P0367,Maybelline Hair Oil,Maybelline,Beauty,Hair Oil,"Experience top performance with the Maybelline hair oil, trusted by thousands of happy customers across India.",241.0,172.09,25,180.75,346,27,Maybelline India Distributors,SKU-BEA-0367,3.3,11,54,0,2.15,Black,"Black, 2.15kg",2025-08-28,Active,https://source.unsplash.com/400x400/?hair+oil+beauty&sig=367
P0368,Penguin Fiction,Penguin,Books,Fiction,"A budget-friendly yet durable fiction from Penguin, ideal for households looking for good value.",423.0,315.91,20,338.4,117,16,Penguin India Distributors,SKU-BOO-0368,3.0,3,49,0,4.78,White,"White, 4.78kg",2024-09-18,Active,https://source.unsplash.com/400x400/?fiction+books&sig=368
P0369,Realme Headphones,Realme,Electronics,Headphones,"This headphones by Realme combines quality materials with an attractive design, perfect for daily needs.",11340.0,8666.65,5,10773.0,300,27,Realme India Distributors,SKU-ELE-0369,3.8,8,38,0,4.79,Beige,"Beige, 4.79kg",2025-09-05,Out of Stock,https://source.unsplash.com/400x400/?headphones&sig=369
P0370,Adidas Football,Adidas,Sports,Football,"Experience top performance with the Adidas football, trusted by thousands of happy customers across India.",1580.0,1187.65,5,1501.0,224,23,Adidas India Distributors,SKU-SPO-0370,3.6,11,46,0,22.32,Silver,"Silver, 22.32kg",2025-02-13,Active,https://source.unsplash.com/400x400/?football&sig=370
P0371,Adidas Sunglasses,Adidas,Fashion,Sunglasses,"This sunglasses by Adidas combines quality materials with an attractive design, perfect for daily needs.",2180.0,1666.02,0,2180.0,10,5,Adidas India Distributors,SKU-FAS-0371,3.7,6,47,0,22.62,Pink,"Pink, 22.62kg",2024-08-11,Active,https://source.unsplash.com/400x400/?sunglasses&sig=371
P0372,Whirlpool Mixer Grinder,Whirlpool,Home Appliances,Mixer Grinder,"Whirlpool brings you this premium mixer grinder, built to last with modern features that customers love.",7920.0,6457.29,15,6732.0,430,64,Whirlpool India Distributors,SKU-HOM-0372,4.0,8,49,24,16.75,Green,"Green, 16.75kg, Warranty: 24 months",2026-05-05,Inactive,https://source.unsplash.com/400x400/?mixer+grinder+kitchen&sig=372
P0373,Nilkamal Wardrobe,Nilkamal,Furniture,Wardrobe,"This wardrobe by Nilkamal combines quality materials with an attractive design, perfect for daily needs.",12970.0,10709.8,10,11673.0,166,26,Nilkamal India Distributors,SKU-FUR-0373,3.5,14,53,6,20.44,Brown,"Brown, 20.44kg, Warranty: 6 months",2025-02-17,Inactive,https://source.unsplash.com/400x400/?wardrobe+furniture&sig=373
P0374,Levis Sunglasses,Levis,Fashion,Sunglasses,"A reliable sunglasses from Levis, designed for everyday use with a great balance of performance and value.",2660.0,1939.39,25,1995.0,30,8,Levis India Distributors,SKU-FAS-0374,4.0,6,45,0,22.57,Brown,"Brown, 22.57kg",2025-01-16,Active,https://source.unsplash.com/400x400/?sunglasses&sig=374
P0375,Yonex Cycling Helmet,Yonex,Sports,Cycling Helmet,"A budget-friendly yet durable cycling helmet from Yonex, ideal for households looking for good value.",2740.0,1872.72,10,2466.0,458,58,Yonex India Distributors,SKU-SPO-0375,4.7,9,41,0,7.19,Gold,"Gold, 7.19kg",2025-05-27,Active,https://source.unsplash.com/400x400/?cycling+helmet&sig=375
P0376,Samsung Washing Machine,Samsung,Home Appliances,Washing Machine,"A budget-friendly yet durable washing machine from Samsung, ideal for households looking for good value.",48530.0,35377.46,10,43677.0,454,29,Samsung India Distributors,SKU-HOM-0376,3.8,8,42,0,11.78,White,"White, 11.78kg",2024-09-12,Active,https://source.unsplash.com/400x400/?washing+machine&sig=376
P0377,Levis T-Shirt,Levis,Fashion,T-Shirt,"Experience top performance with the Levis t-shirt, trusted by thousands of happy customers across India.",1716.0,1178.71,0,1716.0,92,12,Levis India Distributors,SKU-FAS-0377,5.0,1,41,0,19.25,Pink,"Pink, 19.25kg",2026-04-10,Inactive,https://source.unsplash.com/400x400/?tshirt+fashion&sig=377
P0378,Dove Sunscreen,Dove,Beauty,Sunscreen,"Dove brings you this premium sunscreen, built to last with modern features that customers love.",1467.0,1179.04,15,1246.95,4,5,Dove India Distributors,SKU-BEA-0378,4.3,6,35,0,11.6,Pink,"Pink, 11.6kg",2025-07-31,Active,https://source.unsplash.com/400x400/?sunscreen+spf&sig=378
P0379,Amul Spices,Amul,Groceries,Spices,"A reliable spices from Amul, designed for everyday use with a great balance of performance and value.",221.0,185.5,30,154.7,15,5,Amul India Distributors,SKU-GRO-0379,3.7,11,47,0,1.83,Red,"Red, 1.83kg",2025-11-01,Inactive,https://source.unsplash.com/400x400/?spices+indian&sig=379
P0380,Philips Refrigerator,Philips,Home Appliances,Refrigerator,"A budget-friendly yet durable refrigerator from Philips, ideal for households looking for good value.",33710.0,22997.62,30,23597.0,130,9,Philips India Distributors,SKU-HOM-0380,3.5,10,42,24,15.5,Blue,"Blue, 15.5kg, Warranty: 24 months",2024-08-24,Active,https://source.unsplash.com/400x400/?refrigerator&sig=380
P0381,Nivia Dumbbells,Nivia,Sports,Dumbbells,"A reliable dumbbells from Nivia, designed for everyday use with a great balance of performance and value.",710.0,589.52,10,639.0,0,5,Nivia India Distributors,SKU-SPO-0381,3.2,6,29,0,19.08,Black,"Black, 19.08kg",2025-03-24,Out of Stock,https://source.unsplash.com/400x400/?dumbbells+gym&sig=381
P0382,Decathlon Cricket Bat,Decathlon,Sports,Cricket Bat,"Experience top performance with the Decathlon cricket bat, trusted by thousands of happy customers across India.",1850.0,1442.58,25,1387.5,450,52,Decathlon India Distributors,SKU-SPO-0382,3.0,8,39,0,22.77,Red,"Red, 22.77kg",2025-11-10,Out of Stock,https://source.unsplash.com/400x400/?cricket+bat&sig=382
P0383,IFB Air Conditioner,IFB,Home Appliances,Air Conditioner,"IFB brings you this premium air conditioner, built to last with modern features that customers love.",52570.0,37799.37,25,39427.5,207,36,IFB India Distributors,SKU-HOM-0383,4.1,8,48,12,7.24,Blue,"Blue, 7.24kg, Warranty: 12 months",2025-01-01,Active,https://source.unsplash.com/400x400/?air+conditioner&sig=383
P0384,Whirlpool Vacuum Cleaner,Whirlpool,Home Appliances,Vacuum Cleaner,"Experience top performance with the Whirlpool vacuum cleaner, trusted by thousands of happy customers across India.",9260.0,6057.78,10,8334.0,32,5,Whirlpool India Distributors,SKU-HOM-0384,3.4,9,51,0,21.02,Silver,"Silver, 21.02kg",2024-12-13,Active,https://source.unsplash.com/400x400/?vacuum+cleaner&sig=384
P0385,Bloomsbury Non-Fiction,Bloomsbury,Books,Non-Fiction,"Experience top performance with the Bloomsbury non-fiction, trusted by thousands of happy customers across India.",1084.0,804.45,25,813.0,200,34,Bloomsbury India Distributors,SKU-BOO-0385,4.0,4,37,0,18.11,Red,"Red, 18.11kg",2024-12-21,Active,https://source.unsplash.com/400x400/?nonfiction+book&sig=385
P0386,Fortune Rice,Fortune,Groceries,Rice,"This rice by Fortune combines quality materials with an attractive design, perfect for daily needs.",1155.0,882.05,15,981.75,414,45,Fortune India Distributors,SKU-GRO-0386,3.5,8,56,0,9.88,Brown,"Brown, 9.88kg",2025-03-13,Active,https://source.unsplash.com/400x400/?rice+grains&sig=386
P0387,Xiaomi Headphones,Xiaomi,Electronics,Headphones,"A budget-friendly yet durable headphones from Xiaomi, ideal for households looking for good value.",9960.0,7072.24,20,7968.0,1,5,Xiaomi India Distributors,SKU-ELE-0387,4.1,14,63,0,4.59,Brown,"Brown, 4.59kg",2025-10-23,Out of Stock,https://source.unsplash.com/400x400/?headphones&sig=387
P0388,Voltas Water Purifier,Voltas,Home Appliances,Water Purifier,"A budget-friendly yet durable water purifier from Voltas, ideal for households looking for good value.",10180.0,7975.0,10,9162.0,362,46,Voltas India Distributors,SKU-HOM-0388,3.0,1,29,12,3.85,Silver,"Silver, 3.85kg, Warranty: 12 months",2025-02-25,Active,https://source.unsplash.com/400x400/?water+purifier&sig=388
P0389,Nikon Smartwatch,Nikon,Electronics,Smartwatch,"A reliable smartwatch from Nikon, designed for everyday use with a great balance of performance and value.",4570.0,3821.66,15,3884.5,267,46,Nikon India Distributors,SKU-ELE-0389,3.5,8,55,36,2.24,Black,"Black, 2.24kg, Warranty: 36 months",2024-10-12,Active,https://source.unsplash.com/400x400/?smartwatch&sig=389
P0390,Nivia Football,Nivia,Sports,Football,"This football by Nivia combines quality materials with an attractive design, perfect for daily needs.",2630.0,1874.29,15,2235.5,69,14,Nivia India Distributors,SKU-SPO-0390,4.3,10,44,0,22.74,Gold,"Gold, 22.74kg",2026-05-07,Active,https://source.unsplash.com/400x400/?football&sig=390
P0391,Allen Solly Saree,Allen Solly,Fashion,Saree,"Experience top performance with the Allen Solly saree, trusted by thousands of happy customers across India.",3240.0,2219.54,10,2916.0,17,7,Allen Solly India Distributors,SKU-FAS-0391,3.2,14,58,0,13.35,Gold,"Gold, 13.35kg",2024-12-06,Active,https://source.unsplash.com/400x400/?saree+indian&sig=391
P0392,Nivea Face Cream,Nivea,Beauty,Face Cream,"Experience top performance with the Nivea face cream, trusted by thousands of happy customers across India.",1189.0,922.35,10,1070.1,314,48,Nivea India Distributors,SKU-BEA-0392,3.4,5,49,0,18.92,Blue,"Blue, 18.92kg",2024-11-14,Active,https://source.unsplash.com/400x400/?face+cream+skincare&sig=392
P0393,Bloomsbury Self-Help,Bloomsbury,Books,Self-Help,"A budget-friendly yet durable self-help from Bloomsbury, ideal for households looking for good value.",472.0,322.89,0,472.0,247,36,Bloomsbury India Distributors,SKU-BOO-0393,4.0,11,63,0,11.24,Black,"Black, 11.24kg",2025-02-09,Active,https://source.unsplash.com/400x400/?self+help+book&sig=393
P0394,Oxford Press Academic,Oxford Press,Books,Academic,"Experience top performance with the Oxford Press academic, trusted by thousands of happy customers across India.",1550.0,1282.04,0,1550.0,414,40,Oxford Press India Distributors,SKU-BOO-0394,3.3,9,49,0,2.86,Pink,"Pink, 2.86kg",2025-01-07,Active,https://source.unsplash.com/400x400/?textbook+study&sig=394
P0395,Maybelline Perfume,Maybelline,Beauty,Perfume,"A budget-friendly yet durable perfume from Maybelline, ideal for households looking for good value.",1710.0,1354.8,0,1710.0,142,21,Maybelline India Distributors,SKU-BEA-0395,3.9,11,49,0,24.79,Silver,"Silver, 24.79kg",2025-10-08,Active,https://source.unsplash.com/400x400/?perfume+bottle&sig=395
P0396,Samsung Note 12,Samsung,Electronics,Smartphone,"This smartphone by Samsung combines quality materials with an attractive design, perfect for daily needs.",50100.0,42405.0,0,50100.0,231,21,Samsung India Distributors,SKU-ELE-0396,4.2,6,29,6,11.28,Green,"Green, 11.28kg, Warranty: 6 months",2025-05-03,Active,https://source.unsplash.com/400x400/?smartphone&sig=396
P0397,LOreal Hair Oil,LOreal,Beauty,Hair Oil,"A reliable hair oil from LOreal, designed for everyday use with a great balance of performance and value.",625.0,501.22,25,468.75,305,20,LOreal India Distributors,SKU-BEA-0397,3.9,9,42,0,0.58,Green,"Green, 0.58kg",2026-03-17,Active,https://source.unsplash.com/400x400/?hair+oil+beauty&sig=397
P0398,OnePlus Tablet,OnePlus,Electronics,Tablet,"Experience top performance with the OnePlus tablet, trusted by thousands of happy customers across India.",27760.0,18243.78,10,24984.0,329,32,OnePlus India Distributors,SKU-ELE-0398,3.6,8,37,24,3.4,Silver,"Silver, 3.4kg, Warranty: 24 months",2025-07-23,Active,https://source.unsplash.com/400x400/?tablet&sig=398
P0399,Haldiram's Cooking Oil,Haldiram's,Groceries,Cooking Oil,"A budget-friendly yet durable cooking oil from Haldiram's, ideal for households looking for good value.",295.0,208.37,0,295.0,428,45,Haldiram's India Distributors,SKU-GRO-0399,3.8,8,49,0,0.67,Blue,"Blue, 0.67kg",2024-12-01,Active,https://source.unsplash.com/400x400/?cooking+oil+bottle&sig=399
P0400,Urban Ladder Sofa,Urban Ladder,Furniture,Sofa,"A reliable sofa from Urban Ladder, designed for everyday use with a great balance of performance and value.",11870.0,8601.92,5,11276.5,264,39,Urban Ladder India Distributors,SKU-FUR-0400,3.6,8,38,0,21.77,Gold,"Gold, 21.77kg",2025-07-22,Active,https://source.unsplash.com/400x400/?sofa+furniture&sig=400
